Catalogue Number;Full Name;Store Level1;Store Level2;Store Level3;Store Level4
K:LCD-1951-35713*1;Aloiampelos striatula var. caesia;Princess of Wales Conservatory;03;21;
K:LCD-1978-3813*4;Stromanthe tonckat;Princess of Wales Conservatory;04;10;
K:LCD-1954-15901*4;Stenochlaena tenuifolia;Princess of Wales Conservatory;01;07;
K:LCD-1992-2097*2;Begonia gehrtii;Princess of Wales Conservatory;01;23;
K:LCD-1977-2069*2;Aeonium decorum;Princess of Wales Conservatory;03;13;
K:LCD-1998-3484*4;Pelargonium inquinans;Princess of Wales Conservatory;03;09;
K:LCD-2004-2686*4;Eichhornia crassipes;Princess of Wales Conservatory;01;24;
K:LCD-1973-2434*1;Hesperaloe nocturna;Princess of Wales Conservatory;03;12;
K:LCD-1979-193*3;Begonia augustinei;Princess of Wales Conservatory;01;23;
K:LCD-1981-2373*3;Stromanthe tonckat;Princess of Wales Conservatory;01;05;
K:LCD-1985-3535*4;Sedum adolphi;Princess of Wales Conservatory;03;20;
K:LCD-1983-2091*3;Maranta bicolor;Princess of Wales Conservatory;01;29;
K:LCD-1994-2591*6;Spathiphyllum cochlearispathum;Princess of Wales Conservatory;01;06;
K:LCD-2004-2689*2;Pelargonium echinatum;Princess of Wales Conservatory;03;11;
K:LCD-1936-48701*1;Gasteria carinata var. verrucosa;Princess of Wales Conservatory;03;03;
K:LCD-1989-1324*1;Tetradenia fruticosa;Princess of Wales Conservatory;03;22;
K:LCD-1988-120*5;Nesocodon mauritianus;Princess of Wales Conservatory;07;03;
K:LCD-1973-4837*2;Billbergia horrida;Princess of Wales Conservatory;01;12;
K:LCD-1963-50218*2;Carruanthus;Princess of Wales Conservatory;03;08;
K:LCD-1978-4542*2;Impatiens flaccida;Princess of Wales Conservatory;01;23;
K:LCD-1981-6450*2;Marattia salicina;Princess of Wales Conservatory;04;09;
K:LCD-1984-662*1;Zingiber officinale;Princess of Wales Conservatory;01;18;
K:LCD-2012-1428*2;Passiflora contracta;Princess of Wales Conservatory;01;11;T6
K:LCD-1981-2371*3;Maranta leuconeura;Princess of Wales Conservatory;01;23;
K:LCD-1982-804*1;Stephania rotunda;Princess of Wales Conservatory;03;23;
K:LCD-1988-3940*2;Blechnum orientale;Princess of Wales Conservatory;06;05;
K:LCD-1969-3905*1;Philodendron smithii;Princess of Wales Conservatory;01;10;
K:LCD-2014-1331*3;Plantago arborescens;Princess of Wales Conservatory;03;13;
K:LCD-1994-259*3;Pelargonium reniforme subsp. reniforme;Princess of Wales Conservatory;03;09;
K:LCD-1953-40702*2;Anchomanes difformis;Princess of Wales Conservatory;01;08;
K:LCD-1958-33503*2;Aglaomorpha splendens;Princess of Wales Conservatory;04;10;
K:LCD-2001-3589*3;Musa rubra;Princess of Wales Conservatory;01;05;
K:LCD-1973-13122*1;Anthurium regale;Princess of Wales Conservatory;04;09;
K:LCD-1982-233*3;Asystasia gangetica subsp. micrantha;Princess of Wales Conservatory;01;01;
K:LCD-2012-943*2;Vriesea 'Petit';Princess of Wales Conservatory;01;03;
K:LCD-1953-8403*2;Polypodium formosanum;Princess of Wales Conservatory;04;08;
K:LCD-1978-155*7;Anthurium cordatum;Princess of Wales Conservatory;04;08;
K:LCD-2001-2747*1;Sarracenia minor 'Okefenokee Giant';Princess of Wales Conservatory;09;02;
K:LCD-2004-2571*2;Pelargonium 'Chocolate Peppermint';Princess of Wales Conservatory;03;HB;
K:LCD-1969-17745*4;Dorstenia psilurus;Princess of Wales Conservatory;01;21;
K:LCD-1981-2377*6;Ctenanthe burle-marxii;Princess of Wales Conservatory;01;28;
K:LCD-1969-50934*2;Nidularium innocentii;Princess of Wales Conservatory;01;11;
K:LCD-1933-72302*1;Gasteria;Princess of Wales Conservatory;03;02;
K:LCD-1997-6380*5;Xanthosoma sagittifolium;Princess of Wales Conservatory;04;09;
K:LCD-1981-4611*2;Tillandsia incarnata;Princess of Wales Conservatory;01;11;TREE
K:LCD-1978-155*1;Anthurium cordatum;Princess of Wales Conservatory;01;10;
K:LCD-2003-829*4;Phragmipedium Cardinale gx;Princess of Wales Conservatory;06;02;
K:LCD-1986-763*3;Pinguicula gypsicola;Princess of Wales Conservatory;09;01;
K:LCD-1984-2110*2;Clidemia petiolaris;Princess of Wales Conservatory;04;08;
K:LCD-1986-8133*3;Microsorum scolopendria;Princess of Wales Conservatory;08;02;
K:LCD-1983-2093*2;Maranta bicolor;Princess of Wales Conservatory;01;28;
K:LCD-2001-1730*6;Monolena primuliflora;Princess of Wales Conservatory;08;01;EPIPHYTE
K:LCD-1973-1259*2;Sansevieria bella;Princess of Wales Conservatory;03;21;
K:LCD-1988-1956*3;Lotus mascaensis;Princess of Wales Conservatory;03;13;
K:LCD-1988-897*3;Tillandsia butzii;Princess of Wales Conservatory;01;11;
K:LCD-2011-1427*3;Rhizophora mangle;Princess of Wales Conservatory;01;22;
K:LCD-1984-3343*3;Hoya pubicalyx;Princess of Wales Conservatory;08;02;
K:LCD-1969-17380*1;Spathiphyllum wallisii;Princess of Wales Conservatory;01;06;
K:LCD-1973-13403*2;Cibotium schiedei;Princess of Wales Conservatory;05;03;
K:LCD-2000-4315*3;Alpinia speciosa;Princess of Wales Conservatory;01;04;
K:LCD-2011-803*2;Passiflora cremastantha;Princess of Wales Conservatory;02;06;
K:LCD-2005-2714*2;Phragmipedium Schroederae gx;Princess of Wales Conservatory;06;02;
K:LCD-1999-425*1;Anthurium leuconeurum;Princess of Wales Conservatory;04;12;
K:LCD-1969-16422*2;Senecio crassulifolius;Princess of Wales Conservatory;03;21;
K:LCD-1990-1373*1;Crinum hildebrandtii;Princess of Wales Conservatory;01;06;
K:LCD-1975-334*3;Calochone redingii;Princess of Wales Conservatory;01;23;
K:LCD-1976-3969*2;Peperomia longespicata;Princess of Wales Conservatory;01;06;
K:LCD-1997-5863*3;Aglaonema costatum;Princess of Wales Conservatory;01;04;
K:LCD-1966-55225*4;Stromanthe sanguinea;Princess of Wales Conservatory;06;05;
K:LCD-1998-4080*4;Selaginella kraussiana var. brownii;Princess of Wales Conservatory;04;09;
K:LCD-2002-3562*2;Passiflora telesiphe × trifasciata;Princess of Wales Conservatory;01;27;
K:LCD-1970-4720*6;Aechmea orlandiana;Princess of Wales Conservatory;01;03;
K:LCD-1979-197*1;Begonia holtonis;Princess of Wales Conservatory;01;23;
K:LCD-1983-2545*2;Ctenanthe burle-marxii var. obscura;Princess of Wales Conservatory;01;22;
K:LCD-1965-58404*4;Acrostichum aureum;Princess of Wales Conservatory;01;06;POND
K:LCD-1966-55221*1;Anthurium lindmanianum;Princess of Wales Conservatory;01;26;
K:LCD-1973-13504*1;Gasteria;Princess of Wales Conservatory;03;21;
K:LCD-2007-1156*4;Pelargonium citronellum;Princess of Wales Conservatory;03;HB;
K:LCD-1973-19558*4;Hemigraphis alternata;Princess of Wales Conservatory;01;23;
K:LCD-1997-5852*1;Rhaphidophora crassifolia;Princess of Wales Conservatory;01;02;
K:LCD-2013-1207*2;Dischidia;Princess of Wales Conservatory;01;28;SHELF
K:LCD-1998-4010*2;Selaginella kraussiana var. aurea;Princess of Wales Conservatory;05;07;
K:LCD-1983-2028*1;Ludwigia peruviana;Princess of Wales Conservatory;01;24;
K:LCD-1979-4444*2;Microsorum pappei;Princess of Wales Conservatory;04;10;
K:LCD-1977-656*4;Calathea fasciata;Princess of Wales Conservatory;01;28;
K:LCD-1963-21601*3;Phlebodium aureum 'Mandaianum';Princess of Wales Conservatory;04;07;
K:LCD-2012-746*3;Petunia exserta;Princess of Wales Conservatory;09;06;
K:LCD-1989-3521*6;Catharanthus roseus;Princess of Wales Conservatory;03;22;
K:LCD-1970-4596*2;Begonia itaguassuensis;Princess of Wales Conservatory;01;23;
K:LCD-1955-25302*2;Agave salmiana;Princess of Wales Conservatory;03;19;
K:LCD-1992-2953*4;Dichorisandra thyrsiflora;Princess of Wales Conservatory;01;07;
K:LCD-1969-51757*2;Aechmea racinae var. racinae;Princess of Wales Conservatory;01;03;TREE
K:LCD-2014-2101*2;Passiflora;Princess of Wales Conservatory;01;28;
K:LCD-1979-808*3;Aeonium lindleyi;Princess of Wales Conservatory;03;13;
K:LCD-2004-2227*2;Pelargonium exstipulatum;Princess of Wales Conservatory;03;11;
K:LCD-1980-2868*2;Pelargonium grandicalcaratum;Princess of Wales Conservatory;03;11;
K:LCD-1964-63706*3;Codonanthe picta;Princess of Wales Conservatory;01;HB;
K:LCD-2011-1446*2;Saintpaulia magungensis;Princess of Wales Conservatory;01;22;
K:LCD-1963-41001*1;Pistia stratiotes;Princess of Wales Conservatory;01;POND;
K:LCD-1990-2728*5;Colysis wrightii;Princess of Wales Conservatory;08;01;
K:LCD-2002-2289*3;Cymbidium Ty + Udai gx 'Silver Anniversary';Princess of Wales Conservatory;07;02;
K:LCD-1959-65108*1;× Cryptbergia;Princess of Wales Conservatory;01;02;
K:LCD-1988-1774*3;Clerodendrum speciosissimum;Princess of Wales Conservatory;01;21;
K:LCD-1988-3940*1;Blechnum orientale;Princess of Wales Conservatory;04;05;
K:LCD-1969-51145*1;Anthurium crystallinum;Princess of Wales Conservatory;01;06;
K:LCD-2013-886*2;Polystichum munitum;Princess of Wales Conservatory;05;01;
K:LCD-2012-1397*2;Tectaria griffithii;Princess of Wales Conservatory;04;04;
K:LCD-2000-4221*3;Cyrtomium caryotideum;Princess of Wales Conservatory;04;07;
K:LCD-1965-62301*8;Maranta leuconeura var. leuconeura 'Fascinator';Princess of Wales Conservatory;08;01;
K:LCD-1994-2167*1;Astrocaryum mexicanum;Princess of Wales Conservatory;01;06;
K:LCD-1973-19749*3;Pseuderanthemum tricolor;Princess of Wales Conservatory;04;04;
K:LCD-1984-2365*2;Begonia echinosepala;Princess of Wales Conservatory;01;23;
K:LCD-2000-4896*2;Crassula tecta;Princess of Wales Conservatory;03;02;
K:LCD-1969-6141*3;Microgramma reptans;Princess of Wales Conservatory;04;01;
K:LCD-1982-8027*2;Neoregelia;Princess of Wales Conservatory;01;12;
K:LCD-1974-1097*1;Hohenbergia catingae;Princess of Wales Conservatory;01;15;
K:LCD-1961-34704*1;Tillandsia flabellata;Princess of Wales Conservatory;01;03;TREE
K:LCD-1958-32207*5;Ctenanthe oppenheimiana;Princess of Wales Conservatory;06;05;
K:LCD-1984-2391*3;Cephalophyllum procumbens;Princess of Wales Conservatory;03;08;
K:LCD-1963-20003*2;Peperomia griseoargentea;Princess of Wales Conservatory;01;25;
K:LCD-1947-29915*2;Gasteria carinata var. carinata;Princess of Wales Conservatory;03;01;
K:LCD-1982-1657*3;Nautilocalyx;Princess of Wales Conservatory;01;21;
K:LCD-1967-51804*2;Portea petropolitana;Princess of Wales Conservatory;01;11;
K:LCD-1969-17380*2;Spathiphyllum wallisii;Princess of Wales Conservatory;04;02;
K:LCD-1986-2702*2;Juanulloa mexicana;Princess of Wales Conservatory;01;06;
K:LCD-1965-2903*1;Dischidia bengalensis;Princess of Wales Conservatory;01;27;
K:LCD-1975-5026*2;Rhaphidophora hayi;Princess of Wales Conservatory;01;09;
K:LCD-1964-71601*1;Rhododendron goodenoughii;Princess of Wales Conservatory;02;07;
K:LCD-2008-1148*3;Cryptanthus whitmanii;Princess of Wales Conservatory;01;14;
K:LCD-1957-45007*1;Aglaonema commutatum 'Pseudobracteatum';Princess of Wales Conservatory;04;04;
K:LCD-1981-6450*3;Marattia salicina;Princess of Wales Conservatory;04;08;
K:LCD-1969-51149*2;Tillandsia tricolor;Princess of Wales Conservatory;01;03;TREE
K:LCD-2009-144*2;Alocasia wentii;Princess of Wales Conservatory;01;10;
K:LCD-2001-310*2;Epipremnum amplissimum;Princess of Wales Conservatory;01;09;T1
K:LCD-1986-5312*5;Crinum × amabile;Princess of Wales Conservatory;01;22;
K:LCD-1953-22304*4;Lonicera macrantha;Princess of Wales Conservatory;05;05;
K:LCD-1947-52501*1;Crassula multicava;Princess of Wales Conservatory;03;21;
K:LCD-1962-61103*2;Senecio barbertonicus;Princess of Wales Conservatory;03;21;
K:LCD-1954-15901*5;Stenochlaena tenuifolia;Princess of Wales Conservatory;04;11;
K:LCD-1986-4646*4;Phragmipedium Schroederae gx 'Splendens';Princess of Wales Conservatory;06;05;
K:LCD-2007-1564*1;Nypa fruticans;Princess of Wales Conservatory;01;22;
K:LCD-1981-8277*1;Pereskia aculeata 'Godseffiana';Princess of Wales Conservatory;03;18;
K:LCD-1986-8136*2;Microsorum punctatum;Princess of Wales Conservatory;04;11;
K:LCD-1979-4662*3;Kalanchoe rotundifolia;Princess of Wales Conservatory;03;02;
K:LCD-2007-1057*3;Begonia 'Silver Cloud';Princess of Wales Conservatory;01;23;
K:LCD-1969-1774*1;Peperomia clusiifolia;Princess of Wales Conservatory;01;27;
K:LCD-2001-2386*5;Blechnum moorei;Princess of Wales Conservatory;04;06;
K:LCD-1973-13787*4;Selaginella caulescens var. belulla;Princess of Wales Conservatory;04;10;
K:LCD-1973-13302*8;Cryptanthus bivittatus;Princess of Wales Conservatory;01;13;
K:LCD-1978-3549*1;Aechmea egleriana;Princess of Wales Conservatory;01;14;
K:LCD-1998-1107*1;Rhytidophyllum tomentosum;Princess of Wales Conservatory;01;21;
K:LCD-1983-2060*2;Costus spiralis var. spiralis;Princess of Wales Conservatory;01;05;
K:LCD-1981-1022*1;Cyanotis somaliensis;Princess of Wales Conservatory;03;21;
K:LCD-1948-13001*3;Marantochloa purpurea;Princess of Wales Conservatory;01;26;
K:LCD-1973-19558*3;Hemigraphis alternata;Princess of Wales Conservatory;01;25;
K:LCD-1973-728*5;Calathea bella;Princess of Wales Conservatory;01;28;
K:LCD-1964-75604*1;Scyphularia dorsalis;Princess of Wales Conservatory;04;12;
K:LCD-1959-43410*3;Philodendron auriculatum;Princess of Wales Conservatory;01;10;
K:LCD-1957-62801*1;Gasteria angustifolia;Princess of Wales Conservatory;03;06;
K:LCD-1973-20962*2;Jacobinia suberecta;Princess of Wales Conservatory;01;25;
K:LCD-1998-4001*2;Selaginella elmeri;Princess of Wales Conservatory;04;07;
K:LCD-1971-1991*5;Aglaomorpha splendens;Princess of Wales Conservatory;05;02;
K:LCD-1980-2602*1;Paphiopedilum Delrosi gx;Princess of Wales Conservatory;06;02;
K:LCD-2005-161*3;Pelargonium 'Filicifolium';Princess of Wales Conservatory;03;10;
K:LCD-2009-944*2;Conophytum minutum;Princess of Wales Conservatory;03;08;
K:LCD-2005-2361*2;Philodendron pedatum;Princess of Wales Conservatory;01;03;
K:LCD-1968-727*5;Malva canariensis;Princess of Wales Conservatory;03;13;
K:LCD-2001-4006*4;Lavandula canariensis;Princess of Wales Conservatory;03;13;
K:LCD-2000-2122*2;Lithops aucampiae var. koelemanii;Princess of Wales Conservatory;03;08;
K:LCD-1979-3225*1;Thysanolaena maxima;Princess of Wales Conservatory;01;05;
K:LCD-2000-2842*7;Anthurium bonplandii subsp. guayanum;Princess of Wales Conservatory;01;05;
K:LCD-2008-615*3;Pteris dentata;Princess of Wales Conservatory;07;03;
K:LCD-1981-1122*2;Pyrenacantha malvifolia;Princess of Wales Conservatory;03;03;
K:LCD-1999-4350*2;Anthurium palmatum;Princess of Wales Conservatory;01;04;
K:LCD-1962-44052*3;Graptopetalum paraguayense;Princess of Wales Conservatory;03;25;
K:LCD-1974-729*1;Ananas bracteatus;Princess of Wales Conservatory;01;12;
K:LCD-1963-72801*2;Strongylodon macrobotrys;Princess of Wales Conservatory;01;25;
K:LCD-1997-6111*4;Lavandula buchii var. gracilis;Princess of Wales Conservatory;03;13;
K:LCD-2002-690*2;Pachystachys lutea;Princess of Wales Conservatory;01;04;
K:LCD-2001-4512*4;Kohleria spicata;Princess of Wales Conservatory;01;21;
K:LCD-1967-69001*4;Platycerium willinckii;Princess of Wales Conservatory;08;02;
K:LCD-2000-1456*2;Globba cernua;Princess of Wales Conservatory;01;06;
K:LCD-1984-8198*1;Pinanga coronata;Princess of Wales Conservatory;04;07;
K:LCD-1986-5313*4;Alocasia cucullata;Princess of Wales Conservatory;01;06;
K:LCD-1976-6083*3;Tradescantia zanonia;Princess of Wales Conservatory;01;02;
K:LCD-2007-1261*2;Pelargonium 'Red Witch';Princess of Wales Conservatory;03;10;
K:LCD-1983-4764*2;Philodendron 'Burgundy Glow';Princess of Wales Conservatory;01;02;
K:LCD-1965-30208*3;Cotyledon tomentosa subsp. tomentosa;Princess of Wales Conservatory;03;02;
K:LCD-1990-1920*3;Haworthia viscosa;Princess of Wales Conservatory;03;02;
K:LCD-1999-3384*2;Begonia sericoneura;Princess of Wales Conservatory;01;23;
K:LCD-2011-1427*2;Rhizophora mangle;Princess of Wales Conservatory;01;22;
K:LCD-1965-6204*2;Diplazium;Princess of Wales Conservatory;06;02;
K:LCD-1981-2355*2;Calathea 'Carlina';Princess of Wales Conservatory;01;28;
K:LCD-2004-1763*2;Nymphaea 'Emily Grant Hutchings';Princess of Wales Conservatory;01;POND;
K:LCD-1971-2307*3;Lutheria splendens;Princess of Wales Conservatory;01;11;
K:LCD-1976-210*3;Thaumatococcus daniellii;Princess of Wales Conservatory;01;22;
K:LCD-1951-6001*2;Quercifilix zeilanica;Princess of Wales Conservatory;04;08;
K:LCD-1987-1534*2;Sansevieria cylindrica;Princess of Wales Conservatory;03;21;
K:LCD-2002-891*2;Aeschynanthus pulcher;Princess of Wales Conservatory;01;HB;
K:LCD-2009-2770*3;Cola gigantea;Princess of Wales Conservatory;06;05;
K:LCD-1985-4316*1;Hemiboea henryi;Princess of Wales Conservatory;05;06;
K:LCD-1983-1691*3;Anchomanes difformis;Princess of Wales Conservatory;01;10;
K:LCD-2004-152*3;Anthurium wendlingeri;Princess of Wales Conservatory;01;07;
K:LCD-2007-1198*4;Pelargonium stenopetalum;Princess of Wales Conservatory;03;HB;
K:LCD-1979-5638*1;Ludwigia repens;Princess of Wales Conservatory;01;24;
K:LCD-1993-3632*3;Zollernia glabra;Princess of Wales Conservatory;01;12;
K:LCD-2008-2086*2;Drosera macrantha;Princess of Wales Conservatory;09;01;
K:LCD-1984-2730*1;Haworthia pearsonii;Princess of Wales Conservatory;03;06;
K:LCD-2001-3651*5;Spathiphyllum 'Domino';Princess of Wales Conservatory;01;11;
K:LCD-1989-2574*2;Peperomia 'Azuay';Princess of Wales Conservatory;01;27;
K:LCD-1979-3224*2;Philodendron microstictum;Princess of Wales Conservatory;01;11;T4
K:LCD-1982-2502*2;Cynanchum;Princess of Wales Conservatory;03;22;
K:LCD-1984-2111*1;Xiphidium caeruleum;Princess of Wales Conservatory;01;07;
K:LCD-1988-3824*1;Begonia 'Brown Lake';Princess of Wales Conservatory;01;23;
K:LCD-1994-1111*4;Polypodium;Princess of Wales Conservatory;04;HB;
K:LCD-1984-2737*2;Echeveria albicans;Princess of Wales Conservatory;03;18;
K:LCD-1968-38216*2;Anthurium willdenowii;Princess of Wales Conservatory;01;10;
K:LCD-1972-6091*2;Hibiscus rosa-sinensis 'Storckii Cream';Princess of Wales Conservatory;04;03;
K:LCD-1988-3336*2;Begonia juliana;Princess of Wales Conservatory;01;23;
K:LCD-1973-13055*2;Eucharis × grandiflora;Princess of Wales Conservatory;01;10;
K:LCD-1963-16006*2;Cibotium glaucum;Princess of Wales Conservatory;04;02;
K:LCD-1998-3993*2;Selaginella biformis;Princess of Wales Conservatory;04;07;
K:LCD-1971-2405*1;Cryptanthus sinuosus × acaulis;Princess of Wales Conservatory;01;10;
K:LCD-1994-2610*1;Heliconia uxpanapensis;Princess of Wales Conservatory;01;26;
K:LCD-1962-72702*1;Chlorophytum heynei;Princess of Wales Conservatory;01;05;
K:LCD-1972-676*1;Hohenbergia augusta;Princess of Wales Conservatory;01;02;
K:LCD-1974-1438*2;Peperomia glabella;Princess of Wales Conservatory;01;27;
K:LCD-1989-1669*3;Sansevieria dooneri;Princess of Wales Conservatory;03;01;
K:LCD-1984-2115*3;Calathea loeseneri;Princess of Wales Conservatory;01;22;
K:LCD-1992-2146*2;Polypodium;Princess of Wales Conservatory;04;11;
K:LCD-1973-4427*2;Crassula setulosa var. jenkensii;Princess of Wales Conservatory;03;02;
K:LCD-1968-38218*1;Aglaonema commutatum 'Treubii';Princess of Wales Conservatory;04;03;
K:LCD-1984-5367*3;Gasteria bicolor;Princess of Wales Conservatory;03;02;
K:LCD-1992-3795*2;Aristolochia gigantea;Princess of Wales Conservatory;01;02;
K:LCD-1973-13784*3;Lygodium japonicum;Princess of Wales Conservatory;01;21;
K:LCD-1947-29913*1;Aloidendron barberae;Princess of Wales Conservatory;03;21;
K:LCD-1988-3340*2;Begonia 'Burle Marx';Princess of Wales Conservatory;01;23;
K:LCD-1958-56202*2;Phlebodium aureum;Princess of Wales Conservatory;04;03;
K:LCD-2000-4183*1;Platycerium bifurcatum;Princess of Wales Conservatory;04;12;
K:LCD-1973-13745*4;Pyrrosia heteractis;Princess of Wales Conservatory;05;02;
K:LCD-1984-3839*2;Drosera capensis;Princess of Wales Conservatory;09;01;
K:LCD-2004-2571*4;Pelargonium 'Chocolate Peppermint';Princess of Wales Conservatory;03;HB;
K:LCD-1979-3590*2;Pitcairnia fuertesii;Princess of Wales Conservatory;01;11;
K:LCD-1979-189*1;Begonia scabrida;Princess of Wales Conservatory;01;23;
K:LCD-1947-52511*1;Haworthia reinwardtii var. adelaidensis;Princess of Wales Conservatory;03;01;
K:LCD-1980-2963*1;Pelargonium carnosum;Princess of Wales Conservatory;03;11;
K:LCD-2007-1192*2;Pelargonium frutetorum;Princess of Wales Conservatory;03;09;
K:LCD-1973-19558*6;Hemigraphis alternata;Princess of Wales Conservatory;01;29;
K:LCD-1998-4012*3;Selaginella integerrima;Princess of Wales Conservatory;04;04;
K:LCD-2004-1775*2;Pinguicula moranensis;Princess of Wales Conservatory;09;01;
K:LCD-1981-1368*2;Senecio deflersii;Princess of Wales Conservatory;10;01;
K:LCD-1983-1528*2;Diplazium pseudododerleinii;Princess of Wales Conservatory;04;10;
K:LCD-2007-1157*1;Pelargonium cucullatum;Princess of Wales Conservatory;03;09;
K:LCD-1972-678*1;Hohenbergia correia-arauji;Princess of Wales Conservatory;01;14;
K:LCD-1973-13827*2;Peperomia camptotricha;Princess of Wales Conservatory;01;27;
K:LCD-1981-4187*1;Goeppertia cylindrica;Princess of Wales Conservatory;01;26;
K:LCD-1981-2608*1;Paphiopedilum Atlantis gx;Princess of Wales Conservatory;06;02;
K:LCD-1978-3808*2;Ctenanthe oppenheimiana;Princess of Wales Conservatory;04;02;
K:LCD-1998-3489*3;Pelargonium peltatum;Princess of Wales Conservatory;03;09;
K:LCD-1973-13766*3;Calathea zebrina;Princess of Wales Conservatory;01;29;
K:LCD-1969-19884*4;Anthurium schlechtendalii;Princess of Wales Conservatory;01;11;
K:LCD-1992-2953*2;Dichorisandra thyrsiflora;Princess of Wales Conservatory;01;02;
K:LCD-1999-2410*2;Pinguicula laueana;Princess of Wales Conservatory;09;01;
K:LCD-1969-16422*3;Senecio crassulifolius;Princess of Wales Conservatory;03;06;
K:LCD-1989-2584*1;Peperomia blanda;Princess of Wales Conservatory;01;27;
K:LCD-1971-2554*3;Asplenium bipinnatifidum;Princess of Wales Conservatory;04;09;
K:LCD-1994-1025*2;Asplenium nidus;Princess of Wales Conservatory;04;05;
K:LCD-1999-425*3;Anthurium leuconeurum;Princess of Wales Conservatory;01;08;
K:LCD-1970-4643*2;Begonia obscura;Princess of Wales Conservatory;01;23;
K:LCD-1984-3448*2;Begonia dregei;Princess of Wales Conservatory;01;23;
K:LCD-2001-317*1;Scindapsus pictus;Princess of Wales Conservatory;04;09;
K:LCD-1984-1390*4;Costus;Princess of Wales Conservatory;01;22;
K:LCD-1969-17745*5;Dorstenia psilurus;Princess of Wales Conservatory;01;22;
K:LCD-1973-20952*3;Begonia fuchsioides;Princess of Wales Conservatory;01;23;
K:LCD-1973-13761*2;Goeppertia makoyana;Princess of Wales Conservatory;01;22;
K:LCD-1986-8160*1;Barringtonia racemosa;Princess of Wales Conservatory;01;26;
K:LCD-1954-30704*1;Haworthia × rigida;Princess of Wales Conservatory;03;03;
K:LCD-2001-1264*1;Lithops lesliei;Princess of Wales Conservatory;03;08;
K:LCD-2001-312*2;Rhodospatha moritziana;Princess of Wales Conservatory;01;06;
K:LCD-2001-3670*2;Lithops hookeri;Princess of Wales Conservatory;03;08;
K:LCD-1972-321*3;Aechmea recurvata var. recurvata;Princess of Wales Conservatory;01;03;TREE
K:LCD-1981-2383*4;Ctenanthe setosa;Princess of Wales Conservatory;01;28;
K:LCD-2004-3359*2;Pelargonium 'Rober's Lemon Rose';Princess of Wales Conservatory;03;10;
K:LCD-1981-2381*2;Ctenanthe setosa;Princess of Wales Conservatory;04;11;
K:LCD-1973-13977*2;Drynaria rigidula 'Vidgeni';Princess of Wales Conservatory;04;01;
K:LCD-1969-12344*2;Adenocalymma marginatum;Princess of Wales Conservatory;01;24;
K:LCD-2010-873*2;Colocasia esculenta 'Black Magic';Princess of Wales Conservatory;01;06;
K:LCD-1963-37002*1;Peperomia rubella;Princess of Wales Conservatory;01;27;
K:LCD-2001-2919*2;Drosera binata;Princess of Wales Conservatory;09;05;
K:LCD-1969-4110*3;Begonia thiemei;Princess of Wales Conservatory;01;03;
K:LCD-1976-432*1;Marantochloa purpurea;Princess of Wales Conservatory;01;28;
K:LCD-1980-1630*1;Lasia spinosa;Princess of Wales Conservatory;01;26;
K:LCD-1996-4366*3;Diplazium nigropaleaceum;Princess of Wales Conservatory;02;06;
K:LCD-1990-1920*2;Haworthia viscosa;Princess of Wales Conservatory;03;01;
K:LCD-1984-1736*3;Peristrophe chinensis;Princess of Wales Conservatory;01;09;
K:LCD-2001-4500*4;Nematanthus 'Tropicana';Princess of Wales Conservatory;04;HB;
K:LCD-1982-5108*1;Dracaena arborea;Princess of Wales Conservatory;01;06;
K:LCD-1977-915*3;Neoglaziovia variegata;Princess of Wales Conservatory;01;02;
K:LCD-1979-3567*3;Neoregelia concentrica;Princess of Wales Conservatory;01;14;
K:LCD-1994-1032*2;Nephrolepis radicans;Princess of Wales Conservatory;04;04;
K:LCD-2009-1958*3;Nelumbo 'Mrs Perry D Slocum';Princess of Wales Conservatory;;;
K:LCD-2001-3652*2;Spathiphyllum 'Piccolino';Princess of Wales Conservatory;01;03;
K:LCD-1973-12125*3;Doodia aspera;Princess of Wales Conservatory;05;07;
K:LCD-1994-1067*4;Diplazium esculentum;Princess of Wales Conservatory;04;11;
K:LCD-1998-4021*2;Selaginella martensii 'Watsoniana';Princess of Wales Conservatory;04;07;
K:LCD-1973-3513*2;Haworthia coarctata;Princess of Wales Conservatory;03;02;
K:LCD-2003-831*2;Phragmipedium Sedenii gx;Princess of Wales Conservatory;06;05;
K:LCD-1957-55702*4;Piper ornatum;Princess of Wales Conservatory;04;06;
K:LCD-1974-1388*4;Aeschynanthus albidus;Princess of Wales Conservatory;01;06;
K:LCD-1958-76218*3;Peperomia obtusifolia;Princess of Wales Conservatory;01;28;
K:LCD-1962-44053*1;Sedum × rubrotinctum;Princess of Wales Conservatory;03;21;
K:LCD-1962-44052*2;Graptopetalum paraguayense;Princess of Wales Conservatory;03;18;
K:LCD-1982-2006*6;Canarina canariensis;Princess of Wales Conservatory;03;13;
K:LCD-1998-2305*4;Phragmipedium Calurum gx;Princess of Wales Conservatory;06;02;
K:LCD-1982-4625*3;Nephthytis swainei;Princess of Wales Conservatory;01;03;
K:LCD-2013-1241*3;Etlingera elatior;Princess of Wales Conservatory;01;26;
K:LCD-1988-888*1;Dracaena fragrans 'Lindenii';Princess of Wales Conservatory;01;06;
K:LCD-1990-2292*5;Begonia goudotii;Princess of Wales Conservatory;03;22;
K:LCD-1969-50932*2;Neoregelia spectabilis;Princess of Wales Conservatory;01;06;
K:LCD-1973-20962*3;Jacobinia suberecta;Princess of Wales Conservatory;01;15;
K:LCD-1973-13784*4;Lygodium japonicum;Princess of Wales Conservatory;04;05;
K:LCD-2005-75*4;Pelargonium greytonense;Princess of Wales Conservatory;03;HB;
K:LCD-1994-1111*5;Polypodium;Princess of Wales Conservatory;01;03;CONTAINER
K:LCD-1977-863*2;Aeschynanthus pulcher;Princess of Wales Conservatory;05;01;
K:LCD-1975-6102*1;Aeonium undulatum;Princess of Wales Conservatory;03;22;
K:LCD-1993-3118*3;Hanguana neglecta;Princess of Wales Conservatory;08;01;
K:LCD-1983-1534*2;Nephrolepis cordifolia 'Auriculata';Princess of Wales Conservatory;05;02;
K:LCD-1962-67105*1;Anthurium sellowianum;Princess of Wales Conservatory;01;08;
K:LCD-2013-1176*3;Callipteris prolifera;Princess of Wales Conservatory;04;05;
K:LCD-1981-4183*3;Calathea wiotii;Princess of Wales Conservatory;01;21;
K:LCD-2011-804*2;Passiflora hahnii;Princess of Wales Conservatory;05;04;
K:LCD-2014-927*2;Passiflora xiikzodz;Princess of Wales Conservatory;01;19;
K:LCD-2003-829*2;Phragmipedium Cardinale gx;Princess of Wales Conservatory;06;02;
K:LCD-1973-20201*2;Passiflora sexocellata;Princess of Wales Conservatory;01;16;
K:LCD-1968-30108*2;Culcasia scandens;Princess of Wales Conservatory;01;05;
K:LCD-1977-5421*1;Solanecio buchwaldii;Princess of Wales Conservatory;03;21;
K:LCD-1982-534*4;Piper nigrum;Princess of Wales Conservatory;01;27;
K:LCD-1991-1781*1;Boswellia sacra;Princess of Wales Conservatory;03;05;
K:LCD-1974-3916*2;Chrysothemis pulchella;Princess of Wales Conservatory;01;20;SHELF
K:LCD-1979-2441*2;Philodendron glaziovii;Princess of Wales Conservatory;01;25;
K:LCD-1972-33*2;Neoregelia cruenta;Princess of Wales Conservatory;01;14;
K:LCD-1973-13865*2;Goeppertia rufibarba;Princess of Wales Conservatory;01;28;
K:LCD-1980-1800*1;Myriocarpa stipitata;Princess of Wales Conservatory;04;05;
K:LCD-1995-500*2;Saintpaulia ionantha subsp. grotei;Princess of Wales Conservatory;01;21;
K:LCD-1989-2592*2;Peperomia magnoliifolia 'Variegata';Princess of Wales Conservatory;01;07;
K:LCD-1997-6113*5;Lavandula minutolii var. minutolii;Princess of Wales Conservatory;03;13;
K:LCD-1965-75317*1;Cyphostemma juttae;Princess of Wales Conservatory;03;03;
K:LCD-1988-2071*3;Senecio pyramidatus;Princess of Wales Conservatory;03;21;
K:LCD-2008-1148*2;Cryptanthus whitmanii;Princess of Wales Conservatory;01;12;
K:LCD-2004-2562*1;Pelargonium cucullatum 'Flore Pleno';Princess of Wales Conservatory;03;10;
K:LCD-1970-6171*1;Cibotium hawaiense;Princess of Wales Conservatory;04;09;
K:LCD-1996-1267*1;Rhaphidophora sylvestris;Princess of Wales Conservatory;01;02;
K:LCD-2002-502*5;Nymphaea 'Green Smoke';Princess of Wales Conservatory;01;POND;
K:LCD-2000-2230*1;Lithops salicola;Princess of Wales Conservatory;03;08;
K:LCD-1955-20202*2;Cheiridopsis speciosa;Princess of Wales Conservatory;03;08;
K:LCD-1979-4434*4;Typhonodorum lindleyanum;Princess of Wales Conservatory;01;POND;
K:LCD-1982-1866*2;Echeveria sedoides;Princess of Wales Conservatory;03;16;
K:LCD-1962-44003*3;Echeveria × expatriata;Princess of Wales Conservatory;03;16;
K:LCD-2009-1140*2;Echeveria setosa var. minor;Princess of Wales Conservatory;03;14;
K:LCD-1961-18802*3;Echeveria derenbergii;Princess of Wales Conservatory;03;14;
K:LCD-1988-2077*5;Echeveria leucotricha;Princess of Wales Conservatory;03;16;
K:LCD-1978-1764*3;Crinum erubescens;Princess of Wales Conservatory;01;POND;
K:LCD-1999-4350*4;Anthurium palmatum;Princess of Wales Conservatory;01;09;
K:LCD-1981-2959*3;Aeonium;Princess of Wales Conservatory;03;02;
K:LCD-2001-2920*3;Drosera binata 'Marston Dragon';Princess of Wales Conservatory;09;04;
K:LCD-2005-2356*3;Pelargonium lanceolatum;Princess of Wales Conservatory;10;01;
K:LCD-1990-1113*2;Haemanthus humilis subsp. hirsutus;Princess of Wales Conservatory;10;01;
K:LCD-1975-2223*6;Aeonium undulatum;Princess of Wales Conservatory;03;13;
K:LCD-1976-3775*4;Aeonium lindleyi subsp. lindleyi;Princess of Wales Conservatory;03;13;
K:LCD-1979-815*4;Aeonium haworthii;Princess of Wales Conservatory;03;13;
K:LCD-1976-3788*4;Aeonium percarneum;Princess of Wales Conservatory;03;13;
K:LCD-1977-2665*4;Aeonium vestitum;Princess of Wales Conservatory;03;13;
K:LCD-1976-3798*3;Aeonium ciliatum;Princess of Wales Conservatory;03;13;
K:LCD-1977-3183*3;Aeonium chrysanthum;Princess of Wales Conservatory;03;13;
K:LCD-1976-3801*4;Aeonium hierrense;Princess of Wales Conservatory;03;13;
K:LCD-2010-2062*2;Agave;Princess of Wales Conservatory;03;19;
K:LCD-1959-70406*2;Agave spicata;Princess of Wales Conservatory;03;19;
K:LCD-1988-120*8;Nesocodon mauritianus;Princess of Wales Conservatory;07;03;
K:LCD-1999-31*3;Trichodiadema densum;Princess of Wales Conservatory;10;01;
K:LCD-1961-23503*2;Pelargonium inquinans;Princess of Wales Conservatory;10;01;
K:LCD-2008-612*2;Pinguicula hemiepiphytica;Princess of Wales Conservatory;07;02;
K:LCD-2004-2854*3;Pelargonium cordifolium;Princess of Wales Conservatory;10;01;
K:LCD-1974-2444*2;Haworthia coarctata;Princess of Wales Conservatory;10;01;
K:LCD-1963-66304*2;Haworthia longiana;Princess of Wales Conservatory;10;01;
K:LCD-1986-762*4;Pinguicula esseriana;Princess of Wales Conservatory;07;02;EPIPHYTE
K:LCD-2003-2491*2;Thunia Gatton gx;Princess of Wales Conservatory;01;03;SHELF
K:LCD-1963-67306*8;Arachniodes chinensis;Princess of Wales Conservatory;05;05;
K:LCD-1946-34801*3;Oleandra neriiformis;Princess of Wales Conservatory;04;11;
K:LCD-1963-67306*7;Arachniodes chinensis;Princess of Wales Conservatory;05;02;
K:LCD-1971-2556*4;Selliguea plantaginea;Princess of Wales Conservatory;05;01;
K:LCD-1994-1101*2;Arthropteris palisotii;Princess of Wales Conservatory;04;06;
K:LCD-1962-58001*3;Selaginella serpens;Princess of Wales Conservatory;04;10;
K:LCD-2013-1210*2;Lygodium circinnatum;Princess of Wales Conservatory;04;07;
K:LCD-2001-2919*3;Drosera binata;Princess of Wales Conservatory;09;05;
K:LCD-1998-1499*3;Sarracenia alata × leucophylla;Princess of Wales Conservatory;09;04;
K:LCD-1988-1910*2;Drosera ericksoniae;Princess of Wales Conservatory;09;05;
K:LCD-1998-3994*2;Selaginella braunii;Princess of Wales Conservatory;04;07;
K:LCD-1998-4029*3;Selaginella obtusa;Princess of Wales Conservatory;04;07;
K:LCD-2003-838*2;Paphiopedilum hybrid;Princess of Wales Conservatory;06;02;
K:LCD-1973-5060*3;Davallia elegans;Princess of Wales Conservatory;05;04;
K:LCD-1963-67308*2;Lygodium japonicum;Princess of Wales Conservatory;05;05;
K:LCD-1976-3205*2;Selaginella caulescens;Princess of Wales Conservatory;04;01;
K:LCD-1974-3096*2;Edanyoa difformis;Princess of Wales Conservatory;04;07;
K:LCD-2001-2747*3;Sarracenia minor 'Okefenokee Giant';Princess of Wales Conservatory;09;03;
K:LCD-2012-678*3;Aeonium tabuliforme;Princess of Wales Conservatory;03;13;
K:LCD-1938-85301*2;Odontonema tubaeforme;Princess of Wales Conservatory;01;15;
K:LCD-1994-542*4;Neoregelia cyanea;Princess of Wales Conservatory;01;15;
K:LCD-1971-4163*3;Neoregelia ampullacea;Princess of Wales Conservatory;01;15;
K:LCD-1972-4024*3;Nidularium procerum;Princess of Wales Conservatory;01;15;
K:LCD-2008-1998*4;Vriesea schwackeana;Princess of Wales Conservatory;01;12;
K:LCD-1974-3930*2;Aechmea nudicaulis var. cuspidata;Princess of Wales Conservatory;01;12;
K:LCD-1972-213*5;Canistrum viride;Princess of Wales Conservatory;01;12;
K:LCD-1972-170*2;Quesnelia arvensis;Princess of Wales Conservatory;01;12;
K:LCD-1934-18802*2;Aechmea recurvata var. ortgiesii;Princess of Wales Conservatory;01;12;
K:LCD-1979-3582*2;Canistropsis burchellii;Princess of Wales Conservatory;01;11;
K:LCD-2000-3044*4;Tillandsia samaipatensis;Princess of Wales Conservatory;01;12;
K:LCD-1972-56*3;Neoregelia compacta;Princess of Wales Conservatory;01;12;
K:LCD-2008-2304*2;Neoregelia roethii;Princess of Wales Conservatory;01;15;
K:LCD-2000-3046*3;Guzmania lingulata var. cardinalis;Princess of Wales Conservatory;01;15;
K:LCD-2008-1598*3;Nidularium innocentii;Princess of Wales Conservatory;01;15;
K:LCD-1972-4011*2;Neoregelia johannis;Princess of Wales Conservatory;01;15;
K:LCD-2008-2302*2;Hylaeaicum margaretae;Princess of Wales Conservatory;01;15;
K:LCD-1977-923*2;Hohenbergia edmundoi;Princess of Wales Conservatory;01;15;
K:LCD-2011-802*3;Passiflora antioquiensis;Princess of Wales Conservatory;02;07;
K:LCD-1953-58201*7;Ptychosperma elegans;Princess of Wales Conservatory;02;08;
K:LCD-1963-16006*6;Cibotium glaucum;Princess of Wales Conservatory;02;08;
K:LCD-1992-2097*5;Begonia gehrtii;Princess of Wales Conservatory;02;05;
K:LCD-1969-4110*3;Begonia thiemei;Princess of Wales Conservatory;02;08;
K:LCD-1994-3391*4;Equisetum giganteum;Princess of Wales Conservatory;02;05;
K:LCD-2003-3570*2;Aechmea caudata;Princess of Wales Conservatory;01;02;
K:LCD-1983-4483*2;Hoya;Princess of Wales Conservatory;01;09;
K:LCD-1988-3156*2;Hoya globulosa;Princess of Wales Conservatory;01;11;
K:LCD-1984-3830*2;Hoya longifolia;Princess of Wales Conservatory;01;17;
K:LCD-1974-1315*2;Hoya australis;Princess of Wales Conservatory;01;15;
K:LCD-1972-3683*2;Haworthia transiens;Princess of Wales Conservatory;03;;
K:LCD-1973-12125*5;Doodia aspera;Princess of Wales Conservatory;02;07;
K:LCD-1978-4550*7;Impatiens grandis;Princess of Wales Conservatory;02;03;
K:LCD-1978-337*3;Hedychium ellipticum;Princess of Wales Conservatory;02;03;
K:LCD-1994-3147*3;Sarmienta scandens;Princess of Wales Conservatory;02;04;
K:LCD-1984-2381*6;Impatiens niamniamensis;Princess of Wales Conservatory;02;04;
K:LCD-2014-1346*5;Lobelia boninensis;Princess of Wales Conservatory;02;08;
K:LCD-2013-1176*5;Callipteris prolifera;Princess of Wales Conservatory;02;08;
K:LCD-1974-3096*3;Edanyoa difformis;Princess of Wales Conservatory;02;03;
K:LCD-1998-4024*2;Selaginella microphylla;Princess of Wales Conservatory;02;03;
K:LCD-1991-580*3;Woodwardia radicans;Princess of Wales Conservatory;02;04;
K:LCD-1991-1092*4;Cryosophila warscewiczii;Princess of Wales Conservatory;01;10;
K:LCD-2009-3267*4;Sabal etonia;Princess of Wales Conservatory;01;15;
K:LCD-2008-1197*2;Utricularia longifolia;Princess of Wales Conservatory;08;02;
K:LCD-2008-1998*5;Vriesea schwackeana;Princess of Wales Conservatory;01;02;
K:LCD-2008-1598*4;Nidularium innocentii;Princess of Wales Conservatory;01;02;
K:LCD-1979-3528*6;Aechmea filicaulis;Princess of Wales Conservatory;01;02;
K:LCD-1972-4050*4;Vriesea × retroflexa;Princess of Wales Conservatory;01;02;
K:LCD-1963-72303*5;Rhododendron macgregoriae;Princess of Wales Conservatory;02;05;
K:LCD-1945-22601*7;Impatiens niamniamensis;Princess of Wales Conservatory;02;05;
K:LCD-1979-1772*2;Aechmea chlorophylla;Princess of Wales Conservatory;01;11;
K:LCD-2008-1699*2;Nidularium campos-portoi var. campos-portoi;Princess of Wales Conservatory;01;11;
K:LCD-1981-4671*2;Tillandsia tricolor;Princess of Wales Conservatory;01;11;
K:LCD-1974-832*2;Aechmea alba;Princess of Wales Conservatory;01;11;
K:LCD-1974-3930*3;Aechmea nudicaulis var. cuspidata;Princess of Wales Conservatory;01;15;
K:LCD-1982-1624*2;Aechmea abbreviata;Princess of Wales Conservatory;01;02;
K:LCD-2003-3571*3;Aechmea caudata f. albiflora;Princess of Wales Conservatory;01;02;
K:LCD-1956-52407*2;Agave filifera;Princess of Wales Conservatory;03;12;
K:LCD-1981-4218*2;Rhaphidophora decursiva;Princess of Wales Conservatory;01;08;
K:LCD-1979-215*1;Sansevieria caulescens;Princess of Wales Conservatory;03;21;
K:LCD-1962-2607*3;Blechnum lehmannii;Princess of Wales Conservatory;06;02;
K:LCD-1979-2684*4;Hemionitis achariorum;Princess of Wales Conservatory;04;07;
K:LCD-1981-5648*1;Crinum asiaticum;Princess of Wales Conservatory;01;06;
K:LCD-2003-2351*2;Phragmipedium Albopurpureum gx;Princess of Wales Conservatory;07;03;
K:LCD-1981-4207*3;Sarcophrynium schweinfurthianum var. puberulifolium;Princess of Wales Conservatory;01;21;
K:LCD-1969-17410*5;Rhododendron scopulorum;Princess of Wales Conservatory;05;04;
K:LCD-1978-3835*5;Nematanthus crassifolius;Princess of Wales Conservatory;01;HB;
K:LCD-1964-73301*3;Doodia media;Princess of Wales Conservatory;05;05;
K:LCD-2013-1465*5;Costus comosus var. bakeri;Princess of Wales Conservatory;01;20;
K:LCD-2011-367*2;Gibbaeum dispar;Princess of Wales Conservatory;03;08;
K:LCD-1981-2377*1;Ctenanthe burle-marxii;Princess of Wales Conservatory;01;07;
K:LCD-1974-1421*2;Blechnum serrulatum;Princess of Wales Conservatory;04;06;
K:LCD-1958-63002*3;Senecio medley-woodii;Princess of Wales Conservatory;03;21;
K:LCD-2000-4221*2;Cyrtomium caryotideum;Princess of Wales Conservatory;07;03;
K:LCD-1953-40702*3;Anchomanes difformis;Princess of Wales Conservatory;01;06;
K:LCD-2011-816*2;Passiflora coriacea;Princess of Wales Conservatory;01;15;
K:LCD-2004-2896*2;Barleria strigosa;Princess of Wales Conservatory;01;03;
K:LCD-1988-3814*2;Tillandsia propagulifera;Princess of Wales Conservatory;01;02;
K:LCD-2000-2719*2;Begonia corallina;Princess of Wales Conservatory;01;23;
K:LCD-1973-13745*2;Pyrrosia heteractis;Princess of Wales Conservatory;08;01;TREE
K:LCD-2007-1057*4;Begonia 'Silver Cloud';Princess of Wales Conservatory;05;07;
K:LCD-1985-2346*3;Gasteria pillansii var. pillansii;Princess of Wales Conservatory;03;01;
K:LCD-1973-13198*1;Philodendron squamiferum;Princess of Wales Conservatory;01;26;E7
K:LCD-1977-3747*2;Sansevieria suffruticosa;Princess of Wales Conservatory;03;21;
K:LCD-2000-2174*2;Lithops hookeri;Princess of Wales Conservatory;03;08;
K:LCD-1973-13013*2;Fittonia albivenis 'Gigantea';Princess of Wales Conservatory;01;02;
K:LCD-1979-3155*4;Dieffenbachia seguine;Princess of Wales Conservatory;01;22;
K:LCD-1981-4820*2;Braunsia apiculata;Princess of Wales Conservatory;03;08;
K:LCD-1973-13270*3;Begonia rex 'Pride of St.Albans';Princess of Wales Conservatory;04;03;
K:LCD-1973-13306*1;Dyckia frigida;Princess of Wales Conservatory;03;23;
K:LCD-1965-54701*2;Kleinia galpinii;Princess of Wales Conservatory;03;21;
K:LCD-1981-6375*2;Peperomia abyssinica;Princess of Wales Conservatory;01;27;
K:LCD-1984-8223*3;Pitcairnia recurvata;Princess of Wales Conservatory;01;11;
K:LCD-1976-269*1;Hydnophytum moseleyanum;Princess of Wales Conservatory;01;09;LOG
K:LCD-1973-13121*2;Anthurium regale;Princess of Wales Conservatory;01;06;
K:LCD-1965-52307*2;Hedychium coronarium;Princess of Wales Conservatory;02;03;
K:LCD-1969-1778*2;Peperomia flexicaulis;Princess of Wales Conservatory;01;27;
K:LCD-1988-1935*1;Tillandsia rauhii;Princess of Wales Conservatory;01;11;
K:LCD-2004-2691*4;Pelargonium cordifolium;Princess of Wales Conservatory;03;11;
K:LCD-2012-468*1;Guzmania 'Sugar Belly';Princess of Wales Conservatory;;;
K:LCD-1981-4189*1;Calathea micans;Princess of Wales Conservatory;01;28;
K:LCD-1973-13769*1;Calathea zebrina;Princess of Wales Conservatory;01;28;
K:LCD-1985-5301*1;Yucca baccata;Princess of Wales Conservatory;03;12;
K:LCD-1989-3466*3;Fuchsia arborescens;Princess of Wales Conservatory;02;04;
K:LCD-1979-1054*2;Kabuyea hostifolia;Princess of Wales Conservatory;01;05;
K:LCD-1984-3343*2;Hoya pubicalyx;Princess of Wales Conservatory;04;08;
K:LCD-1988-2069*2;Senecio scaposus;Princess of Wales Conservatory;03;03;
K:LCD-1995-2035*3;Hedychium spicatum;Princess of Wales Conservatory;04;11;
K:LCD-1981-2375*3;Saranthe;Princess of Wales Conservatory;01;29;
K:LCD-2009-506*2;Brownea grandiceps;Princess of Wales Conservatory;01;07;
K:LCD-1999-27*2;Mestoklema tuberosum;Princess of Wales Conservatory;03;07;
K:LCD-2004-2565*1;Pelargonium ribifolium;Princess of Wales Conservatory;03;09;
K:LCD-1973-13270*1;Begonia rex 'Pride of St.Albans';Princess of Wales Conservatory;01;23;
K:LCD-2008-1605*4;Aechmea chantinii;Princess of Wales Conservatory;01;13;
K:LCD-1986-5779*3;Pachyphytum coeruleum;Princess of Wales Conservatory;03;14;
K:LCD-2012-709*3;Senecio macroglossus;Princess of Wales Conservatory;03;21;
K:LCD-1962-20101*1;Dudleya edulis;Princess of Wales Conservatory;03;12;
K:LCD-2002-3436*3;Coelogyne hybrid;Princess of Wales Conservatory;06;04;SHELF
K:LCD-2004-2192*5;Pelargonium tricuspidatum;Princess of Wales Conservatory;03;11;
K:LCD-1977-887*1;Pachystachys coccinea;Princess of Wales Conservatory;01;03;
K:LCD-2000-2120*2;Lithops aucampiae;Princess of Wales Conservatory;03;08;
K:LCD-2000-2133*1;Lithops dinteri subsp. fredericii;Princess of Wales Conservatory;03;08;
K:LCD-1957-27501*3;Justicia carnea;Princess of Wales Conservatory;01;27;
K:LCD-1996-4376*2;Meniscium reticulatum;Princess of Wales Conservatory;04;04;
K:LCD-1994-1111*3;Polypodium;Princess of Wales Conservatory;06;05;
K:LCD-1986-2770*1;Hesperoyucca whipplei;Princess of Wales Conservatory;03;12;
K:LCD-1970-4068*2;Strobilanthes persicifolia;Princess of Wales Conservatory;01;23;
K:LCD-1993-933*3;Graptopetalum pachyphyllum;Princess of Wales Conservatory;03;14;
K:LCD-1980-521*1;Peperomia reticulata;Princess of Wales Conservatory;01;16;
K:LCD-1999-2382*2;Orthophytum glabrum;Princess of Wales Conservatory;01;12;
K:LCD-1981-1972*1;Sansevieria scimitariformis;Princess of Wales Conservatory;03;21;
K:LCD-1957-62801*2;Gasteria angustifolia;Princess of Wales Conservatory;03;21;
K:LCD-2009-872*2;Pleiospilos compactus subsp. canus;Princess of Wales Conservatory;03;08;
K:LCD-1905-45801*2;Sobralia Mirabilis gx;Princess of Wales Conservatory;07;02;
K:LCD-2013-1375*3;Kohleria warszewiczii;Princess of Wales Conservatory;01;21;
K:LCD-1969-18843*4;Arachniodes standishii;Princess of Wales Conservatory;05;05;
K:LCD-1964-34608*1;Crassula pentandra var. phyturus;Princess of Wales Conservatory;03;21;
K:LCD-2005-631*3;Pelargonium transvaalense;Princess of Wales Conservatory;03;11;
K:LCD-1997-6380*4;Xanthosoma sagittifolium;Princess of Wales Conservatory;04;11;
K:LCD-1997-6676*4;Asplenium;Princess of Wales Conservatory;01;08;EPIPHYTE
K:LCD-2011-491*2;Haworthia parksiana;Princess of Wales Conservatory;03;02;
K:LCD-1969-17845*3;Adiantum raddianum 'Lawsonianum';Princess of Wales Conservatory;05;02;
K:LCD-1973-1744*2;Wallisia cyanea;Princess of Wales Conservatory;01;03;TREE
K:LCD-1996-479*2;Cystacanthus turgida;Princess of Wales Conservatory;01;02;
K:LCD-1988-1950*5;Begonia listada;Princess of Wales Conservatory;01;23;
K:LCD-2005-2358*2;Monstera adansonii;Princess of Wales Conservatory;01;09;T1
K:LCD-1981-5659*5;Alpinia aquatica;Princess of Wales Conservatory;01;POND;
K:LCD-1970-4720*5;Aechmea orlandiana;Princess of Wales Conservatory;01;13;
K:LCD-1998-2987*2;Dioscorea cochleariapiculata;Princess of Wales Conservatory;01;23;
K:LCD-1984-2394*1;Dracophilus delaetianus;Princess of Wales Conservatory;03;07;
K:LCD-1998-2989*1;Dioscorea schimperiana;Princess of Wales Conservatory;01;02;
K:LCD-1968-38203*2;Philodendron hederaceum var. hederaceum;Princess of Wales Conservatory;01;18;
K:LCD-1999-592*2;Alpinia katsumadae;Princess of Wales Conservatory;04;10;
K:LCD-2014-1916*3;Macleania cordifolia;Princess of Wales Conservatory;05;HB;
K:LCD-2011-1621*2;Stapelianthus decaryi 'Cristata';Princess of Wales Conservatory;03;02;
K:LCD-1969-17223*1;Pittosporum undulatum;Princess of Wales Conservatory;02;03;
K:LCD-2005-2723*1;Phragmipedium Calurum gx;Princess of Wales Conservatory;06;02;
K:LCD-1985-2818*2;Sansevieria stuckyi;Princess of Wales Conservatory;03;06;
K:LCD-2009-3269*2;Clusia grandiflora;Princess of Wales Conservatory;01;08;
K:LCD-2004-2475*1;Neoregelia carolinae;Princess of Wales Conservatory;01;11;
K:LCD-1989-3521*2;Catharanthus roseus;Princess of Wales Conservatory;01;05;
K:LCD-1991-751*2;Piper sarmentosum;Princess of Wales Conservatory;01;10;
K:LCD-2014-1345*3;Ceropegia fusca;Princess of Wales Conservatory;03;13;
K:LCD-1973-3006*1;Othonna capensis;Princess of Wales Conservatory;03;06;
K:LCD-2004-2776*2;Pelargonium 'Charity';Princess of Wales Conservatory;03;10;
K:LCD-2000-4481*2;Impatiens 'Barlow';Princess of Wales Conservatory;01;20;
K:LCD-2000-3313*3;Psychotria carthagenensis;Princess of Wales Conservatory;01;04;
K:LCD-1973-4422*1;Crassula nudicaulis var. herrei;Princess of Wales Conservatory;03;02;
K:LCD-1999-2161*3;Echeveria cante;Princess of Wales Conservatory;03;18;
K:LCD-1987-1370*3;Saintpaulia ionantha;Princess of Wales Conservatory;01;21;
K:LCD-1969-4933*1;Rhododendron retusum;Princess of Wales Conservatory;02;07;
K:LCD-2008-2305*3;Orthophytum gurkenii;Princess of Wales Conservatory;01;10;
K:LCD-1994-2591*1;Spathiphyllum cochlearispathum;Princess of Wales Conservatory;01;26;
K:LCD-1984-2157*1;Heliconia collinsiana var. collinsiana;Princess of Wales Conservatory;01;28;
K:LCD-1962-56708*2;Stenospermation marantifolium;Princess of Wales Conservatory;01;03;
K:LCD-2011-1424*2;Montrichardia arborescens;Princess of Wales Conservatory;01;26;
K:LCD-1987-13*4;Gesneria pedicellaris;Princess of Wales Conservatory;01;22;
K:LCD-1997-7069*2;Acanthus ueleensis;Princess of Wales Conservatory;05;04;
K:LCD-1986-1808*1;Ficus pumila;Princess of Wales Conservatory;01;02;
K:LCD-2007-1260*2;Pelargonium 'Spanish Angel';Princess of Wales Conservatory;03;10;
K:LCD-1958-38603*3;Ixora williamsii;Princess of Wales Conservatory;01;23;
K:LCD-2008-1603*1;Dyckia encholirioides;Princess of Wales Conservatory;03;23;
K:LCD-1987-4022*1;Dracaena hookeriana;Princess of Wales Conservatory;01;06;
K:LCD-1998-1939*1;Hydrocleys nymphoides;Princess of Wales Conservatory;01;POND;
K:LCD-1950-21101*1;Gasteria;Princess of Wales Conservatory;03;21;
K:LCD-2007-1193*1;Pelargonium grandicalcaratum;Princess of Wales Conservatory;03;09;
K:LCD-1985-3565*2;Echeveria agavoides 'Red Edge';Princess of Wales Conservatory;03;23;
K:LCD-2004-2470*2;Nidularium innocentii;Princess of Wales Conservatory;01;11;
K:LCD-1964-63706*4;Codonanthe picta;Princess of Wales Conservatory;04;HB;
K:LCD-1948-44101*3;Dracaena camerooniana;Princess of Wales Conservatory;06;02;
K:LCD-1967-6607*1;Haworthia limifolia;Princess of Wales Conservatory;03;02;
K:LCD-1999-588*1;Musa velutina;Princess of Wales Conservatory;01;08;
K:LCD-1963-23402*4;Rhododendron lyi;Princess of Wales Conservatory;07;03;
K:LCD-1982-5701*1;Phragmipedium Sedenii gx;Princess of Wales Conservatory;06;02;
K:LCD-1988-2082*3;Sedum furfuraceum;Princess of Wales Conservatory;03;15;
K:LCD-1985-4820*6;Nauplius intermedius;Princess of Wales Conservatory;03;13;
K:LCD-1995-3835*1;Epipremnum pinnatum;Princess of Wales Conservatory;01;29;
K:LCD-1984-1079*1;Philodendron melinonii;Princess of Wales Conservatory;01;06;
K:LCD-1928-48502*1;Moquilea tomentosa;Princess of Wales Conservatory;01;23;
K:LCD-1973-13777*2;Calathea variegata;Princess of Wales Conservatory;01;28;
K:LCD-1967-39802*2;Haworthia retusa;Princess of Wales Conservatory;03;02;
K:LCD-1997-4373*2;Plumbago auriculata;Princess of Wales Conservatory;09;06;
K:LCD-1972-4048*2;Vriesea platynema var. platynema;Princess of Wales Conservatory;01;11;
K:LCD-1979-3137*3;Spathiphyllum cannifolium;Princess of Wales Conservatory;01;03;
K:LCD-2011-644*2;Huernia keniensis;Princess of Wales Conservatory;03;02;
K:LCD-1943-12216*2;Haworthia viscosa var. pseudotortuosa;Princess of Wales Conservatory;03;02;
K:LCD-1966-55225*7;Stromanthe sanguinea;Princess of Wales Conservatory;04;04;
K:LCD-1980-1520*1;Peperomia macrostachyos;Princess of Wales Conservatory;01;27;
K:LCD-1980-1630*2;Lasia spinosa;Princess of Wales Conservatory;01;22;
K:LCD-1981-2377*5;Ctenanthe burle-marxii;Princess of Wales Conservatory;01;26;
K:LCD-1973-12240*5;Oplismenus compositus;Princess of Wales Conservatory;01;20;
K:LCD-1978-3837*2;Pyrostegia venusta;Princess of Wales Conservatory;01;22;E3
K:LCD-2009-3454*2;Agave vilmoriniana;Princess of Wales Conservatory;01;13;
K:LCD-1965-50022*1;Anthurium lindmanianum;Princess of Wales Conservatory;01;26;
K:LCD-1975-605*2;Sansevieria raffillii;Princess of Wales Conservatory;10;02;
K:LCD-1979-3526*1;Aechmea gamosepala var. gamosepala;Princess of Wales Conservatory;01;04;
K:LCD-1973-13397*3;Cyperus involucratus;Princess of Wales Conservatory;01;22;
K:LCD-1973-20423*3;Marattia;Princess of Wales Conservatory;04;05;
K:LCD-1974-3588*2;Spathiphyllum cannifolium;Princess of Wales Conservatory;01;07;
K:LCD-1982-5462*3;Gasteria nitida var. armstrongii;Princess of Wales Conservatory;03;02;
K:LCD-1996-1453*3;Plectranthus cylindraceus;Princess of Wales Conservatory;03;05;
K:LCD-1968-38216*5;Anthurium willdenowii;Princess of Wales Conservatory;01;07;
K:LCD-1964-33125*1;Tectaria paradoxa;Princess of Wales Conservatory;05;03;
K:LCD-1975-2306*2;Haworthia nigra;Princess of Wales Conservatory;03;02;
K:LCD-1998-4080*3;Selaginella kraussiana var. brownii;Princess of Wales Conservatory;05;07;
K:LCD-1962-51903*1;Alocasia macrorrhizos var. rubra;Princess of Wales Conservatory;01;24;
K:LCD-2011-352*2;Lithops olivacea var. nebrownii;Princess of Wales Conservatory;03;08;
K:LCD-2002-2248*2;Nelumbo 'Shiroman';Princess of Wales Conservatory;01;POND;
K:LCD-1969-2261*2;Begonia schmidtiana;Princess of Wales Conservatory;01;23;
K:LCD-1980-1531*8;Anthurium schlechtendalii;Princess of Wales Conservatory;01;14;
K:LCD-1996-2450*1;Larrea tridentata;Princess of Wales Conservatory;03;12;
K:LCD-1964-40114*2;Polyscias 'Filicifolia';Princess of Wales Conservatory;01;06;
K:LCD-1973-13006*5;Asystasia travancorica;Princess of Wales Conservatory;04;10;
K:LCD-1972-321*1;Aechmea recurvata var. recurvata;Princess of Wales Conservatory;01;14;
K:LCD-1996-764*4;Boucerosia frerei;Princess of Wales Conservatory;01;27;
K:LCD-1957-46105*3;Begonia × ricinifolia 'Immense';Princess of Wales Conservatory;08;;
K:LCD-1973-13496*2;Gasteria carinata var. verrucosa;Princess of Wales Conservatory;03;21;
K:LCD-1965-6204*1;Diplazium;Princess of Wales Conservatory;04;02;
K:LCD-2000-3415*3;Carruanthus peersii;Princess of Wales Conservatory;03;08;
K:LCD-1973-1798*3;Aechmea purpureorosea;Princess of Wales Conservatory;01;13;
K:LCD-1961-27401*2;Fockea capensis;Princess of Wales Conservatory;03;03;
K:LCD-1957-62802*1;Gasteria carinata var. carinata;Princess of Wales Conservatory;03;21;
K:LCD-1971-1991*4;Aglaomorpha splendens;Princess of Wales Conservatory;07;02;
K:LCD-1969-17697*1;Senecio mandraliscae;Princess of Wales Conservatory;03;06;
K:LCD-1969-6199*4;Caladium bicolor;Princess of Wales Conservatory;01;03;
K:LCD-1973-13397*2;Cyperus involucratus;Princess of Wales Conservatory;01;26;
K:LCD-2001-2386*6;Blechnum moorei;Princess of Wales Conservatory;04;03;
K:LCD-1977-3112*3;Kleinia semperviva;Princess of Wales Conservatory;03;05;
K:LCD-1996-4421*1;Philodendron annulatum;Princess of Wales Conservatory;01;10;
K:LCD-1998-3492*3;Pelargonium glutinosum;Princess of Wales Conservatory;03;09;
K:LCD-2004-2769*1;Pelargonium fulgidum;Princess of Wales Conservatory;03;09;
K:LCD-1982-3946*1;Cyclanthus bipartitus;Princess of Wales Conservatory;01;06;
K:LCD-1973-3113*1;Senecio vitalis;Princess of Wales Conservatory;03;07;
K:LCD-1975-2184*2;Haworthia otzenii;Princess of Wales Conservatory;03;02;
K:LCD-1981-1011*1;Sansevieria bella;Princess of Wales Conservatory;03;21;
K:LCD-1963-57803*1;Nephrolepis lauterbachii;Princess of Wales Conservatory;04;07;
K:LCD-1953-23210*2;Haworthia cuspidata;Princess of Wales Conservatory;03;02;
K:LCD-1969-2108*2;Begonia goegoensis;Princess of Wales Conservatory;01;23;
K:LCD-2008-2085*3;Drosera trinervia;Princess of Wales Conservatory;09;01;
K:LCD-1969-476*3;Culcasia;Princess of Wales Conservatory;04;03;
K:LCD-1980-1582*2;Philodendron radiatum;Princess of Wales Conservatory;01;08;
K:LCD-1983-2009*2;Philodendron bipennifolium;Princess of Wales Conservatory;01;05;
K:LCD-1970-4603*2;Begonia sericoneura;Princess of Wales Conservatory;01;23;
K:LCD-1957-41603*1;Aglaonema commutatum var. maculatum;Princess of Wales Conservatory;01;19;
K:LCD-1981-2382*4;Ctenanthe burle-marxii var. obscura 'Purple Tiger';Princess of Wales Conservatory;01;20;
K:LCD-1986-4920*2;Bougainvillea stipitata var. grisebachiana;Princess of Wales Conservatory;01;06;
K:LCD-1982-3841*2;Tillandsia caerulea;Princess of Wales Conservatory;01;02;
K:LCD-1984-2343*2;Pteris cretica;Princess of Wales Conservatory;05;07;
K:LCD-1987-13*3;Gesneria pedicellaris;Princess of Wales Conservatory;01;21;
K:LCD-2001-3039*2;Adromischus diabolicus;Princess of Wales Conservatory;03;02;
K:LCD-2012-162*2;Passiflora reflexiflora;Princess of Wales Conservatory;01;12;
K:LCD-1957-13201*2;Pelargonium graveolens;Princess of Wales Conservatory;03;06;
K:LCD-1981-2355*4;Calathea 'Carlina';Princess of Wales Conservatory;01;21;
K:LCD-1981-4770*1;Dasylirion wheeleri;Princess of Wales Conservatory;03;12;
K:LCD-1961-19402*2;Woodwardia unigemmata;Princess of Wales Conservatory;05;02;
K:LCD-1984-2672*4;Agave filifera;Princess of Wales Conservatory;03;20;
K:LCD-1980-1231*1;Geophila repens;Princess of Wales Conservatory;01;06;
K:LCD-1990-1932*2;Cercestis mirabilis;Princess of Wales Conservatory;01;09;
K:LCD-1983-2545*4;Ctenanthe burle-marxii var. obscura;Princess of Wales Conservatory;01;02;
K:LCD-1997-6311*3;Hypoxis angustifolia;Princess of Wales Conservatory;03;05;
K:LCD-1974-3567*2;Gloxinia perennis;Princess of Wales Conservatory;01;21;
K:LCD-2001-1730*3;Monolena primuliflora;Princess of Wales Conservatory;01;22;
K:LCD-2009-1062*2;Adromischus sphenophyllus;Princess of Wales Conservatory;03;02;
K:LCD-1977-2069*1;Aeonium decorum;Princess of Wales Conservatory;03;21;
K:LCD-1969-51145*5;Anthurium crystallinum;Princess of Wales Conservatory;01;08;
K:LCD-1980-2634*2;Phragmipedium Calurum gx;Princess of Wales Conservatory;06;05;
K:LCD-1983-2096*2;Peperomia pereskiifolia;Princess of Wales Conservatory;01;27;
K:LCD-2001-2733*2;Pinguicula agnata;Princess of Wales Conservatory;09;01;
K:LCD-1990-2728*6;Colysis wrightii;Princess of Wales Conservatory;08;02;
K:LCD-2013-434*3;Hechtia podantha;Princess of Wales Conservatory;;;
K:LCD-1997-6235*1;Alocasia macrorrhizos;Princess of Wales Conservatory;01;26;
K:LCD-1983-1988*1;Philodendron renauxii;Princess of Wales Conservatory;01;09;
K:LCD-1990-1019*1;Costus afer;Princess of Wales Conservatory;01;06;
K:LCD-1994-3346*1;Passiflora suberosa;Princess of Wales Conservatory;01;11;
K:LCD-2000-54*1;Astridia dinteri;Princess of Wales Conservatory;03;03;
K:LCD-1969-51734*1;Oxalis insipida;Princess of Wales Conservatory;01;15;
K:LCD-1997-92*1;Lithops marmorata;Princess of Wales Conservatory;03;08;
K:LCD-1993-2065*1;Haworthia glauca;Princess of Wales Conservatory;03;03;
K:LCD-2001-3305*2;Adromischus trigynus;Princess of Wales Conservatory;03;02;
K:LCD-1969-3289*2;Columnea harrisii;Princess of Wales Conservatory;01;HB;
K:LCD-1993-3242*2;Sanchezia oblonga;Princess of Wales Conservatory;04;08;
K:LCD-2005-1197*4;Cyrtanthus sanguineus subsp. sanguineus;Princess of Wales Conservatory;03;21;
K:LCD-1958-79704*6;Justicia brandegeeana;Princess of Wales Conservatory;01;09;
K:LCD-2014-810*7;Agapetes serpens;Princess of Wales Conservatory;05;05;
K:LCD-1977-1447*5;Anthurium polynervium;Princess of Wales Conservatory;01;13;
K:LCD-1963-56807*1;Anthurium jenmanii;Princess of Wales Conservatory;01;10;
K:LCD-1993-3201*1;Diplazium chinense;Princess of Wales Conservatory;05;02;
K:LCD-2000-3027*2;Tillandsia caerulea;Princess of Wales Conservatory;01;11;
K:LCD-1988-1636*2;Paphiopedilum hybrid;Princess of Wales Conservatory;06;02;
K:LCD-1993-3242*5;Sanchezia oblonga;Princess of Wales Conservatory;01;04;
K:LCD-1973-13209*2;Epipremnum pinnatum 'Aureum';Princess of Wales Conservatory;01;08;
K:LCD-1962-44053*3;Sedum × rubrotinctum;Princess of Wales Conservatory;03;20;
K:LCD-1979-815*3;Aeonium haworthii;Princess of Wales Conservatory;03;13;
K:LCD-2013-1492*3;Costus vargasii;Princess of Wales Conservatory;04;03;
K:LCD-1975-333*2;Begonia 'Thurstonii';Princess of Wales Conservatory;01;23;
K:LCD-2001-2383*2;Adiantum peruvianum;Princess of Wales Conservatory;04;11;
K:LCD-1983-1526*2;Diplazium doederleinii;Princess of Wales Conservatory;04;08;
K:LCD-1976-612*1;Sansevieria parva;Princess of Wales Conservatory;03;21;
K:LCD-2000-3980*3;Steudnera henryana;Princess of Wales Conservatory;06;02;
K:LCD-1988-897*2;Tillandsia butzii;Princess of Wales Conservatory;01;11;TREE
K:LCD-1965-62301*1;Maranta leuconeura var. leuconeura 'Fascinator';Princess of Wales Conservatory;04;02;
K:LCD-1961-66404*1;Anthurium salvinii;Princess of Wales Conservatory;01;06;
K:LCD-1958-12601*1;Delosperma echinatum;Princess of Wales Conservatory;03;03;
K:LCD-1993-1686*3;Homalomena deltoidea;Princess of Wales Conservatory;04;05;
K:LCD-1973-3257*2;Gasteria pulchra;Princess of Wales Conservatory;03;02;
K:LCD-1987-2745*5;Nephrolepis biserrata;Princess of Wales Conservatory;06;02;
K:LCD-1979-3537*1;Aechmea serrata;Princess of Wales Conservatory;01;11;
K:LCD-1957-13201*6;Pelargonium graveolens;Princess of Wales Conservatory;03;11;
K:LCD-1981-2879*1;Pelargonium ceratophyllum;Princess of Wales Conservatory;03;03;
K:LCD-1981-5659*2;Alpinia aquatica;Princess of Wales Conservatory;01;26;
K:LCD-2009-2237*1;Nymphaea 'Kew's Stowaway Blues';Princess of Wales Conservatory;01;POND;
K:LCD-1969-3070*2;Selaginella brevipes;Princess of Wales Conservatory;04;06;
K:LCD-2001-3651*6;Spathiphyllum 'Domino';Princess of Wales Conservatory;01;05;
K:LCD-1999-595*2;Alpinia malaccensis;Princess of Wales Conservatory;01;06;
K:LCD-1988-1354*3;Licuala grandis;Princess of Wales Conservatory;01;09;
K:LCD-1969-19884*3;Anthurium schlechtendalii;Princess of Wales Conservatory;01;07;
K:LCD-1998-12*1;Plantae;Princess of Wales Conservatory;03;08;
K:LCD-1962-50001*3;Petrea racemosa;Princess of Wales Conservatory;02;01;
K:LCD-1979-5628*1;Pelargonium gibbosum;Princess of Wales Conservatory;03;06;
K:LCD-1973-3217*1;Crassula portulacea;Princess of Wales Conservatory;03;07;
K:LCD-1981-2830*1;Puya floccosa;Princess of Wales Conservatory;03;23;
K:LCD-1989-1525*3;Ceropegia stapeliiformis;Princess of Wales Conservatory;03;02;
K:LCD-2013-520*3;Puya coerulea var. violacea;Princess of Wales Conservatory;03;23;
K:LCD-1966-38955*2;× Graptoveria;Princess of Wales Conservatory;03;23;
K:LCD-1978-4522*3;Sansevieria trifasciata;Princess of Wales Conservatory;03;01;
K:LCD-2010-873*3;Colocasia esculenta 'Black Magic';Princess of Wales Conservatory;01;22;
K:LCD-1982-1573*2;Philodendron schmidtiae;Princess of Wales Conservatory;01;08;
K:LCD-1933-18104*2;Agave ovatifolia;Princess of Wales Conservatory;03;12;
K:LCD-1995-3489*1;Ledebouria revoluta;Princess of Wales Conservatory;03;03;
K:LCD-2009-3753*3;Passiflora cerasina;Princess of Wales Conservatory;01;23;
K:LCD-1998-4009*2;Selaginella kraussiana;Princess of Wales Conservatory;05;03;
K:LCD-1983-2046*1;Quesnelia arvensis;Princess of Wales Conservatory;01;12;
K:LCD-1980-2634*4;Phragmipedium Calurum gx;Princess of Wales Conservatory;06;02;
K:LCD-1984-3482*1;Begonia maculata;Princess of Wales Conservatory;01;23;
K:LCD-1969-51145*3;Anthurium crystallinum;Princess of Wales Conservatory;01;03;
K:LCD-1973-13773*2;Maranta leuconeura var. kerchoveana;Princess of Wales Conservatory;01;28;
K:LCD-1979-3570*2;Nidularium scheremetiewii;Princess of Wales Conservatory;01;11;
K:LCD-2008-2306*2;Orthophytum grossiorum;Princess of Wales Conservatory;01;12;
K:LCD-2011-449*4;Greenovia diplocycla;Princess of Wales Conservatory;03;13;
K:LCD-1973-12993*3;Tetrastigma voinierianum;Princess of Wales Conservatory;08;02;
K:LCD-1963-42605*1;Davallia denticulata;Princess of Wales Conservatory;04;HB;
K:LCD-1981-2773*9;Agapetes moorei;Princess of Wales Conservatory;02;HB;
K:LCD-2001-2734*2;Pinguicula laueana;Princess of Wales Conservatory;09;01;
K:LCD-2005-75*5;Pelargonium greytonense;Princess of Wales Conservatory;03;HB;
K:LCD-1983-2011*2;Philodendron glaziovii;Princess of Wales Conservatory;01;20;
K:LCD-2008-2990*2;Phlomis purpurea;Princess of Wales Conservatory;03;13;
K:LCD-1978-1273*4;Anthurium lilacinum;Princess of Wales Conservatory;01;04;
K:LCD-1947-52513*3;Senecio haworthii;Princess of Wales Conservatory;10;01;
K:LCD-1967-49404*3;Zamioculcas zamiifolia;Princess of Wales Conservatory;01;08;
K:LCD-1981-6457*2;Adiantum diaphanum;Princess of Wales Conservatory;05;07;
K:LCD-2001-4500*3;Nematanthus 'Tropicana';Princess of Wales Conservatory;01;HB;
K:LCD-1976-189*2;Impatiens walleriana;Princess of Wales Conservatory;01;22;
K:LCD-1962-1223*2;Aeschynanthus longicaulis;Princess of Wales Conservatory;01;HB;
K:LCD-1979-4434*3;Typhonodorum lindleyanum;Princess of Wales Conservatory;01;24;
K:LCD-1968-30105*1;Gonatopus boivinii;Princess of Wales Conservatory;01;09;
K:LCD-1996-2103*2;Philodendron cordatum;Princess of Wales Conservatory;01;05;
K:LCD-1981-4736*1;Bryophyllum beauverdii;Princess of Wales Conservatory;03;22;
K:LCD-1996-4428*2;Rhaphidophora engleri;Princess of Wales Conservatory;01;09;
K:LCD-1960-66802*1;Sedum nudum;Princess of Wales Conservatory;03;02;
K:LCD-1996-4422*1;Philodendron dunstervilleorum;Princess of Wales Conservatory;01;10;
K:LCD-1983-2024*3;Philodendron bipinnatifidum;Princess of Wales Conservatory;01;10;
K:LCD-1986-5313*3;Alocasia cucullata;Princess of Wales Conservatory;01;03;
K:LCD-1989-2564*2;Peperomia dahlstedtii;Princess of Wales Conservatory;01;27;
K:LCD-1972-3421*2;Aechmea fosteriana;Princess of Wales Conservatory;01;11;
K:LCD-2009-1749*3;Aeonium goochiae;Princess of Wales Conservatory;03;13;
K:LCD-1979-3531*2;Aechmea purpureorosea;Princess of Wales Conservatory;01;02;
K:LCD-1998-2305*2;Phragmipedium Calurum gx;Princess of Wales Conservatory;06;05;
K:LCD-1964-73301*4;Doodia media;Princess of Wales Conservatory;06;05;
K:LCD-1979-3601*2;Aechmea winkleri;Princess of Wales Conservatory;01;02;
K:LCD-1994-2607*1;Syngonium chiapense;Princess of Wales Conservatory;01;22;E2
K:LCD-1969-12852*2;Pitcairnia poortmanii;Princess of Wales Conservatory;01;11;
K:LCD-1960-70302*2;Anthurium atropurpureum var. arenicola;Princess of Wales Conservatory;01;09;LOG
K:LCD-1968-4810*2;Selaginella fissidentoides;Princess of Wales Conservatory;04;05;
K:LCD-2008-609*3;Pinguicula gigantea;Princess of Wales Conservatory;09;01;
K:LCD-2004-2571*3;Pelargonium 'Chocolate Peppermint';Princess of Wales Conservatory;03;10;
K:LCD-2014-810*8;Agapetes serpens;Princess of Wales Conservatory;05;07;
K:LCD-1979-2456*2;Anthurium solitarium;Princess of Wales Conservatory;01;06;
K:LCD-1997-5863*2;Aglaonema costatum;Princess of Wales Conservatory;01;03;
K:LCD-1918-3702*2;Agave lechuguilla;Princess of Wales Conservatory;03;20;
K:LCD-1972-34*4;Neoregelia cruenta;Princess of Wales Conservatory;01;02;
K:LCD-1969-19808*6;Justicia rizzinii;Princess of Wales Conservatory;07;03;SHELF
K:LCD-1989-1610*1;Bruguiera gymnorhiza;Princess of Wales Conservatory;01;22;
K:LCD-2002-2114*3;Anthurium × macrolobum;Princess of Wales Conservatory;01;06;
K:LCD-1996-2692*4;Heliconia stricta 'Dwarf Jamaican';Princess of Wales Conservatory;01;05;
K:LCD-1975-2223*5;Aeonium undulatum;Princess of Wales Conservatory;03;13;
K:LCD-1977-2174*2;Sedum pachyphyllum;Princess of Wales Conservatory;03;20;
K:LCD-1969-17745*3;Dorstenia psilurus;Princess of Wales Conservatory;01;20;
K:LCD-1994-1537*1;Bowiea volubilis;Princess of Wales Conservatory;03;03;
K:LCD-2011-1421*2;Saraca indica;Princess of Wales Conservatory;01;21;
K:LCD-1969-1053*1;Adiantum incisum;Princess of Wales Conservatory;05;03;
K:LCD-1991-693*2;Calathea fatimae;Princess of Wales Conservatory;04;07;
K:LCD-2009-2706*2;Adromischus marianiae 'Herrei';Princess of Wales Conservatory;03;02;
K:LCD-2009-144*4;Alocasia wentii;Princess of Wales Conservatory;01;06;
K:LCD-1968-21702*3;Kaempferia galanga;Princess of Wales Conservatory;01;04;
K:LCD-2007-1166*2;Pelargonium 'Silver Wing';Princess of Wales Conservatory;03;10;
K:LCD-1984-660*1;Tabebuia pallida;Princess of Wales Conservatory;01;06;
K:LCD-1979-3511*2;Aphelandra lasia;Princess of Wales Conservatory;01;02;
K:LCD-1994-1109*3;Photinopteris speciosa;Princess of Wales Conservatory;04;09;
K:LCD-1985-1161*2;Peperomia dahlstedtii;Princess of Wales Conservatory;01;27;
K:LCD-1971-1991*3;Aglaomorpha splendens;Princess of Wales Conservatory;07;03;
K:LCD-1973-13779*2;Ctenanthe kummeriana;Princess of Wales Conservatory;06;03;
K:LCD-1960-31804*1;Philodendron melanochrysum;Princess of Wales Conservatory;01;09;T1
K:LCD-1969-52048*1;Thunbergia mysorensis;Princess of Wales Conservatory;01;21;
K:LCD-1994-2591*5;Spathiphyllum cochlearispathum;Princess of Wales Conservatory;01;11;
K:LCD-1974-3588*6;Spathiphyllum cannifolium;Princess of Wales Conservatory;01;26;
K:LCD-1961-21501*1;Adiantum polyphyllum;Princess of Wales Conservatory;04;09;
K:LCD-1969-17745*2;Dorstenia psilurus;Princess of Wales Conservatory;01;04;
K:LCD-1973-13376*1;Dichorisandra reginae;Princess of Wales Conservatory;01;06;
K:LCD-1974-3588*4;Spathiphyllum cannifolium;Princess of Wales Conservatory;01;08;
K:LCD-1979-203*2;Begonia fuchsioides;Princess of Wales Conservatory;01;10;
K:LCD-2007-1198*2;Pelargonium stenopetalum;Princess of Wales Conservatory;03;11;
K:LCD-1979-3262*1;Anthurium crassinervium;Princess of Wales Conservatory;01;09;
K:LCD-1965-30208*2;Cotyledon tomentosa subsp. tomentosa;Princess of Wales Conservatory;03;07;
K:LCD-1957-46105*2;Begonia × ricinifolia 'Immense';Princess of Wales Conservatory;01;23;
K:LCD-1954-54019*1;Kalanchoe rhombopilosa;Princess of Wales Conservatory;03;02;
K:LCD-1960-31804*3;Philodendron melanochrysum;Princess of Wales Conservatory;01;28;TREE
K:LCD-1986-2916*4;Ptychosperma;Princess of Wales Conservatory;01;06;
K:LCD-1982-2760*2;Calathea fasciata;Princess of Wales Conservatory;01;26;
K:LCD-1964-63715*1;Alpinia calcarata;Princess of Wales Conservatory;01;06;
K:LCD-1988-3849*3;Ctenanthe dasycarpa;Princess of Wales Conservatory;01;21;
K:LCD-1988-2072*3;Senecio haworthii;Princess of Wales Conservatory;10;01;
K:LCD-2008-1648*2;Mucuna novoguineensis;Princess of Wales Conservatory;04;06;
K:LCD-1997-6404*1;Clerodendrum thomsoniae var. balfourii;Princess of Wales Conservatory;01;19;
K:LCD-1978-106*2;Angiopteris angustifolia;Princess of Wales Conservatory;04;02;
K:LCD-1982-4625*5;Nephthytis swainei;Princess of Wales Conservatory;04;09;
K:LCD-2004-610*4;Phragmipedium Eva gx;Princess of Wales Conservatory;06;02;
K:LCD-1986-4411*2;Phragmipedium Schroederae gx;Princess of Wales Conservatory;06;05;
K:LCD-1981-2382*3;Ctenanthe burle-marxii var. obscura 'Purple Tiger';Princess of Wales Conservatory;01;23;
K:LCD-1982-5134*4;Catharanthus roseus 'Albus';Princess of Wales Conservatory;01;05;
K:LCD-2006-1469*2;Pinguicula laueana;Princess of Wales Conservatory;09;01;
K:LCD-1984-2737*3;Echeveria albicans;Princess of Wales Conservatory;03;23;
K:LCD-1995-2416*3;Spathiphyllum commutatum;Princess of Wales Conservatory;01;03;
K:LCD-1960-42503*1;Philodendron burle-marxii;Princess of Wales Conservatory;04;09;
K:LCD-1974-3515*1;Anthurium hookeri;Princess of Wales Conservatory;01;06;
K:LCD-1958-79704*3;Justicia brandegeeana;Princess of Wales Conservatory;01;21;
K:LCD-2005-161*2;Pelargonium 'Filicifolium';Princess of Wales Conservatory;10;02;
K:LCD-1965-57615*2;Maranta bicolor;Princess of Wales Conservatory;01;22;
K:LCD-1964-36502*2;Syngonium podophyllum var. podophyllum;Princess of Wales Conservatory;01;10;
K:LCD-1983-8066*1;Thaumatophyllum speciosum;Princess of Wales Conservatory;01;29;
K:LCD-1998-2353*2;Paphiopedilum hybrid;Princess of Wales Conservatory;07;02;
K:LCD-2000-783*1;Medinilla cummingii;Princess of Wales Conservatory;01;21;
K:LCD-1981-4739*1;Kalanchoe synsepala;Princess of Wales Conservatory;03;22;
K:LCD-1987-232*3;Thaumatophyllum adamantinum;Princess of Wales Conservatory;01;13;
K:LCD-1964-10301*2;Pteris cretica 'Wimsettii';Princess of Wales Conservatory;05;02;
K:LCD-1973-13006*4;Asystasia travancorica;Princess of Wales Conservatory;04;02;
K:LCD-1979-3485*2;Megaskepasma erythrochlamys;Princess of Wales Conservatory;01;26;
K:LCD-1982-2031*2;Ctenanthe burle-marxii var. obscura;Princess of Wales Conservatory;04;05;
K:LCD-1992-3513*2;Passiflora × violacea;Princess of Wales Conservatory;02;CONTAINER;
K:LCD-1990-2287*3;Albizia atakataka;Princess of Wales Conservatory;03;22;
K:LCD-1981-2378*3;Ctenanthe lubbersiana;Princess of Wales Conservatory;01;26;
K:LCD-1982-2029*3;Trachyphrynium braunianum;Princess of Wales Conservatory;01;28;
K:LCD-2013-874*2;Athyrium otophorum;Princess of Wales Conservatory;02;06;
K:LCD-1958-38603*1;Ixora williamsii;Princess of Wales Conservatory;01;15;
K:LCD-2004-2611*1;Philodendron mamei;Princess of Wales Conservatory;01;04;
K:LCD-1993-3242*3;Sanchezia oblonga;Princess of Wales Conservatory;01;03;
K:LCD-1973-368*2;Anthurium polyschistum;Princess of Wales Conservatory;01;09;
K:LCD-1985-3535*1;Sedum adolphi;Princess of Wales Conservatory;03;14;
K:LCD-1978-1921*4;Barleria oenotheroides;Princess of Wales Conservatory;01;23;
K:LCD-1981-2353*4;Calathea bella;Princess of Wales Conservatory;01;21;
K:LCD-2002-610*3;Trichodiadema stellatum;Princess of Wales Conservatory;03;08;
K:LCD-1973-4424*2;Crassula lanuginosa;Princess of Wales Conservatory;03;02;
K:LCD-1976-6396*2;Scilla latifolia;Princess of Wales Conservatory;03;13;
K:LCD-1969-1778*3;Peperomia flexicaulis;Princess of Wales Conservatory;01;28;
K:LCD-1984-8199*1;Ficus hispida;Princess of Wales Conservatory;01;04;
K:LCD-1996-2692*1;Heliconia stricta 'Dwarf Jamaican';Princess of Wales Conservatory;01;06;
K:LCD-1999-592*4;Alpinia katsumadae;Princess of Wales Conservatory;04;08;
K:LCD-1997-120*2;Woodwardia unigemmata;Princess of Wales Conservatory;02;06;
K:LCD-1975-693*1;Puya ferruginea;Princess of Wales Conservatory;03;23;
K:LCD-2001-4139*1;Plectranthus mutabilis;Princess of Wales Conservatory;03;03;
K:LCD-2010-619*1;Passiflora lindeniana;Princess of Wales Conservatory;07;03;
K:LCD-1965-62301*3;Maranta leuconeura var. leuconeura 'Fascinator';Princess of Wales Conservatory;01;23;
K:LCD-2012-54*2;Dioscorea elephantipes;Princess of Wales Conservatory;03;21;
K:LCD-2013-1466*3;Etlingera hemisphaerica;Princess of Wales Conservatory;01;21;
K:LCD-1969-51756*3;Aechmea dealbata;Princess of Wales Conservatory;01;02;
K:LCD-1986-1761*1;Ardisia crispa;Princess of Wales Conservatory;01;06;
K:LCD-1966-12801*4;Crassula perfoliata var. coccinea;Princess of Wales Conservatory;03;02;
K:LCD-1969-16943*2;Agapetes obovata;Princess of Wales Conservatory;05;06;
K:LCD-1980-1638*1;Xanthosoma sagittifolium;Princess of Wales Conservatory;01;10;
K:LCD-1981-382*2;Tillandsia juncea;Princess of Wales Conservatory;01;02;
K:LCD-1996-5107*2;Aglaonema tenuipes;Princess of Wales Conservatory;01;28;
K:LCD-2013-1494*2;Dillenia indica;Princess of Wales Conservatory;04;10;
K:LCD-1944-21402*1;Crassula brevifolia subsp. brevifolia;Princess of Wales Conservatory;03;07;
K:LCD-1982-4594*1;Cyrtosperma macrotum;Princess of Wales Conservatory;01;26;
K:LCD-1984-3341*2;Hoya diversifolia;Princess of Wales Conservatory;01;23;
K:LCD-1984-3540*3;Agave difformis;Princess of Wales Conservatory;03;12;
K:LCD-1986-6025*3;Costus tappenbeckianus;Princess of Wales Conservatory;01;21;
K:LCD-1968-38203*1;Philodendron hederaceum var. hederaceum;Princess of Wales Conservatory;01;11;
K:LCD-1963-80004*2;Odontophorus marlothii;Princess of Wales Conservatory;03;07;
K:LCD-2000-2763*3;Passiflora mollissima;Princess of Wales Conservatory;07;03;
K:LCD-1973-13435*1;Episcia reptans;Princess of Wales Conservatory;01;06;
K:LCD-2007-1156*1;Pelargonium citronellum;Princess of Wales Conservatory;03;11;
K:LCD-2011-317*2;Bijlia dilatata;Princess of Wales Conservatory;03;08;
K:LCD-1973-13968*1;Curculigo capitulata;Princess of Wales Conservatory;01;06;
K:LCD-1988-8618*2;Freycinetia scandens;Princess of Wales Conservatory;04;08;
K:LCD-2004-2204*3;Pelargonium 'Varigated Fragrans';Princess of Wales Conservatory;03;10;
K:LCD-1938-79201*2;Crassula arborescens subsp. arborescens;Princess of Wales Conservatory;03;06;
K:LCD-1983-2093*3;Maranta bicolor;Princess of Wales Conservatory;01;26;
K:LCD-1986-5978*10;Coelogyne Burfordiense gx;Princess of Wales Conservatory;07;03;
K:LCD-1965-24804*3;Pitcairnia xanthocalyx;Princess of Wales Conservatory;01;10;
K:LCD-1953-39107*1;Begonia stolzii;Princess of Wales Conservatory;01;23;
K:LCD-1975-6372*3;Aeonium undulatum;Princess of Wales Conservatory;03;13;
K:LCD-1973-19492*3;Begonia × erythrophylla;Princess of Wales Conservatory;01;04;
K:LCD-1929-28501*2;Musa 'Lacatan';Princess of Wales Conservatory;01;20;
K:LCD-2005-2390*2;Pelargonium 'Orsett';Princess of Wales Conservatory;03;10;
K:LCD-2008-1604*2;Aechmea warasii;Princess of Wales Conservatory;01;03;LOG
K:LCD-2005-1226*1;Philodendron deflexum;Princess of Wales Conservatory;01;09;
K:LCD-1969-12422*2;Sansevieria stuckyi;Princess of Wales Conservatory;03;21;
K:LCD-1953-39104*2;Begonia gigantea;Princess of Wales Conservatory;01;23;
K:LCD-2005-1222*3;Philodendron squamiferum;Princess of Wales Conservatory;01;03;THEATRE
K:LCD-1979-201*2;Begonia kewensis;Princess of Wales Conservatory;01;23;
K:LCD-2001-3651*7;Spathiphyllum 'Domino';Princess of Wales Conservatory;01;04;
K:LCD-1979-3155*3;Dieffenbachia seguine;Princess of Wales Conservatory;01;08;
K:LCD-1968-38203*4;Philodendron hederaceum var. hederaceum;Princess of Wales Conservatory;01;04;
K:LCD-1964-40105*2;Begonia dietrichiana;Princess of Wales Conservatory;01;23;
K:LCD-2013-1131*4;Elettaria cardamomum;Princess of Wales Conservatory;01;06;
K:LCD-1973-19492*2;Begonia × erythrophylla;Princess of Wales Conservatory;01;23;
K:LCD-2005-74*2;Pelargonium denticulatum;Princess of Wales Conservatory;03;11;
K:LCD-1984-5509*3;Sedum 'Burito';Princess of Wales Conservatory;03;14;
K:LCD-2014-1336*2;Convolvulus caput-medusae;Princess of Wales Conservatory;03;13;
K:LCD-2012-1426*2;Adenia lobata;Princess of Wales Conservatory;01;26;E7
K:LCD-1979-3507*2;Medinilla pendula;Princess of Wales Conservatory;01;04;
K:LCD-2001-4494*4;Aeschynanthus 'Big Apple';Princess of Wales Conservatory;01;23;
K:LCD-1975-5029*3;Delonix regia;Princess of Wales Conservatory;03;22;
K:LCD-1985-5383*3;Gustavia longifolia;Princess of Wales Conservatory;04;04;
K:LCD-1977-406*3;Plectranthus hadiensis;Princess of Wales Conservatory;03;05;
K:LCD-1971-776*2;Begonia convolvulacea;Princess of Wales Conservatory;01;23;
K:LCD-2001-4300*2;Veltheimia bracteata;Princess of Wales Conservatory;03;21;
K:LCD-1987-715*4;Kaempferia pulchra;Princess of Wales Conservatory;01;21;
K:LCD-1973-13028*1;Agave bracteosa;Princess of Wales Conservatory;03;12;
K:LCD-2009-3256*3;Drosera venusta;Princess of Wales Conservatory;09;01;
K:LCD-1973-2200*3;Anthurium gracile;Princess of Wales Conservatory;01;HB;
K:LCD-1966-5501*3;Amphiblemma cymosum;Princess of Wales Conservatory;01;05;
K:LCD-1955-25202*1;Cheiridopsis cigarettifera;Princess of Wales Conservatory;03;08;
K:LCD-2001-1730*2;Monolena primuliflora;Princess of Wales Conservatory;01;09;
K:LCD-1965-62301*5;Maranta leuconeura var. leuconeura 'Fascinator';Princess of Wales Conservatory;01;20;
K:LCD-2001-129*4;Phragmipedium Hanne Popow gx;Princess of Wales Conservatory;06;02;
K:LCD-2000-1745*2;Campyloneurum phyllitidis;Princess of Wales Conservatory;04;01;
K:LCD-2005-1741*2;Pelargonium 'Paton's Unique';Princess of Wales Conservatory;03;10;
K:LCD-1968-30105*2;Gonatopus boivinii;Princess of Wales Conservatory;01;08;
K:LCD-1974-816*1;Hohenbergia utriculosa;Princess of Wales Conservatory;01;03;W1
K:LCD-1966-50427*7;Salvia canariensis;Princess of Wales Conservatory;03;13;
K:LCD-2000-787*2;Philodendron erubescens 'Red Emerald';Princess of Wales Conservatory;01;07;
K:LCD-1985-1157*1;Peperomia nitida 'Variegata';Princess of Wales Conservatory;01;27;
K:LCD-1954-63004*5;Aeonium leucoblepharum;Princess of Wales Conservatory;03;05;
K:LCD-1962-13501*3;Lastreopsis decomposita;Princess of Wales Conservatory;05;04;
K:LCD-1986-2513*1;Aspidistra elatior;Princess of Wales Conservatory;01;06;
K:LCD-1973-13741*1;Platycerium superbum;Princess of Wales Conservatory;05;02;
K:LCD-1969-19194*2;Hedychium;Princess of Wales Conservatory;05;03;
K:LCD-2004-1012*3;Echium giganteum;Princess of Wales Conservatory;03;13;
K:LCD-1973-13759*2;Calathea bachemiana;Princess of Wales Conservatory;01;28;
K:LCD-1993-3242*6;Sanchezia oblonga;Princess of Wales Conservatory;01;02;
K:LCD-1987-715*3;Kaempferia pulchra;Princess of Wales Conservatory;01;22;
K:LCD-1970-3314*2;Begonia cubensis;Princess of Wales Conservatory;01;23;
K:LCD-1981-4568*1;Tillandsia butzii;Princess of Wales Conservatory;01;02;
K:LCD-1993-1686*4;Homalomena deltoidea;Princess of Wales Conservatory;08;01;
K:LCD-1981-2381*3;Ctenanthe setosa;Princess of Wales Conservatory;01;04;
K:LCD-1966-56303*2;Gasteria caespitosa;Princess of Wales Conservatory;03;21;
K:LCD-1988-3340*3;Begonia 'Burle Marx';Princess of Wales Conservatory;01;04;
K:LCD-1998-3190*2;Rabiea comptonii;Princess of Wales Conservatory;03;08;
K:LCD-1991-623*1;Agave tequilana;Princess of Wales Conservatory;03;20;
K:LCD-2004-2853*2;Pelargonium 'Grey Lady Plymouth';Princess of Wales Conservatory;03;10;
K:LCD-2005-1099*5;Echium nervosum;Princess of Wales Conservatory;03;13;
K:LCD-1973-19840*2;Begonia luxurians;Princess of Wales Conservatory;01;23;
K:LCD-1965-18604*2;Glottiphyllum compressum;Princess of Wales Conservatory;03;07;
K:LCD-1987-2745*3;Nephrolepis biserrata;Princess of Wales Conservatory;06;05;
K:LCD-1970-3567*2;Kaempferia rotunda;Princess of Wales Conservatory;04;02;
K:LCD-1984-2889*3;Alpinia nieuwenhuizii;Princess of Wales Conservatory;01;10;
K:LCD-1974-2725*2;Pyrrosia longifolia;Princess of Wales Conservatory;08;02;
K:LCD-2000-3987*1;Rhaphidophora tetrasperma;Princess of Wales Conservatory;01;18;
K:LCD-2014-810*4;Agapetes serpens;Princess of Wales Conservatory;05;02;
K:LCD-1979-4379*3;Lutheria splendens;Princess of Wales Conservatory;01;10;
K:LCD-1986-762*3;Pinguicula esseriana;Princess of Wales Conservatory;09;01;
K:LCD-1981-5136*3;Sympagis maculata;Princess of Wales Conservatory;04;08;
K:LCD-1973-4908*1;Hydrotrida caroliniana;Princess of Wales Conservatory;01;24;
K:LCD-1981-3040*1;Bulbine frutescens 'Hallmark';Princess of Wales Conservatory;03;21;
K:LCD-1947-5802*1;Ludovia lancifolia;Princess of Wales Conservatory;01;13;
K:LCD-1978-3782*2;Tillandsia divaricata;Princess of Wales Conservatory;01;12;
K:LCD-1978-6466*2;Pachira aquatica;Princess of Wales Conservatory;01;03;
K:LCD-1986-642*5;Pelargonium citriodorum;Princess of Wales Conservatory;03;11;
K:LCD-2005-2392*2;Pelargonium 'Golden Well Sweep';Princess of Wales Conservatory;03;10;
K:LCD-1967-4501*3;Rhododendron laetum;Princess of Wales Conservatory;02;06;
K:LCD-1996-4363*3;Nephrolepis cordifolia 'Edmontonensis';Princess of Wales Conservatory;05;HB;
K:LCD-1981-3817*6;Dendrobium 'Juno';Princess of Wales Conservatory;01;02;
K:LCD-2001-3316*2;Cheiridopsis excavata;Princess of Wales Conservatory;03;08;
K:LCD-1981-139*1;Drynaria sparsisora;Princess of Wales Conservatory;04;05;
K:LCD-1969-19550*2;Polypodium knightiae;Princess of Wales Conservatory;04;09;
K:LCD-2007-1163*4;Pelargonium tetragonum;Princess of Wales Conservatory;03;();11
K:LCD-1952-48403*2;Alocasia longiloba 'Thibautians';Princess of Wales Conservatory;01;07;
K:LCD-2009-963*2;Conophytum hians;Princess of Wales Conservatory;03;08;
K:LCD-1986-1841*3;Phragmipedium Albopurpureum gx;Princess of Wales Conservatory;06;05;
K:LCD-2010-873*1;Colocasia esculenta 'Black Magic';Princess of Wales Conservatory;01;26;
K:LCD-1966-55214*2;Nidularium rutilans;Princess of Wales Conservatory;01;11;
K:LCD-1996-312*2;Anthurium paraguayense;Princess of Wales Conservatory;01;10;
K:LCD-1984-4094*3;Kleinia articulata;Princess of Wales Conservatory;10;01;
K:LCD-1985-4316*2;Hemiboea henryi;Princess of Wales Conservatory;01;22;
K:LCD-1974-3199*2;Pitcairnia integrifolia;Princess of Wales Conservatory;01;11;
K:LCD-1995-3108*1;Tylecodon paniculatus;Princess of Wales Conservatory;03;03;
K:LCD-1990-377*4;Davallia tyermannii;Princess of Wales Conservatory;01;21;
K:LCD-1977-863*5;Aeschynanthus pulcher;Princess of Wales Conservatory;01;HB;
K:LCD-1989-2554*2;Bursera fagaroides;Princess of Wales Conservatory;03;21;
K:LCD-1986-5312*1;Crinum × amabile;Princess of Wales Conservatory;01;05;
K:LCD-1978-3751*2;Pelargonium otaviense;Princess of Wales Conservatory;03;09;
K:LCD-1988-1945*2;Begonia diadema;Princess of Wales Conservatory;08;02;
K:LCD-2000-2842*4;Anthurium bonplandii subsp. guayanum;Princess of Wales Conservatory;01;08;
K:LCD-1988-1942*3;Begonia longipetiolata;Princess of Wales Conservatory;04;01;
K:LCD-1981-5137*3;Justicia scheidweileri;Princess of Wales Conservatory;04;11;
K:LCD-1986-656*2;Cryptocoryne ciliata;Princess of Wales Conservatory;01;22;
K:LCD-1969-17706*2;Nephrolepis;Princess of Wales Conservatory;05;HB;
K:LCD-1973-13287*1;Begonia rex 'Sea Captain';Princess of Wales Conservatory;01;23;
K:LCD-1994-2606*1;Dieffenbachia oerstedii;Princess of Wales Conservatory;01;09;
K:LCD-1973-13759*1;Calathea bachemiana;Princess of Wales Conservatory;01;29;
K:LCD-1984-2721*1;Lithops localis var. terricolor;Princess of Wales Conservatory;03;08;
K:LCD-2001-2386*2;Blechnum moorei;Princess of Wales Conservatory;04;08;
K:LCD-2013-1493*3;Pentagonia;Princess of Wales Conservatory;01;06;
K:LCD-1975-5096*1;Dracaena angustifolia;Princess of Wales Conservatory;01;06;
K:LCD-1958-32207*6;Ctenanthe oppenheimiana;Princess of Wales Conservatory;01;28;
K:LCD-2013-1375*2;Kohleria warszewiczii;Princess of Wales Conservatory;01;21;
K:LCD-1981-4897*5;Phragmipedium Sedenii gx;Princess of Wales Conservatory;07;03;
K:LCD-1979-6274*2;Episcia cupreata;Princess of Wales Conservatory;01;21;
K:LCD-1965-58404*2;Acrostichum aureum;Princess of Wales Conservatory;01;24;
K:LCD-1994-1109*4;Photinopteris speciosa;Princess of Wales Conservatory;04;11;
K:LCD-1985-3538*1;Delosperma lehmannii;Princess of Wales Conservatory;03;03;
K:LCD-1969-17705*2;Nephrolepis cordifolia 'Edmontonensis';Princess of Wales Conservatory;05;HB;
K:LCD-1983-346*1;Phragmipedium Cardinale gx;Princess of Wales Conservatory;06;05;
K:LCD-1999-25*3;Leipoldtia grandifolia;Princess of Wales Conservatory;03;08;
K:LCD-1973-13472*3;Dracaena fragrans 'Victoriae';Princess of Wales Conservatory;04;03;
K:LCD-1979-3542*4;Hechtia tillandsioides;Princess of Wales Conservatory;03;24;
K:LCD-1972-4013*3;Neoregelia ampullacea;Princess of Wales Conservatory;01;03;
K:LCD-1984-2735*1;Adromischus cristatus var. clavifolius;Princess of Wales Conservatory;03;02;
K:LCD-1977-3866*2;Cynanchum stoloniferum;Princess of Wales Conservatory;03;02;
K:LCD-1967-19035*1;Hedychium coccineum;Princess of Wales Conservatory;05;01;
K:LCD-1973-4161*2;Begonia ulmifolia;Princess of Wales Conservatory;01;23;
K:LCD-1979-3595*2;Pitcairnia undulata;Princess of Wales Conservatory;01;11;
K:LCD-1958-32207*4;Ctenanthe oppenheimiana;Princess of Wales Conservatory;06;02;
K:LCD-1980-2874*3;Cynanchum viminale;Princess of Wales Conservatory;03;21;
K:LCD-1960-16601*1;Oxyanthus racemosus;Princess of Wales Conservatory;01;04;
K:LCD-1982-3052*1;Thalia geniculata;Princess of Wales Conservatory;01;26;
K:LCD-1984-2364*2;Begonia × albopicta;Princess of Wales Conservatory;01;23;
K:LCD-1979-3530*2;Aechmea gracilis;Princess of Wales Conservatory;01;03;
K:LCD-1967-28601*1;Ficus socotrana;Princess of Wales Conservatory;03;05;
K:LCD-1965-30205*1;Crassula nealeana;Princess of Wales Conservatory;03;07;
K:LCD-1988-2069*4;Senecio scaposus;Princess of Wales Conservatory;10;01;
K:LCD-2009-1958*2;Nelumbo 'Mrs Perry D Slocum';Princess of Wales Conservatory;01;POND;
K:LCD-2000-2842*3;Anthurium bonplandii subsp. guayanum;Princess of Wales Conservatory;01;09;
K:LCD-1986-6025*2;Costus tappenbeckianus;Princess of Wales Conservatory;01;08;
K:LCD-1999-3378*2;Begonia malabarica;Princess of Wales Conservatory;01;23;
K:LCD-2007-1198*3;Pelargonium stenopetalum;Princess of Wales Conservatory;03;HB;
K:LCD-1982-3946*5;Cyclanthus bipartitus;Princess of Wales Conservatory;01;28;
K:LCD-1953-45801*1;Aglaonema commutatum var. maculatum;Princess of Wales Conservatory;04;02;
K:LCD-1969-65*2;Asystasia scandens;Princess of Wales Conservatory;01;04;
K:LCD-1973-13457*3;Astroloba congesta;Princess of Wales Conservatory;03;01;
K:LCD-1982-1538*1;Philodendron campii;Princess of Wales Conservatory;01;08;
K:LCD-1973-4269*4;Peperomia obtusifolia;Princess of Wales Conservatory;01;27;
K:LCD-1992-2953*3;Dichorisandra thyrsiflora;Princess of Wales Conservatory;01;13;
K:LCD-2009-3752*2;Passiflora nigradenia;Princess of Wales Conservatory;01;11;T2
K:LCD-1972-647*1;Ananas fritzmuelleri;Princess of Wales Conservatory;01;12;
K:LCD-1973-13284*2;Doodia maxima;Princess of Wales Conservatory;05;04;
K:LCD-1996-2681*2;Deuterocohnia lorentziana;Princess of Wales Conservatory;03;23;
K:LCD-2009-927*2;Argyroderma;Princess of Wales Conservatory;03;08;
K:LCD-1999-3075*4;Schismatoglottis calyptrata;Princess of Wales Conservatory;01;03;
K:LCD-2001-2386*1;Blechnum moorei;Princess of Wales Conservatory;04;11;
K:LCD-1984-1390*3;Costus;Princess of Wales Conservatory;06;05;
K:LCD-1999-592*3;Alpinia katsumadae;Princess of Wales Conservatory;01;28;
K:LCD-1983-110*1;Echinodorus grandiflorus;Princess of Wales Conservatory;01;24;
K:LCD-1986-4633*1;Tetrastigma trifoliolatum;Princess of Wales Conservatory;01;07;
K:LCD-1974-17*2;Microlepia speluncae;Princess of Wales Conservatory;04;07;
K:LCD-1989-2335*1;Vriesea fosteriana 'Red Chestnut';Princess of Wales Conservatory;01;21;E3
K:LCD-1986-5312*4;Crinum × amabile;Princess of Wales Conservatory;01;19;
K:LCD-1973-13092*2;Alocasia odora;Princess of Wales Conservatory;01;08;
K:LCD-1973-177*2;Sideritis argosphacelus;Princess of Wales Conservatory;03;13;
K:LCD-1953-60402*2;Adromischus cristatus;Princess of Wales Conservatory;03;02;
K:LCD-1981-231*2;Sansevieria hyacinthoides;Princess of Wales Conservatory;03;01;
K:LCD-1984-5499*1;Agave lophantha;Princess of Wales Conservatory;03;19;
K:LCD-2000-3312*1;Aichryson laxum;Princess of Wales Conservatory;03;13;
K:LCD-1964-35201*2;Nephrolepis exaltata 'Whitmanii';Princess of Wales Conservatory;04;HB;
K:LCD-1969-1782*2;Peperomia glutinosa;Princess of Wales Conservatory;01;27;
K:LCD-1992-51*1;Nephthytis poissonii;Princess of Wales Conservatory;01;09;
K:LCD-1998-9*1;Lithops aucampiae;Princess of Wales Conservatory;03;08;
K:LCD-1981-6458*1;Adiantum formosum;Princess of Wales Conservatory;05;05;
K:LCD-2001-2252*1;Dioscorea elephantipes;Princess of Wales Conservatory;03;06;
K:LCD-1965-24823*2;Gasteria verrucosa var. latifolia;Princess of Wales Conservatory;03;02;
K:LCD-1985-1159*2;Peperomia fraseri;Princess of Wales Conservatory;01;27;
K:LCD-1984-1383*2;Pronephrium asperum;Princess of Wales Conservatory;04;11;
K:LCD-1971-3554*3;Werauhia gladioliflora;Princess of Wales Conservatory;01;11;
K:LCD-1984-60*1;Piscidia carthagenensis;Princess of Wales Conservatory;01;13;
K:LCD-1981-2361*4;Calathea argyrophylla;Princess of Wales Conservatory;01;28;
K:LCD-1948-44101*2;Dracaena camerooniana;Princess of Wales Conservatory;01;05;
K:LCD-1968-35401*4;Pelargonium tomentosum;Princess of Wales Conservatory;03;09;
K:LCD-1998-2771*1;Aspidistra;Princess of Wales Conservatory;01;06;
K:LCD-1980-4490*1;Hechtia podantha;Princess of Wales Conservatory;03;23;
K:LCD-1995-1390*4;Ceropegia fusca;Princess of Wales Conservatory;03;13;
K:LCD-1966-36218*1;Deuterocohnia longipetala;Princess of Wales Conservatory;03;23;
K:LCD-2000-2166*1;Lithops hookeri;Princess of Wales Conservatory;03;08;
K:LCD-1999-3771*2;Pinguicula moranensis;Princess of Wales Conservatory;09;01;
K:LCD-1988-2396*1;Theobroma;Princess of Wales Conservatory;01;23;
K:LCD-2005-1359*3;Nelumbo lutea;Princess of Wales Conservatory;01;POND;
K:LCD-1988-1945*3;Begonia diadema;Princess of Wales Conservatory;01;23;
K:LCD-1968-38203*5;Philodendron hederaceum var. hederaceum;Princess of Wales Conservatory;01;11;T5
K:LCD-1958-33503*5;Aglaomorpha splendens;Princess of Wales Conservatory;04;08;
K:LCD-1962-32001*2;Nephrolepis exaltata 'Piersonii';Princess of Wales Conservatory;04;HB;
K:LCD-1973-13736*2;Phlebodium aureum 'Glaucum';Princess of Wales Conservatory;04;07;
K:LCD-1978-1647*1;Philodendron insigne;Princess of Wales Conservatory;01;03;
K:LCD-2005-1997*2;Crinum mauritianum;Princess of Wales Conservatory;01;02;
K:LCD-2013-1465*6;Costus comosus var. bakeri;Princess of Wales Conservatory;01;06;
K:LCD-1984-2157*8;Heliconia collinsiana var. collinsiana;Princess of Wales Conservatory;01;29;
K:LCD-1997-5842*2;Hoya erythrina;Princess of Wales Conservatory;01;11;
K:LCD-1996-2704*1;Piper nigrum;Princess of Wales Conservatory;01;27;
K:LCD-1981-2342*2;Calathea wiotii;Princess of Wales Conservatory;01;28;
K:LCD-1957-55702*3;Piper ornatum;Princess of Wales Conservatory;01;27;
K:LCD-1963-48606*2;Palisota albertii;Princess of Wales Conservatory;04;08;
K:LCD-1993-2495*2;Astroloba foliolosa;Princess of Wales Conservatory;03;02;
K:LCD-1989-2580*2;Peperomia 'Cupid';Princess of Wales Conservatory;01;27;
K:LCD-1975-2236*5;Echium hierrense;Princess of Wales Conservatory;03;13;
K:LCD-1986-2045*2;Sansevieria masoniana;Princess of Wales Conservatory;03;21;
K:LCD-1979-206*2;Begonia dominicalis;Princess of Wales Conservatory;01;23;
K:LCD-2013-1176*2;Callipteris prolifera;Princess of Wales Conservatory;04;03;
K:LCD-1987-1280*2;Saintpaulia ionantha;Princess of Wales Conservatory;01;21;
K:LCD-1981-5136*2;Sympagis maculata;Princess of Wales Conservatory;04;06;
K:LCD-2011-642*2;Ceropegia haygarthii;Princess of Wales Conservatory;03;02;
K:LCD-1969-51669*1;Bomarea ovata;Princess of Wales Conservatory;05;06;
K:LCD-1984-2115*4;Calathea loeseneri;Princess of Wales Conservatory;01;18;
K:LCD-1995-3491*1;Ledebouria socialis;Princess of Wales Conservatory;03;03;
K:LCD-1996-2218*2;Aristolochia trilobata;Princess of Wales Conservatory;01;27;
K:LCD-1973-13761*6;Goeppertia makoyana;Princess of Wales Conservatory;01;26;
K:LCD-2000-783*2;Medinilla cummingii;Princess of Wales Conservatory;01;20;
K:LCD-1903-37001*2;Sansevieria kirkii var. pulchra;Princess of Wales Conservatory;03;21;
K:LCD-1981-3360*2;Adiantum;Princess of Wales Conservatory;04;01;
K:LCD-1973-13766*4;Calathea zebrina;Princess of Wales Conservatory;01;28;
K:LCD-1965-24804*2;Pitcairnia xanthocalyx;Princess of Wales Conservatory;01;11;
K:LCD-1988-1956*4;Lotus mascaensis;Princess of Wales Conservatory;03;13;
K:LCD-1986-386*2;Peperomia;Princess of Wales Conservatory;01;27;
K:LCD-1982-5704*2;Phragmipedium Grande gx 'Atratum';Princess of Wales Conservatory;06;02;
K:LCD-1976-3788*3;Aeonium percarneum;Princess of Wales Conservatory;03;13;
K:LCD-1982-233*4;Asystasia gangetica subsp. micrantha;Princess of Wales Conservatory;01;03;
K:LCD-2011-656*3;Adenium socotranum;Princess of Wales Conservatory;03;02;
K:LCD-1984-2157*7;Heliconia collinsiana var. collinsiana;Princess of Wales Conservatory;04;11;
K:LCD-1976-3779*1;Aeonium palmense;Princess of Wales Conservatory;03;21;
K:LCD-1984-114*2;Medinilla intermedia;Princess of Wales Conservatory;04;08;
K:LCD-1981-4661*2;Tillandsia seleriana;Princess of Wales Conservatory;01;02;
K:LCD-1959-43410*1;Philodendron auriculatum;Princess of Wales Conservatory;01;09;
K:LCD-1992-1976*5;Monstera tenuis;Princess of Wales Conservatory;01;03;
K:LCD-2008-2086*3;Drosera macrantha;Princess of Wales Conservatory;09;05;
K:LCD-1982-2775*1;Caladium lindenii;Princess of Wales Conservatory;01;21;
K:LCD-1976-495*3;Justicia umbrosa;Princess of Wales Conservatory;04;06;
K:LCD-1962-16708*3;Stenotaphrum secundatum;Princess of Wales Conservatory;01;16;
K:LCD-1982-3180*2;Begonia manicata 'Crispa';Princess of Wales Conservatory;01;23;
K:LCD-1978-1972*2;Plectranthus asirensis;Princess of Wales Conservatory;03;05;
K:LCD-1979-3542*1;Hechtia tillandsioides;Princess of Wales Conservatory;01;02;
K:LCD-1982-5134*5;Catharanthus roseus 'Albus';Princess of Wales Conservatory;03;22;
K:LCD-1969-17387*3;Dieffenbachia picta var. angustior;Princess of Wales Conservatory;01;03;
K:LCD-1978-3898*2;Pelargonium;Princess of Wales Conservatory;03;03;
K:LCD-1984-2157*6;Heliconia collinsiana var. collinsiana;Princess of Wales Conservatory;04;10;
K:LCD-2013-876*1;Blechnum chilense;Princess of Wales Conservatory;02;06;
K:LCD-1990-377*5;Davallia tyermannii;Princess of Wales Conservatory;08;02;
K:LCD-1973-2955*1;Aloiampelos ciliaris;Princess of Wales Conservatory;03;21;
K:LCD-1972-254*2;Hylaeaicum eleutheropetalum;Princess of Wales Conservatory;01;14;
K:LCD-1946-32814*3;Sedum adolphi;Princess of Wales Conservatory;03;20;
K:LCD-1977-3382*1;Colocasia gigantea;Princess of Wales Conservatory;01;06;
K:LCD-2001-316*2;Scindapsus pictus;Princess of Wales Conservatory;01;03;
K:LCD-2004-2686*1;Eichhornia crassipes;Princess of Wales Conservatory;01;POND;
K:LCD-1969-50933*2;Neoregelia tristis;Princess of Wales Conservatory;01;24;
K:LCD-1961-19402*1;Woodwardia unigemmata;Princess of Wales Conservatory;05;01;
K:LCD-1973-13755*3;Calathea varians;Princess of Wales Conservatory;04;11;
K:LCD-1978-4524*2;Sansevieria subspicata;Princess of Wales Conservatory;03;21;
K:LCD-1996-4410*2;Bromelia flemingii;Princess of Wales Conservatory;01;10;
K:LCD-1994-2591*2;Spathiphyllum cochlearispathum;Princess of Wales Conservatory;01;29;
K:LCD-1992-1559*1;Philodendron;Princess of Wales Conservatory;01;08;
K:LCD-1982-5705*1;Phragmipedium Cardinale gx;Princess of Wales Conservatory;06;02;
K:LCD-2005-89*2;Pelargonium 'Candy Dancer';Princess of Wales Conservatory;03;10;
K:LCD-1985-1163*2;Peperomia magnoliifolia 'Green and Gold';Princess of Wales Conservatory;01;27;
K:LCD-1961-9901*2;Hypoestes phyllostachya;Princess of Wales Conservatory;01;22;
K:LCD-1984-4922*1;Peperomia magnoliifolia 'White Cloud';Princess of Wales Conservatory;01;27;
K:LCD-2005-1434*2;Thunia Gatton gx;Princess of Wales Conservatory;01;03;SHELF
K:LCD-1954-15901*1;Stenochlaena tenuifolia;Princess of Wales Conservatory;04;08;
K:LCD-1984-2343*3;Pteris cretica;Princess of Wales Conservatory;02;06;
K:LCD-1988-3337*2;Begonia 'Superba';Princess of Wales Conservatory;01;23;
K:LCD-1973-3215*2;Gasteria nitida var. nitida;Princess of Wales Conservatory;03;02;
K:LCD-1984-2372*2;Begonia conchifolia;Princess of Wales Conservatory;01;23;
K:LCD-2000-2212*1;Lithops otzeniana;Princess of Wales Conservatory;03;08;
K:LCD-1984-1663*3;Dendrobium heterocarpum 'Alba';Princess of Wales Conservatory;01;02;
K:LCD-1978-2242*2;Columnea oerstediana;Princess of Wales Conservatory;01;HB;
K:LCD-1996-479*3;Cystacanthus turgida;Princess of Wales Conservatory;01;04;
K:LCD-1978-1657*3;Philodendron callosum;Princess of Wales Conservatory;01;10;
K:LCD-2004-2898*4;Crossandra pungens;Princess of Wales Conservatory;01;25;
K:LCD-1998-4012*4;Selaginella integerrima;Princess of Wales Conservatory;04;06;
K:LCD-1961-28402*1;Gasteria lutzii;Princess of Wales Conservatory;03;21;
K:LCD-1979-6274*1;Episcia cupreata;Princess of Wales Conservatory;01;20;
K:LCD-2004-3589*2;Pelargonium 'Apple Betty';Princess of Wales Conservatory;03;10;
K:LCD-1967-19024*3;Begonia roxburghii;Princess of Wales Conservatory;01;23;
K:LCD-1975-137*1;Cyanotis foecunda;Princess of Wales Conservatory;03;21;
K:LCD-1958-51406*1;Alocasia alba;Princess of Wales Conservatory;01;20;
K:LCD-2008-1088*1;Philodendron scherberichii;Princess of Wales Conservatory;01;11;T4
K:LCD-1985-5037*5;Caryota mitis;Princess of Wales Conservatory;01;29;
K:LCD-1989-8197*2;Sansevieria kirkii;Princess of Wales Conservatory;03;21;
K:LCD-1976-3774*3;Aeonium sedifolium;Princess of Wales Conservatory;03;02;
K:LCD-1986-1808*3;Ficus pumila;Princess of Wales Conservatory;04;05;
K:LCD-2014-2120*2;Passiflora membranacea;Princess of Wales Conservatory;02;07;
K:LCD-2007-1179*2;Pelargonium 'Rio Grande';Princess of Wales Conservatory;03;10;
K:LCD-1951-38503*1;Bolbitis singaporensis;Princess of Wales Conservatory;04;10;
K:LCD-1968-10701*3;Curio rowleyanus;Princess of Wales Conservatory;10;01;
K:LCD-1976-3801*1;Aeonium hierrense;Princess of Wales Conservatory;03;21;
K:LCD-1968-12419*2;Bijlia cana;Princess of Wales Conservatory;03;08;
K:LCD-1973-13503*2;Gasteria spiralis;Princess of Wales Conservatory;03;02;
K:LCD-2000-1434*3;Pleiostachya pruinosa;Princess of Wales Conservatory;01;26;
K:LCD-2004-2202*2;Pelargonium 'Jello';Princess of Wales Conservatory;03;10;
K:LCD-1973-12068*2;Pseudopanax arboreus;Princess of Wales Conservatory;07;03;
K:LCD-1969-19194*1;Hedychium;Princess of Wales Conservatory;05;02;
K:LCD-1999-4350*3;Anthurium palmatum;Princess of Wales Conservatory;01;06;
K:LCD-1973-13484*1;Dracaena aubryana;Princess of Wales Conservatory;01;06;
K:LCD-2014-810*6;Agapetes serpens;Princess of Wales Conservatory;05;HB;
K:LCD-1938-79201*4;Crassula arborescens subsp. arborescens;Princess of Wales Conservatory;03;21;
K:LCD-1963-48606*3;Palisota albertii;Princess of Wales Conservatory;04;10;
K:LCD-1967-10201*1;Lagenandra ovata;Princess of Wales Conservatory;01;24;
K:LCD-1973-723*3;Goeppertia rufibarba;Princess of Wales Conservatory;01;26;
K:LCD-1973-13260*1;Begonia maculata var. wightii;Princess of Wales Conservatory;01;23;
K:LCD-1967-32304*1;Yucca baccata var. baccata;Princess of Wales Conservatory;03;12;
K:LCD-1962-63703*2;Peperomia nitida 'Variegata';Princess of Wales Conservatory;01;27;
K:LCD-1987-2745*4;Nephrolepis biserrata;Princess of Wales Conservatory;04;06;
K:LCD-1969-17845*2;Adiantum raddianum 'Lawsonianum';Princess of Wales Conservatory;05;07;
K:LCD-1997-94*2;Lithops terricolor;Princess of Wales Conservatory;03;08;
K:LCD-2000-2247*1;Lithops terricolor;Princess of Wales Conservatory;03;08;
K:LCD-1980-2332*3;Alpinia vittata;Princess of Wales Conservatory;01;02;
K:LCD-2001-2386*7;Blechnum moorei;Princess of Wales Conservatory;04;11;
K:LCD-1982-2031*3;Ctenanthe burle-marxii var. obscura;Princess of Wales Conservatory;01;02;
K:LCD-1978-4550*2;Impatiens grandis;Princess of Wales Conservatory;01;06;
K:LCD-1968-20002*2;Aglaonema commutatum var. maculatum;Princess of Wales Conservatory;01;19;
K:LCD-1985-3924*2;Selaginella;Princess of Wales Conservatory;04;07;
K:LCD-2001-2386*8;Blechnum moorei;Princess of Wales Conservatory;04;09;
K:LCD-1969-50086*2;Gasteria dicta;Princess of Wales Conservatory;03;02;
K:LCD-2000-787*4;Philodendron erubescens 'Red Emerald';Princess of Wales Conservatory;01;09;T1
K:LCD-1982-2034*4;Goeppertia vaginata;Princess of Wales Conservatory;01;28;
K:LCD-1982-5700*4;Phragmipedium Sedenii gx 'Candidulum';Princess of Wales Conservatory;06;05;
K:LCD-1974-7237*1;Gmelina hystrix;Princess of Wales Conservatory;01;04;
K:LCD-1996-2692*2;Heliconia stricta 'Dwarf Jamaican';Princess of Wales Conservatory;01;28;
K:LCD-1966-55225*1;Stromanthe sanguinea;Princess of Wales Conservatory;01;28;
K:LCD-2014-2110*3;Passiflora jussieui;Princess of Wales Conservatory;01;10;
K:LCD-1984-4189*1;Yucca brevifolia;Princess of Wales Conservatory;03;12;
K:LCD-2005-75*1;Pelargonium greytonense;Princess of Wales Conservatory;03;09;
K:LCD-1992-2112*2;Begonia ramentacea;Princess of Wales Conservatory;01;23;
K:LCD-2004-826*2;Anthurium warocqueanum;Princess of Wales Conservatory;01;06;
K:LCD-1984-2371*2;Begonia olbia;Princess of Wales Conservatory;01;23;
K:LCD-1972-48*2;Vriesea fenestralis;Princess of Wales Conservatory;01;11;
K:LCD-1998-328*1;Xerosicyos danguyi;Princess of Wales Conservatory;03;22;
K:LCD-1981-5659*3;Alpinia aquatica;Princess of Wales Conservatory;01;22;
K:LCD-2012-1217*3;Orbea variegata;Princess of Wales Conservatory;03;02;
K:LCD-2013-887*2;Polystichum polyblepharum;Princess of Wales Conservatory;;;
K:LCD-1969-50935*2;Portea kermesina;Princess of Wales Conservatory;01;12;
K:LCD-1964-40105*4;Begonia dietrichiana;Princess of Wales Conservatory;01;10;
K:LCD-1997-4570*2;Drosera capensis;Princess of Wales Conservatory;09;01;
K:LCD-1973-2500*2;Sansevieria aethiopica;Princess of Wales Conservatory;03;01;
K:LCD-1973-12931*2;Syzygium jambos;Princess of Wales Conservatory;02;08;
K:LCD-1971-1996*3;Davallodes hirsuta;Princess of Wales Conservatory;04;11;
K:LCD-1973-3210*2;Crassula muscosa;Princess of Wales Conservatory;10;01;
K:LCD-1973-4427*3;Crassula setulosa var. jenkensii;Princess of Wales Conservatory;03;02;
K:LCD-1969-17611*2;Pelargonium × lawranceanum;Princess of Wales Conservatory;03;10;
K:LCD-1966-56802*2;Brillantaisia nyanzarum;Princess of Wales Conservatory;01;03;
K:LCD-1973-12622*2;Passiflora × decaisneana;Princess of Wales Conservatory;01;23;
K:LCD-1988-3029*2;Pilea peperomioides;Princess of Wales Conservatory;01;22;
K:LCD-2000-1341*1;Nypa fruticans;Princess of Wales Conservatory;01;26;
K:LCD-2013-1492*4;Costus vargasii;Princess of Wales Conservatory;01;04;
K:LCD-1974-2557*1;Hymenocallis speciosa;Princess of Wales Conservatory;01;19;
K:LCD-1943-12244*2;Haworthia planifolia;Princess of Wales Conservatory;03;01;
K:LCD-1973-728*3;Calathea bella;Princess of Wales Conservatory;01;19;
K:LCD-1998-4010*3;Selaginella kraussiana var. aurea;Princess of Wales Conservatory;04;08;
K:LCD-1986-2517*1;Senecio crassissimus;Princess of Wales Conservatory;03;22;
K:LCD-1970-533*2;Monstera tenuis;Princess of Wales Conservatory;01;22;
K:LCD-1978-1273*1;Anthurium lilacinum;Princess of Wales Conservatory;01;08;
K:LCD-1981-6017*2;Phragmipedium Nitidissimum gx;Princess of Wales Conservatory;06;02;
K:LCD-1963-57805*2;Polypodium subauriculatum;Princess of Wales Conservatory;04;08;
K:LCD-1964-64901*1;Ixora coccinea;Princess of Wales Conservatory;04;08;
K:LCD-1984-5509*2;Sedum 'Burito';Princess of Wales Conservatory;03;23;
K:LCD-1996-4617*3;Rhododendron maddenii;Princess of Wales Conservatory;02;06;
K:LCD-2004-2611*2;Philodendron mamei;Princess of Wales Conservatory;01;07;
K:LCD-2004-2564*2;Pelargonium denticulatum;Princess of Wales Conservatory;03;09;
K:LCD-1954-42003*1;Haworthia resendeana;Princess of Wales Conservatory;03;02;
K:LCD-1953-18601*3;Capparis spinosa;Princess of Wales Conservatory;03;13;
K:LCD-2011-1926*2;Passiflora 'Connor Cailean';Princess of Wales Conservatory;02;CONTAINER;
K:LCD-1982-4609*3;Culcasia striolata;Princess of Wales Conservatory;01;22;
K:LCD-1986-3410*2;Costus scaber;Princess of Wales Conservatory;01;06;
K:LCD-1978-1764*1;Crinum erubescens;Princess of Wales Conservatory;01;26;
K:LCD-1982-5708*2;Saintpaulia ionantha subsp. pendula;Princess of Wales Conservatory;01;22;
K:LCD-1973-12215*1;Rhododendron simsii;Princess of Wales Conservatory;02;06;
K:LCD-1981-4606*2;Tillandsia heteromorpha;Princess of Wales Conservatory;01;02;
K:LCD-1981-8275*1;Rhaphidophora glauca;Princess of Wales Conservatory;01;29;
K:LCD-1973-4908*2;Hydrotrida caroliniana;Princess of Wales Conservatory;01;26;
K:LCD-1981-5659*4;Alpinia aquatica;Princess of Wales Conservatory;01;24;
K:LCD-1974-2878*1;Saintpaulia ionantha subsp. grotei;Princess of Wales Conservatory;01;22;
K:LCD-2005-88*2;Pelargonium setulosum;Princess of Wales Conservatory;03;09;
K:LCD-1978-155*6;Anthurium cordatum;Princess of Wales Conservatory;01;08;
K:LCD-2000-3044*3;Tillandsia samaipatensis;Princess of Wales Conservatory;01;11;
K:LCD-1992-883*1;Ficus binnendijkii 'Amstel Queen';Princess of Wales Conservatory;01;11;
K:LCD-1994-894*2;Kleinia pendula;Princess of Wales Conservatory;10;01;
K:LCD-1982-2034*3;Goeppertia vaginata;Princess of Wales Conservatory;01;19;
K:LCD-1977-2814*2;Selaginella erythropus;Princess of Wales Conservatory;04;01;
K:LCD-1973-121*6;Salvia broussonetii;Princess of Wales Conservatory;03;13;
K:LCD-1955-26801*2;Arthropteris orientalis;Princess of Wales Conservatory;04;02;
K:LCD-1998-4017*3;Selaginella lyallii;Princess of Wales Conservatory;04;11;
K:LCD-1966-42402*2;Haworthia planifolia;Princess of Wales Conservatory;03;06;
K:LCD-1988-8618*3;Freycinetia scandens;Princess of Wales Conservatory;01;02;
K:LCD-1974-7246*1;Aegiceras corniculatum;Princess of Wales Conservatory;01;22;
K:LCD-1981-3728*3;Philodendron inconcinnum;Princess of Wales Conservatory;01;08;
K:LCD-1949-16702*3;Begonia fernandoi-costae;Princess of Wales Conservatory;01;23;
K:LCD-2012-156*1;Passiflora jussieui;Princess of Wales Conservatory;01;22;E2
K:LCD-1998-3481*4;Pelargonium × fragrans;Princess of Wales Conservatory;03;11;
K:LCD-1992-2097*3;Begonia gehrtii;Princess of Wales Conservatory;01;03;
K:LCD-1975-3118*2;Aechmea dichlamydea var. trinitensis;Princess of Wales Conservatory;01;11;
K:LCD-1966-40624*2;Aechmea pimenti-velosoi;Princess of Wales Conservatory;01;11;
K:LCD-2004-2185*1;Pelargonium × schottii;Princess of Wales Conservatory;03;09;
K:LCD-1986-3405*2;Costus guanaiensis var. tarmicus;Princess of Wales Conservatory;01;08;
K:LCD-1971-2554*2;Asplenium bipinnatifidum;Princess of Wales Conservatory;04;08;
K:LCD-1998-986*3;Achimenes misera;Princess of Wales Conservatory;01;18;
K:LCD-2001-3042*2;Adromischus filicaulis;Princess of Wales Conservatory;03;02;
K:LCD-1991-751*3;Piper sarmentosum;Princess of Wales Conservatory;01;22;
K:LCD-1981-1026*1;Plectranthus coerulescens;Princess of Wales Conservatory;03;05;
K:LCD-1979-2684*2;Hemionitis achariorum;Princess of Wales Conservatory;06;05;
K:LCD-1981-3817*7;Dendrobium 'Juno';Princess of Wales Conservatory;06;02;TREE
K:LCD-1965-50022*2;Anthurium lindmanianum;Princess of Wales Conservatory;01;24;
K:LCD-1976-3655*2;Ruellia rosea;Princess of Wales Conservatory;01;25;
K:LCD-1979-3500*3;Maranta arundinacea;Princess of Wales Conservatory;01;26;
K:LCD-1994-2569*2;Cojoba donnell-smithii;Princess of Wales Conservatory;01;04;
K:LCD-1981-3872*1;Alpinia zerumbet;Princess of Wales Conservatory;01;18;
K:LCD-1986-5313*2;Alocasia cucullata;Princess of Wales Conservatory;01;POND;
K:LCD-1973-13261*2;Begonia manicata 'Aureo Maculata';Princess of Wales Conservatory;01;20;
K:LCD-1973-13469*1;Dracaena deremensis 'Souvenir de Schriever';Princess of Wales Conservatory;01;06;
K:LCD-2007-1161*2;Pelargonium panduriforme;Princess of Wales Conservatory;03;09;
K:LCD-1973-4400*1;Crassula lactea;Princess of Wales Conservatory;03;07;
K:LCD-1973-3507*1;Haworthia coarctata;Princess of Wales Conservatory;03;03;
K:LCD-1973-19927*2;Cheiridopsis;Princess of Wales Conservatory;03;08;
K:LCD-2001-4142*3;Lavandula dentata var. dentata;Princess of Wales Conservatory;03;13;
K:LCD-1977-531*1;Pelargonium carnosum;Princess of Wales Conservatory;03;03;
K:LCD-2005-2395*3;Pelargonium 'Olga Shipston';Princess of Wales Conservatory;03;10;
K:LCD-1977-2781*2;Platycerium bifurcatum var. hillii;Princess of Wales Conservatory;04;05;
K:LCD-1997-6114*6;Lavandula pinnata;Princess of Wales Conservatory;03;13;
K:LCD-1988-3849*1;Ctenanthe dasycarpa;Princess of Wales Conservatory;01;26;
K:LCD-1982-1584*1;Philodendron asplundii;Princess of Wales Conservatory;01;08;
K:LCD-1970-1040*2;Asplenium musifolium;Princess of Wales Conservatory;04;05;
K:LCD-2000-2842*9;Anthurium bonplandii subsp. guayanum;Princess of Wales Conservatory;;;
K:LCD-1976-266*1;Puya alpestris;Princess of Wales Conservatory;03;23;
K:LCD-1977-636*1;Aechmea blanchetiana;Princess of Wales Conservatory;01;14;
K:LCD-1998-4018*2;Selaginella martensii;Princess of Wales Conservatory;04;04;
K:LCD-2006-1651*4;Coccothrinax miraguama;Princess of Wales Conservatory;04;10;
K:LCD-1973-1458*3;Canistrum cyathiforme;Princess of Wales Conservatory;01;11;
K:LCD-1981-2382*5;Ctenanthe burle-marxii var. obscura 'Purple Tiger';Princess of Wales Conservatory;01;26;
K:LCD-1979-3163*4;Caladium bicolor;Princess of Wales Conservatory;04;09;
K:LCD-1979-6170*1;Anthurium salvinii;Princess of Wales Conservatory;06;05;
K:LCD-1998-3475*4;Pelargonium bowkeri;Princess of Wales Conservatory;03;11;
K:LCD-2009-1745*2;Nepenthes 'Tiveyi';Princess of Wales Conservatory;08;02;
K:LCD-1957-70101*1;Bolbitis repanda;Princess of Wales Conservatory;01;10;
K:LCD-2005-86*2;Pelargonium 'Sweet Mimosa';Princess of Wales Conservatory;03;10;
K:LCD-2014-809*2;Agapetes 'Ludgvan Cross';Princess of Wales Conservatory;02;HB;
K:LCD-1966-50424*2;Pancratium canariense;Princess of Wales Conservatory;03;13;
K:LCD-1973-4400*3;Crassula lactea;Princess of Wales Conservatory;03;02;
K:LCD-2002-1549*3;Philodendron verrucosum;Princess of Wales Conservatory;01;06;
K:LCD-1973-13012*2;Fittonia albivenis 'Argyroneura';Princess of Wales Conservatory;01;21;
K:LCD-1972-55*1;Bromelia antiacantha;Princess of Wales Conservatory;01;12;
K:LCD-1977-746*1;Monstera adansonii var. laniata;Princess of Wales Conservatory;01;04;W3
K:LCD-1986-641*4;Pelargonium viscosissimum;Princess of Wales Conservatory;09;06;
K:LCD-1995-108*4;Schaueria calytricha;Princess of Wales Conservatory;01;04;
K:LCD-2009-366*3;Passiflora tulae;Princess of Wales Conservatory;06;05;
K:LCD-1969-19884*1;Anthurium schlechtendalii;Princess of Wales Conservatory;01;06;
K:LCD-1997-6617*1;Platycerium alcicorne;Princess of Wales Conservatory;04;12;
K:LCD-1969-3844*1;Nopalea karwinskiana × cochenillifera;Princess of Wales Conservatory;03;19;
K:LCD-1987-2745*6;Nephrolepis biserrata;Princess of Wales Conservatory;04;HB;
K:LCD-1990-1434*3;Culcasia mannii;Princess of Wales Conservatory;01;06;
K:LCD-1972-54*2;Billbergia reichardtii;Princess of Wales Conservatory;01;02;
K:LCD-1965-62301*4;Maranta leuconeura var. leuconeura 'Fascinator';Princess of Wales Conservatory;01;21;
K:LCD-1983-2546*4;Goeppertia loeseneri;Princess of Wales Conservatory;01;28;
K:LCD-1964-73301*5;Doodia media;Princess of Wales Conservatory;07;02;
K:LCD-1973-13725*1;Peperomia magnoliifolia 'Variegata';Princess of Wales Conservatory;01;27;
K:LCD-2004-2896*6;Barleria strigosa;Princess of Wales Conservatory;04;11;
K:LCD-1969-17410*4;Rhododendron scopulorum;Princess of Wales Conservatory;07;02;
K:LCD-1998-3187*1;Octopoma calycinum;Princess of Wales Conservatory;03;07;
K:LCD-2000-4246*1;Dennstaedtia adiantoides;Princess of Wales Conservatory;04;10;
K:LCD-1969-16943*5;Agapetes obovata;Princess of Wales Conservatory;05;HB;
K:LCD-1961-63001*4;Nematanthus gregarius;Princess of Wales Conservatory;01;22;
K:LCD-1994-3364*4;Passiflora citrina;Princess of Wales Conservatory;02;05;
K:LCD-1998-3493*1;Pelargonium zonale;Princess of Wales Conservatory;03;09;
K:LCD-2014-1337*2;Ruta oreojasme;Princess of Wales Conservatory;03;13;
K:LCD-1968-27001*2;Begonia isoptera;Princess of Wales Conservatory;01;23;
K:LCD-1988-3822*2;Tillandsia ixioides;Princess of Wales Conservatory;01;02;
K:LCD-1997-114*2;Amorphophallus bulbifer;Princess of Wales Conservatory;08;01;
K:LCD-2001-3672*2;Lithops bromfieldii var. insularis 'Sulphurea';Princess of Wales Conservatory;03;08;
K:LCD-1965-75312*2;Deuterocohnia lorentziana;Princess of Wales Conservatory;03;23;
K:LCD-1981-4217*3;Monstera deliciosa 'Variegata';Princess of Wales Conservatory;04;03;
K:LCD-1972-254*3;Hylaeaicum eleutheropetalum;Princess of Wales Conservatory;01;11;
K:LCD-1973-13975*1;Microlepia platyphylla;Princess of Wales Conservatory;01;09;
K:LCD-1966-50408*5;Chrysanthemum ferulaceum;Princess of Wales Conservatory;03;13;
K:LCD-1994-1067*2;Diplazium esculentum;Princess of Wales Conservatory;04;10;
K:LCD-1979-3502*3;Calathea bachemiana;Princess of Wales Conservatory;01;22;
K:LCD-2004-2164*1;Pelargonium acraeum;Princess of Wales Conservatory;03;11;
K:LCD-1967-19024*1;Begonia roxburghii;Princess of Wales Conservatory;05;05;
K:LCD-1973-13779*7;Ctenanthe kummeriana;Princess of Wales Conservatory;01;28;
K:LCD-2008-607*2;Pinguicula 'Tina';Princess of Wales Conservatory;09;01;
K:LCD-1953-10604*1;Dracaena ellenbeckiana;Princess of Wales Conservatory;03;21;
K:LCD-1972-1470*1;Hohenbergia eriostachya;Princess of Wales Conservatory;01;11;
K:LCD-1979-3604*2;Lutheria glutinosa;Princess of Wales Conservatory;01;11;
K:LCD-2004-152*4;Anthurium wendlingeri;Princess of Wales Conservatory;01;22;EPIPHYTE
K:LCD-2000-3053*2;Chirita balansae;Princess of Wales Conservatory;01;21;
K:LCD-1969-17416*3;Rhododendron ciliatum;Princess of Wales Conservatory;02;08;
K:LCD-1986-1808*2;Ficus pumila;Princess of Wales Conservatory;04;04;
K:LCD-1973-13779*6;Ctenanthe kummeriana;Princess of Wales Conservatory;01;26;
K:LCD-1962-56701*1;Begonia 'Cleopatra';Princess of Wales Conservatory;01;23;
K:LCD-1969-12116*4;Crassula socialis;Princess of Wales Conservatory;03;02;
K:LCD-1962-13108*2;Kalanchoe tomentosa;Princess of Wales Conservatory;03;02;
K:LCD-1943-12214*1;Haworthia radula;Princess of Wales Conservatory;03;21;
K:LCD-1998-4020*2;Selaginella martensii var. albovariegata;Princess of Wales Conservatory;04;05;
K:LCD-1973-13278*1;Pithecoctenium aubletii;Princess of Wales Conservatory;01;28;
K:LCD-2008-949*2;Passiflora rovirosae;Princess of Wales Conservatory;01;05;
K:LCD-1974-1128*2;Begonia reniformis;Princess of Wales Conservatory;01;23;
K:LCD-1963-16006*4;Cibotium glaucum;Princess of Wales Conservatory;04;10;
K:LCD-2003-831*5;Phragmipedium Sedenii gx;Princess of Wales Conservatory;06;05;
K:LCD-1968-38225*2;Pseuderanthemum eldorado;Princess of Wales Conservatory;01;01;
K:LCD-1976-894*2;Impatiens walleriana;Princess of Wales Conservatory;01;23;
K:LCD-2009-1267*3;Sedum suaveolens;Princess of Wales Conservatory;03;14;
K:LCD-1981-1983*2;Crassula swaziensis;Princess of Wales Conservatory;03;02;
K:LCD-2011-1419*4;Stictocardia beraviensis;Princess of Wales Conservatory;01;09;
K:LCD-1970-1666*1;Dracaena steudneri;Princess of Wales Conservatory;01;04;
K:LCD-1969-51673*1;Pothos scandens;Princess of Wales Conservatory;01;07;
K:LCD-1985-3532*2;Echeveria × scaphylla;Princess of Wales Conservatory;03;23;
K:LCD-1997-5834*4;Steudnera kerrii;Princess of Wales Conservatory;01;08;
K:LCD-1981-2361*3;Calathea argyrophylla;Princess of Wales Conservatory;01;26;
K:LCD-1966-42402*3;Haworthia planifolia;Princess of Wales Conservatory;03;21;
K:LCD-1927-66101*4;Syzygium oleosum;Princess of Wales Conservatory;02;08;
K:LCD-1968-7401*2;Begonia acida;Princess of Wales Conservatory;01;23;
K:LCD-1934-75401*2;Thunbergia erecta;Princess of Wales Conservatory;01;01;
K:LCD-1991-1418*1;Anthurium itanhaense;Princess of Wales Conservatory;01;10;
K:LCD-1994-2610*2;Heliconia uxpanapensis;Princess of Wales Conservatory;01;09;
K:LCD-1969-51954*3;Selaginella velutina;Princess of Wales Conservatory;04;09;
K:LCD-1977-999*2;Peperomia tetraphylla;Princess of Wales Conservatory;01;28;
K:LCD-2001-2383*3;Adiantum peruvianum;Princess of Wales Conservatory;06;05;
K:LCD-1986-8004*1;Pyrrosia christii;Princess of Wales Conservatory;04;HB;
K:LCD-1963-5401*1;Adiantum raddianum 'Pacific Maid';Princess of Wales Conservatory;04;01;
K:LCD-1982-1657*2;Nautilocalyx;Princess of Wales Conservatory;01;21;
K:LCD-1989-951*2;Phyllarthron bernierianum;Princess of Wales Conservatory;03;22;
K:LCD-2009-3252*2;Drosera regia;Princess of Wales Conservatory;09;01;
K:LCD-1988-2069*3;Senecio scaposus;Princess of Wales Conservatory;03;21;
K:LCD-1978-1921*5;Barleria oenotheroides;Princess of Wales Conservatory;01;04;
K:LCD-1969-51769*5;Solandra grandiflora;Princess of Wales Conservatory;01;10;
K:LCD-1973-19558*1;Hemigraphis alternata;Princess of Wales Conservatory;01;06;
K:LCD-1984-2115*5;Calathea loeseneri;Princess of Wales Conservatory;01;28;
K:LCD-1994-3566*1;Bruguiera gymnorhiza;Princess of Wales Conservatory;01;22;
K:LCD-1982-1651*2;Peperomia;Princess of Wales Conservatory;01;27;01
K:LCD-2007-1266*2;Pelargonium 'Prince of Orange';Princess of Wales Conservatory;03;10;
K:LCD-1973-19840*3;Begonia luxurians;Princess of Wales Conservatory;02;07;
K:LCD-1966-55225*6;Stromanthe sanguinea;Princess of Wales Conservatory;01;26;
K:LCD-1987-1368*4;Saintpaulia ionantha;Princess of Wales Conservatory;01;21;
K:LCD-1977-4021*1;Kleinia abyssinica;Princess of Wales Conservatory;03;21;
K:LCD-2000-1434*1;Pleiostachya pruinosa;Princess of Wales Conservatory;01;26;
K:LCD-1969-1053*3;Adiantum incisum;Princess of Wales Conservatory;04;06;
K:LCD-1965-62301*2;Maranta leuconeura var. leuconeura 'Fascinator';Princess of Wales Conservatory;01;08;
K:LCD-1965-75313*1;Hechtia marnier-lapostollei;Princess of Wales Conservatory;03;23;
K:LCD-1973-728*4;Calathea bella;Princess of Wales Conservatory;01;04;
K:LCD-1988-2939*1;Justicia adhatoda;Princess of Wales Conservatory;01;03;
K:LCD-1973-13260*2;Begonia maculata var. wightii;Princess of Wales Conservatory;04;05;
K:LCD-1964-73301*6;Doodia media;Princess of Wales Conservatory;07;03;
K:LCD-1965-75304*3;Crassula marnieriana;Princess of Wales Conservatory;03;02;
K:LCD-2013-885*2;Polypodium vulgare;Princess of Wales Conservatory;02;06;
K:LCD-1980-973*2;Costus laevis;Princess of Wales Conservatory;01;02;
K:LCD-2003-828*1;Phragmipedium hybrid;Princess of Wales Conservatory;06;05;
K:LCD-1987-715*2;Kaempferia pulchra;Princess of Wales Conservatory;01;04;
K:LCD-1961-36602*1;Tradescantia sillamontana;Princess of Wales Conservatory;03;21;
K:LCD-1975-6344*1;Rhapis excelsa 'Kan Non Chiku';Princess of Wales Conservatory;01;06;
K:LCD-1959-84601*2;Begonia mazae;Princess of Wales Conservatory;01;23;
K:LCD-1975-2023*3;Kleinia gregorii;Princess of Wales Conservatory;10;01;
K:LCD-1982-2008*5;Dracunculus canariensis;Princess of Wales Conservatory;03;13;
K:LCD-1998-4015*2;Selaginella kraussiana var. poulteri;Princess of Wales Conservatory;05;05;
K:LCD-1973-13813*1;Cissus discolor;Princess of Wales Conservatory;04;03;
K:LCD-1983-4494*2;Rhaphidophora pachyphylla;Princess of Wales Conservatory;01;09;
K:LCD-2004-2691*1;Pelargonium cordifolium;Princess of Wales Conservatory;03;21;
K:LCD-2008-1997*2;Anthurium reflexum;Princess of Wales Conservatory;04;12;
K:LCD-1954-5103*1;Philodendron bipinnatifidum;Princess of Wales Conservatory;01;13;
K:LCD-2004-2570*2;Pelargonium acetosum;Princess of Wales Conservatory;03;09;
K:LCD-1979-3230*2;Cryptostegia madagascariensis;Princess of Wales Conservatory;01;05;
K:LCD-1999-3499*2;Utricularia sandersonii;Princess of Wales Conservatory;09;01;
K:LCD-1983-2024*2;Philodendron bipinnatifidum;Princess of Wales Conservatory;01;17;
K:LCD-1973-13402*1;Cibotium regale;Princess of Wales Conservatory;04;05;
K:LCD-1984-546*1;Rhizophora mangle;Princess of Wales Conservatory;01;22;
K:LCD-1973-3955*1;Haworthia pygmaea;Princess of Wales Conservatory;03;02;
K:LCD-1972-1851*1;Kalanchoe schimperiana;Princess of Wales Conservatory;03;21;
K:LCD-1951-23401*2;Strophanthus sarmentosus;Princess of Wales Conservatory;01;04;W3
K:LCD-2000-2842*8;Anthurium bonplandii subsp. guayanum;Princess of Wales Conservatory;01;06;
K:LCD-1970-2986*1;Anthericum suffruticosum;Princess of Wales Conservatory;03;06;
K:LCD-1981-2773*2;Agapetes moorei;Princess of Wales Conservatory;05;03;
K:LCD-1994-3468*2;Peperomia pseudovariegata;Princess of Wales Conservatory;01;06;
K:LCD-1996-479*4;Cystacanthus turgida;Princess of Wales Conservatory;01;06;
K:LCD-1973-13013*3;Fittonia albivenis 'Gigantea';Princess of Wales Conservatory;01;22;
K:LCD-1980-1285*2;Haworthia tessellata;Princess of Wales Conservatory;03;21;
K:LCD-1969-12356*1;Hechtia argentea;Princess of Wales Conservatory;03;23;
K:LCD-2013-877*2;Dryopteris erythrosora;Princess of Wales Conservatory;02;06;
K:LCD-1990-377*1;Davallia tyermannii;Princess of Wales Conservatory;05;01;
K:LCD-1965-62301*7;Maranta leuconeura var. leuconeura 'Fascinator';Princess of Wales Conservatory;04;01;
K:LCD-1972-2699*1;Euphorbia splendens 'Bojeri';Princess of Wales Conservatory;03;22;
K:LCD-2014-1443*2;Agapetes saligna;Princess of Wales Conservatory;02;HB;
K:LCD-1969-13714*1;Davallia solida var. fejeensis 'Plumosa';Princess of Wales Conservatory;04;01;
K:LCD-2005-67*2;Pelargonium caylae;Princess of Wales Conservatory;03;22;
K:LCD-1974-3588*5;Spathiphyllum cannifolium;Princess of Wales Conservatory;01;28;
K:LCD-1971-2211*1;Davallia solida;Princess of Wales Conservatory;04;HB;
K:LCD-1982-2039*1;Spathiphyllum blandum;Princess of Wales Conservatory;01;03;
K:LCD-1976-3235*2;Tectaria crenata;Princess of Wales Conservatory;04;04;
K:LCD-1929-28501*3;Musa 'Lacatan';Princess of Wales Conservatory;01;20;
K:LCD-1975-3947*4;Aeonium holochrysum;Princess of Wales Conservatory;03;13;
K:LCD-1999-2413*2;Drosera adelae;Princess of Wales Conservatory;09;05;
K:LCD-1974-286*3;Arthropteris articulata;Princess of Wales Conservatory;04;05;
K:LCD-1979-3163*2;Caladium bicolor;Princess of Wales Conservatory;01;03;
K:LCD-1973-13865*3;Goeppertia rufibarba;Princess of Wales Conservatory;01;23;
K:LCD-1966-55219*2;Quesnelia testudo;Princess of Wales Conservatory;01;03;
K:LCD-1973-20423*2;Marattia;Princess of Wales Conservatory;05;05;
K:LCD-1963-56807*4;Anthurium jenmanii;Princess of Wales Conservatory;01;05;
K:LCD-1987-1881*1;Senecio meuselii;Princess of Wales Conservatory;03;22;
K:LCD-2007-1197*1;Pelargonium salmoneum;Princess of Wales Conservatory;03;09;
K:LCD-1977-760*1;Portea grandiflora;Princess of Wales Conservatory;01;12;
K:LCD-1973-13516*2;Marcgravia umbellata;Princess of Wales Conservatory;01;06;
K:LCD-1943-12247*1;Haworthia herrei;Princess of Wales Conservatory;03;01;
K:LCD-2012-306*3;Pelargonium cotyledonis 'Ventnor';Princess of Wales Conservatory;03;01;
K:LCD-1966-38908*2;Schwantesia triebneri;Princess of Wales Conservatory;03;08;
K:LCD-1972-34*1;Neoregelia cruenta;Princess of Wales Conservatory;01;14;
K:LCD-2013-569*1;Fagraea ceilanica;Princess of Wales Conservatory;01;28;
K:LCD-1975-6050*3;Echium wildpretii;Princess of Wales Conservatory;03;13;
K:LCD-1980-1231*2;Geophila repens;Princess of Wales Conservatory;01;05;
K:LCD-1981-4589*2;Tillandsia fasciculata;Princess of Wales Conservatory;01;02;
K:LCD-1953-23206*2;Kleinia articulata;Princess of Wales Conservatory;03;21;
K:LCD-1947-5802*5;Ludovia lancifolia;Princess of Wales Conservatory;04;05;
K:LCD-1958-63002*2;Senecio medley-woodii;Princess of Wales Conservatory;03;06;
K:LCD-1970-4640*2;Begonia hispida var. cucullifera;Princess of Wales Conservatory;01;23;
K:LCD-1921-5902*2;Agave schottii;Princess of Wales Conservatory;03;12;
K:LCD-1981-4172*1;Calathea rufibarba 'Blue Grass';Princess of Wales Conservatory;01;28;
K:LCD-2007-1177*2;Pelargonium 'Miss Mckenzie';Princess of Wales Conservatory;03;10;
K:LCD-1982-2507*1;Haworthia jacobseniana;Princess of Wales Conservatory;03;03;
K:LCD-1986-1086*2;Echeveria prolifica;Princess of Wales Conservatory;03;23;
K:LCD-1979-3492*1;Goeppertia albertii;Princess of Wales Conservatory;01;28;
K:LCD-1973-13227*1;Polyscias guilfoylei;Princess of Wales Conservatory;01;06;
K:LCD-1962-57603*2;Nephrolepis biserrata;Princess of Wales Conservatory;04;HB;
K:LCD-1969-17744*2;Ipomoea horsfalliae;Princess of Wales Conservatory;01;27;
K:LCD-1974-1028*2;Dracaena reflexa;Princess of Wales Conservatory;01;28;
K:LCD-1988-5272*4;Impatiens hians;Princess of Wales Conservatory;01;05;
K:LCD-2004-2171*2;Pelargonium grandiflorum;Princess of Wales Conservatory;03;11;
K:LCD-1973-13092*3;Alocasia odora;Princess of Wales Conservatory;01;07;
K:LCD-1961-63001*3;Nematanthus gregarius;Princess of Wales Conservatory;01;HB;
K:LCD-1980-1582*1;Philodendron radiatum;Princess of Wales Conservatory;01;22;E3
K:LCD-1967-59001*2;Aechmea bracteata;Princess of Wales Conservatory;01;12;
K:LCD-1987-2681*3;Ficus lingua subsp. lingua;Princess of Wales Conservatory;08;01;
K:LCD-1955-54601*3;Nephrolepis falcata;Princess of Wales Conservatory;01;09;
K:LCD-1967-68003*1;Rhododendron dendricola;Princess of Wales Conservatory;02;08;
K:LCD-1969-50343*1;Microsorum scolopendria 'Cristatum';Princess of Wales Conservatory;04;02;
K:LCD-2005-147*2;Pelargonium 'Attar of Roses';Princess of Wales Conservatory;03;10;
K:LCD-2013-1238*4;Jatropha podagrica;Princess of Wales Conservatory;01;27;
K:LCD-2007-1163*2;Pelargonium tetragonum;Princess of Wales Conservatory;03;09;
K:LCD-1986-3405*3;Costus guanaiensis var. tarmicus;Princess of Wales Conservatory;01;02;
K:LCD-1968-9513*1;Kalanchoe bracteata;Princess of Wales Conservatory;03;22;
K:LCD-1997-7106*1;Drimiopsis maculata;Princess of Wales Conservatory;03;07;
K:LCD-1976-210*2;Thaumatococcus daniellii;Princess of Wales Conservatory;01;29;
K:LCD-2013-871*1;Arachniodes simplicior 'Variegata';Princess of Wales Conservatory;02;06;
K:LCD-1966-55225*5;Stromanthe sanguinea;Princess of Wales Conservatory;01;20;
K:LCD-1975-3134*4;Petrea volubilis 'Alba';Princess of Wales Conservatory;01;09;
K:LCD-1973-13472*2;Dracaena fragrans 'Victoriae';Princess of Wales Conservatory;06;03;
K:LCD-1973-20308*1;Aechmea lamarchei;Princess of Wales Conservatory;01;04;
K:LCD-1994-2589*3;Zingiber officinale;Princess of Wales Conservatory;01;06;
K:LCD-1980-1229*2;Niphaea oblonga;Princess of Wales Conservatory;01;20;
K:LCD-1975-149*1;Kleinia abyssinica var. hildebrandtii;Princess of Wales Conservatory;03;21;
K:LCD-1973-13209*1;Epipremnum pinnatum 'Aureum';Princess of Wales Conservatory;01;03;
K:LCD-1983-2012*2;Anthurium olfersianum;Princess of Wales Conservatory;01;HB;
K:LCD-1966-15703*2;Peperomia pseudoamplexicaulis;Princess of Wales Conservatory;01;06;
K:LCD-1972-3989*1;Aechmea warasii;Princess of Wales Conservatory;01;03;TREE
K:LCD-2001-4512*3;Kohleria spicata;Princess of Wales Conservatory;01;19;
K:LCD-1973-13484*2;Dracaena aubryana;Princess of Wales Conservatory;01;21;
K:LCD-1948-35701*2;Kalanchoe marnieriana;Princess of Wales Conservatory;03;22;
K:LCD-2013-1212*1;Heliconia schiedeana;Princess of Wales Conservatory;05;04;
K:LCD-1990-2728*2;Colysis wrightii;Princess of Wales Conservatory;04;07;
K:LCD-1962-41002*1;Rhododendron macgregoriae;Princess of Wales Conservatory;02;01;
K:LCD-1984-4575*1;Passiflora foetida;Princess of Wales Conservatory;09;06;
K:LCD-1970-4818*1;Senecio serpens;Princess of Wales Conservatory;03;21;
K:LCD-1986-2152*1;Centella asiatica;Princess of Wales Conservatory;01;24;
K:LCD-1974-2557*2;Hymenocallis speciosa;Princess of Wales Conservatory;01;24;
K:LCD-1980-2707*2;Plectranthus cicatricosus;Princess of Wales Conservatory;03;05;
K:LCD-2004-2896*7;Barleria strigosa;Princess of Wales Conservatory;01;10;
K:LCD-1994-3468*3;Peperomia pseudovariegata;Princess of Wales Conservatory;04;04;
K:LCD-1972-3421*4;Aechmea fosteriana;Princess of Wales Conservatory;01;02;
K:LCD-1958-58501*2;Ruellia portellae;Princess of Wales Conservatory;01;02;
K:LCD-1974-1242*1;Hohenbergia utriculosa;Princess of Wales Conservatory;01;11;
K:LCD-1954-15901*3;Stenochlaena tenuifolia;Princess of Wales Conservatory;01;06;
K:LCD-1943-12212*1;Haworthia longiana;Princess of Wales Conservatory;03;07;
K:LCD-1981-2340*1;Calathea marantifolia;Princess of Wales Conservatory;01;28;
K:LCD-1992-1852*4;Gloriosa superba;Princess of Wales Conservatory;05;07;
K:LCD-1982-2022*1;Calathea brasiliensis;Princess of Wales Conservatory;01;02;
K:LCD-1989-2576*2;Peperomia hederifolia 'Grey Heart';Princess of Wales Conservatory;01;27;
K:LCD-1969-51706*4;Rhododendron 'Pink Delight';Princess of Wales Conservatory;02;06;
K:LCD-1964-40119*1;Spathiphyllum blandum;Princess of Wales Conservatory;01;06;
K:LCD-1983-2556*2;Calathea pseudoveitchiana;Princess of Wales Conservatory;01;21;
K:LCD-1988-3846*1;Anthurium obtusum subsp. obtusum;Princess of Wales Conservatory;01;09;
K:LCD-1996-2228*1;Opuntia microdasys 'Albata';Princess of Wales Conservatory;03;17;
K:LCD-1979-207*2;Begonia serratipetala;Princess of Wales Conservatory;01;23;
K:LCD-1958-33503*4;Aglaomorpha splendens;Princess of Wales Conservatory;04;11;
K:LCD-1986-2517*3;Senecio crassissimus;Princess of Wales Conservatory;10;01;
K:LCD-1940-32901*1;Agave attenuata;Princess of Wales Conservatory;03;12;
K:LCD-1987-1403*1;Norantea guianensis;Princess of Wales Conservatory;01;05;
K:LCD-1986-5312*3;Crinum × amabile;Princess of Wales Conservatory;01;02;
K:LCD-1979-3225*3;Thysanolaena maxima;Princess of Wales Conservatory;02;08;
K:LCD-1989-2588*2;Peperomia tristachya;Princess of Wales Conservatory;01;27;
K:LCD-1988-3849*4;Ctenanthe dasycarpa;Princess of Wales Conservatory;01;28;
K:LCD-1973-13520*1;Musa cavendishii;Princess of Wales Conservatory;01;06;
K:LCD-1963-66324*3;Pelargonium echinatum;Princess of Wales Conservatory;03;11;
K:LCD-1994-2612*2;Aristolochia grandiflora;Princess of Wales Conservatory;01;22;
K:LCD-1973-13403*3;Cibotium schiedei;Princess of Wales Conservatory;04;09;
K:LCD-2004-2204*4;Pelargonium 'Varigated Fragrans';Princess of Wales Conservatory;03;09;
K:LCD-1953-45801*3;Aglaonema commutatum var. maculatum;Princess of Wales Conservatory;04;04;
K:LCD-1962-61105*1;Senecio barbertonicus;Princess of Wales Conservatory;03;07;
K:LCD-1971-2407*2;Cryptanthus acaulis var. ruber;Princess of Wales Conservatory;01;12;
K:LCD-1976-3779*4;Aeonium palmense;Princess of Wales Conservatory;03;13;
K:LCD-2009-3750*2;Passiflora garckei;Princess of Wales Conservatory;01;09;
K:LCD-1959-84505*1;Strophanthus preussii;Princess of Wales Conservatory;01;13;
K:LCD-1997-5845*2;Peliosanthes teta subsp. humilis;Princess of Wales Conservatory;01;02;
K:LCD-1969-17380*3;Spathiphyllum wallisii;Princess of Wales Conservatory;04;06;
K:LCD-2000-2852*1;Anthurium llewellynii;Princess of Wales Conservatory;01;10;
K:LCD-1988-2091*1;Plantae;Princess of Wales Conservatory;03;18;
K:LCD-1984-4956*2;Kalanchoe schimperiana;Princess of Wales Conservatory;03;21;
K:LCD-2001-3589*4;Musa rubra;Princess of Wales Conservatory;01;19;
K:LCD-1994-3364*5;Passiflora citrina;Princess of Wales Conservatory;02;04;
K:LCD-2004-2175*2;Pelargonium × ignescens;Princess of Wales Conservatory;03;11;
K:LCD-1979-2483*1;Philodendron ornatum;Princess of Wales Conservatory;01;10;
K:LCD-1969-3404*3;Cyanotis nodiflora subsp. madagascarica;Princess of Wales Conservatory;03;22;
K:LCD-1996-41*2;Cercestis mirabilis;Princess of Wales Conservatory;01;08;
K:LCD-1988-2071*4;Senecio pyramidatus;Princess of Wales Conservatory;10;01;
K:LCD-1969-12115*2;Crassula gillii;Princess of Wales Conservatory;03;02;
K:LCD-2010-343*2;Kalanchoe;Princess of Wales Conservatory;03;22;
K:LCD-1942-19802*2;Gasteria;Princess of Wales Conservatory;03;02;
K:LCD-1929-28501*1;Musa 'Lacatan';Princess of Wales Conservatory;01;04;
K:LCD-1969-1858*2;Drosera binata;Princess of Wales Conservatory;09;05;
K:LCD-1973-13784*2;Lygodium japonicum;Princess of Wales Conservatory;01;20;
K:LCD-1979-3229*1;Tradescantia spathacea;Princess of Wales Conservatory;01;23;
K:LCD-1999-2291*1;Acrodon subulatus;Princess of Wales Conservatory;03;03;
K:LCD-1969-17410*7;Rhododendron scopulorum;Princess of Wales Conservatory;05;06;
K:LCD-1989-27*2;Hymenocallis littoralis;Princess of Wales Conservatory;01;22;
K:LCD-1963-62602*2;Kleinia;Princess of Wales Conservatory;03;21;
K:LCD-1962-16709*1;Urospatha sagittifolia;Princess of Wales Conservatory;01;24;
K:LCD-1984-2930*1;Ficus villosa;Princess of Wales Conservatory;01;23;
K:LCD-2004-2176*2;Pelargonium ionidiflorum;Princess of Wales Conservatory;03;11;
K:LCD-1970-1474*1;Holochlamys beccarii;Princess of Wales Conservatory;01;07;
K:LCD-1969-4087*1;Agave funkiana;Princess of Wales Conservatory;03;19;
K:LCD-2013-1493*4;Pentagonia;Princess of Wales Conservatory;04;07;
K:LCD-1973-4269*1;Peperomia obtusifolia;Princess of Wales Conservatory;01;06;
K:LCD-1953-23214*1;Haworthia viscosa;Princess of Wales Conservatory;03;06;
K:LCD-1983-1999*1;Dieffenbachia aglaonematifolia;Princess of Wales Conservatory;01;06;
K:LCD-1973-2304*1;Davallia;Princess of Wales Conservatory;04;HB;
K:LCD-1979-3229*2;Tradescantia spathacea;Princess of Wales Conservatory;01;22;
K:LCD-2000-678*2;Drosanthemum crassum;Princess of Wales Conservatory;03;07;
K:LCD-1993-931*1;Graptopetalum pachyphyllum;Princess of Wales Conservatory;03;16;
K:LCD-1973-13122*2;Anthurium regale;Princess of Wales Conservatory;04;02;
K:LCD-1986-640*3;Pelargonium radens;Princess of Wales Conservatory;03;09;
K:LCD-1986-4255*5;Gasteria rawlinsonii;Princess of Wales Conservatory;10;02;
K:LCD-1977-3202*2;Cynanchum arabicum;Princess of Wales Conservatory;03;05;
K:LCD-1969-4610*1;Pelargonium elongatum;Princess of Wales Conservatory;03;09;
K:LCD-1995-3019*3;Begonia;Princess of Wales Conservatory;01;23;
K:LCD-2001-1434*3;Nepenthes maxima × sanguinea;Princess of Wales Conservatory;08;01;
K:LCD-1963-56807*5;Anthurium jenmanii;Princess of Wales Conservatory;01;06;
K:LCD-1963-48606*4;Palisota albertii;Princess of Wales Conservatory;04;03;
K:LCD-1972-1368*2;Aeschynanthus parviflorus;Princess of Wales Conservatory;01;HB;
K:LCD-1966-40624*4;Aechmea pimenti-velosoi;Princess of Wales Conservatory;01;12;TREE
K:LCD-2004-610*5;Phragmipedium Eva gx;Princess of Wales Conservatory;06;02;
K:LCD-1982-1618*3;Aechmea longifolia;Princess of Wales Conservatory;01;02;
K:LCD-1963-49801*1;Anthurium andraeanum;Princess of Wales Conservatory;01;09;
K:LCD-1972-4013*4;Neoregelia ampullacea;Princess of Wales Conservatory;01;17;
K:LCD-2012-1439*2;Passiflora intricata;Princess of Wales Conservatory;06;03;
K:LCD-1985-1165*2;Peperomia obtusifolia 'Variegata';Princess of Wales Conservatory;01;28;SHELF
K:LCD-1984-2391*2;Cephalophyllum procumbens;Princess of Wales Conservatory;03;07;
K:LCD-1983-1534*3;Nephrolepis cordifolia 'Auriculata';Princess of Wales Conservatory;04;HB;
K:LCD-2011-817*2;Passiflora macrocarpa;Princess of Wales Conservatory;01;28;
K:LCD-1986-4256*2;Gasteria baylissiana;Princess of Wales Conservatory;03;02;
K:LCD-1965-52701*1;Hedychium coronarium;Princess of Wales Conservatory;04;08;
K:LCD-1990-1928*2;Peperomia vestita var. lindenii;Princess of Wales Conservatory;01;27;
K:LCD-1990-2728*1;Colysis wrightii;Princess of Wales Conservatory;04;09;
K:LCD-1997-5850*3;Rhaphidophora tetrasperma;Princess of Wales Conservatory;01;03;
K:LCD-1981-2378*2;Ctenanthe lubbersiana;Princess of Wales Conservatory;01;28;
K:LCD-1982-3051*1;Raddia brasiliensis;Princess of Wales Conservatory;05;01;
K:LCD-2013-505*3;Nepenthes 'Rebecca Soper';Princess of Wales Conservatory;08;01;
K:LCD-1997-5834*3;Steudnera kerrii;Princess of Wales Conservatory;01;07;
K:LCD-1976-6349*3;Monocostus uniflorus;Princess of Wales Conservatory;06;02;
K:LCD-1988-3337*3;Begonia 'Superba';Princess of Wales Conservatory;04;06;
K:LCD-2002-640*2;Nymphaea 'Saint Louis Gold';Princess of Wales Conservatory;01;POND;
K:LCD-1993-1690*2;Marantochloa holostachya;Princess of Wales Conservatory;01;28;
K:LCD-1969-6199*5;Caladium bicolor;Princess of Wales Conservatory;01;08;
K:LCD-1974-3567*4;Gloxinia perennis;Princess of Wales Conservatory;01;21;
K:LCD-2012-1214*2;Aeonium cuneatum;Princess of Wales Conservatory;03;13;
K:LCD-2004-2495*3;Nidularium angustifolium;Princess of Wales Conservatory;01;11;
K:LCD-1966-5501*2;Amphiblemma cymosum;Princess of Wales Conservatory;01;04;
K:LCD-2007-1156*5;Pelargonium citronellum;Princess of Wales Conservatory;03;HB;
K:LCD-1975-25*1;Phragmipedium Calurum gx;Princess of Wales Conservatory;06;02;
K:LCD-1999-593*1;Alpinia hookeriana;Princess of Wales Conservatory;01;06;
K:LCD-1970-4720*2;Aechmea orlandiana;Princess of Wales Conservatory;01;11;
K:LCD-2002-1633*2;Cymbidium hybrid;Princess of Wales Conservatory;05;07;
K:LCD-1998-3454*3;Erythrina madagascariensis;Princess of Wales Conservatory;01;13;
K:LCD-2012-1221*2;Stapelia hybrid;Princess of Wales Conservatory;03;01;
K:LCD-1962-67803*3;Cotyledon decussata;Princess of Wales Conservatory;03;02;
K:LCD-1989-1609*2;Wercklea ferox;Princess of Wales Conservatory;01;15;
K:LCD-1968-30108*1;Culcasia scandens;Princess of Wales Conservatory;01;04;
K:LCD-2007-1154*1;Pelargonium album;Princess of Wales Conservatory;03;09;
K:LCD-2005-64*2;Pelargonium xerophyton;Princess of Wales Conservatory;03;21;
K:LCD-2000-2344*2;Passiflora perfoliata;Princess of Wales Conservatory;01;12;
K:LCD-1973-13802*1;Selaginella willdenowii;Princess of Wales Conservatory;04;11;
K:LCD-1998-3486*1;Pelargonium multibracteatum;Princess of Wales Conservatory;03;09;
K:LCD-1997-6413*2;Scilla madeirensis;Princess of Wales Conservatory;03;13;
K:LCD-1980-6137*2;Begonia corallina;Princess of Wales Conservatory;01;23;
K:LCD-1998-986*4;Achimenes misera;Princess of Wales Conservatory;01;02;
K:LCD-1973-12080*3;Aristolochia tricaudata;Princess of Wales Conservatory;01;06;
K:LCD-1991-589*3;Sideritis macrostachyos;Princess of Wales Conservatory;03;13;
K:LCD-1982-4708*2;Kleinia stapeliiformis;Princess of Wales Conservatory;10;01;
K:LCD-1984-3036*1;Globba atrosanguinea;Princess of Wales Conservatory;01;06;
K:LCD-1993-3116*5;Tetradenia nervosa;Princess of Wales Conservatory;03;22;
K:LCD-1994-3611*1;Rhaphidophora latevaginata;Princess of Wales Conservatory;01;06;
K:LCD-2012-163*2;Passiflora curva;Princess of Wales Conservatory;01;11;T3
K:LCD-1982-5009*2;Amydrium zippelianum;Princess of Wales Conservatory;01;25;
K:LCD-1969-6199*3;Caladium bicolor;Princess of Wales Conservatory;01;06;
K:LCD-1989-2590*2;Peperomia magnoliifolia 'Golden Gate';Princess of Wales Conservatory;01;27;
K:LCD-1963-45512*2;Aglaonema nitidum;Princess of Wales Conservatory;01;11;
K:LCD-1973-13006*2;Asystasia travancorica;Princess of Wales Conservatory;01;03;
K:LCD-1957-68101*1;Dolichandra unguis-cati;Princess of Wales Conservatory;01;29;E5
K:LCD-1971-1991*2;Aglaomorpha splendens;Princess of Wales Conservatory;04;12;
K:LCD-1973-20448*1;Ardisia elliptica;Princess of Wales Conservatory;01;06;
K:LCD-1976-3782*4;Aeonium canariense subsp. virgineum;Princess of Wales Conservatory;03;13;
K:LCD-2004-2475*3;Neoregelia carolinae;Princess of Wales Conservatory;01;02;
K:LCD-1977-763*4;Calathea brasiliensis;Princess of Wales Conservatory;01;29;
K:LCD-1971-5275*1;Rhododendron burmanicum;Princess of Wales Conservatory;02;06;
K:LCD-1969-17483*1;Thunbergia laurifolia;Princess of Wales Conservatory;01;01;
K:LCD-2000-2845*5;Anthurium gracile;Princess of Wales Conservatory;01;09;
K:LCD-1983-348*2;Phragmipedium Lemoinierianum gx;Princess of Wales Conservatory;06;05;
K:LCD-1969-50343*3;Microsorum scolopendria 'Cristatum';Princess of Wales Conservatory;04;03;
K:LCD-1973-13304*2;Cryptanthus zonatus f. fuscus;Princess of Wales Conservatory;01;08;
K:LCD-1979-1773*3;Aechmea triangularis;Princess of Wales Conservatory;01;12;
K:LCD-1997-81*2;Fenestraria rhopalophylla subsp. aurantiaca;Princess of Wales Conservatory;03;08;
K:LCD-1979-3542*2;Hechtia tillandsioides;Princess of Wales Conservatory;03;23;
K:LCD-1979-6274*3;Episcia cupreata;Princess of Wales Conservatory;01;22;
K:LCD-1976-3809*4;Aeonium urbicum;Princess of Wales Conservatory;03;13;
K:LCD-1965-52701*2;Hedychium coronarium;Princess of Wales Conservatory;04;07;
K:LCD-1975-3126*2;Aechmea coelestis var. albomarginata;Princess of Wales Conservatory;01;14;
K:LCD-1982-5442*2;Gasteria bicolor;Princess of Wales Conservatory;03;01;
K:LCD-2012-709*2;Senecio macroglossus;Princess of Wales Conservatory;10;01;
K:LCD-2004-2196*1;Pelargonium 'Torrento';Princess of Wales Conservatory;03;10;
K:LCD-2003-3529*4;Goudaea ospinae var. ospinae;Princess of Wales Conservatory;01;05;
K:LCD-1997-96*2;Machairophyllum albidum;Princess of Wales Conservatory;03;08;
K:LCD-2013-1537*2;Tillandsia stricta;Princess of Wales Conservatory;01;11;TREE
K:LCD-2011-1450*1;Avicennia germinans;Princess of Wales Conservatory;01;22;
K:LCD-1983-2091*2;Maranta bicolor;Princess of Wales Conservatory;01;28;
K:LCD-2007-1267*3;Pelargonium 'Stellar Hybrid';Princess of Wales Conservatory;03;10;
K:LCD-1981-4613*2;Tillandsia incarnata;Princess of Wales Conservatory;01;11;
K:LCD-1972-4047*2;Vriesea philippocoburgi;Princess of Wales Conservatory;01;11;
K:LCD-1966-55219*3;Quesnelia testudo;Princess of Wales Conservatory;01;12;
K:LCD-1999-1537*4;Marlothistella uniondalensis;Princess of Wales Conservatory;03;08;
K:LCD-1997-6686*2;Asplenium;Princess of Wales Conservatory;04;08;
K:LCD-2000-4506*2;Passiflora sanguinolenta;Princess of Wales Conservatory;01;06;
K:LCD-1990-1932*3;Cercestis mirabilis;Princess of Wales Conservatory;01;08;
K:LCD-1978-1273*5;Anthurium lilacinum;Princess of Wales Conservatory;01;09;
K:LCD-1982-3946*2;Cyclanthus bipartitus;Princess of Wales Conservatory;01;29;
K:LCD-2000-4221*1;Cyrtomium caryotideum;Princess of Wales Conservatory;07;02;
K:LCD-1961-67302*1;Fouquieria splendens;Princess of Wales Conservatory;03;12;
K:LCD-1994-1067*3;Diplazium esculentum;Princess of Wales Conservatory;08;01;
K:LCD-1984-124*2;Begonia angularis;Princess of Wales Conservatory;01;23;
