Is Dead;Accession Number;Catalogue Number;Accepted Name;TaxonomicName;Genus;Family;Provenance Code;Legacy Provenance Code;Country ISO;Last Seen On
ALIVE;2013-576;K:LCD-2013-576*3;Citrus hystrix;Citrus hystrix;Citrus;Rutaceae;;;;25-07-2025
ALIVE;2019-2286;K:LCD-2019-2286*6;Campanula kachethica;Campanula kachethica;Campanula;Campanulaceae;;N - Natural Source and Progeny;Georgia;16-07-2025
ALIVE;2018-917;K:LCD-2018-917*1;Rubiaceae;Rubiaceae;;Rubiaceae;;N - Natural Source and Progeny;Vietnam;16-07-2025
ALIVE;2010-568;K:LCD-2010-568*1;Magnolia × alba;Magnolia × alba;Magnolia;Magnoliaceae;;;Mexico;16-07-2025
ALIVE;2015-1496;K:LCD-2015-1496*1;Lygodium japonicum;Lygodium japonicum;Lygodium;Schizaeaceae;;N - Natural Source and Progeny;Vietnam;15-07-2025
ALIVE;1961-48702;K:LCD-1961-48702*3;Impatiens campanulata;Impatiens campanulata;Impatiens;Balsaminaceae;;;;15-07-2025
ALIVE;2000-384;K:LCD-2000-384*1;;Hedychium × raffillii 'C. P. Raffill';Hedychium;Zingiberaceae;;;;15-07-2025
ALIVE;1963-67306;K:LCD-1963-67306*6;Arachniodes chinensis;Arachniodes chinensis;Arachniodes;Polypodiaceae;;;;15-07-2025
ALIVE;1966-21802;K:LCD-1966-21802*2;Clematis buchananiana;Clematis buchananiana;Clematis;Ranunculaceae;;N - Natural Source and Progeny;Nepal;18-07-2024
ALIVE;1989-3952;K:LCD-1989-3952*2;Kadsura japonica;Kadsura japonica;Kadsura;Schisandraceae;;N - Natural Source and Progeny;Japan;24-05-2024
ALIVE;1985-5438;K:LCD-1985-5438*1;Dioscorea deltoidea;Dioscorea deltoidea;Dioscorea;Dioscoreaceae;;N - Natural Source and Progeny;India;15-07-2025
ALIVE;1946-26101;K:LCD-1946-26101*1;Stephania glandulifera;Stephania glandulifera;Stephania;Menispermaceae;;;;24-05-2024
ALIVE;1985-4543;K:LCD-1985-4543*1;Berchemia polyphylla var. leioclada;Berchemia polyphylla var. leioclada;Berchemia;Rhamnaceae;;N - Natural Source and Progeny;China;24-05-2024
ALIVE;1969-17220;K:LCD-1969-17220*1;Smilax china;Smilax china;Smilax;Smilacaceae;;;;24-05-2024
ALIVE;1969-16941;K:LCD-1969-16941*1;Jasminum polyanthum;Jasminum polyanthum;Jasminum;Oleaceae;;;;18-07-2024
ALIVE;1969-18325;K:LCD-1969-18325*1;Trachelospermum jasminoides;Trachelospermum jasminoides;Trachelospermum;Apocynaceae;;;;24-05-2024
ALIVE;1988-4508;K:LCD-1988-4508*2;Thladiantha villosula;Thladiantha villosula;Thladiantha;Cucurbitaceae;;N - Natural Source and Progeny;China;24-05-2024
ALIVE;1960-47501;K:LCD-1960-47501*1;Tetrapanax papyrifer;Tetrapanax papyrifer;Tetrapanax;Araliaceae;;;;15-07-2025
ALIVE;1963-67306;K:LCD-1963-67306*4;Arachniodes chinensis;Arachniodes chinensis;Arachniodes;Polypodiaceae;;;;15-07-2025
ALIVE;1971-1901;K:LCD-1971-1901*1;Achyranthes bidentata;Achyranthes bidentata;Achyranthes;Amaranthaceae;;N - Natural Source and Progeny;Japan;15-07-2025
ALIVE;1973-12236;K:LCD-1973-12236*2;Himalayacalamus hookerianus;Himalayacalamus hookerianus;Himalayacalamus;Poaceae;;;;15-07-2025
ALIVE;1973-12236;K:LCD-1973-12236*1;Himalayacalamus hookerianus;Himalayacalamus hookerianus;Himalayacalamus;Poaceae;;;;15-07-2025
ALIVE;1959-70601;K:LCD-1959-70601*1;Boehmeria splitgerbera;Boehmeria biloba;Boehmeria;Urticaceae;;;;22-05-2024
ALIVE;1985-866;K:LCD-1985-866*1;Rohdea nepalensis;Tupistra aurantiaca;Tupistra;Asparagaceae;;N - Natural Source and Progeny;Nepal;15-07-2025
ALIVE;1985-866;K:LCD-1985-866*2;Rohdea nepalensis;Tupistra aurantiaca;Tupistra;Asparagaceae;;N - Natural Source and Progeny;Nepal;15-07-2025
ALIVE;1969-50088;K:LCD-1969-50088*2;Strobilanthes glutinosa;Strobilanthes glutinosa;Strobilanthes;Acanthaceae;;;;15-07-2025
ALIVE;1969-50088;K:LCD-1969-50088*7;Strobilanthes glutinosa;Strobilanthes glutinosa;Strobilanthes;Acanthaceae;;;;15-07-2025
ALIVE;2013-136;K:LCD-2013-136*2;Trachycarpus ukhrulensis;Trachycarpus ukhrulensis;Trachycarpus;Arecaceae;;N - Natural Source and Progeny;;15-07-2025
ALIVE;2018-605;K:LCD-2018-605*1;Pyrrosia lingua;Pyrrosia lingua;Pyrrosia;Polypodiaceae;;N - Natural Source and Progeny;Vietnam;15-07-2025
ALIVE;2000-3326;K:LCD-2000-3326*2;Hedychium coccineum;Hedychium coccineum;Hedychium;Zingiberaceae;;N - Natural Source and Progeny;Nepal;08-03-2018
ALIVE;2015-1688;K:LCD-2015-1688*1;Hedychium;Hedychium;Hedychium;Zingiberaceae;;N - Natural Source and Progeny;Vietnam;08-03-2018
ALIVE;1959-67001;K:LCD-1959-67001*3;Colquhounia coccinea;Colquhounia coccinea;Colquhounia;Lamiaceae;;;;09-07-2024
ALIVE;2006-561;K:LCD-2006-561*5;Bletilla striata;Bletilla striata;Bletilla;Orchidaceae;;;;15-07-2025
ALIVE;1985-4552;K:LCD-1985-4552*1;Acorus gramineus;Acorus gramineus;Acorus;Acoraceae;;N - Natural Source and Progeny;China;15-07-2025
ALIVE;2004-3191;K:LCD-2004-3191*1;Rehmannia piasezkii;Rehmannia angulata;Rehmannia;Orobanchaceae;;;;18-07-2024
ALIVE;2014-810;K:LCD-2014-810*5;Agapetes serpens;Agapetes serpens;Agapetes;Ericaceae;;;;21-05-2024
ALIVE;2014-1443;K:LCD-2014-1443*3;Agapetes saligna;Agapetes saligna;Agapetes;Ericaceae;;;;28-05-2024
ALIVE;1969-16943;K:LCD-1969-16943*4;Agapetes obovata;Agapetes obovata;Agapetes;Ericaceae;;;;28-05-2024
ALIVE;2014-1442;K:LCD-2014-1442*2;Agapetes obovata;Agapetes obovata;Agapetes;Ericaceae;;;;28-05-2024
ALIVE;1985-8585;K:LCD-1985-8585*2;Eleutherococcus trifoliatus;Eleutherococcus trifoliatus;Eleutherococcus;Araliaceae;;N - Natural Source and Progeny;China;19-02-2024
ALIVE;2000-384;K:LCD-2000-384*2;;Hedychium × raffillii 'C. P. Raffill';Hedychium;Zingiberaceae;;;;20-01-2025
ALIVE;1949-48602;K:LCD-1949-48602*1;Cycas revoluta;Cycas revoluta;Cycas;Cycadaceae;;N - Natural Source and Progeny;Egypt;20-05-2024
ALIVE;1969-17797;K:LCD-1969-17797*1;Cycas revoluta;Cycas revoluta;Cycas;Cycadaceae;;;;21-05-2024
ALIVE;1981-8688;K:LCD-1981-8688*1;Cycas revoluta;Cycas taitungensis;Cycas;Cycadaceae;;;;20-05-2024
ALIVE;1995-2090;K:LCD-1995-2090*1;Cycas revoluta;Cycas revoluta;Cycas;Cycadaceae;;;;20-05-2024
ALIVE;1995-3724;K:LCD-1995-3724*1;Cycas revoluta;Cycas revoluta;Cycas;Cycadaceae;;;;04-07-2024
ALIVE;2004-2125;K:LCD-2004-2125*1;Cycas revoluta;Cycas revoluta;Cycas;Cycadaceae;;;;20-05-2024
ALIVE;2004-368;K:LCD-2004-368*2;Cycas revoluta;Cycas revoluta;Cycas;Cycadaceae;;;;20-05-2024
ALIVE;2005-2092;K:LCD-2005-2092*1;Cycas revoluta;Cycas revoluta;Cycas;Cycadaceae;;;;28-05-2024
ALIVE;2023-1088;K:LCD-2023-1088*3;Cycas revoluta;Cycas revoluta;Cycas;Cycadaceae;;;;15-02-2024
ALIVE;2023-1088;K:LCD-2023-1088*4;Cycas revoluta;Cycas revoluta;Cycas;Cycadaceae;;;;15-02-2024
ALIVE;2022-89;K:LCD-2022-89*3;Washingtonia filifera;Washingtonia filifera;Washingtonia;Arecaceae;;N - Natural Source and Progeny;Mexico;19-02-2025
ALIVE;2002-1364;K:LCD-2002-1364*3;Sabal rosei;Sabal rosei;Sabal;Arecaceae;;;Germany;26-03-2025
ALIVE;1969-13997;K:LCD-1969-13997*3;Glycosmis pentaphylla;Glycosmis pentaphylla;Glycosmis;Rutaceae;;;;15-02-2024
ALIVE;1956-7801;K:LCD-1956-7801*1;Trachelospermum asiaticum;Trachelospermum asiaticum;Trachelospermum;Apocynaceae;;;;21-05-2024
ALIVE;1989-3991;K:LCD-1989-3991*1;Ternstroemia gymnanthera;Ternstroemia gymnanthera;Ternstroemia;Pentaphylacaceae;;N - Natural Source and Progeny;Japan;20-05-2024
ALIVE;1985-8684;K:LCD-1985-8684*1;Actinidia chinensis var. deliciosa;Actinidia chinensis var. deliciosa;Actinidia;Actinidiaceae;;N - Natural Source and Progeny;China;20-05-2024
ALIVE;1919-6403;K:LCD-1919-6403*1;Stephania rotunda;Stephania rotunda;Stephania;Menispermaceae;;;;20-05-2024
ALIVE;2016-2164;K:LCD-2016-2164*1;Codonopsis javanica subsp. japonica;Codonopsis javanica subsp. japonica;Codonopsis;Campanulaceae;;N - Natural Source and Progeny;Vietnam;20-05-2024
ALIVE;2001-1691;K:LCD-2001-1691*1;Gynostemma pentaphyllum;Gynostemma pentaphyllum;Gynostemma;Cucurbitaceae;;;Japan;20-05-2024
ALIVE;1985-4488;K:LCD-1985-4488*2;Kadsura heteroclita;Kadsura heteroclita;Kadsura;Schisandraceae;;N - Natural Source and Progeny;China;20-05-2024
ALIVE;1964-25702;K:LCD-1964-25702*2;Mucuna sempervirens;Mucuna sempervirens;Mucuna;Fabaceae;;;;20-05-2024
ALIVE;1966-67818;K:LCD-1966-67818*1;Jasminum dispermum;Jasminum dispermum;Jasminum;Oleaceae;;;Nepal;20-05-2024
ALIVE;2015-1736;K:LCD-2015-1736*1;Trichosanthes pilosa;Trichosanthes pilosa;Trichosanthes;Cucurbitaceae;;N - Natural Source and Progeny;Vietnam;01-10-2024
ALIVE;1953-28801;K:LCD-1953-28801*3;Camellia reticulata;Camellia reticulata;Camellia;Theaceae;;;;02-01-2025
ALIVE;1955-32901;K:LCD-1955-32901*1;Camellia tsaii;Camellia tsaii;Camellia;Theaceae;;;;02-01-2025
ALIVE;1994-3392;K:LCD-1994-3392*1;Ephedra foeminea;Ephedra foeminea;Ephedra;Ephedraceae;;;Saudi Arabia;15-02-2024
ALIVE;2017-2357;K:LCD-2017-2357*1;Araucaria heterophylla;Araucaria heterophylla;Araucaria;Araucariaceae;;;Norfolk Island;27-03-2024
ALIVE;2004-318;K:LCD-2004-318*1;Encephalartos horridus;Encephalartos horridus;Encephalartos;Zamiaceae;;;;17-08-2023
ALIVE;1899-31101;K:LCD-1899-31101*1;Encephalartos woodii;Encephalartos woodii;Encephalartos;Zamiaceae;;;South Africa;21-06-2022
ALIVE;2010-2377;K:LCD-2010-2377*1;Agathis robusta;Agathis robusta;Agathis;Araucariaceae;;;;28-12-2024
ALIVE;2005-1809;K:LCD-2005-1809*6;Sonchus brassicifolius;Sonchus brassicifolius;Sonchus;Asteraceae;;N - Natural Source and Progeny;Chile;15-06-2024
ALIVE;1985-4487;K:LCD-1985-4487*1;Potentilla indica;Potentilla indica;Potentilla;Rosaceae;;N - Natural Source and Progeny;China;01-10-2024
ALIVE;2016-568;K:LCD-2016-568*1;Joinvillea plicata;Joinvillea plicata;Joinvillea;Joinvilleaceae;;N - Natural Source and Progeny;New Caledonia;01-01-2023
ALIVE;2016-599;K:LCD-2016-599*1;Veronica salicifolia;Veronica salicifolia;Veronica;Plantaginaceae;;N - Natural Source and Progeny;New Zealand;08-11-2023
ALIVE;1943-1203;K:LCD-1943-1203*1;Hibiscus scottii;Hibiscus scottii;Hibiscus;Malvaceae;;;;01-08-2024
ALIVE;1972-3743;K:LCD-1972-3743*1;Solanum luteoalbum;Solanum luteoalbum;Solanum;Solanaceae;;N - Natural Source and Progeny;Peru;29-07-2022
ALIVE;1965-76301;K:LCD-1965-76301*1;Malacomeles denticulata;Malacomeles denticulata;Malacomeles;Rosaceae;;N - Natural Source and Progeny;;28-11-2024
ALIVE;1948-60704;K:LCD-1948-60704*3;Doryanthes palmeri;Doryanthes palmeri;Doryanthes;Doryanthaceae;;;;17-10-2023
ALIVE;1971-5160;K:LCD-1971-5160*7;Rhododendron johnstoneanum;Rhododendron johnstoneanum;Rhododendron;Ericaceae;;;;20-11-2023
ALIVE;2016-689;K:LCD-2016-689*1;Sannantha crenulata;Sannantha crenulata;Sannantha;Myrtaceae;;N - Natural Source and Progeny;Australia;17-10-2023
ALIVE;1988-817;K:LCD-1988-817*1;Lysimachia nemorum;Lysimachia nemorum;Lysimachia;Primulaceae;;N - Natural Source and Progeny;Portugal;28-07-2022
ALIVE;2007-2143;K:LCD-2007-2143*4;Acacia koa;Acacia koaia;Acacia;Fabaceae;;;;20-09-2023
ALIVE;2016-589;K:LCD-2016-589*2;Veronica speciosa;Veronica speciosa;Veronica;Plantaginaceae;;N - Natural Source and Progeny;New Zealand;18-04-2024
ALIVE;2016-1333;K:LCD-2016-1333*2;Adesmia balsamica;Adesmia balsamica;Adesmia;Fabaceae;;N - Natural Source and Progeny;Chile;30-01-2024
ALIVE;1971-2778;K:LCD-1971-2778*1;Alyxia ruscifolia;Alyxia ruscifolia;Alyxia;Apocynaceae;;N - Natural Source and Progeny;Australia;09-01-2025
ALIVE;1971-5160;K:LCD-1971-5160*6;Rhododendron johnstoneanum;Rhododendron johnstoneanum;Rhododendron;Ericaceae;;;;20-11-2023
ALIVE;2020-1433;K:LCD-2020-1433*2;Crowea saligna;Crowea saligna;Crowea;Rutaceae;;N - Natural Source and Progeny;Australia;01-10-2024
ALIVE;2009-250;K:LCD-2009-250*2;Coptosperma nigrescens;Coptosperma nigrescens;Coptosperma;Rubiaceae;;N - Natural Source and Progeny;Madagascar;08-08-2024
ALIVE;2008-1793;K:LCD-2008-1793*5;Protea cynaroides;Protea cynaroides;Protea;Proteaceae;;N - Natural Source and Progeny;;15-02-2024
ALIVE;2008-842;K:LCD-2008-842*4;Piper excelsum;Macropiper excelsum;Macropiper;Piperaceae;;N - Natural Source and Progeny;New Zealand;27-03-2024
ALIVE;2016-600;K:LCD-2016-600*1;Veronica traversii;Veronica traversii;Veronica;Plantaginaceae;;N - Natural Source and Progeny;New Zealand;27-03-2024
ALIVE;2016-593;K:LCD-2016-593*1;Apodasmia similis;Apodasmia similis;Apodasmia;Restionaceae;;N - Natural Source and Progeny;New Zealand;27-03-2024
ALIVE;1970-3550;K:LCD-1970-3550*6;Coleus shirensis;Plectranthus shirensis;Plectranthus;Lamiaceae;;N - Natural Source and Progeny;Malawi;29-05-2024
ALIVE;2004-758;K:LCD-2004-758*1;Mutisia coccinea var. dealbata;Mutisia coccinea var. dealbata;Mutisia;Asteraceae;;;;29-01-2024
ALIVE;1999-993;K:LCD-1999-993*5;Mellissia begoniifolia;Withania begoniifolia;Withania;Solanaceae;;N - Natural Source and Progeny;Saint Helena, Ascension, and Tristan da Cunha;22-05-2024
ALIVE;1966-57107;K:LCD-1966-57107*2;Eriolarynx australis;Iochroma australe;Iochroma;Solanaceae;;N - Natural Source and Progeny;Argentina;19-02-2024
ALIVE;2016-298;K:LCD-2016-298*1;Buckinghamia celsissima;Buckinghamia celsissima;Buckinghamia;Proteaceae;;N - Natural Source and Progeny;Australia;28-12-2024
ALIVE;1997-5260;K:LCD-1997-5260*1;Myoporum laetum;Myoporum laetum;Myoporum;Scrophulariaceae;;N - Natural Source and Progeny;New Zealand;27-03-2024
ALIVE;1993-3571;K:LCD-1993-3571*4;Coleus habrophyllus;Plectranthus habrophyllus;Plectranthus;Lamiaceae;;N - Natural Source and Progeny;Australia;01-10-2024
ALIVE;2000-4558;K:LCD-2000-4558*1;Cordyline stricta;Cordyline stricta;Cordyline;Asparagaceae;;N - Natural Source and Progeny;Australia;28-12-2024
ALIVE;1966-57107;K:LCD-1966-57107*1;Eriolarynx australis;Iochroma australe;Iochroma;Solanaceae;;N - Natural Source and Progeny;Argentina;19-02-2024
ALIVE;1990-1688;K:LCD-1990-1688*1;Rhinacanthus gracilis;Rhinacanthus gracilis;Rhinacanthus;Acanthaceae;;N - Natural Source and Progeny;South Africa;09-01-2025
ALIVE;2016-323;K:LCD-2016-323*2;Livistona decora;Livistona decora;Livistona;Arecaceae;;N - Natural Source and Progeny;Australia;28-12-2024
ALIVE;2002-441;K:LCD-2002-441*3;Lachenalia viridiflora;Lachenalia viridiflora;Lachenalia;Asparagaceae;;;;14-10-2024
ALIVE;2016-295;K:LCD-2016-295*1;Leucozoma elatum;Coronidium elatum;Coronidium;Asteraceae;;N - Natural Source and Progeny;Australia;02-01-2025
ALIVE;1986-3023;K:LCD-1986-3023*4;Hamelia patens;Hamelia patens;Hamelia;Rubiaceae;;N - Natural Source and Progeny;United States;14-02-2024
ALIVE;2006-1708;K:LCD-2006-1708*7;Fuchsia excorticata;Fuchsia excorticata;Fuchsia;Onagraceae;;N - Natural Source and Progeny;New Zealand;27-03-2024
ALIVE;1976-1005;K:LCD-1976-1005*3;Plectranthus ciliatus;Plectranthus ciliatus;Plectranthus;Lamiaceae;;N - Natural Source and Progeny;South Africa;28-11-2024
ALIVE;1993-1793;K:LCD-1993-1793*2;Melhania ebenus;Trochetiopsis ebenus;Trochetiopsis;Malvaceae;;N - Natural Source and Progeny;Saint Helena, Ascension, and Tristan da Cunha;24-05-2024
ALIVE;1969-6301;K:LCD-1969-6301*2;Senna septemtrionalis;Senna septemtrionalis;Senna;Fabaceae;;N - Natural Source and Progeny;Indonesia;29-01-2024
ALIVE;1993-823;K:LCD-1993-823*1;Saruma henryi;Saruma henryi;Saruma;Aristolochiaceae;;;;21-05-2024
ALIVE;2009-2765;K:LCD-2009-2765*4;Salvia caymanensis;Salvia caymanensis;Salvia;Lamiaceae;;N - Natural Source and Progeny;Cayman Islands;21-10-2024
ALIVE;2013-33;K:LCD-2013-33*1;Impatiens teitensis subsp. teitensis;Impatiens teitensis subsp. teitensis;Impatiens;Balsaminaceae;;N - Natural Source and Progeny;Kenya;09-01-2025
ALIVE;2008-1985;K:LCD-2008-1985*1;Sparaxis metelerkampiae;Sparaxis metelerkampiae;Sparaxis;Iridaceae;;N - Natural Source and Progeny;;22-08-2023
ALIVE;1965-63002;K:LCD-1965-63002*4;Metrosideros carminea;Metrosideros carminea;Metrosideros;Myrtaceae;;;New Zealand;21-06-2024
ALIVE;2016-588;K:LCD-2016-588*1;Solanum laciniatum;Solanum laciniatum;Solanum;Solanaceae;;N - Natural Source and Progeny;New Zealand;18-07-2024
ALIVE;2010-509;K:LCD-2010-509*1;Abutilon pitcairnense;Abutilon pitcairnense;Abutilon;Malvaceae;;N - Natural Source and Progeny;Pitcairn Islands;09-01-2025
ALIVE;2016-1019;K:LCD-2016-1019*4;Olearia pannosa subsp. cardiophylla;Olearia pannosa subsp. cardiophylla;Olearia;Asteraceae;;N - Natural Source and Progeny;Australia;17-10-2023
ALIVE;1998-685;K:LCD-1998-685*1;Libertia grandiflora;Libertia grandiflora;Libertia;Iridaceae;;;;27-03-2024
ALIVE;2021-940;K:LCD-2021-940*2;Schinus molle;Schinus molle;Schinus;Anacardiaceae;;N - Natural Source and Progeny;;10-12-2024
ALIVE;2016-689;K:LCD-2016-689*5;Sannantha crenulata;Sannantha crenulata;Sannantha;Myrtaceae;;N - Natural Source and Progeny;Australia;17-10-2023
ALIVE;2018-1711;K:LCD-2018-1711*1;Ensete ventricosum;Ensete ventricosum;Ensete;Musaceae;;N - Natural Source and Progeny;Madagascar;30-07-2023
ALIVE;1988-169;K:LCD-1988-169*3;Chenopodium sanctae-clarae;Chenopodium sanctae-clarae;Chenopodium;Amaranthaceae;;N - Natural Source and Progeny;Chile;21-05-2024
ALIVE;1998-3140;K:LCD-1998-3140*2;Hibiscus hamabo;Hibiscus hamabo;Hibiscus;Malvaceae;;N - Natural Source and Progeny;Japan;28-05-2024
ALIVE;2011-545;K:LCD-2011-545*3;Prosopis;Prosopis;Prosopis;Fabaceae;;N - Natural Source and Progeny;Peru;21-06-2022
ALIVE;1984-4295;K:LCD-1984-4295*4;Rhopalostylis baueri;Rhopalostylis baueri var. cheesemanii;Rhopalostylis;Arecaceae;;N - Natural Source and Progeny;New Zealand;27-03-2024
ALIVE;1991-1096;K:LCD-1991-1096*1;Hibiscadelphus hualalaiensis;Hibiscadelphus hualalaiensis;Hibiscadelphus;Malvaceae;;N - Natural Source and Progeny;United States;28-07-2022
ALIVE;1991-1771;K:LCD-1991-1771*2;Buddleja curviflora;Buddleja curviflora;Buddleja;Scrophulariaceae;;N - Natural Source and Progeny;Taiwan;21-06-2024
ALIVE;2011-2015;K:LCD-2011-2015*3;Syagrus romanzoffiana;Syagrus romanzoffiana;Syagrus;Arecaceae;;N - Natural Source and Progeny;Germany;01-02-2024
ALIVE;2014-813;K:LCD-2014-813*3;Digitalis canariensis;Digitalis canariensis;Digitalis;Plantaginaceae;;;Spain;19-09-2024
ALIVE;2017-874;K:LCD-2017-874*5;Pomaderris vacciniifolia;Pomaderris vacciniifolia;Pomaderris;Rhamnaceae;;N - Natural Source and Progeny;Australia;28-12-2024
ALIVE;1989-898;K:LCD-1989-898*1;Brugmansia arborea;Brugmansia arborea;Brugmansia;Solanaceae;;N - Natural Source and Progeny;Colombia;28-11-2024
ALIVE;2021-446;K:LCD-2021-446*1;Leucospermum catherinae;Leucospermum catherinae;Leucospermum;Proteaceae;;N - Natural Source and Progeny;South Africa;28-09-2023
ALIVE;1988-120;K:LCD-1988-120*7;Nesocodon mauritianus;Nesocodon mauritianus;Nesocodon;Campanulaceae;;;Mauritius;28-05-2024
ALIVE;2016-1333;K:LCD-2016-1333*1;Adesmia balsamica;Adesmia balsamica;Adesmia;Fabaceae;;N - Natural Source and Progeny;Chile;01-02-2024
ALIVE;2007-2143;K:LCD-2007-2143*3;Acacia koa;Acacia koaia;Acacia;Fabaceae;;;;22-01-2024
ALIVE;1999-10;K:LCD-1999-10*5;Coleus argentatus;Plectranthus argentatus;Plectranthus;Lamiaceae;;;;18-07-2024
ALIVE;2007-1897;K:LCD-2007-1897*1;Phoenix dactylifera;Phoenix dactylifera;Phoenix;Arecaceae;;N - Natural Source and Progeny;Germany;21-06-2022
ALIVE;2015-835;K:LCD-2015-835*3;Pericallis webbii;Pericallis webbii;Pericallis;Asteraceae;;N - Natural Source and Progeny;;25-10-2024
ALIVE;2021-320;K:LCD-2021-320*6;Banksia verticillata;Banksia verticillata;Banksia;Proteaceae;;N - Natural Source and Progeny;Australia;09-12-2024
ALIVE;1993-2923;K:LCD-1993-2923*2;Bulbine latifolia;Bulbine latifolia;Bulbine;Asphodelaceae;;N - Natural Source and Progeny;South Africa;17-08-2023
ALIVE;2016-1308;K:LCD-2016-1308*1;Ageratum corymbosum;Ageratum corymbosum;Ageratum;Asteraceae;;N - Natural Source and Progeny;Mexico;15-06-2024
ALIVE;1948-60704;K:LCD-1948-60704*1;Doryanthes palmeri;Doryanthes palmeri;Doryanthes;Doryanthaceae;;;;28-12-2024
ALIVE;2003-727;K:LCD-2003-727*5;Barbacenia purpurea;Barbacenia purpurea;Barbacenia;Velloziaceae;;;;08-02-2024
ALIVE;1984-4295;K:LCD-1984-4295*2;Rhopalostylis baueri;Rhopalostylis baueri var. cheesemanii;Rhopalostylis;Arecaceae;;N - Natural Source and Progeny;New Zealand;27-03-2024
ALIVE;2009-2765;K:LCD-2009-2765*3;Salvia caymanensis;Salvia caymanensis;Salvia;Lamiaceae;;N - Natural Source and Progeny;Cayman Islands;21-10-2024
ALIVE;1954-37601;K:LCD-1954-37601*3;Elingamita johnsonii;Elingamita johnsonii;Elingamita;Primulaceae;;;;27-03-2024
ALIVE;1998-3140;K:LCD-1998-3140*6;Hibiscus hamabo;Hibiscus hamabo;Hibiscus;Malvaceae;;N - Natural Source and Progeny;Japan;28-05-2024
ALIVE;2009-2765;K:LCD-2009-2765*2;Salvia caymanensis;Salvia caymanensis;Salvia;Lamiaceae;;N - Natural Source and Progeny;Cayman Islands;21-10-2024
ALIVE;2020-1003;K:LCD-2020-1003*2;Dombeya mollis;Dombeya mollis;Dombeya;Malvaceae;;N - Natural Source and Progeny;Madagascar;08-08-2024
ALIVE;2011-2015;K:LCD-2011-2015*2;Syagrus romanzoffiana;Syagrus romanzoffiana;Syagrus;Arecaceae;;N - Natural Source and Progeny;Germany;15-02-2024
ALIVE;1973-1207;K:LCD-1973-1207*1;Coleus lanuginosus;Plectranthus lanuginosus;Plectranthus;Lamiaceae;;N - Natural Source and Progeny;Somalia;09-01-2025
ALIVE;2016-1019;K:LCD-2016-1019*3;Olearia pannosa subsp. cardiophylla;Olearia pannosa subsp. cardiophylla;Olearia;Asteraceae;;N - Natural Source and Progeny;Australia;17-10-2023
ALIVE;1997-5259;K:LCD-1997-5259*3;Melicytus ramiflorus;Melicytus ramiflorus;Melicytus;Violaceae;;N - Natural Source and Progeny;New Zealand;27-03-2024
ALIVE;1994-2129;K:LCD-1994-2129*1;Agastache palmeri var. palmeri;Agastache palmeri var. palmeri;Agastache;Lamiaceae;;N - Natural Source and Progeny;Mexico;28-07-2022
ALIVE;1984-4295;K:LCD-1984-4295*3;Rhopalostylis baueri;Rhopalostylis baueri var. cheesemanii;Rhopalostylis;Arecaceae;;N - Natural Source and Progeny;New Zealand;27-03-2024
ALIVE;2010-455;K:LCD-2010-455*2;Dodonaea madagascariensis;Dodonaea madagascariensis;Dodonaea;Sapindaceae;;N - Natural Source and Progeny;Madagascar;10-04-2024
ALIVE;1990-2977;K:LCD-1990-2977*1;Leptospermum polygalifolium subsp. transmontanum;Leptospermum polygalifolium subsp. transmontanum;Leptospermum;Myrtaceae;;N - Natural Source and Progeny;Australia;21-05-2024
ALIVE;1990-2977;K:LCD-1990-2977*3;Leptospermum polygalifolium subsp. transmontanum;Leptospermum polygalifolium subsp. transmontanum;Leptospermum;Myrtaceae;;N - Natural Source and Progeny;Australia;17-10-2023
ALIVE;2016-1019;K:LCD-2016-1019*2;Olearia pannosa subsp. cardiophylla;Olearia pannosa subsp. cardiophylla;Olearia;Asteraceae;;N - Natural Source and Progeny;Australia;17-10-2023
ALIVE;2008-1683;K:LCD-2008-1683*5;Ruizia blackburniana;Trochetia blackburniana;Trochetia;Malvaceae;;N - Natural Source and Progeny;Mauritius;22-05-2024
ALIVE;1978-1921;K:LCD-1978-1921*1;Barleria oenotheroides;Barleria oenotheroides;Barleria;Acanthaceae;;N - Natural Source and Progeny;Mexico;29-07-2022
ALIVE;2003-556;K:LCD-2003-556*4;Disa tripetaloides;Disa tripetaloides;Disa;Orchidaceae;;;;15-02-2024
ALIVE;2016-1019;K:LCD-2016-1019*1;Olearia pannosa subsp. cardiophylla;Olearia pannosa subsp. cardiophylla;Olearia;Asteraceae;;N - Natural Source and Progeny;Australia;21-05-2024
ALIVE;1996-1902;K:LCD-1996-1902*5;Angraecum eburneum subsp. xerophilum;Angraecum eburneum subsp. xerophilum;Angraecum;Orchidaceae;;N - Natural Source and Progeny;Madagascar;29-07-2022
ALIVE;2009-2767;K:LCD-2009-2767*3;Salvia caymanensis;Salvia caymanensis;Salvia;Lamiaceae;;N - Natural Source and Progeny;Cayman Islands;21-10-2024
ALIVE;2003-2460;K:LCD-2003-2460*2;Wigandia urens;Wigandia caracasana;Wigandia;Boraginaceae;;;;29-05-2024
ALIVE;2013-39;K:LCD-2013-39*2;Commidendrum rugosum;Commidendrum rugosum;Commidendrum;Asteraceae;;N - Natural Source and Progeny;Saint Helena, Ascension, and Tristan da Cunha;31-01-2024
ALIVE;2008-838;K:LCD-2008-838*1;Pittosporum eugenioides;Pittosporum eugenioides;Pittosporum;Pittosporaceae;;N - Natural Source and Progeny;New Zealand;27-03-2024
ALIVE;2008-839;K:LCD-2008-839*3;Parsonsia heterophylla;Parsonsia heterophylla;Parsonsia;Apocynaceae;;N - Natural Source and Progeny;New Zealand;27-03-2024
ALIVE;2001-1561;K:LCD-2001-1561*1;Erythrina vespertilio;Erythrina vespertilio;Erythrina;Fabaceae;;N - Natural Source and Progeny;Australia;17-10-2023
ALIVE;1984-4295;K:LCD-1984-4295*7;Rhopalostylis baueri;Rhopalostylis baueri var. cheesemanii;Rhopalostylis;Arecaceae;;N - Natural Source and Progeny;New Zealand;27-03-2024
ALIVE;1979-6674;K:LCD-1979-6674*2;Aichryson laxum;Aichryson laxum;Aichryson;Crassulaceae;;N - Natural Source and Progeny;Spain;29-05-2024
ALIVE;1983-4900;K:LCD-1983-4900*7;Hibiscus fragilis;Hibiscus fragilis;Hibiscus;Malvaceae;;;Mauritius;09-01-2025
ALIVE;1969-18097;K:LCD-1969-18097*3;Aristea platycaulis;Aristea platycaulis;Aristea;Iridaceae;;;;22-08-2023
ALIVE;1994-2122;K:LCD-1994-2122*3;Salvia elegans;Salvia elegans;Salvia;Lamiaceae;;N - Natural Source and Progeny;Mexico;30-01-2024
ALIVE;2012-293;K:LCD-2012-293*2;Chambeyronia oliviformis;Kentiopsis oliviformis;Kentiopsis;Arecaceae;;N - Natural Source and Progeny;Germany;24-09-2024
ALIVE;1954-37601;K:LCD-1954-37601*1;Elingamita johnsonii;Elingamita johnsonii;Elingamita;Primulaceae;;;;18-07-2024
ALIVE;1996-374;K:LCD-1996-374*2;Melhania erythroxylon;Trochetiopsis erythroxylon;Trochetiopsis;Malvaceae;;;;30-08-2018
ALIVE;1981-3699;K:LCD-1981-3699*6;Sanguisorba menendezii;Dendriopoterium menendezii;Dendriopoterium;Rosaceae;;;Spain;18-09-2024
ALIVE;1993-3571;K:LCD-1993-3571*5;Coleus habrophyllus;Plectranthus habrophyllus;Plectranthus;Lamiaceae;;N - Natural Source and Progeny;Australia;18-07-2024
ALIVE;2010-2266;K:LCD-2010-2266*1;Eragrostis saxatilis;Eragrostis saxatilis;Eragrostis;Poaceae;;N - Natural Source and Progeny;Saint Helena, Ascension, and Tristan da Cunha;28-07-2022
ALIVE;2020-1402;K:LCD-2020-1402*3;Blandfordia cunninghamii;Blandfordia cunninghamii;Blandfordia;Blandfordiaceae;;N - Natural Source and Progeny;Australia;07-11-2023
ALIVE;2016-586;K:LCD-2016-586*1;Libertia peregrinans;Libertia peregrinans;Libertia;Iridaceae;;N - Natural Source and Progeny;New Zealand;08-11-2023
ALIVE;1987-4162;K:LCD-1987-4162*2;Tara spinosa;Tara spinosa;Tara;Fabaceae;;N - Natural Source and Progeny;Chile;29-01-2024
ALIVE;1984-4295;K:LCD-1984-4295*5;Rhopalostylis baueri;Rhopalostylis baueri var. cheesemanii;Rhopalostylis;Arecaceae;;N - Natural Source and Progeny;New Zealand;27-03-2024
ALIVE;2005-1809;K:LCD-2005-1809*1;Sonchus brassicifolius;Sonchus brassicifolius;Sonchus;Asteraceae;;N - Natural Source and Progeny;Chile;06-06-2024
ALIVE;2022-80;K:LCD-2022-80*2;Brachylaena discolor;Brachylaena discolor;Brachylaena;Asteraceae;;N - Natural Source and Progeny;South Africa;03-06-2024
ALIVE;2010-1943;K:LCD-2010-1943*4;Cylindrocline commersonii;Cylindrocline commersonii;Cylindrocline;Asteraceae;;N - Natural Source and Progeny;Mauritius;09-01-2025
ALIVE;2021-107;K:LCD-2021-107*2;Commidendrum rotundifolium;Commidendrum rotundifolium;Commidendrum;Asteraceae;;N - Natural Source and Progeny;Saint Helena, Ascension, and Tristan da Cunha;21-07-2022
ALIVE;1935-39001;K:LCD-1935-39001*3;Hibiscus insularis;Hibiscus insularis;Hibiscus;Malvaceae;;;;28-07-2022
ALIVE;1975-2236;K:LCD-1975-2236*2;Echium hierrense;Echium hierrense;Echium;Boraginaceae;;N - Natural Source and Progeny;Spain;18-09-2024
ALIVE;1983-8140;K:LCD-1983-8140*2;Orthrosanthus chimboracensis;Orthrosanthus chimboracensis;Orthrosanthus;Iridaceae;;N - Natural Source and Progeny;Mexico;25-07-2022
ALIVE;2000-2611;K:LCD-2000-2611*4;Roridula gorgonias;Roridula gorgonias;Roridula;Roridulaceae;;;;15-02-2024
ALIVE;1993-3571;K:LCD-1993-3571*2;Coleus habrophyllus;Plectranthus habrophyllus;Plectranthus;Lamiaceae;;N - Natural Source and Progeny;Australia;01-10-2024
ALIVE;2016-607;K:LCD-2016-607*1;Pinus tecunumanii;Pinus tecunumanii;Pinus;Pinaceae;;N - Natural Source and Progeny;Nicaragua;08-02-2024
ALIVE;2005-1031;K:LCD-2005-1031*1;Rhapis excelsa;Rhapis excelsa;Rhapis;Arecaceae;;;;24-05-2024
ALIVE;2009-2767;K:LCD-2009-2767*4;Salvia caymanensis;Salvia caymanensis;Salvia;Lamiaceae;;N - Natural Source and Progeny;Cayman Islands;21-10-2024
ALIVE;2001-887;K:LCD-2001-887*2;Francoa appendiculata;Francoa appendiculata;Francoa;Francoaceae;;N - Natural Source and Progeny;Chile;01-02-2024
ALIVE;1988-120;K:LCD-1988-120*6;Nesocodon mauritianus;Nesocodon mauritianus;Nesocodon;Campanulaceae;;;Mauritius;15-10-2024
ALIVE;2021-378;K:LCD-2021-378*3;Leucospermum praecox;Leucospermum praecox;Leucospermum;Proteaceae;;N - Natural Source and Progeny;South Africa;11-06-2024
ALIVE;1964-75703;K:LCD-1964-75703*3;Veltheimia bracteata;Veltheimia bracteata;Veltheimia;Asparagaceae;;N - Natural Source and Progeny;South Africa;15-02-2024
ALIVE;2008-2745;K:LCD-2008-2745*1;Lobelia cirsiifolia;Lobelia cirsiifolia;Lobelia;Campanulaceae;;N - Natural Source and Progeny;Montserrat;15-10-2024
ALIVE;2012-746;K:LCD-2012-746*1;Petunia exserta;Petunia exserta;Petunia;Solanaceae;;;;09-01-2025
ALIVE;2009-2767;K:LCD-2009-2767*2;Salvia caymanensis;Salvia caymanensis;Salvia;Lamiaceae;;N - Natural Source and Progeny;Cayman Islands;21-10-2024
ALIVE;2017-874;K:LCD-2017-874*1;Pomaderris vacciniifolia;Pomaderris vacciniifolia;Pomaderris;Rhamnaceae;;N - Natural Source and Progeny;Australia;28-12-2024
ALIVE;1994-2122;K:LCD-1994-2122*2;Salvia elegans;Salvia elegans;Salvia;Lamiaceae;;N - Natural Source and Progeny;Mexico;09-01-2025
ALIVE;1984-4295;K:LCD-1984-4295*8;Rhopalostylis baueri;Rhopalostylis baueri var. cheesemanii;Rhopalostylis;Arecaceae;;N - Natural Source and Progeny;New Zealand;27-03-2024
ALIVE;2013-40;K:LCD-2013-40*3;Commidendrum rugosum;Commidendrum rugosum;Commidendrum;Asteraceae;;N - Natural Source and Progeny;Saint Helena, Ascension, and Tristan da Cunha;24-05-2024
ALIVE;2008-839;K:LCD-2008-839*2;Parsonsia heterophylla;Parsonsia heterophylla;Parsonsia;Apocynaceae;;N - Natural Source and Progeny;New Zealand;27-03-2024
ALIVE;2016-601;K:LCD-2016-601*1;Veronica brachysiphon;Veronica brachysiphon;Veronica;Plantaginaceae;;N - Natural Source and Progeny;New Zealand;04-12-2023
ALIVE;1967-48302;K:LCD-1967-48302*1;Heimia salicifolia;Heimia salicifolia;Heimia;Lythraceae;;;;01-08-2024
ALIVE;2011-545;K:LCD-2011-545*2;Prosopis;Prosopis;Prosopis;Fabaceae;;N - Natural Source and Progeny;Peru;28-07-2022
ALIVE;2016-607;K:LCD-2016-607*4;Pinus tecunumanii;Pinus tecunumanii;Pinus;Pinaceae;;N - Natural Source and Progeny;Nicaragua;14-02-2024
ALIVE;2017-874;K:LCD-2017-874*3;Pomaderris vacciniifolia;Pomaderris vacciniifolia;Pomaderris;Rhamnaceae;;N - Natural Source and Progeny;Australia;02-01-2025
ALIVE;2016-591;K:LCD-2016-591*1;Veronica hulkeana;Veronica hulkeana;Veronica;Plantaginaceae;;N - Natural Source and Progeny;New Zealand;27-03-2024
ALIVE;1991-1771;K:LCD-1991-1771*1;Buddleja curviflora;Buddleja curviflora;Buddleja;Scrophulariaceae;;N - Natural Source and Progeny;Taiwan;21-06-2024
ALIVE;2016-579;K:LCD-2016-579*2;Acaena novae-zelandiae;Acaena novae-zelandiae;Acaena;Rosaceae;;N - Natural Source and Progeny;New Zealand;08-11-2023
ALIVE;1971-5160;K:LCD-1971-5160*1;Rhododendron johnstoneanum;Rhododendron johnstoneanum;Rhododendron;Ericaceae;;;;24-05-2024
ALIVE;2016-1024;K:LCD-2016-1024*1;Tagetes lucida;Tagetes lucida;Tagetes;Asteraceae;;N - Natural Source and Progeny;Mexico;01-02-2024
ALIVE;2008-842;K:LCD-2008-842*1;Piper excelsum;Macropiper excelsum;Macropiper;Piperaceae;;N - Natural Source and Progeny;New Zealand;27-03-2024
ALIVE;1986-3023;K:LCD-1986-3023*3;Hamelia patens;Hamelia patens;Hamelia;Rubiaceae;;N - Natural Source and Progeny;United States;01-08-2024
ALIVE;2014-1977;K:LCD-2014-1977*6;Geranium maderense;Geranium maderense;Geranium;Geraniaceae;;N - Natural Source and Progeny;;01-08-2024
ALIVE;2011-2015;K:LCD-2011-2015*1;Syagrus romanzoffiana;Syagrus romanzoffiana;Syagrus;Arecaceae;;N - Natural Source and Progeny;Germany;15-02-2024
ALIVE;1984-4220;K:LCD-1984-4220*3;Myoporum mauritianum;Myoporum mauritianum;Myoporum;Scrophulariaceae;;N - Natural Source and Progeny;Mauritius;13-01-2025
ALIVE;2002-2145;K:LCD-2002-2145*1;Chuniophoenix hainanensis;Chuniophoenix hainanensis;Chuniophoenix;Arecaceae;;;Germany;20-01-2025
ALIVE;1993-3571;K:LCD-1993-3571*1;Coleus habrophyllus;Plectranthus habrophyllus;Plectranthus;Lamiaceae;;N - Natural Source and Progeny;Australia;18-07-2024
ALIVE;2016-403;K:LCD-2016-403*2;Wittsteinia vacciniacea;Wittsteinia vacciniacea;Wittsteinia;Alseuosmiaceae;;N - Natural Source and Progeny;Australia;28-12-2024
ALIVE;2021-332;K:LCD-2021-332*4;Leucadendron discolor;Leucadendron discolor;Leucadendron;Proteaceae;;N - Natural Source and Progeny;South Africa;19-03-2024
ALIVE;1990-2285;K:LCD-1990-2285*2;Maesa lanceolata;Maesa lanceolata;Maesa;Primulaceae;;N - Natural Source and Progeny;Madagascar;15-02-2024
ALIVE;1991-1771;K:LCD-1991-1771*3;Buddleja curviflora;Buddleja curviflora;Buddleja;Scrophulariaceae;;N - Natural Source and Progeny;Taiwan;21-06-2024
ALIVE;1992-1553;K:LCD-1992-1553*3;Teucrium parvifolium;Teucridium parvifolium;Teucridium;Lamiaceae;;N - Natural Source and Progeny;New Zealand;08-11-2023
ALIVE;1967-53502;K:LCD-1967-53502*1;Withania riebeckii;Withania riebeckii;Withania;Solanaceae;;N - Natural Source and Progeny;Yemen;04-07-2022
ALIVE;2012-95;K:LCD-2012-95*1;Cyanella aquatica;Cyanella aquatica;Cyanella;Tecophilaeaceae;;;;02-07-2024
ALIVE;2016-316;K:LCD-2016-316*3;Grevillea banksii;Grevillea banksii;Grevillea;Proteaceae;;N - Natural Source and Progeny;Australia;17-10-2023
ALIVE;2016-323;K:LCD-2016-323*3;Livistona decora;Livistona decora;Livistona;Arecaceae;;N - Natural Source and Progeny;Australia;15-02-2024
ALIVE;2013-40;K:LCD-2013-40*2;Commidendrum rugosum;Commidendrum rugosum;Commidendrum;Asteraceae;;N - Natural Source and Progeny;Saint Helena, Ascension, and Tristan da Cunha;11-09-2024
ALIVE;1969-18097;K:LCD-1969-18097*2;Aristea platycaulis;Aristea platycaulis;Aristea;Iridaceae;;;;21-06-2022
ALIVE;1967-53503;K:LCD-1967-53503*2;Trichodesma scottii;Trichodesma scottii;Trichodesma;Boraginaceae;;N - Natural Source and Progeny;Yemen;09-01-2025
ALIVE;2001-1542;K:LCD-2001-1542*1;Senna artemisioides;Senna artemisioides;Senna;Fabaceae;;N - Natural Source and Progeny;Australia;17-10-2023
ALIVE;1945-22601;K:LCD-1945-22601*4;Impatiens niamniamensis;Impatiens niamniamensis;Impatiens;Balsaminaceae;;;;07-10-2024
ALIVE;1939-56301;K:LCD-1939-56301*1;Cipadessa baccifera;Cipadessa fruticosa;Cipadessa;Meliaceae;;N - Natural Source and Progeny;China;20-01-2025
ALIVE;2016-287;K:LCD-2016-287*5;Melaleuca alternifolia;Melaleuca alternifolia;Melaleuca;Myrtaceae;;N - Natural Source and Progeny;Australia;17-10-2023
ALIVE;2014-813;K:LCD-2014-813*4;Digitalis canariensis;Digitalis canariensis;Digitalis;Plantaginaceae;;;Spain;11-09-2024
ALIVE;2015-2228;K:LCD-2015-2228*4;Pleuropetalum darwinii;Pleuropetalum darwinii;Pleuropetalum;Amaranthaceae;;;Ecuador;09-01-2025
ALIVE;1981-767;K:LCD-1981-767*2;Aloe jucunda;Aloe jucunda;Aloe;Asphodelaceae;;N - Natural Source and Progeny;Somalia;07-02-2024
ALIVE;2013-33;K:LCD-2013-33*4;Impatiens teitensis subsp. teitensis;Impatiens teitensis subsp. teitensis;Impatiens;Balsaminaceae;;N - Natural Source and Progeny;Kenya;09-01-2025
ALIVE;2016-333;K:LCD-2016-333*1;Arthropodium strictum;Dichopogon strictus;Dichopogon;Asparagaceae;;N - Natural Source and Progeny;Australia;01-02-2024
ALIVE;2001-1542;K:LCD-2001-1542*6;Senna artemisioides;Senna artemisioides;Senna;Fabaceae;;N - Natural Source and Progeny;Australia;17-10-2023
ALIVE;1992-1771;K:LCD-1992-1771*1;Howea forsteriana;Howea forsteriana;Howea;Arecaceae;;;;28-12-2024
ALIVE;1990-2977;K:LCD-1990-2977*4;Leptospermum polygalifolium subsp. transmontanum;Leptospermum polygalifolium subsp. transmontanum;Leptospermum;Myrtaceae;;N - Natural Source and Progeny;Australia;18-12-2023
ALIVE;2016-1288;K:LCD-2016-1288*2;Pasithea caerulea;Pasithea caerulea;Pasithea;Asphodelaceae;;N - Natural Source and Progeny;Chile;29-07-2022
ALIVE;2005-1809;K:LCD-2005-1809*4;Sonchus brassicifolius;Sonchus brassicifolius;Sonchus;Asteraceae;;N - Natural Source and Progeny;Chile;14-03-2022
ALIVE;2016-580;K:LCD-2016-580*1;Arthropodium bifurcatum;Arthropodium bifurcatum;Arthropodium;Asparagaceae;;N - Natural Source and Progeny;New Zealand;28-05-2024
ALIVE;2016-299;K:LCD-2016-299*2;Bauhinia purpurea;Bauhinia purpurea;Bauhinia;Fabaceae;;N - Natural Source and Progeny;Australia;21-05-2024
ALIVE;2011-728;K:LCD-2011-728*1;Eragrostis saxatilis;Eragrostis saxatilis;Eragrostis;Poaceae;;N - Natural Source and Progeny;Saint Helena, Ascension, and Tristan da Cunha;12-05-2023
ALIVE;2000-4558;K:LCD-2000-4558*2;Cordyline stricta;Cordyline stricta;Cordyline;Asparagaceae;;N - Natural Source and Progeny;Australia;28-12-2024
ALIVE;1984-4219;K:LCD-1984-4219*2;Sarcanthemum coronopus;Sarcanthemum coronopus;Sarcanthemum;Asteraceae;;;Mauritius;28-05-2024
ALIVE;1997-4475;K:LCD-1997-4475*8;Angraecum eburneum;Angraecum eburneum;Angraecum;Orchidaceae;;N - Natural Source and Progeny;Madagascar;29-07-2022
ALIVE;1984-2381;K:LCD-1984-2381*5;Impatiens niamniamensis;Impatiens niamniamensis;Impatiens;Balsaminaceae;;N - Natural Source and Progeny;India;09-01-2025
ALIVE;1972-3319;K:LCD-1972-3319*2;Metrosideros polymorpha;Metrosideros polymorpha;Metrosideros;Myrtaceae;;N - Natural Source and Progeny;United States;01-08-2024
ALIVE;2021-335;K:LCD-2021-335*3;Plantago robusta;Plantago robusta;Plantago;Plantaginaceae;;N - Natural Source and Progeny;Saint Helena, Ascension, and Tristan da Cunha;28-07-2022
ALIVE;2017-863;K:LCD-2017-863*2;Melaleuca wimmerensis;Melaleuca wimmerensis;Melaleuca;Myrtaceae;;;Australia;17-10-2023
ALIVE;1982-1357;K:LCD-1982-1357*1;Kennedia rubicunda;Kennedia rubicunda;Kennedia;Fabaceae;;;;28-12-2024
ALIVE;1989-898;K:LCD-1989-898*3;Brugmansia arborea;Brugmansia arborea;Brugmansia;Solanaceae;;N - Natural Source and Progeny;Colombia;15-02-2024
ALIVE;2016-585;K:LCD-2016-585*1;Libertia cranwelliae;Libertia cranwelliae;Libertia;Iridaceae;;N - Natural Source and Progeny;New Zealand;27-03-2024
ALIVE;2006-1624;K:LCD-2006-1624*1;Howea forsteriana;Howea forsteriana;Howea;Arecaceae;;;;15-02-2024
ALIVE;2021-156;K:LCD-2021-156*3;Melanodendron integrifolium;Melanodendron integrifolium;Melanodendron;Asteraceae;;N - Natural Source and Progeny;Saint Helena, Ascension, and Tristan da Cunha;19-09-2024
ALIVE;2018-386;K:LCD-2018-386*3;Virgilia oroboides;Virgilia oroboides;Virgilia;Fabaceae;;N - Natural Source and Progeny;South Africa;23-06-2022
ALIVE;1993-2908;K:LCD-1993-2908*3;Liparia splendens subsp. splendens;Liparia splendens subsp. splendens;Liparia;Fabaceae;;N - Natural Source and Progeny;South Africa;06-09-2023
ALIVE;1992-1553;K:LCD-1992-1553*2;Teucrium parvifolium;Teucridium parvifolium;Teucridium;Lamiaceae;;N - Natural Source and Progeny;New Zealand;08-11-2023
ALIVE;1984-8223;K:LCD-1984-8223*2;Pitcairnia recurvata;Pitcairnia recurvata;Pitcairnia;Bromeliaceae;;N - Natural Source and Progeny;Mexico;01-08-2024
ALIVE;2016-287;K:LCD-2016-287*1;Melaleuca alternifolia;Melaleuca alternifolia;Melaleuca;Myrtaceae;;N - Natural Source and Progeny;Australia;17-10-2023
ALIVE;2016-589;K:LCD-2016-589*1;Veronica speciosa;Veronica speciosa;Veronica;Plantaginaceae;;N - Natural Source and Progeny;New Zealand;21-11-2024
ALIVE;2016-601;K:LCD-2016-601*2;Veronica brachysiphon;Veronica brachysiphon;Veronica;Plantaginaceae;;N - Natural Source and Progeny;New Zealand;10-10-2024
ALIVE;1948-60704;K:LCD-1948-60704*4;Doryanthes palmeri;Doryanthes palmeri;Doryanthes;Doryanthaceae;;;;15-02-2024
ALIVE;1989-898;K:LCD-1989-898*4;Brugmansia arborea;Brugmansia arborea;Brugmansia;Solanaceae;;N - Natural Source and Progeny;Colombia;19-02-2024
ALIVE;2016-1022;K:LCD-2016-1022*2;Calceolaria picta;Calceolaria picta;Calceolaria;Calceolariaceae;;N - Natural Source and Progeny;Chile;07-02-2024
ALIVE;1982-3196;K:LCD-1982-3196*1;Melhania ebenus;Trochetiopsis ebenus;Trochetiopsis;Malvaceae;;;;15-10-2024
ALIVE;1998-1588;K:LCD-1998-1588*1;Pittosporum crassifolium;Pittosporum crassifolium;Pittosporum;Pittosporaceae;;N - Natural Source and Progeny;New Zealand;27-03-2024
ALIVE;2015-1864;K:LCD-2015-1864*1;Meryta sinclairii;Meryta sinclairii;Meryta;Araliaceae;;;;27-03-2024
ALIVE;2010-742;K:LCD-2010-742*1;Coleonema calycinum;Coleonema calycinum;Coleonema;Rutaceae;;;;09-01-2025
ALIVE;1996-2392;K:LCD-1996-2392*1;Erica mammosa;Erica mammosa;Erica;Ericaceae;;;;29-08-2023
ALIVE;1985-1973;K:LCD-1985-1973*1;Rhododendron formosum;Rhododendron formosum;Rhododendron;Ericaceae;;;;18-07-2024
ALIVE;1967-68004;K:LCD-1967-68004*4;;Rhododendron 'Duchess of Sutherland';Rhododendron;Ericaceae;;;;21-05-2024
ALIVE;2000-4252;K:LCD-2000-4252*3;Pteris umbrosa;Pteris umbrosa;Pteris;Pteridaceae;;;;28-12-2024
ALIVE;1973-12187;K:LCD-1973-12187*7;Dicksonia antarctica;Dicksonia antarctica;Dicksonia;Cyatheaceae;;;;28-12-2024
ALIVE;1981-2773;K:LCD-1981-2773*6;Agapetes moorei;Agapetes moorei;Agapetes;Ericaceae;;;;21-05-2024
ALIVE;1975-4957;K:LCD-1975-4957*2;Choisya mollis;Choisya dumosa var. mollis;Choisya;Rutaceae;;N - Natural Source and Progeny;United States;29-07-2022
ALIVE;2020-966;K:LCD-2020-966*2;Ensete superbum;Ensete superbum;Ensete;Musaceae;;N - Natural Source and Progeny;Nepal;24-05-2024
ALIVE;1973-1850;K:LCD-1973-1850*5;Brunfelsia australis;Brunfelsia australis;Brunfelsia;Solanaceae;;N - Natural Source and Progeny;Argentina;19-02-2024
ALIVE;1992-86;K:LCD-1992-86*1;Chamaedorea radicalis;Chamaedorea radicalis;Chamaedorea;Arecaceae;;;;28-10-2022
ALIVE;1979-3542;K:LCD-1979-3542*5;Bakerantha tillandsioides;Hechtia tillandsioides;Hechtia;Bromeliaceae;;;;14-02-2024
ALIVE;1954-56301;K:LCD-1954-56301*1;Melaleuca comboynensis;Melaleuca comboynensis;Melaleuca;Myrtaceae;;N - Natural Source and Progeny;Australia;02-01-2025
ALIVE;1929-87901;K:LCD-1929-87901*1;Brugmansia suaveolens;Brugmansia suaveolens;Brugmansia;Solanaceae;;;;19-07-2012
ALIVE;2001-3657;K:LCD-2001-3657*6;;Fuchsia 'Firecracker';Fuchsia;Onagraceae;;;;18-07-2024
ALIVE;1973-12543;K:LCD-1973-12543*2;Jasminum azoricum;Jasminum azoricum;Jasminum;Oleaceae;;;;30-01-2024
ALIVE;1972-1411;K:LCD-1972-1411*4;Hydrangea febrifuga;Dichroa febrifuga;Dichroa;Hydrangeaceae;;N - Natural Source and Progeny;Nepal;18-07-2024
ALIVE;2015-1872;K:LCD-2015-1872*1;Metrosideros kermadecensis;Metrosideros kermadecensis;Metrosideros;Myrtaceae;;;;27-03-2024
ALIVE;2017-433;K:LCD-2017-433*1;Brugmansia sanguinea;Brugmansia sanguinea;Brugmansia;Solanaceae;;;Peru;09-01-2025
ALIVE;1978-2440;K:LCD-1978-2440*1;Erythrina herbacea;Erythrina herbacea;Erythrina;Fabaceae;;;United States;01-02-2024
ALIVE;1987-3615;K:LCD-1987-3615*4;Melaleuca citrina;Melaleuca citrina;Melaleuca;Myrtaceae;;N - Natural Source and Progeny;Australia;28-12-2024
ALIVE;1979-684;K:LCD-1979-684*1;Melhania erythroxylon;Trochetiopsis erythroxylon;Trochetiopsis;Malvaceae;;;Saint Helena, Ascension, and Tristan da Cunha;24-05-2024
ALIVE;2015-649;K:LCD-2015-649*4;Phyllanthus androgynus;Breynia androgyna;Breynia;Phyllanthaceae;;N - Natural Source and Progeny;Vietnam;20-05-2024
ALIVE;1973-12903;K:LCD-1973-12903*1;Cuphea ignea;Cuphea ignea;Cuphea;Lythraceae;;;;09-01-2025
ALIVE;1973-1853;K:LCD-1973-1853*6;Brunfelsia undulata;Brunfelsia undulata;Brunfelsia;Solanaceae;;N - Natural Source and Progeny;Jamaica;23-10-2024
ALIVE;1969-17416;K:LCD-1969-17416*2;Rhododendron ciliatum;Rhododendron ciliatum;Rhododendron;Ericaceae;;;;24-05-2024
ALIVE;1981-38;K:LCD-1981-38*2;Salvia purpurea;Salvia purpurea;Salvia;Lamiaceae;;N - Natural Source and Progeny;Mexico;07-02-2024
ALIVE;1975-218;K:LCD-1975-218*1;Kniphofia foliosa;Kniphofia foliosa;Kniphofia;Asphodelaceae;;N - Natural Source and Progeny;Ethiopia;17-08-2023
ALIVE;1997-7199;K:LCD-1997-7199*1;Lachenalia bowkeri;Lachenalia bowkeri;Lachenalia;Asparagaceae;;N - Natural Source and Progeny;South Africa;29-05-2024
ALIVE;1985-4297;K:LCD-1985-4297*4;Hydrangea × versicolor;Dichroa × versicolor;Dichroa;Hydrangeaceae;;N - Natural Source and Progeny;China;20-11-2023
ALIVE;1992-1551;K:LCD-1992-1551*2;Kunzea ericoides;Kunzea ericoides;Kunzea;Myrtaceae;;N - Natural Source and Progeny;New Zealand;28-12-2024
ALIVE;1984-2343;K:LCD-1984-2343*4;Pteris cretica;Pteris cretica;Pteris;Pteridaceae;;;Saint Helena, Ascension, and Tristan da Cunha;27-03-2024
ALIVE;1984-2945;K:LCD-1984-2945*1;Dianella;Dianella;Dianella;Asphodelaceae;;N - Natural Source and Progeny;Malaysia;28-12-2024
ALIVE;1986-3623;K:LCD-1986-3623*4;Ceodes umbellifera;Pisonia umbellifera;Pisonia;Nyctaginaceae;;;;27-03-2024
ALIVE;2001-885;K:LCD-2001-885*1;Vachellia caven;Acacia caven;Acacia;Fabaceae;;N - Natural Source and Progeny;Chile;30-01-2024
ALIVE;1973-19393;K:LCD-1973-19393*1;Magnolia doltsopa;Michelia doltsopa;Michelia;Magnoliaceae;;;;21-05-2024
ALIVE;2007-1287;K:LCD-2007-1287*1;Thamnochortus insignis;Thamnochortus insignis;Thamnochortus;Restionaceae;;;;19-02-2024
ALIVE;1986-1269;K:LCD-1986-1269*1;Gynochthodes jasminoides;Gynochthodes jasminoides;Gynochthodes;Rubiaceae;;N - Natural Source and Progeny;Australia;02-01-2025
ALIVE;1985-786;K:LCD-1985-786*1;Calystegia affinis;Calystegia affinis;Calystegia;Convolvulaceae;;N - Natural Source and Progeny;Australia;25-01-2024
ALIVE;1957-75001;K:LCD-1957-75001*2;Simmondsia chinensis;Simmondsia chinensis;Simmondsia;Simmondsiaceae;;;;29-07-2022
ALIVE;2015-2854;K:LCD-2015-2854*1;Dracaena ajgal;Dracaena draco subsp. ajgal;Dracaena;Asparagaceae;;N - Natural Source and Progeny;;27-11-2024
ALIVE;2017-669;K:LCD-2017-669*3;Leptospermum polygalifolium subsp. polygalifolium;Leptospermum polygalifolium subsp. polygalifolium;Leptospermum;Myrtaceae;;N - Natural Source and Progeny;Australia;05-11-2024
ALIVE;1969-11600;K:LCD-1969-11600*1;Encephalartos horridus;Encephalartos horridus;Encephalartos;Zamiaceae;;;;21-02-2024
ALIVE;1969-12335;K:LCD-1969-12335*1;Olmediella betschleriana;Olmediella betschleriana;Olmediella;Salicaceae;;;;27-11-2024
ALIVE;2014-414;K:LCD-2014-414*2;Aloe gerstneri;Aloe gerstneri;Aloe;Asphodelaceae;;;South Africa;28-02-2024
ALIVE;1955-45801;K:LCD-1955-45801*4;;Rhododendron zoelleri 'Decimus';Rhododendron;Ericaceae;;N - Natural Source and Progeny;Indonesia;24-05-2024
ALIVE;1963-44202;K:LCD-1963-44202*2;Felicia amelloides;Felicia amelloides;Felicia;Asteraceae;;;;09-01-2025
ALIVE;2017-413;K:LCD-2017-413*1;Citrus × aurantium;Citrus × aurantium;Citrus;Rutaceae;;;;20-05-2024
ALIVE;2011-843;K:LCD-2011-843*1;Sophora microphylla;Sophora microphylla;Sophora;Fabaceae;;N - Natural Source and Progeny;New Zealand;27-03-2024
ALIVE;1969-16545;K:LCD-1969-16545*1;Chloranthus spicatus;Chloranthus spicatus;Chloranthus;Chloranthaceae;;;;20-05-2024
ALIVE;2020-968;K:LCD-2020-968*2;Ensete glaucum;Ensete glaucum;Ensete;Musaceae;;;;20-05-2024
ALIVE;1961-58501;K:LCD-1961-58501*4;Abutilon grandifolium;Abutilon grandifolium;Abutilon;Malvaceae;;;;08-02-2024
ALIVE;1973-20124;K:LCD-1973-20124*1;Buddleja asiatica;Buddleja asiatica;Buddleja;Scrophulariaceae;;;;24-05-2024
ALIVE;1973-12557;K:LCD-1973-12557*7;Fuchsia denticulata;Fuchsia denticulata;Fuchsia;Onagraceae;;;;19-07-2024
ALIVE;1989-2683;K:LCD-1989-2683*1;Andringitra macrantha;Dombeya macrantha;Dombeya;Malvaceae;;N - Natural Source and Progeny;Madagascar;12-01-2025
ALIVE;1949-61701;K:LCD-1949-61701*1;Chamaedorea oreophila;Chamaedorea oreophila;Chamaedorea;Arecaceae;;;;29-07-2022
ALIVE;1985-1973;K:LCD-1985-1973*2;Rhododendron formosum;Rhododendron formosum;Rhododendron;Ericaceae;;;;24-05-2024
ALIVE;2019-37;K:LCD-2019-37*1;Lithocarpus;Lithocarpus;Lithocarpus;Fagaceae;;N - Natural Source and Progeny;Vietnam;08-07-2024
ALIVE;1984-2359;K:LCD-1984-2359*3;Camellia sinensis;Camellia sinensis;Camellia;Theaceae;;;;20-05-2024
ALIVE;1996-2384;K:LCD-1996-2384*1;Rhodocoma foliosa;Rhodocoma foliosa;Rhodocoma;Restionaceae;;;;20-09-2023
ALIVE;1973-12215;K:LCD-1973-12215*3;Rhododendron simsii;Rhododendron simsii;Rhododendron;Ericaceae;;;;24-05-2024
ALIVE;1979-6232;K:LCD-1979-6232*1;Duranta erecta;Duranta erecta;Duranta;Verbenaceae;;N - Natural Source and Progeny;Argentina;08-02-2024
ALIVE;2001-375;K:LCD-2001-375*1;Erica caffra;Erica caffra;Erica;Ericaceae;;;;15-02-2024
ALIVE;1979-684;K:LCD-1979-684*3;Melhania erythroxylon;Trochetiopsis erythroxylon;Trochetiopsis;Malvaceae;;;Saint Helena, Ascension, and Tristan da Cunha;24-05-2024
ALIVE;2020-983;K:LCD-2020-983*1;Musa thomsonii;Musa thomsonii;Musa;Musaceae;;;;21-11-2024
ALIVE;1961-44801;K:LCD-1961-44801*1;Cycas rumphii;Cycas rumphii;Cycas;Cycadaceae;;;;20-05-2024
ALIVE;1958-32201;K:LCD-1958-32201*6;Rhododendron veitchianum;Rhododendron veitchianum;Rhododendron;Ericaceae;;;;20-05-2024
ALIVE;1963-45503;K:LCD-1963-45503*1;Duranta erecta;Duranta erecta;Duranta;Verbenaceae;;;;09-01-2025
ALIVE;1978-1760;K:LCD-1978-1760*1;Cestrum fasciculatum;Cestrum fasciculatum;Cestrum;Solanaceae;;N - Natural Source and Progeny;Mexico;29-05-2024
ALIVE;1985-8273;K:LCD-1985-8273*1;Luculia gratissima;Luculia gratissima;Luculia;Rubiaceae;;N - Natural Source and Progeny;Nepal;02-01-2025
ALIVE;2001-3625;K:LCD-2001-3625*1;Erica scabriuscula;Erica scabriuscula;Erica;Ericaceae;;;;23-08-2023
ALIVE;1984-2108;K:LCD-1984-2108*1;Lantana camara;Lantana camara;Lantana;Verbenaceae;;N - Natural Source and Progeny;Honduras;09-01-2025
ALIVE;1967-68004;K:LCD-1967-68004*3;;Rhododendron 'Duchess of Sutherland';Rhododendron;Ericaceae;;;;21-05-2024
ALIVE;1973-12516;K:LCD-1973-12516*2;Metrosideros perforata;Metrosideros perforata;Metrosideros;Myrtaceae;;;;27-03-2024
ALIVE;1993-2959;K:LCD-1993-2959*2;Asparagus scandens;Asparagus scandens;Asparagus;Asparagaceae;;N - Natural Source and Progeny;South Africa;22-08-2023
ALIVE;2013-1212;K:LCD-2013-1212*2;Heliconia schiedeana;Heliconia schiedeana;Heliconia;Heliconiaceae;;;;09-01-2025
ALIVE;1959-66401;K:LCD-1959-66401*1;Vasconcellea pubescens;Vasconcellea cundinamarcensis;Vasconcellea;Caricaceae;;N - Natural Source and Progeny;Ecuador;06-02-2024
ALIVE;1974-3238;K:LCD-1974-3238*1;Ruscus streptophyllus;Ruscus streptophyllus;Ruscus;Asparagaceae;;N - Natural Source and Progeny;Portugal;16-01-2025
ALIVE;2017-423;K:LCD-2017-423*3;Ceroxylon quindiuense;Ceroxylon quindiuense;Ceroxylon;Arecaceae;;;Colombia;15-02-2024
ALIVE;1990-1281;K:LCD-1990-1281*3;Scabiosa incisa;Scabiosa incisa;Scabiosa;Caprifoliaceae;;N - Natural Source and Progeny;South Africa;29-05-2024
ALIVE;1947-29913;K:LCD-1947-29913*4;Aloidendron barberae;Aloidendron barberae;Aloidendron;Asphodelaceae;;N - Natural Source and Progeny;;03-04-2024
ALIVE;1973-12908;K:LCD-1973-12908*2;Heteropterys glabra;Heteropterys glabra;Heteropterys;Malpighiaceae;;;;06-02-2024
ALIVE;1995-232;K:LCD-1995-232*2;Cunonia capensis;Cunonia capensis;Cunonia;Cunoniaceae;;;;09-01-2025
ALIVE;2010-992;K:LCD-2010-992*1;Livistona australis;Livistona australis;Livistona;Arecaceae;;;Australia;28-12-2024
ALIVE;1973-3182;K:LCD-1973-3182*1;Dietes iridioides;Dietes iridioides;Dietes;Iridaceae;;N - Natural Source and Progeny;South Africa;21-06-2022
ALIVE;2000-4242;K:LCD-2000-4242*3;Blechnum dives;Doodia dives;Doodia;Aspleniaceae;;;;22-05-2024
ALIVE;2010-1059;K:LCD-2010-1059*2;Hedychium coccineum;Hedychium coccineum;Hedychium;Zingiberaceae;;;;01-10-2024
ALIVE;1999-4231;K:LCD-1999-4231*1;Phymosia umbellata;Phymosia umbellata;Phymosia;Malvaceae;;;;15-10-2024
ALIVE;1979-457;K:LCD-1979-457*1;Lobelia angulata;Lobelia angulata;Lobelia;Campanulaceae;;N - Natural Source and Progeny;Nepal;21-05-2024
ALIVE;1984-2359;K:LCD-1984-2359*6;Camellia sinensis;Camellia sinensis;Camellia;Theaceae;;;;21-05-2024
ALIVE;1966-67112;K:LCD-1966-67112*3;Notelaea apetala;Nestegis apetala;Nestegis;Oleaceae;;N - Natural Source and Progeny;Norfolk Island;27-03-2024
ALIVE;1973-12125;K:LCD-1973-12125*1;Blechnum neohollandicum;Doodia aspera;Doodia;Aspleniaceae;;;;28-12-2024
ALIVE;1993-3185;K:LCD-1993-3185*20;Dicksonia antarctica;Dicksonia antarctica;Dicksonia;Cyatheaceae;;N - Natural Source and Progeny;Australia;28-12-2024
ALIVE;1983-4522;K:LCD-1983-4522*1;Clethra mexicana;Clethra mexicana;Clethra;Clethraceae;;N - Natural Source and Progeny;Mexico;28-11-2024
ALIVE;1967-32301;K:LCD-1967-32301*1;Beschorneria yuccoides subsp. dekosteriana;Beschorneria bracteata;Beschorneria;Asparagaceae;;;;10-10-2024
ALIVE;1969-17794;K:LCD-1969-17794*1;Cycas rumphii;Cycas rumphii;Cycas;Cycadaceae;;;;20-05-2024
ALIVE;2005-142;K:LCD-2005-142*4;Encephalartos natalensis;Encephalartos natalensis;Encephalartos;Zamiaceae;;;;22-08-2023
ALIVE;1973-1853;K:LCD-1973-1853*3;Brunfelsia undulata;Brunfelsia undulata;Brunfelsia;Solanaceae;;N - Natural Source and Progeny;Jamaica;23-10-2024
ALIVE;1965-69602;K:LCD-1965-69602*1;Cestrum nocturnum;Cestrum nocturnum;Cestrum;Solanaceae;;;;08-02-2024
ALIVE;2006-1654;K:LCD-2006-1654*1;Washingtonia filifera var. robusta;Washingtonia robusta;Washingtonia;Arecaceae;;;Antigua and Barbuda;24-01-2024
ALIVE;1999-4231;K:LCD-1999-4231*2;Phymosia umbellata;Phymosia umbellata;Phymosia;Malvaceae;;;;14-02-2024
ALIVE;1995-3390;K:LCD-1995-3390*3;Sophora microphylla;Sophora microphylla;Sophora;Fabaceae;;;;08-11-2023
ALIVE;1963-23402;K:LCD-1963-23402*1;Rhododendron ciliicalyx;Rhododendron lyi;Rhododendron;Ericaceae;;N - Natural Source and Progeny;Thailand;21-05-2024
ALIVE;1953-6301;K:LCD-1953-6301*1;Dicksonia antarctica;Dicksonia antarctica;Dicksonia;Cyatheaceae;;;;28-12-2024
ALIVE;2004-990;K:LCD-2004-990*1;Erythrina caffra;Erythrina caffra;Erythrina;Fabaceae;;;;17-08-2023
ALIVE;1997-6408;K:LCD-1997-6408*4;;Sophora toromiro × tetraptera;Sophora;Fabaceae;;;;14-03-2022
ALIVE;1959-83604;K:LCD-1959-83604*2;Ismene longipetala;Ismene longipetala;Ismene;Amaryllidaceae;;;;31-12-2024
ALIVE;1969-17844;K:LCD-1969-17844*1;Encephalartos longifolius;Encephalartos longifolius;Encephalartos;Zamiaceae;;;;09-01-2025
ALIVE;1964-45401;K:LCD-1964-45401*8;Sabal minor;Sabal minor;Sabal;Arecaceae;;;;02-05-2024
ALIVE;1970-4915;K:LCD-1970-4915*2;Salvia gesneriiflora;Salvia gesneriiflora;Salvia;Lamiaceae;;;;01-08-2024
ALIVE;1985-2332;K:LCD-1985-2332*1;Fuchsia;Fuchsia;Fuchsia;Onagraceae;;N - Natural Source and Progeny;Brazil;06-02-2024
ALIVE;2015-1859;K:LCD-2015-1859*1;Syzygium smithii;Syzygium smithii;Syzygium;Myrtaceae;;;;28-12-2024
ALIVE;2010-1057;K:LCD-2010-1057*1;Hedychium spicatum;Hedychium spicatum;Hedychium;Zingiberaceae;;;;22-05-2024
ALIVE;1980-276;K:LCD-1980-276*1;Hydrangea × versicolor;Dichroa × versicolor;Dichroa;Hydrangeaceae;;;;02-01-2025
ALIVE;1987-170;K:LCD-1987-170*3;Melhania erythroxylon;Trochetiopsis erythroxylon;Trochetiopsis;Malvaceae;;;;24-05-2024
ALIVE;1989-895;K:LCD-1989-895*2;Lapageria rosea;Lapageria rosea;Lapageria;Philesiaceae;;N - Natural Source and Progeny;Chile;28-11-2024
ALIVE;1966-61902;K:LCD-1966-61902*1;Saurauia napaulensis;Saurauia napaulensis;Saurauia;Actinidiaceae;;;;02-01-2025
ALIVE;1983-5496;K:LCD-1983-5496*1;Tradescantia standleyi;Tradescantia standleyi;Tradescantia;Commelinaceae;;N - Natural Source and Progeny;Guatemala;09-01-2025
ALIVE;1998-3505;K:LCD-1998-3505*2;Elingamita johnsonii;Elingamita johnsonii;Elingamita;Primulaceae;;;New Zealand;27-03-2024
ALIVE;1979-1866;K:LCD-1979-1866*1;Greigia sphacelata;Greigia sphacelata;Greigia;Bromeliaceae;;N - Natural Source and Progeny;Chile;29-01-2024
ALIVE;1973-12187;K:LCD-1973-12187*6;Dicksonia antarctica;Dicksonia antarctica;Dicksonia;Cyatheaceae;;;;28-12-2024
ALIVE;1963-72303;K:LCD-1963-72303*4;Rhododendron macgregoriae;Rhododendron macgregoriae;Rhododendron;Ericaceae;;N - Natural Source and Progeny;Papua New Guinea;01-10-2024
ALIVE;1992-1551;K:LCD-1992-1551*3;Kunzea ericoides;Kunzea ericoides;Kunzea;Myrtaceae;;N - Natural Source and Progeny;New Zealand;28-12-2024
ALIVE;2015-417;K:LCD-2015-417*1;Manettia paraguariensis;Manettia paraguariensis;Manettia;Rubiaceae;;;;05-02-2024
ALIVE;1961-39002;K:LCD-1961-39002*1;Brunfelsia jamaicensis;Brunfelsia jamaicensis;Brunfelsia;Solanaceae;;;;09-01-2025
ALIVE;2017-214;K:LCD-2017-214*6;Begonia longifolia;Begonia longifolia;Begonia;Begoniaceae;;N - Natural Source and Progeny;Vietnam;20-11-2023
ALIVE;1989-3463;K:LCD-1989-3463*3;Fuchsia coccinea;Fuchsia coccinea;Fuchsia;Onagraceae;;;;18-07-2024
ALIVE;2018-2250;K:LCD-2018-2250*2;Clivia miniata;Clivia miniata;Clivia;Amaryllidaceae;;;;10-09-2024
ALIVE;1995-1507;K:LCD-1995-1507*2;Schinus molle;Schinus molle;Schinus;Anacardiaceae;;N - Natural Source and Progeny;Chile;05-02-2024
ALIVE;1990-1213;K:LCD-1990-1213*2;Bomarea multiflora;Bomarea multiflora;Bomarea;Alstroemeriaceae;;;;08-02-2024
ALIVE;1987-3858;K:LCD-1987-3858*1;Cordyline rubra;Cordyline rubra;Cordyline;Asparagaceae;;N - Natural Source and Progeny;Australia;28-12-2024
ALIVE;1969-4955;K:LCD-1969-4955*1;Rhododendron javanicum subsp. javanicum;Rhododendron javanicum subsp. javanicum;Rhododendron;Ericaceae;;N - Natural Source and Progeny;Indonesia;02-01-2025
ALIVE;1986-3623;K:LCD-1986-3623*2;Ceodes umbellifera;Pisonia umbellifera;Pisonia;Nyctaginaceae;;;;02-01-2025
ALIVE;1964-66801;K:LCD-1964-66801*2;Xerochrysum bracteatum;Helichrysum bracteatum;Helichrysum;Asteraceae;;;;17-10-2023
ALIVE;2017-664;K:LCD-2017-664*1;Melaleuca linearis;Melaleuca linearis;Melaleuca;Myrtaceae;;;;18-07-2024
ALIVE;1967-42409;K:LCD-1967-42409*3;Ficus johannis subsp. johannis;Ficus geraniifolia;Ficus;Moraceae;;N - Natural Source and Progeny;Iran;24-05-2024
ALIVE;1984-2355;K:LCD-1984-2355*4;Hardenbergia comptoniana;Hardenbergia comptoniana;Hardenbergia;Fabaceae;;;;28-12-2024
ALIVE;1969-18826;K:LCD-1969-18826*1;Schrebera alata;Schrebera alata;Schrebera;Oleaceae;;;;15-02-2024
ALIVE;2017-1537;K:LCD-2017-1537*1;Archontophoenix cunninghamiana;Archontophoenix cunninghamiana;Archontophoenix;Arecaceae;;;Australia;28-12-2024
ALIVE;2003-2466;K:LCD-2003-2466*9;Streptosolen jamesonii;Streptosolen jamesonii;Streptosolen;Solanaceae;;;;19-07-2024
ALIVE;1977-3962;K:LCD-1977-3962*2;Aloe ellenbeckii;Aloe ellenbeckii;Aloe;Asphodelaceae;;N - Natural Source and Progeny;Kenya;09-01-2025
ALIVE;1996-2436;K:LCD-1996-2436*2;Coleonema pulchellum;Coleonema pulchellum;Coleonema;Rutaceae;;;;11-06-2024
ALIVE;1998-856;K:LCD-1998-856*5;;Fuchsia triphylla 'Thalia';Fuchsia;Onagraceae;;;;28-11-2024
ALIVE;1973-12334;K:LCD-1973-12334*1;Oreocnide frutescens;Oreocnide frutescens;Oreocnide;Urticaceae;;;;24-05-2024
ALIVE;2002-1064;K:LCD-2002-1064*2;Washingtonia filifera var. robusta;Washingtonia robusta;Washingtonia;Arecaceae;;;Mexico;24-01-2024
ALIVE;1988-142;K:LCD-1988-142*1;Ferreyranthus excelsus;Ferreyranthus excelsus;Ferreyranthus;Asteraceae;;;Peru;19-02-2024
ALIVE;1990-1277;K:LCD-1990-1277*1;Ochna serrulata;Ochna serrulata;Ochna;Ochnaceae;;;;11-06-2024
ALIVE;1963-72303;K:LCD-1963-72303*3;Rhododendron macgregoriae;Rhododendron macgregoriae;Rhododendron;Ericaceae;;N - Natural Source and Progeny;Papua New Guinea;24-05-2024
ALIVE;1972-2585;K:LCD-1972-2585*2;Geitonoplesium cymosum;Geitonoplesium cymosum;Geitonoplesium;Asphodelaceae;;;Australia;28-12-2024
ALIVE;1982-2118;K:LCD-1982-2118*2;Diospyros whyteana;Diospyros whyteana;Diospyros;Ebenaceae;;N - Natural Source and Progeny;South Africa;12-01-2025
ALIVE;2008-2988;K:LCD-2008-2988*3;Mitraria coccinea;Mitraria coccinea;Mitraria;Gesneriaceae;;N - Natural Source and Progeny;Chile;11-09-2024
ALIVE;1994-2876;K:LCD-1994-2876*4;Felicia filifolia;Felicia filifolia;Felicia;Asteraceae;;N - Natural Source and Progeny;South Africa;21-06-2022
ALIVE;1985-4257;K:LCD-1985-4257*2;Rostrinucula dependens;Rostrinucula dependens;Rostrinucula;Lamiaceae;;N - Natural Source and Progeny;China;24-05-2024
ALIVE;1964-3901;K:LCD-1964-3901*1;Aristea ensifolia;Aristea ensifolia;Aristea;Iridaceae;;N - Natural Source and Progeny;South Africa;17-09-2024
ALIVE;1985-3620;K:LCD-1985-3620*2;Lobelia angulata;Lobelia angulata;Lobelia;Campanulaceae;;N - Natural Source and Progeny;Indonesia;24-05-2024
ALIVE;2007-672;K:LCD-2007-672*1;;Plantae;;;;;;14-10-2024
ALIVE;1996-525;K:LCD-1996-525*1;Magnolia figo;Michelia figo;Michelia;Magnoliaceae;;;;29-05-1997
ALIVE;1979-6238;K:LCD-1979-6238*1;Trimezia northiana;Neomarica northiana;Neomarica;Iridaceae;;N - Natural Source and Progeny;Argentina;06-02-2024
ALIVE;1969-17827;K:LCD-1969-17827*1;Encephalartos altensteinii;Encephalartos altensteinii;Encephalartos;Zamiaceae;;;;21-02-2024
ALIVE;1945-21101;K:LCD-1945-21101*4;Barnadesia caryophylla;Barnadesia caryophylla;Barnadesia;Asteraceae;;;;19-02-2024
ALIVE;1965-19801;K:LCD-1965-19801*3;Dermatobotrys saundersii;Dermatobotrys saundersii;Dermatobotrys;Scrophulariaceae;;;;09-01-2025
ALIVE;1970-4915;K:LCD-1970-4915*6;Salvia gesneriiflora;Salvia gesneriiflora;Salvia;Lamiaceae;;;;24-05-2024
ALIVE;1995-3987;K:LCD-1995-3987*1;Iris confusa;Iris confusa;Iris;Iridaceae;;N - Natural Source and Progeny;China;20-05-2024
ALIVE;1965-50201;K:LCD-1965-50201*1;Iris wattii;Iris wattii;Iris;Iridaceae;;;;21-05-2024
ALIVE;1976-1562;K:LCD-1976-1562*4;Hedychium coronarium;Hedychium coronarium;Hedychium;Zingiberaceae;;N - Natural Source and Progeny;Mauritius;21-01-2025
ALIVE;1992-46;K:LCD-1992-46*1;Atalaya salicifolia;Atalaya salicifolia;Atalaya;Sapindaceae;;N - Natural Source and Progeny;Australia;28-12-2024
ALIVE;2001-1547;K:LCD-2001-1547*1;Acacia cardiophylla;Acacia cardiophylla;Acacia;Fabaceae;;N - Natural Source and Progeny;Australia;02-01-2025
ALIVE;1992-3915;K:LCD-1992-3915*1;Calocedrus formosana;Calocedrus formosana;Calocedrus;Cupressaceae;;N - Natural Source and Progeny;Taiwan;21-05-2024
ALIVE;2018-608;K:LCD-2018-608*3;Lysionotus pauciflorus;Lysionotus pauciflorus;Lysionotus;Gesneriaceae;;N - Natural Source and Progeny;Vietnam;21-11-2024
ALIVE;1969-19808;K:LCD-1969-19808*5;Justicia floribunda;Justicia rizzinii;Justicia;Acanthaceae;;;;19-02-2024
ALIVE;2015-1497;K:LCD-2015-1497*1;;Plantae;;;;N - Natural Source and Progeny;Vietnam;20-05-2024
ALIVE;1990-1109;K:LCD-1990-1109*2;Digitalis;Digitalis;Digitalis;Plantaginaceae;;N - Natural Source and Progeny;Spain;18-09-2024
ALIVE;2008-1202;K:LCD-2008-1202*4;Salvia repens;Salvia repens;Salvia;Lamiaceae;;;;30-01-2024
ALIVE;1969-16804;K:LCD-1969-16804*3;Reineckea carnea;Reineckea carnea;Reineckea;Asparagaceae;;;;20-05-2024
ALIVE;1964-73301;K:LCD-1964-73301*1;Blechnum medium;Doodia media;Doodia;Aspleniaceae;;N - Natural Source and Progeny;New Zealand;28-12-2024
ALIVE;1996-4618;K:LCD-1996-4618*7;Rhododendron scopulorum;Rhododendron scopulorum;Rhododendron;Ericaceae;;N - Natural Source and Progeny;Bhutan;13-02-2024
ALIVE;2020-1004;K:LCD-2020-1004*2;Sonchus canariensis subsp. orotavensis;Sonchus canariensis subsp. orotavensis;Sonchus;Asteraceae;;;;03-10-2024
ALIVE;1969-17830;K:LCD-1969-17830*1;Encephalartos lehmannii;Encephalartos lehmannii;Encephalartos;Zamiaceae;;;;14-02-2024
ALIVE;1989-3466;K:LCD-1989-3466*5;Fuchsia arborescens;Fuchsia arborescens;Fuchsia;Onagraceae;;;;09-01-2025
ALIVE;1990-1263;K:LCD-1990-1263*1;Grewia occidentalis;Grewia occidentalis;Grewia;Malvaceae;;;;20-09-2023
ALIVE;1995-258;K:LCD-1995-258*2;Holocalyx balansae;Holocalyx balansae;Holocalyx;Fabaceae;;N - Natural Source and Progeny;Paraguay;25-01-2024
ALIVE;1986-3626;K:LCD-1986-3626*1;Piper excelsum;Macropiper excelsum;Macropiper;Piperaceae;;;New Zealand;09-07-2024
ALIVE;1957-38207;K:LCD-1957-38207*1;Radermachera sinica;Radermachera sinica;Radermachera;Bignoniaceae;;;;22-05-2024
ALIVE;1999-3835;K:LCD-1999-3835*3;Acrodon bellidiflorus;Acrodon bellidiflorus;Acrodon;Aizoaceae;;;South Africa;08-02-2024
ALIVE;2014-2354;K:LCD-2014-2354*2;Drosera aliciae;Drosera aliciae;Drosera;Droseraceae;;;;15-02-2024
ALIVE;1987-2750;K:LCD-1987-2750*2;Hypericum kouytchense;Hypericum kouytchense;Hypericum;Hypericaceae;;;China;24-05-2024
ALIVE;2012-556;K:LCD-2012-556*2;Lavandula pinnata;Lavandula pinnata;Lavandula;Lamiaceae;;;Spain;23-03-2024
ALIVE;1984-4363;K:LCD-1984-4363*1;Melaleuca squarrosa;Melaleuca squarrosa;Melaleuca;Myrtaceae;;N - Natural Source and Progeny;Australia;17-10-2023
ALIVE;2008-1785;K:LCD-2008-1785*1;Erica verticillata;Erica verticillata;Erica;Ericaceae;;N - Natural Source and Progeny;;09-01-2025
ALIVE;1979-64;K:LCD-1979-64*3;Rhododendron × sesterianum;Rhododendron × fragrantissimum;Rhododendron;Ericaceae;;;;20-11-2023
ALIVE;1982-1172;K:LCD-1982-1172*2;Iochroma calycinum;Iochroma calycinum;Iochroma;Solanaceae;;N - Natural Source and Progeny;Ecuador;29-05-2024
ALIVE;1996-4617;K:LCD-1996-4617*1;Rhododendron maddenii;Rhododendron maddenii;Rhododendron;Ericaceae;;;;24-05-2024
ALIVE;1990-1265;K:LCD-1990-1265*1;Halleria lucida;Halleria lucida;Halleria;Stilbaceae;;N - Natural Source and Progeny;South Africa;21-08-2023
ALIVE;2000-1493;K:LCD-2000-1493*4;Correa alba;Correa alba;Correa;Rutaceae;;;;28-12-2024
ALIVE;1972-6003;K:LCD-1972-6003*2;Polygonatum oppositifolium;Polygonatum oppositifolium;Polygonatum;Asparagaceae;;N - Natural Source and Progeny;India;17-10-2023
ALIVE;1966-54306;K:LCD-1966-54306*2;Kniphofia linearifolia;Kniphofia linearifolia;Kniphofia;Asphodelaceae;;N - Natural Source and Progeny;South Africa;22-10-2024
ALIVE;2000-4557;K:LCD-2000-4557*1;Cordyline petiolaris;Cordyline petiolaris;Cordyline;Asparagaceae;;N - Natural Source and Progeny;Australia;28-12-2024
ALIVE;1996-526;K:LCD-1996-526*2;Magnolia compressa;Michelia compressa;Michelia;Magnoliaceae;;;;24-05-2024
ALIVE;2013-576;K:LCD-2013-576*1;Citrus hystrix;Citrus hystrix;Citrus;Rutaceae;;;;15-02-2024
ALIVE;2005-2481;K:LCD-2005-2481*4;Impatiens balansae;Impatiens balansae;Impatiens;Balsaminaceae;;;;17-10-2023
ALIVE;2005-143;K:LCD-2005-143*2;Encephalartos cerinus;Encephalartos cerinus;Encephalartos;Zamiaceae;;;;14-10-2024
ALIVE;1986-2504;K:LCD-1986-2504*1;Macrozamia moorei;Macrozamia moorei;Macrozamia;Zamiaceae;;;;17-10-2023
ALIVE;2008-1795;K:LCD-2008-1795*3;Leucadendron modestum;Leucadendron modestum;Leucadendron;Proteaceae;;N - Natural Source and Progeny;;23-08-2023
ALIVE;1965-50201;K:LCD-1965-50201*2;Iris wattii;Iris wattii;Iris;Iridaceae;;;;20-01-2025
ALIVE;1959-67001;K:LCD-1959-67001*2;Colquhounia coccinea;Colquhounia coccinea;Colquhounia;Lamiaceae;;;;20-05-2024
ALIVE;2014-2043;K:LCD-2014-2043*3;;Brugmansia 'Salmon Perfektion';Brugmansia;Solanaceae;;;;21-11-2024
ALIVE;2011-1187;K:LCD-2011-1187*2;Aloe aageodonta;Aloe aageodonta;Aloe;Asphodelaceae;;N - Natural Source and Progeny;Kenya;09-01-2025
ALIVE;2001-2735;K:LCD-2001-2735*3;Pinguicula jaumavensis;Pinguicula jaumavensis;Pinguicula;Lentibulariaceae;;;;15-02-2024
ALIVE;1964-32705;K:LCD-1964-32705*1;Oreopanax sanderianus;Oreopanax sanderianus;Oreopanax;Araliaceae;;;;25-07-2022
ALIVE;1973-12935;K:LCD-1973-12935*4;Metrosideros robusta;Metrosideros robusta;Metrosideros;Myrtaceae;;;;27-03-2024
ALIVE;1973-21110;K:LCD-1973-21110*1;;Aspidistra elatior 'Variegata';Aspidistra;Asparagaceae;;;;20-05-2024
ALIVE;2008-2003;K:LCD-2008-2003*2;Beschorneria yuccoides;Beschorneria yuccoides;Beschorneria;Asparagaceae;;;Mexico;27-11-2024
ALIVE;1997-4455;K:LCD-1997-4455*1;Ophiopogon malcolmsonii;Ophiopogon malcolmsonii;Ophiopogon;Asparagaceae;;N - Natural Source and Progeny;Thailand;21-05-2024
ALIVE;1981-1014;K:LCD-1981-1014*2;Aloe grisea;Aloe grisea;Aloe;Asphodelaceae;;N - Natural Source and Progeny;Somalia;23-06-2022
ALIVE;1995-734;K:LCD-1995-734*3;Ilex maximowicziana;Ilex triflora var. kanehirae;Ilex;Aquifoliaceae;;N - Natural Source and Progeny;Taiwan;17-10-2023
ALIVE;1986-2953;K:LCD-1986-2953*3;Dombeya acutangula;Dombeya acutangula;Dombeya;Malvaceae;;N - Natural Source and Progeny;Mauritius;14-02-2024
ALIVE;1969-3776;K:LCD-1969-3776*3;Fuchsia thymifolia subsp. minimiflora;Fuchsia thymifolia subsp. minimiflora;Fuchsia;Onagraceae;;;;11-09-2024
ALIVE;1986-2504;K:LCD-1986-2504*2;Macrozamia moorei;Macrozamia moorei;Macrozamia;Zamiaceae;;;;17-10-2023
ALIVE;1988-4333;K:LCD-1988-4333*1;Macrozamia moorei;Macrozamia moorei;Macrozamia;Zamiaceae;;N - Natural Source and Progeny;Australia;24-03-2025
ALIVE;2008-2001;K:LCD-2008-2001*3;Pittosporum undulatum;Pittosporum undulatum;Pittosporum;Pittosporaceae;;;Australia;02-01-2025
ALIVE;1961-39002;K:LCD-1961-39002*2;Brunfelsia jamaicensis;Brunfelsia jamaicensis;Brunfelsia;Solanaceae;;;;23-10-2024
ALIVE;1985-4492;K:LCD-1985-4492*2;Sageretia hamosa;Sageretia hamosa;Sageretia;Rhamnaceae;;N - Natural Source and Progeny;China;20-05-2024
ALIVE;2006-1135;K:LCD-2006-1135*1;Elegia;Elegia;Elegia;Restionaceae;;;;21-08-2023
ALIVE;1969-19809;K:LCD-1969-19809*2;Rhaphiolepis indica;Rhaphiolepis indica;Rhaphiolepis;Rosaceae;;;;02-01-2025
ALIVE;2004-881;K:LCD-2004-881*2;Kniphofia × praecox;Kniphofia × praecox;Kniphofia;Asphodelaceae;;;;20-03-2024
ALIVE;1915-28101;K:LCD-1915-28101*1;Podocarpus milanjianus;Podocarpus milanjianus;Podocarpus;Podocarpaceae;;;;23-06-2022
ALIVE;1985-780;K:LCD-1985-780*2;Baloghia inophylla;Baloghia inophylla;Baloghia;Euphorbiaceae;;N - Natural Source and Progeny;Norfolk Island;28-12-2024
ALIVE;2014-2011;K:LCD-2014-2011*2;;Brugmansia 'Fantascioso';Brugmansia;Solanaceae;;;;15-02-2024
ALIVE;1985-5457;K:LCD-1985-5457*2;Mimosa rubicaulis subsp. himalayana;Mimosa himalayana;Mimosa;Fabaceae;;N - Natural Source and Progeny;India;08-11-2023
ALIVE;1966-33604;K:LCD-1966-33604*1;Reevesia thyrsoidea;Reevesia thyrsoidea;Reevesia;Malvaceae;;;;20-01-2025
ALIVE;1984-143;K:LCD-1984-143*4;Commidendrum robustum;Commidendrum robustum;Commidendrum;Asteraceae;;N - Natural Source and Progeny;Saint Helena, Ascension, and Tristan da Cunha;03-10-2024
ALIVE;1969-3776;K:LCD-1969-3776*7;Fuchsia thymifolia subsp. minimiflora;Fuchsia thymifolia subsp. minimiflora;Fuchsia;Onagraceae;;;;19-07-2024
ALIVE;1967-68003;K:LCD-1967-68003*2;Rhododendron dendricola;Rhododendron dendricola;Rhododendron;Ericaceae;;;;21-05-2024
ALIVE;1994-2323;K:LCD-1994-2323*2;Veltheimia capensis;Veltheimia capensis;Veltheimia;Asparagaceae;;;;26-02-2024
ALIVE;1973-19870;K:LCD-1973-19870*2;Synandrospadix vermitoxicus;Synandrospadix vermitoxicus;Synandrospadix;Araceae;;;;29-07-2022
ALIVE;1937-41105;K:LCD-1937-41105*1;Encephalartos ferox;Encephalartos ferox;Encephalartos;Zamiaceae;;;;14-02-2024
ALIVE;2018-880;K:LCD-2018-880*1;Tradescantia;Tradescantia;Tradescantia;Commelinaceae;;N - Natural Source and Progeny;Vietnam;29-07-2022
ALIVE;1972-1411;K:LCD-1972-1411*2;Hydrangea febrifuga;Dichroa febrifuga;Dichroa;Hydrangeaceae;;N - Natural Source and Progeny;Nepal;20-01-2025
ALIVE;1969-50936;K:LCD-1969-50936*1;Rohdea japonica;Rohdea japonica;Rohdea;Asparagaceae;;;;21-05-2024
ALIVE;1985-4802;K:LCD-1985-4802*2;Vasconcellea × pentagona;Carica × pentagona;Carica;Caricaceae;;;;29-05-2024
ALIVE;1984-507;K:LCD-1984-507*1;Callicarpa americana;Callicarpa americana;Callicarpa;Lamiaceae;;N - Natural Source and Progeny;United States;29-07-2022
ALIVE;1982-3937;K:LCD-1982-3937*3;Impatiens grandis;Impatiens grandis;Impatiens;Balsaminaceae;;;;20-01-2025
ALIVE;1981-2280;K:LCD-1981-2280*5;Pittosporum michiei;Pittosporum michiei;Pittosporum;Pittosporaceae;;N - Natural Source and Progeny;New Zealand;27-03-2024
ALIVE;1968-49003;K:LCD-1968-49003*1;Libertia ixioides;Libertia ixioides;Libertia;Iridaceae;;;;27-03-2024
ALIVE;1969-16804;K:LCD-1969-16804*2;Reineckea carnea;Reineckea carnea;Reineckea;Asparagaceae;;;;20-01-2025
ALIVE;2005-2481;K:LCD-2005-2481*2;Impatiens balansae;Impatiens balansae;Impatiens;Balsaminaceae;;;;21-11-2024
ALIVE;1983-1592;K:LCD-1983-1592*4;Peumus boldus;Peumus boldus;Peumus;Monimiaceae;;N - Natural Source and Progeny;Chile;13-02-2024
ALIVE;1985-3620;K:LCD-1985-3620*1;Lobelia angulata;Lobelia angulata;Lobelia;Campanulaceae;;N - Natural Source and Progeny;Indonesia;20-05-2024
ALIVE;1978-4494;K:LCD-1978-4494*1;Sclerochiton harveyanus;Sclerochiton harveyanus;Sclerochiton;Acanthaceae;;;Mozambique;14-02-2024
ALIVE;2015-2851;K:LCD-2015-2851*1;Elegia elephantina;Elegia elephantina;Elegia;Restionaceae;;;South Africa;18-08-2023
ALIVE;2010-755;K:LCD-2010-755*1;Leonotis nepetifolia;Leonotis nepetifolia;Leonotis;Lamiaceae;;N - Natural Source and Progeny;;19-11-2024
ALIVE;1965-57702;K:LCD-1965-57702*2;Jasminum simplicifolium subsp. australiense;Jasminum simplicifolium subsp. australiense;Jasminum;Oleaceae;;;;28-12-2024
ALIVE;2008-2988;K:LCD-2008-2988*2;Mitraria coccinea;Mitraria coccinea;Mitraria;Gesneriaceae;;N - Natural Source and Progeny;Chile;22-02-2024
ALIVE;2016-1444;K:LCD-2016-1444*2;Libertia grandiflora;Libertia grandiflora;Libertia;Iridaceae;;;;28-05-2024
ALIVE;1969-17831;K:LCD-1969-17831*1;Encephalartos lehmannii;Encephalartos lehmannii;Encephalartos;Zamiaceae;;;;14-02-2024
ALIVE;1977-4237;K:LCD-1977-4237*1;Punica granatum;Punica granatum;Punica;Lythraceae;;N - Natural Source and Progeny;Iran;17-01-2025
ALIVE;2015-1678;K:LCD-2015-1678*2;Microlepia speluncae;Microlepia speluncae;Microlepia;Dennstaedtiaceae;;N - Natural Source and Progeny;Vietnam;20-05-2024
ALIVE;2015-2482;K:LCD-2015-2482*1;Quercus insignis;Quercus insignis;Quercus;Fagaceae;;N - Natural Source and Progeny;Mexico;25-01-2024
ALIVE;1984-5261;K:LCD-1984-5261*5;Podocarpus matudae;Podocarpus matudae;Podocarpus;Podocarpaceae;;N - Natural Source and Progeny;Mexico;19-02-2024
ALIVE;1970-4511;K:LCD-1970-4511*1;Billardiera longiflora;Billardiera longiflora;Billardiera;Pittosporaceae;;;;28-12-2024
ALIVE;1959-3403;K:LCD-1959-3403*3;;Citrus × aurantium 'Marsh';Citrus;Rutaceae;;;;15-02-2024
ALIVE;1984-2355;K:LCD-1984-2355*3;Hardenbergia comptoniana;Hardenbergia comptoniana;Hardenbergia;Fabaceae;;;;28-12-2024
ALIVE;2008-1202;K:LCD-2008-1202*5;Salvia repens;Salvia repens;Salvia;Lamiaceae;;;;24-05-2024
ALIVE;1961-9001;K:LCD-1961-9001*1;Erica verticillata;Erica verticillata;Erica;Ericaceae;;;;28-11-2024
ALIVE;1953-58501;K:LCD-1953-58501*3;Gymnosporia arbutifolia;Gymnosporia arbutifolia;Gymnosporia;Celastraceae;;N - Natural Source and Progeny;Ethiopia;22-08-2023
ALIVE;1985-2330;K:LCD-1985-2330*2;Fuchsia hatschbachii;Fuchsia hatschbachii;Fuchsia;Onagraceae;;N - Natural Source and Progeny;Brazil;29-05-2024
ALIVE;1991-2311;K:LCD-1991-2311*1;Begonia grandis subsp. sinensis;Begonia grandis subsp. sinensis;Begonia;Begoniaceae;;N - Natural Source and Progeny;China;01-10-2024
ALIVE;1957-27501;K:LCD-1957-27501*1;Justicia carnea;Justicia carnea;Justicia;Acanthaceae;;;;01-08-2024
ALIVE;2014-2045;K:LCD-2014-2045*3;;Brugmansia 'Angels Sunsilk';Brugmansia;Solanaceae;;;;15-02-2024
ALIVE;1985-706;K:LCD-1985-706*1;Arthropodium cirratum;Arthropodium cirratum;Arthropodium;Asparagaceae;;N - Natural Source and Progeny;New Zealand;27-03-2024
ALIVE;1994-2195;K:LCD-1994-2195*1;Salvia jordanii;Rosmarinus eriocalyx;Rosmarinus;Lamiaceae;;N - Natural Source and Progeny;Spain;09-01-2025
ALIVE;1998-3475;K:LCD-1998-3475*3;Pelargonium bowkeri;Pelargonium bowkeri;Pelargonium;Geraniaceae;;;;15-02-2024
ALIVE;1973-3947;K:LCD-1973-3947*2;Aloe ferox;Aloe ferox;Aloe;Asphodelaceae;;;;09-01-2025
ALIVE;1973-13403;K:LCD-1973-13403*1;Cibotium schiedei;Cibotium schiedei;Cibotium;Cyatheaceae;;;;23-03-2023
ALIVE;1973-12068;K:LCD-1973-12068*1;Neopanax arboreus;Pseudopanax arboreus;Pseudopanax;Araliaceae;;;;27-03-2024
ALIVE;1958-19604;K:LCD-1958-19604*2;Acokanthera oblongifolia;Acokanthera oblongifolia;Acokanthera;Apocynaceae;;;;29-05-2024
ALIVE;1926-28601;K:LCD-1926-28601*1;Duranta mutisii;Duranta mutisii;Duranta;Verbenaceae;;;;01-08-2024
ALIVE;2001-3518;K:LCD-2001-3518*2;Scadoxus multiflorus subsp. katharinae;Scadoxus multiflorus subsp. katharinae;Scadoxus;Amaryllidaceae;;N - Natural Source and Progeny;;14-02-2024
ALIVE;1998-676;K:LCD-1998-676*1;;Primula 'Kewensis';Primula;Primulaceae;;;;20-05-2024
ALIVE;1973-12297;K:LCD-1973-12297*1;Melicytus dentatus;Melicytus dentatus;Melicytus;Violaceae;;;;28-12-2024
ALIVE;1973-12085;K:LCD-1973-12085*2;Asplenium bulbiferum;Asplenium bulbiferum;Asplenium;Aspleniaceae;;;;27-03-2024
ALIVE;1974-3118;K:LCD-1974-3118*1;Taxus wallichiana;Taxus wallichiana;Taxus;Taxaceae;;N - Natural Source and Progeny;Philippines;20-01-2025
ALIVE;2000-4131;K:LCD-2000-4131*6;Banksia montana;Banksia montana;Banksia;Proteaceae;;N - Natural Source and Progeny;Australia;17-10-2023
ALIVE;2004-3176;K:LCD-2004-3176*2;Banksia spinulosa;Banksia spinulosa;Banksia;Proteaceae;;N - Natural Source and Progeny;Australia;17-10-2023
ALIVE;1982-274;K:LCD-1982-274*1;Pleroma urvilleanum;Tibouchina urvilleana;Tibouchina;Melastomataceae;;;Brazil;28-11-2024
ALIVE;2021-143;K:LCD-2021-143*3;Alsophila dealbata;Cyathea dealbata;Cyathea;Cyatheaceae;;;;04-07-2024
ALIVE;1969-17410;K:LCD-1969-17410*9;Rhododendron scopulorum;Rhododendron scopulorum;Rhododendron;Ericaceae;;;;17-10-2023
ALIVE;1964-28201;K:LCD-1964-28201*4;Lomandra longifolia;Lomandra longifolia;Lomandra;Asparagaceae;;;;17-10-2023
ALIVE;2001-2764;K:LCD-2001-2764*2;Sarracenia purpurea subsp. venosa;Sarracenia purpurea subsp. venosa;Sarracenia;Sarraceniaceae;;N - Natural Source and Progeny;United States;15-02-2024
ALIVE;1950-20203;K:LCD-1950-20203*3;Rhododendron × sesterianum;Rhododendron × sesterianum;Rhododendron;Ericaceae;;;;22-05-2024
ALIVE;1986-304;K:LCD-1986-304*1;Melaleuca polandii;Melaleuca polandii;Melaleuca;Myrtaceae;;N - Natural Source and Progeny;Australia;21-05-2024
ALIVE;2000-4557;K:LCD-2000-4557*3;Cordyline petiolaris;Cordyline petiolaris;Cordyline;Asparagaceae;;N - Natural Source and Progeny;Australia;28-12-2024
ALIVE;1998-1586;K:LCD-1998-1586*2;Shawia furfuracea;Olearia furfuracea;Olearia;Asteraceae;;N - Natural Source and Progeny;New Zealand;02-01-2025
ALIVE;1964-24202;K:LCD-1964-24202*5;Dicksonia antarctica;Dicksonia antarctica;Dicksonia;Cyatheaceae;;;;28-12-2024
ALIVE;1959-14903;K:LCD-1959-14903*5;Fuchsia microphylla subsp. aprica;Fuchsia microphylla subsp. aprica;Fuchsia;Onagraceae;;N - Natural Source and Progeny;Guatemala;18-07-2024
ALIVE;1993-1797;K:LCD-1993-1797*2;Cyrtanthus herrei;Cyrtanthus herrei;Cyrtanthus;Amaryllidaceae;;N - Natural Source and Progeny;South Africa;15-02-2024
ALIVE;2010-992;K:LCD-2010-992*2;Livistona australis;Livistona australis;Livistona;Arecaceae;;;Australia;28-12-2024
ALIVE;1969-16804;K:LCD-1969-16804*1;Reineckea carnea;Reineckea carnea;Reineckea;Asparagaceae;;;;20-05-2024
ALIVE;1961-23001;K:LCD-1961-23001*4;Strobilanthes pentastemonoides;Goldfussia pentastemonoides;Goldfussia;Acanthaceae;;;;21-05-2024
ALIVE;2016-2206;K:LCD-2016-2206*1;;Sarracenia leucophylla 'Helmut's Delight';Sarracenia;Sarraceniaceae;;;;15-02-2024
ALIVE;1984-5283;K:LCD-1984-5283*7;Fuchsia boliviana;Fuchsia boliviana;Fuchsia;Onagraceae;;N - Natural Source and Progeny;Mexico;28-11-2024
ALIVE;2018-918;K:LCD-2018-918*1;Ficus;Ficus;Ficus;Moraceae;;N - Natural Source and Progeny;Vietnam;24-05-2024
ALIVE;2016-958;K:LCD-2016-958*1;Eucomis autumnalis;Eucomis autumnalis;Eucomis;Asparagaceae;;;;23-08-2023
ALIVE;1980-4525;K:LCD-1980-4525*3;Fuchsia microphylla;Fuchsia microphylla;Fuchsia;Onagraceae;;N - Natural Source and Progeny;Mexico;28-11-2024
ALIVE;2017-2433;K:LCD-2017-2433*1;Lachenalia latimerae;Lachenalia latimerae;Lachenalia;Asparagaceae;;;;19-02-2024
ALIVE;1973-12992;K:LCD-1973-12992*3;Simmondsia chinensis;Simmondsia chinensis;Simmondsia;Simmondsiaceae;;;;15-02-2024
ALIVE;1984-5283;K:LCD-1984-5283*5;Fuchsia boliviana;Fuchsia boliviana;Fuchsia;Onagraceae;;N - Natural Source and Progeny;Mexico;18-07-2024
ALIVE;1969-17399;K:LCD-1969-17399*4;Strelitzia reginae;Strelitzia reginae;Strelitzia;Strelitziaceae;;;;08-08-2024
ALIVE;1989-3463;K:LCD-1989-3463*1;Fuchsia coccinea;Fuchsia coccinea;Fuchsia;Onagraceae;;;;09-09-2024
ALIVE;1985-3086;K:LCD-1985-3086*1;Astelia banksii;Astelia banksii;Astelia;Asteliaceae;;N - Natural Source and Progeny;New Zealand;02-01-2025
ALIVE;1978-4438;K:LCD-1978-4438*1;Trimezia coerulea;Neomarica coerulea;Neomarica;Iridaceae;;;;29-05-2024
ALIVE;2009-3687;K:LCD-2009-3687*1;Citrus × aurantium f. aurantium;Citrus × aurantium f. aurantium;Citrus;Rutaceae;;;;20-05-2024
ALIVE;1961-23001;K:LCD-1961-23001*5;Strobilanthes pentastemonoides;Goldfussia pentastemonoides;Goldfussia;Acanthaceae;;;;21-05-2024
ALIVE;1969-2295;K:LCD-1969-2295*1;Primula malacoides;Primula malacoides;Primula;Primulaceae;;;;24-05-2024
ALIVE;1949-61703;K:LCD-1949-61703*4;Archontophoenix cunninghamiana;Archontophoenix cunninghamiana;Archontophoenix;Arecaceae;;;;28-12-2024
ALIVE;2010-2373;K:LCD-2010-2373*7;Rhopalostylis sapida;Rhopalostylis sapida;Rhopalostylis;Arecaceae;;;New Zealand;27-03-2024
ALIVE;1953-28801;K:LCD-1953-28801*1;Camellia reticulata;Camellia reticulata;Camellia;Theaceae;;;;02-01-2025
ALIVE;1985-1973;K:LCD-1985-1973*7;Rhododendron formosum;Rhododendron formosum;Rhododendron;Ericaceae;;;;13-02-2024
ALIVE;1973-2497;K:LCD-1973-2497*2;Aloe marlothii;Aloe marlothii;Aloe;Asphodelaceae;;N - Natural Source and Progeny;South Africa;17-08-2023
ALIVE;1989-338;K:LCD-1989-338*1;Buddleja crotonoides;Buddleja crotonoides;Buddleja;Scrophulariaceae;;N - Natural Source and Progeny;Mexico;29-07-2022
ALIVE;2004-3185;K:LCD-2004-3185*1;Butia eriospatha;Butia eriospatha;Butia;Arecaceae;;;;30-01-2024
ALIVE;1971-2232;K:LCD-1971-2232*6;;Rhododendron lindleyi 'Dame Edith Sitwell';Rhododendron;Ericaceae;;;;20-05-2024
ALIVE;1998-3005;K:LCD-1998-3005*1;Clivia nobilis;Clivia nobilis;Clivia;Amaryllidaceae;;;South Africa;11-06-2024
ALIVE;2018-613;K:LCD-2018-613*1;Heptapleurum fantsipanense;Schefflera fantsipanensis;Schefflera;Araliaceae;;N - Natural Source and Progeny;Vietnam;20-01-2025
ALIVE;1965-63001;K:LCD-1965-63001*1;;Pseudopanax lessonii 'Adiantifolius';Pseudopanax;Araliaceae;;;;27-03-2024
ALIVE;1986-2953;K:LCD-1986-2953*2;Dombeya acutangula;Dombeya acutangula;Dombeya;Malvaceae;;N - Natural Source and Progeny;Mauritius;21-06-2022
ALIVE;1962-41002;K:LCD-1962-41002*2;Rhododendron macgregoriae;Rhododendron macgregoriae;Rhododendron;Ericaceae;;;;24-05-2024
ALIVE;2007-2012;K:LCD-2007-2012*1;Dicksonia antarctica;Dicksonia antarctica;Dicksonia;Cyatheaceae;;;;28-12-2024
ALIVE;2012-209;K:LCD-2012-209*1;;Camellia reticulata 'Captain Rawes';Camellia;Theaceae;;;;20-05-2024
ALIVE;1988-8807;K:LCD-1988-8807*4;;Correa 'Dusky Bells';Correa;Rutaceae;;;;02-01-2025
ALIVE;1973-12021;K:LCD-1973-12021*5;Yucca gigantea;Yucca guatemalensis;Yucca;Asparagaceae;;;;28-11-2024
ALIVE;1996-2625;K:LCD-1996-2625*1;Encephalartos latifrons;Encephalartos latifrons;Encephalartos;Zamiaceae;;;South Africa;22-08-2023
ALIVE;1958-32201;K:LCD-1958-32201*4;Rhododendron veitchianum;Rhododendron veitchianum;Rhododendron;Ericaceae;;;;20-05-2024
ALIVE;2013-1071;K:LCD-2013-1071*3;Solanum betaceum;Solanum betaceum;Solanum;Solanaceae;;N - Natural Source and Progeny;Guatemala;29-01-2024
ALIVE;1965-8305;K:LCD-1965-8305*1;Dianella caerulea;Dianella caerulea;Dianella;Asphodelaceae;;;;28-12-2024
ALIVE;1984-1853;K:LCD-1984-1853*1;Asparagus densiflorus;Asparagus myriocladus;Asparagus;Asparagaceae;;;;14-02-2024
ALIVE;1958-27302;K:LCD-1958-27302*1;Astelia nervosa;Astelia nervosa;Astelia;Asteliaceae;;;;08-11-2023
ALIVE;1926-28601;K:LCD-1926-28601*2;Duranta mutisii;Duranta mutisii;Duranta;Verbenaceae;;;;08-02-2024
ALIVE;1969-17837;K:LCD-1969-17837*1;Encephalartos altensteinii;Encephalartos altensteinii;Encephalartos;Zamiaceae;;;;19-02-2024
ALIVE;1969-17410;K:LCD-1969-17410*1;Rhododendron scopulorum;Rhododendron scopulorum;Rhododendron;Ericaceae;;;;08-11-2023
ALIVE;1988-142;K:LCD-1988-142*2;Ferreyranthus excelsus;Ferreyranthus excelsus;Ferreyranthus;Asteraceae;;;Peru;19-02-2024
ALIVE;1965-47203;K:LCD-1965-47203*2;Sideroxylon inerme;Sideroxylon inerme;Sideroxylon;Sapotaceae;;;;23-06-2022
ALIVE;2014-2042;K:LCD-2014-2042*3;;Brugmansia 'Mon Amour de Mareuil';Brugmansia;Solanaceae;;;;15-02-2024
ALIVE;1975-3134;K:LCD-1975-3134*2;;Petrea volubilis 'Alba';Petrea;Verbenaceae;;;;07-02-2024
ALIVE;1978-4477;K:LCD-1978-4477*1;Maesa montana;Maesa montana;Maesa;Primulaceae;;;China;02-01-2025
ALIVE;1959-72003;K:LCD-1959-72003*2;Chasmanthe aethiopica;Chasmanthe aethiopica;Chasmanthe;Iridaceae;;;;15-02-2024
ALIVE;1973-12187;K:LCD-1973-12187*1;Dicksonia antarctica;Dicksonia antarctica;Dicksonia;Cyatheaceae;;;;28-12-2024
ALIVE;1969-17231;K:LCD-1969-17231*1;Ardisia humilis;Ardisia humilis;Ardisia;Primulaceae;;;;02-01-2025
ALIVE;1969-19563;K:LCD-1969-19563*1;Colquhounia vestita;Colquhounia vestita;Colquhounia;Lamiaceae;;;;01-10-2024
ALIVE;1973-12044;K:LCD-1973-12044*1;Gonioma kamassi;Gonioma kamassi;Gonioma;Apocynaceae;;;;21-06-2022
ALIVE;1978-6211;K:LCD-1978-6211*3;Rhododendron simsii;Rhododendron simsii;Rhododendron;Ericaceae;;;;22-05-2024
ALIVE;1969-16111;K:LCD-1969-16111*1;Phormium colensoi;Phormium cookianum;Phormium;Asphodelaceae;;;;28-05-2024
ALIVE;1987-2572;K:LCD-1987-2572*4;;Rhapis excelsa 'Tenzan';Rhapis;Arecaceae;;;;20-05-2024
ALIVE;1973-1853;K:LCD-1973-1853*4;Brunfelsia undulata;Brunfelsia undulata;Brunfelsia;Solanaceae;;N - Natural Source and Progeny;Jamaica;24-10-2024
ALIVE;1970-2110;K:LCD-1970-2110*2;Psidium cattleyanum;Psidium cattleyanum;Psidium;Myrtaceae;;;Australia;21-12-2023
ALIVE;2015-1782;K:LCD-2015-1782*1;Archontophoenix alexandrae;Archontophoenix alexandrae;Archontophoenix;Arecaceae;;;Australia;28-12-2024
ALIVE;1978-6242;K:LCD-1978-6242*2;Saxifraga stolonifera;Saxifraga stolonifera;Saxifraga;Saxifragaceae;;N - Natural Source and Progeny;China;24-05-2024
ALIVE;1985-5458;K:LCD-1985-5458*3;Ardisia solanacea;Ardisia solanacea;Ardisia;Primulaceae;;N - Natural Source and Progeny;India;18-07-2024
ALIVE;1973-12516;K:LCD-1973-12516*4;Metrosideros perforata;Metrosideros perforata;Metrosideros;Myrtaceae;;;;27-03-2024
ALIVE;1973-12712;K:LCD-1973-12712*1;Macadamia integrifolia;Macadamia integrifolia;Macadamia;Proteaceae;;;;28-12-2024
ALIVE;2004-355;K:LCD-2004-355*1;Encephalartos trispinosus;Encephalartos trispinosus;Encephalartos;Zamiaceae;;;;22-08-2023
ALIVE;1973-13238;K:LCD-1973-13238*3;Lastreopsis hispida;Lastreopsis hispida;Lastreopsis;Polypodiaceae;;;;27-03-2024
ALIVE;1990-1125;K:LCD-1990-1125*1;Acacia vestita;Acacia vestita;Acacia;Fabaceae;;N - Natural Source and Progeny;Australia;17-10-2023
ALIVE;2003-2466;K:LCD-2003-2466*11;Streptosolen jamesonii;Streptosolen jamesonii;Streptosolen;Solanaceae;;;;19-07-2024
ALIVE;1977-6765;K:LCD-1977-6765*3;Camellia kissii;Camellia kissii;Camellia;Theaceae;;N - Natural Source and Progeny;Nepal;21-05-2024
ALIVE;1975-4105;K:LCD-1975-4105*1;;Rhapis excelsa 'Kan Non Chiku';Rhapis;Arecaceae;;;;24-05-2024
ALIVE;1999-4331;K:LCD-1999-4331*1;Himalayacalamus cupreus;Himalayacalamus cupreus;Himalayacalamus;Poaceae;;;;08-11-2023
ALIVE;1981-2280;K:LCD-1981-2280*2;Pittosporum michiei;Pittosporum michiei;Pittosporum;Pittosporaceae;;N - Natural Source and Progeny;New Zealand;21-11-2024
ALIVE;1953-51201;K:LCD-1953-51201*1;Acridocarpus natalitius;Acridocarpus natalitius;Acridocarpus;Malpighiaceae;;;;08-08-2024
ALIVE;1990-3101;K:LCD-1990-3101*1;Iris japonica;Iris japonica;Iris;Iridaceae;;N - Natural Source and Progeny;China;22-05-2024
ALIVE;2017-664;K:LCD-2017-664*2;Melaleuca linearis;Melaleuca linearis;Melaleuca;Myrtaceae;;;;13-02-2024
ALIVE;1999-4106;K:LCD-1999-4106*1;Dicksonia fibrosa;Dicksonia fibrosa;Dicksonia;Cyatheaceae;;;;31-05-2024
ALIVE;1999-4341;K:LCD-1999-4341*1;Phoenix roebelenii;Phoenix roebelenii;Phoenix;Arecaceae;;;;22-05-2024
ALIVE;2008-2008;K:LCD-2008-2008*3;Pandorea jasminoides;Pandorea jasminoides;Pandorea;Bignoniaceae;;;Australia;28-12-2024
ALIVE;1973-12516;K:LCD-1973-12516*3;Metrosideros perforata;Metrosideros perforata;Metrosideros;Myrtaceae;;;;27-03-2024
ALIVE;1964-32703;K:LCD-1964-32703*2;Oreopanax peltatus;Oreopanax peltatus;Oreopanax;Araliaceae;;;;22-01-2024
ALIVE;1985-3735;K:LCD-1985-3735*2;Commidendrum rotundifolium;Commidendrum rotundifolium;Commidendrum;Asteraceae;;N - Natural Source and Progeny;Saint Helena, Ascension, and Tristan da Cunha;21-05-2024
ALIVE;1991-1275;K:LCD-1991-1275*1;Cupressus fallax;Cupressus chengiana var. jiangensis;Cupressus;Cupressaceae;;N - Natural Source and Progeny;China;22-05-2024
ALIVE;1993-3100;K:LCD-1993-3100*4;Coleus aegyptiacus;Plectranthus aegyptiacus;Plectranthus;Lamiaceae;;N - Natural Source and Progeny;Saudi Arabia;23-08-2023
ALIVE;1985-4485;K:LCD-1985-4485*1;Tetrastigma obtectum;Tetrastigma obtectum;Tetrastigma;Vitaceae;;N - Natural Source and Progeny;China;15-10-2024
ALIVE;1973-12449;K:LCD-1973-12449*1;Buddleja auriculata;Buddleja auriculata;Buddleja;Scrophulariaceae;;;;28-11-2024
ALIVE;1973-12565;K:LCD-1973-12565*1;Cymbidium lowianum;Cymbidium lowianum;Cymbidium;Orchidaceae;;;;22-05-2024
ALIVE;1973-12557;K:LCD-1973-12557*3;Fuchsia denticulata;Fuchsia denticulata;Fuchsia;Onagraceae;;;;19-07-2024
ALIVE;1976-843;K:LCD-1976-843*1;Aristotelia chilensis;Aristotelia chilensis;Aristotelia;Elaeocarpaceae;;N - Natural Source and Progeny;Argentina;08-02-2024
ALIVE;1955-32204;K:LCD-1955-32204*1;Azara celastrina;Azara celastrina;Azara;Salicaceae;;N - Natural Source and Progeny;Chile;13-02-2024
ALIVE;2010-2371;K:LCD-2010-2371*2;Araucaria bidwillii;Araucaria bidwillii;Araucaria;Araucariaceae;;;Australia;28-12-2024
ALIVE;1972-2587;K:LCD-1972-2587*3;Metrosideros nervulosa;Metrosideros nervulosa;Metrosideros;Myrtaceae;;N - Natural Source and Progeny;Australia;28-07-2022
ALIVE;2018-1283;K:LCD-2018-1283*1;Leucadendron rubrum;Leucadendron rubrum;Leucadendron;Proteaceae;;N - Natural Source and Progeny;;21-06-2022
ALIVE;1956-15801;K:LCD-1956-15801*1;Doryanthes palmeri;Doryanthes palmeri;Doryanthes;Doryanthaceae;;;;28-12-2024
ALIVE;2007-2012;K:LCD-2007-2012*5;Dicksonia antarctica;Dicksonia antarctica;Dicksonia;Cyatheaceae;;;;28-12-2024
ALIVE;1973-12402;K:LCD-1973-12402*1;Citharexylum berlandieri;Citharexylum berlandieri;Citharexylum;Verbenaceae;;;;28-11-2024
ALIVE;1969-16574;K:LCD-1969-16574*1;Aspidistra lurida;Aspidistra lurida;Aspidistra;Asparagaceae;;;;20-05-2024
ALIVE;1972-367;K:LCD-1972-367*1;Melaleuca pallida;Melaleuca pallida;Melaleuca;Myrtaceae;;N - Natural Source and Progeny;Australia;13-02-2024
ALIVE;2015-1606;K:LCD-2015-1606*1;Phrynium;Phrynium;Phrynium;Marantaceae;;N - Natural Source and Progeny;Vietnam;20-01-2025
ALIVE;1995-3194;K:LCD-1995-3194*1;Encephalartos paucidentatus;Encephalartos paucidentatus;Encephalartos;Zamiaceae;;;;22-08-2023
ALIVE;2017-1541;K:LCD-2017-1541*1;Kigelia africana;Kigelia africana;Kigelia;Bignoniaceae;;;;08-08-2024
ALIVE;2009-3686;K:LCD-2009-3686*1;Citrus japonica;Citrus japonica;Citrus;Rutaceae;;;;24-04-2024
ALIVE;1969-16378;K:LCD-1969-16378*1;Zapoteca portoricensis;Zapoteca portoricensis;Zapoteca;Fabaceae;;;;01-08-2024
ALIVE;1972-1860;K:LCD-1972-1860*1;Crocosmia;Crocosmia;Crocosmia;Iridaceae;;N - Natural Source and Progeny;Ethiopia;21-06-2022
ALIVE;1963-34101;K:LCD-1963-34101*2;Phytolacca dioica;Phytolacca dioica;Phytolacca;Phytolaccaceae;;;;19-02-2024
ALIVE;1983-5045;K:LCD-1983-5045*1;Iochroma arborescens;Acnistus arborescens;Acnistus;Solanaceae;;N - Natural Source and Progeny;Costa Rica;29-07-2022
ALIVE;2003-4115;K:LCD-2003-4115*1;Veronica corriganii;Hebe corriganii;Hebe;Plantaginaceae;;N - Natural Source and Progeny;New Zealand;02-01-2025
ALIVE;1969-12473;K:LCD-1969-12473*2;Drypetes deplanchei;Drypetes deplanchei;Drypetes;Putranjivaceae;;;;28-12-2024
ALIVE;1957-28802;K:LCD-1957-28802*1;Meryta sinclairii;Meryta sinclairii;Meryta;Araliaceae;;;;27-03-2024
ALIVE;1964-28201;K:LCD-1964-28201*3;Lomandra longifolia;Lomandra longifolia;Lomandra;Asparagaceae;;;;17-10-2023
ALIVE;2009-1888;K:LCD-2009-1888*1;Marchantia;Marchantia;Marchantia;Marchantiaceae;;N - Natural Source and Progeny;;27-03-2024
ALIVE;2017-587;K:LCD-2017-587*1;Corynocarpus laevigatus;Corynocarpus laevigatus;Corynocarpus;Corynocarpaceae;;N - Natural Source and Progeny;New Zealand;27-03-2024
ALIVE;1996-2436;K:LCD-1996-2436*3;Coleonema pulchellum;Coleonema pulchellum;Coleonema;Rutaceae;;;;12-03-2024
ALIVE;1957-54102;K:LCD-1957-54102*1;Encephalartos senticosus;Encephalartos senticosus;Encephalartos;Zamiaceae;;;;15-02-2024
ALIVE;2018-2266;K:LCD-2018-2266*2;Begonia fusca;Begonia fusca;Begonia;Begoniaceae;;;Mexico;10-10-2024
ALIVE;2017-432;K:LCD-2017-432*1;Beschorneria septentrionalis;Beschorneria septentrionalis;Beschorneria;Asparagaceae;;;Mexico;29-07-2022
ALIVE;1990-1974;K:LCD-1990-1974*2;Cycas media;Cycas media;Cycas;Cycadaceae;;N - Natural Source and Progeny;Australia;17-10-2023
ALIVE;1989-2726;K:LCD-1989-2726*2;Hibiscadelphus distans;Hibiscadelphus distans;Hibiscadelphus;Malvaceae;;N - Natural Source and Progeny;United States;28-07-2022
ALIVE;1975-280;K:LCD-1975-280*1;Hypoxis urceolata;Hypoxis urceolata;Hypoxis;Hypoxidaceae;;N - Natural Source and Progeny;Tanzania;13-02-2024
ALIVE;1987-4158;K:LCD-1987-4158*2;;Plantae;;;;N - Natural Source and Progeny;Chile;01-02-2024
ALIVE;2000-4397;K:LCD-2000-4397*1;Livistona chinensis;Livistona chinensis;Livistona;Arecaceae;;;;08-07-2024
ALIVE;1973-4810;K:LCD-1973-4810*1;Quillaja saponaria;Quillaja saponaria;Quillaja;Quillajaceae;;N - Natural Source and Progeny;Chile;08-02-2024
ALIVE;1985-4290;K:LCD-1985-4290*1;Pollia japonica;Pollia japonica;Pollia;Commelinaceae;;N - Natural Source and Progeny;China;21-05-2024
ALIVE;1973-12321;K:LCD-1973-12321*1;Citharexylum ilicifolium;Citharexylum ilicifolium;Citharexylum;Verbenaceae;;;;29-01-2024
ALIVE;1996-4618;K:LCD-1996-4618*1;Rhododendron scopulorum;Rhododendron scopulorum;Rhododendron;Ericaceae;;N - Natural Source and Progeny;Bhutan;17-10-2023
ALIVE;1969-51866;K:LCD-1969-51866*2;Salvia dorisiana;Salvia dorisiana;Salvia;Lamiaceae;;;;22-12-2024
ALIVE;1973-5446;K:LCD-1973-5446*2;Aloe rabaiensis;Aloe rabaiensis;Aloe;Asphodelaceae;;;;28-11-2024
ALIVE;1969-17436;K:LCD-1969-17436*1;Iris confusa;Iris confusa;Iris;Iridaceae;;;;21-05-2024
ALIVE;1956-52409;K:LCD-1956-52409*1;Strelitzia juncea;Strelitzia juncea;Strelitzia;Strelitziaceae;;;;22-08-2023
ALIVE;2004-1052;K:LCD-2004-1052*2;Eucalyptus coccifera;Eucalyptus coccifera;Eucalyptus;Myrtaceae;;N - Natural Source and Progeny;Australia;28-12-2024
ALIVE;1980-4525;K:LCD-1980-4525*5;Fuchsia microphylla;Fuchsia microphylla;Fuchsia;Onagraceae;;N - Natural Source and Progeny;Mexico;18-07-2024
ALIVE;1991-1633;K:LCD-1991-1633*2;Dais cotinifolia;Dais cotinifolia;Dais;Thymelaeaceae;;;;21-02-2024
ALIVE;1996-4618;K:LCD-1996-4618*4;Rhododendron scopulorum;Rhododendron scopulorum;Rhododendron;Ericaceae;;N - Natural Source and Progeny;Bhutan;24-05-2024
ALIVE;1985-8077;K:LCD-1985-8077*2;Griselinia racemosa;Griselinia racemosa;Griselinia;Griseliniaceae;;N - Natural Source and Progeny;Chile;05-02-2024
ALIVE;1969-3776;K:LCD-1969-3776*8;Fuchsia thymifolia subsp. minimiflora;Fuchsia thymifolia subsp. minimiflora;Fuchsia;Onagraceae;;;;19-07-2024
ALIVE;1971-1063;K:LCD-1971-1063*1;Porlieria chilensis;Porlieria chilensis;Porlieria;Zygophyllaceae;;N - Natural Source and Progeny;Chile;01-02-2024
ALIVE;1978-4474;K:LCD-1978-4474*1;Luculia pinceana;Luculia pinceana;Luculia;Rubiaceae;;;;20-05-2024
ALIVE;2018-1290;K:LCD-2018-1290*1;;Banksia serrata 'Superman';Banksia;Proteaceae;;;Australia;21-11-2024
ALIVE;1969-16904;K:LCD-1969-16904*3;Cymbidium tracyanum;Cymbidium tracyanum;Cymbidium;Orchidaceae;;;;21-11-2024
ALIVE;1978-6210;K:LCD-1978-6210*3;Rhododendron crassum;Rhododendron manipurense;Rhododendron;Ericaceae;;;;24-05-2024
ALIVE;2016-976;K:LCD-2016-976*1;Agathosma ovata;Agathosma ovata;Agathosma;Rutaceae;;;;09-01-2025
ALIVE;1993-3484;K:LCD-1993-3484*1;Encephalartos lehmannii;Encephalartos lehmannii;Encephalartos;Zamiaceae;;;;14-10-2024
ALIVE;2014-2041;K:LCD-2014-2041*2;;Brugmansia 'Super Pink';Brugmansia;Solanaceae;;;;28-11-2024
ALIVE;1988-2316;K:LCD-1988-2316*1;Cycas cairnsiana;Cycas cairnsiana;Cycas;Cycadaceae;;N - Natural Source and Progeny;Australia;17-10-2023
ALIVE;1992-1893;K:LCD-1992-1893*1;Zantedeschia rehmannii;Zantedeschia rehmannii;Zantedeschia;Araceae;;;;18-08-2023
ALIVE;1949-61703;K:LCD-1949-61703*3;Archontophoenix cunninghamiana;Archontophoenix cunninghamiana;Archontophoenix;Arecaceae;;;;26-02-2024
ALIVE;2018-651;K:LCD-2018-651*1;Leucospermum conocarpodendron subsp. conocarpodendron;Leucospermum conocarpodendron subsp. conocarpodendron;Leucospermum;Proteaceae;;;;15-02-2024
ALIVE;2015-1496;K:LCD-2015-1496*2;Lygodium japonicum;Lygodium japonicum;Lygodium;Schizaeaceae;;N - Natural Source and Progeny;Vietnam;22-05-2024
ALIVE;1973-12903;K:LCD-1973-12903*3;Cuphea ignea;Cuphea ignea;Cuphea;Lythraceae;;;;09-01-2025
ALIVE;1997-6552;K:LCD-1997-6552*5;Sophora fulvida;Sophora fulvida;Sophora;Fabaceae;;N - Natural Source and Progeny;New Zealand;08-11-2023
ALIVE;1958-32201;K:LCD-1958-32201*3;Rhododendron veitchianum;Rhododendron veitchianum;Rhododendron;Ericaceae;;;;18-07-2024
ALIVE;2009-1080;K:LCD-2009-1080*6;Pteris dentata;Pteris adscensionis;Pteris;Pteridaceae;;N - Natural Source and Progeny;;05-11-2024
ALIVE;1984-5261;K:LCD-1984-5261*4;Podocarpus matudae;Podocarpus matudae;Podocarpus;Podocarpaceae;;N - Natural Source and Progeny;Mexico;19-02-2024
ALIVE;1989-3965;K:LCD-1989-3965*1;Neolitsea aciculata;Neolitsea aciculata;Neolitsea;Lauraceae;;N - Natural Source and Progeny;Japan;24-05-2024
ALIVE;2002-10;K:LCD-2002-10*1;Banksia integrifolia subsp. monticola;Banksia integrifolia subsp. monticola;Banksia;Proteaceae;;N - Natural Source and Progeny;Australia;02-01-2025
ALIVE;1959-32201;K:LCD-1959-32201*1;Ilex fargesii subsp. melanotricha;Ilex melanotricha;Ilex;Aquifoliaceae;;;;24-05-2024
ALIVE;2017-909;K:LCD-2017-909*1;Encephalartos ferox;Encephalartos ferox;Encephalartos;Zamiaceae;;;;22-08-2023
ALIVE;1981-2939;K:LCD-1981-2939*1;Dianella tasmanica;Dianella tasmanica;Dianella;Asphodelaceae;;N - Natural Source and Progeny;Australia;28-12-2024
ALIVE;2015-2852;K:LCD-2015-2852*1;Elegia tectorum;Elegia tectorum;Elegia;Restionaceae;;;South Africa;09-01-2025
ALIVE;2015-1418;K:LCD-2015-1418*1;Disporum;Disporum;Disporum;Colchicaceae;;N - Natural Source and Progeny;Vietnam;20-05-2024
ALIVE;2002-1055;K:LCD-2002-1055*1;Melicytus crassifolius;Melicytus crassifolius;Melicytus;Violaceae;;;;08-11-2023
ALIVE;1963-55102;K:LCD-1963-55102*1;Olearia traversiorum;Olearia traversii;Olearia;Asteraceae;;;;08-11-2023
ALIVE;2001-3198;K:LCD-2001-3198*4;Cinnamomum pseudopedunculatum;Cinnamomum pseudopedunculatum;Cinnamomum;Lauraceae;;;Japan;22-05-2024
ALIVE;2017-214;K:LCD-2017-214*5;Begonia longifolia;Begonia longifolia;Begonia;Begoniaceae;;N - Natural Source and Progeny;Vietnam;22-05-2024
ALIVE;1996-4363;K:LCD-1996-4363*5;;Nephrolepis cordifolia 'Edmontonensis';Nephrolepis;Polypodiaceae;;;;28-12-2024
ALIVE;1995-3910;K:LCD-1995-3910*3;Salvia divinorum;Salvia divinorum;Salvia;Lamiaceae;;;;11-05-2024
ALIVE;2008-1202;K:LCD-2008-1202*7;Salvia repens;Salvia repens;Salvia;Lamiaceae;;;;24-05-2024
ALIVE;2018-612;K:LCD-2018-612*1;Phymatosorus cuspidatus;Microsorum cuspidatum;Microsorum;Polypodiaceae;;N - Natural Source and Progeny;Vietnam;21-05-2024
ALIVE;1993-3185;K:LCD-1993-3185*21;Dicksonia antarctica;Dicksonia antarctica;Dicksonia;Cyatheaceae;;N - Natural Source and Progeny;Australia;28-12-2024
ALIVE;2008-1430;K:LCD-2008-1430*3;Watsonia laccata;Watsonia laccata;Watsonia;Iridaceae;;;;03-06-2024
ALIVE;1973-21714;K:LCD-1973-21714*4;Erythrostemon mexicanus;Erythrostemon mexicanus;Erythrostemon;Fabaceae;;;;29-01-2024
ALIVE;2001-3308;K:LCD-2001-3308*3;Adromischus filicaulis subsp. marlothii;Adromischus filicaulis subsp. marlothii;Adromischus;Crassulaceae;;N - Natural Source and Progeny;South Africa;14-10-2024
ALIVE;1982-5601;K:LCD-1982-5601*1;Livistona chinensis;Livistona chinensis;Livistona;Arecaceae;;N - Natural Source and Progeny;Bermuda;21-05-2024
ALIVE;1998-3481;K:LCD-1998-3481*5;Pelargonium × fragrans;Pelargonium × fragrans;Pelargonium;Geraniaceae;;;;23-08-2023
ALIVE;1985-8120;K:LCD-1985-8120*1;Clematicissus striata;Cissus striata;Cissus;Vitaceae;;N - Natural Source and Progeny;Chile;19-02-2024
ALIVE;1938-91202;K:LCD-1938-91202*1;Cestrum fasciculatum;Cestrum fasciculatum;Cestrum;Solanaceae;;N - Natural Source and Progeny;;09-01-2025
ALIVE;1997-4296;K:LCD-1997-4296*1;Cuphea subuligera;Cuphea caeciliae;Cuphea;Lythraceae;;;;17-07-2024
ALIVE;1972-367;K:LCD-1972-367*2;Melaleuca pallida;Melaleuca pallida;Melaleuca;Myrtaceae;;N - Natural Source and Progeny;Australia;28-12-2024
ALIVE;2001-3657;K:LCD-2001-3657*1;;Fuchsia 'Firecracker';Fuchsia;Onagraceae;;;;09-01-2025
ALIVE;1983-2018;K:LCD-1983-2018*1;Chaptalia nutans;Chaptalia nutans;Chaptalia;Asteraceae;;N - Natural Source and Progeny;Brazil;09-01-2025
ALIVE;1991-713;K:LCD-1991-713*1;Cornus disciflora;Cornus disciflora;Cornus;Cornaceae;;N - Natural Source and Progeny;;06-02-2024
ALIVE;1966-17109;K:LCD-1966-17109*1;Hedychium spicatum;Hedychium spicatum;Hedychium;Zingiberaceae;;N - Natural Source and Progeny;Nepal;21-05-2024
ALIVE;1973-12215;K:LCD-1973-12215*6;Rhododendron simsii;Rhododendron simsii;Rhododendron;Ericaceae;;;;22-05-2024
ALIVE;1987-4025;K:LCD-1987-4025*2;Scadoxus puniceus;Scadoxus puniceus;Scadoxus;Amaryllidaceae;;;South Africa;08-08-2024
ALIVE;1971-2779;K:LCD-1971-2779*2;Howea forsteriana;Howea forsteriana;Howea;Arecaceae;;N - Natural Source and Progeny;Australia;28-12-2024
ALIVE;1961-19402;K:LCD-1961-19402*6;Woodwardia unigemmata;Woodwardia unigemmata;Woodwardia;Aspleniaceae;;;;24-05-2024
ALIVE;2011-1423;K:LCD-2011-1423*1;Magnolia virginiana;Magnolia virginiana;Magnolia;Magnoliaceae;;N - Natural Source and Progeny;United States;29-01-2024
ALIVE;2017-429;K:LCD-2017-429*1;Widdringtonia nodiflora;Widdringtonia wallichii;Widdringtonia;Cupressaceae;;;South Africa;21-06-2022
ALIVE;2009-1739;K:LCD-2009-1739*2;Afrocarpus falcatus;Afrocarpus falcatus;Afrocarpus;Podocarpaceae;;;Japan;14-05-2024
ALIVE;1983-203;K:LCD-1983-203*2;Commidendrum rugosum;Commidendrum rugosum;Commidendrum;Asteraceae;;N - Natural Source and Progeny;Saint Helena, Ascension, and Tristan da Cunha;17-09-2024
ALIVE;1993-2956;K:LCD-1993-2956*2;Indigofera jucunda;Indigofera jucunda;Indigofera;Fabaceae;;N - Natural Source and Progeny;South Africa;22-10-2024
ALIVE;1969-17839;K:LCD-1969-17839*1;Encephalartos altensteinii;Encephalartos altensteinii;Encephalartos;Zamiaceae;;;;15-02-2024
ALIVE;1999-1609;K:LCD-1999-1609*1;Encephalartos lehmannii;Encephalartos lehmannii;Encephalartos;Zamiaceae;;;;14-02-2024
ALIVE;1949-61703;K:LCD-1949-61703*1;Archontophoenix cunninghamiana;Archontophoenix cunninghamiana;Archontophoenix;Arecaceae;;;;28-12-2024
ALIVE;1971-2232;K:LCD-1971-2232*5;;Rhododendron lindleyi 'Dame Edith Sitwell';Rhododendron;Ericaceae;;;;21-05-2024
ALIVE;2013-1237;K:LCD-2013-1237*1;Prunus ilicifolia var. occidentalis;Prunus ilicifolia subsp. lyonii;Prunus;Rosaceae;;N - Natural Source and Progeny;United States;25-07-2022
ALIVE;2018-2274;K:LCD-2018-2274*1;Salvia apiana;Salvia apiana;Salvia;Lamiaceae;;;;29-12-2024
ALIVE;1988-1898;K:LCD-1988-1898*3;Sideroxylon spinosum;Argania spinosa;Argania;Sapotaceae;;N - Natural Source and Progeny;Morocco;10-12-2024
ALIVE;1989-3464;K:LCD-1989-3464*1;Fuchsia paniculata;Fuchsia paniculata;Fuchsia;Onagraceae;;;;28-07-2022
ALIVE;1973-12963;K:LCD-1973-12963*2;Bersama lucens;Bersama lucens;Bersama;Francoaceae;;;;21-02-2024
ALIVE;2008-1406;K:LCD-2008-1406*1;Leonotis ocymifolia var. ocymifolia;Leonotis ocymifolia var. ocymifolia;Leonotis;Lamiaceae;;;;07-10-2024
ALIVE;2018-123;K:LCD-2018-123*3;Pteris;Pteris;Pteris;Pteridaceae;;N - Natural Source and Progeny;Vietnam;20-05-2024
ALIVE;1958-32201;K:LCD-1958-32201*2;Rhododendron veitchianum;Rhododendron veitchianum;Rhododendron;Ericaceae;;;;20-05-2024
ALIVE;1973-12600;K:LCD-1973-12600*2;Rhapis humilis;Rhapis humilis;Rhapis;Arecaceae;;;;20-01-2025
ALIVE;1991-1597;K:LCD-1991-1597*2;Diospyros tetrasperma;Diospyros tetrasperma;Diospyros;Ebenaceae;;N - Natural Source and Progeny;Mexico;20-02-2025
ALIVE;1980-2299;K:LCD-1980-2299*1;Greyia radlkoferi;Greyia radlkoferi;Greyia;Francoaceae;;;;22-05-2024
ALIVE;1987-8068;K:LCD-1987-8068*2;Diploglottis diphyllostegia;Diploglottis diphyllostegia;Diploglottis;Sapindaceae;;N - Natural Source and Progeny;Australia;28-12-2024
ALIVE;1976-3830;K:LCD-1976-3830*3;Rhododendron maddenii;Rhododendron maddenii;Rhododendron;Ericaceae;;;;24-05-2024
ALIVE;2005-2723;K:LCD-2005-2723*2;;Phragmipedium Calurum gx;Phragmipedium;Orchidaceae;;;;28-11-2024
ALIVE;1973-12557;K:LCD-1973-12557*4;Fuchsia denticulata;Fuchsia denticulata;Fuchsia;Onagraceae;;;;25-07-2024
ALIVE;1880-40901;K:LCD-1880-40901*1;Ceratozamia mexicana;Ceratozamia mexicana;Ceratozamia;Zamiaceae;;;;20-12-2022
ALIVE;1995-245;K:LCD-1995-245*3;Russelia equisetiformis;Russelia equisetiformis;Russelia;Plantaginaceae;;N - Natural Source and Progeny;Venezuela;01-08-2024
ALIVE;2007-827;K:LCD-2007-827*2;Strelitzia reginae subsp. mzimvubuensis;Strelitzia reginae subsp. mzimvubuensis;Strelitzia;Strelitziaceae;;N - Natural Source and Progeny;;14-10-2024
ALIVE;1983-4392;K:LCD-1983-4392*1;Vasconcellea × pentagona;Carica × pentagona;Carica;Caricaceae;;N - Natural Source and Progeny;Ecuador;08-02-2024
ALIVE;1977-3991;K:LCD-1977-3991*1;Rubus ellipticus;Rubus ellipticus;Rubus;Rosaceae;;N - Natural Source and Progeny;India;17-10-2023
ALIVE;1973-12557;K:LCD-1973-12557*9;Fuchsia denticulata;Fuchsia denticulata;Fuchsia;Onagraceae;;;;19-07-2024
ALIVE;2009-3684;K:LCD-2009-3684*1;Citrus × microcarpa;Citrus × microcarpa;Citrus;Rutaceae;;;;18-04-2024
ALIVE;1960-4001;K:LCD-1960-4001*1;Maesa argentea;Maesa argentea;Maesa;Primulaceae;;;;17-10-2023
ALIVE;1972-3169;K:LCD-1972-3169*2;Simmondsia chinensis;Simmondsia chinensis;Simmondsia;Simmondsiaceae;;N - Natural Source and Progeny;United States;29-07-2022
ALIVE;1992-1857;K:LCD-1992-1857*1;Zantedeschia aethiopica;Zantedeschia aethiopica;Zantedeschia;Araceae;;;;09-01-2025
ALIVE;1979-65;K:LCD-1979-65*5;Rhododendron taronense;Rhododendron taronense;Rhododendron;Ericaceae;;;;20-05-2024
ALIVE;2018-914;K:LCD-2018-914*1;Styrax argentifolius;Styrax argentifolius;Styrax;Styracaceae;;N - Natural Source and Progeny;Vietnam;24-05-2024
ALIVE;1979-457;K:LCD-1979-457*2;Lobelia angulata;Lobelia angulata;Lobelia;Campanulaceae;;N - Natural Source and Progeny;Nepal;24-05-2024
ALIVE;1963-6802;K:LCD-1963-6802*2;Setaria palmifolia;Setaria palmifolia;Setaria;Poaceae;;;;24-05-2024
ALIVE;1997-6517;K:LCD-1997-6517*1;Melaleuca hypericifolia;Melaleuca hypericifolia;Melaleuca;Myrtaceae;;N - Natural Source and Progeny;Australia;18-07-2024
ALIVE;2000-1493;K:LCD-2000-1493*1;Correa alba;Correa alba;Correa;Rutaceae;;;;28-12-2024
ALIVE;1985-5458;K:LCD-1985-5458*2;Ardisia solanacea;Ardisia solanacea;Ardisia;Primulaceae;;N - Natural Source and Progeny;India;20-05-2024
ALIVE;1962-43701;K:LCD-1962-43701*1;Berberis napaulensis var. napaulensis;Mahonia acanthifolia;Mahonia;Berberidaceae;;;;17-10-2023
ALIVE;1973-12215;K:LCD-1973-12215*2;Rhododendron simsii;Rhododendron simsii;Rhododendron;Ericaceae;;;;22-05-2024
ALIVE;1959-14903;K:LCD-1959-14903*1;Fuchsia microphylla subsp. aprica;Fuchsia microphylla subsp. aprica;Fuchsia;Onagraceae;;N - Natural Source and Progeny;Guatemala;01-08-2024
ALIVE;1991-1632;K:LCD-1991-1632*1;Tecomaria capensis;Tecomaria capensis;Tecomaria;Bignoniaceae;;;;21-08-2023
ALIVE;1948-52201;K:LCD-1948-52201*2;Schotia latifolia;Schotia latifolia;Schotia;Fabaceae;;;;21-06-2022
ALIVE;1986-2802;K:LCD-1986-2802*1;Gymnanthemum amygdalinum;Vernonia amygdalina;Vernonia;Asteraceae;;;;23-06-2022
ALIVE;2005-2481;K:LCD-2005-2481*1;Impatiens balansae;Impatiens balansae;Impatiens;Balsaminaceae;;;;21-11-2024
ALIVE;1980-4525;K:LCD-1980-4525*2;Fuchsia microphylla;Fuchsia microphylla;Fuchsia;Onagraceae;;N - Natural Source and Progeny;Mexico;21-10-2024
ALIVE;1957-72101;K:LCD-1957-72101*1;Ilex cyrtura;Ilex cyrtura;Ilex;Aquifoliaceae;;;;24-05-2024
ALIVE;1996-4618;K:LCD-1996-4618*5;Rhododendron scopulorum;Rhododendron scopulorum;Rhododendron;Ericaceae;;N - Natural Source and Progeny;Bhutan;17-10-2023
ALIVE;1991-1627;K:LCD-1991-1627*1;Vachellia xanthophloea;Acacia xanthophloea;Acacia;Fabaceae;;;;17-10-2024
ALIVE;1986-6008;K:LCD-1986-6008*4;Spathodea campanulata;Spathodea campanulata;Spathodea;Bignoniaceae;;;;23-06-2022
ALIVE;1991-1353;K:LCD-1991-1353*1;Holmskioldia sanguinea;Holmskioldia sanguinea;Holmskioldia;Lamiaceae;;;;10-10-2024
ALIVE;1969-51235;K:LCD-1969-51235*1;Citharexylum ligustrifolium;Citharexylum ligustrifolium;Citharexylum;Verbenaceae;;;;25-07-2022
ALIVE;1989-895;K:LCD-1989-895*1;Lapageria rosea;Lapageria rosea;Lapageria;Philesiaceae;;N - Natural Source and Progeny;Chile;09-01-2025
ALIVE;1985-1973;K:LCD-1985-1973*3;Rhododendron formosum;Rhododendron formosum;Rhododendron;Ericaceae;;;;20-05-2024
ALIVE;1980-4525;K:LCD-1980-4525*7;Fuchsia microphylla;Fuchsia microphylla;Fuchsia;Onagraceae;;N - Natural Source and Progeny;Mexico;11-09-2024
ALIVE;1971-2232;K:LCD-1971-2232*3;;Rhododendron lindleyi 'Dame Edith Sitwell';Rhododendron;Ericaceae;;;;08-11-2023
ALIVE;1983-1606;K:LCD-1983-1606*1;Cryptocarya alba;Cryptocarya alba;Cryptocarya;Lauraceae;;N - Natural Source and Progeny;Chile;25-01-2024
ALIVE;1983-1528;K:LCD-1983-1528*3;Diplazium maximum;Diplazium pseudododerleinii;Diplazium;Aspleniaceae;;N - Natural Source and Progeny;Taiwan;20-05-2024
ALIVE;1979-6229;K:LCD-1979-6229*1;Maytenus ilicifolia;Maytenus ilicifolia;Maytenus;Celastraceae;;N - Natural Source and Progeny;Argentina;09-01-2025
ALIVE;1970-4915;K:LCD-1970-4915*3;Salvia gesneriiflora;Salvia gesneriiflora;Salvia;Lamiaceae;;;;05-03-2024
ALIVE;1969-17400;K:LCD-1969-17400*2;;Brunfelsia pauciflora 'Macrantha';Brunfelsia;Solanaceae;;;;19-02-2024
ALIVE;1996-4363;K:LCD-1996-4363*1;;Nephrolepis cordifolia 'Edmontonensis';Nephrolepis;Polypodiaceae;;;;28-12-2024
ALIVE;1972-6003;K:LCD-1972-6003*1;Polygonatum oppositifolium;Polygonatum oppositifolium;Polygonatum;Asparagaceae;;N - Natural Source and Progeny;India;02-01-2025
ALIVE;1981-99;K:LCD-1981-99*1;Dioon edule;Dioon edule;Dioon;Zamiaceae;;N - Natural Source and Progeny;Mexico;01-02-2024
ALIVE;1959-14902;K:LCD-1959-14902*3;Fuchsia fulgens;Fuchsia fulgens;Fuchsia;Onagraceae;;N - Natural Source and Progeny;Mexico;09-01-2025
ALIVE;1996-4735;K:LCD-1996-4735*3;Aloe ballyi;Aloe ballyi;Aloe;Asphodelaceae;;N - Natural Source and Progeny;Kenya;13-02-2024
ALIVE;1969-17233;K:LCD-1969-17233*2;Clivia nobilis;Clivia nobilis;Clivia;Amaryllidaceae;;;;02-10-2024
ALIVE;1949-39004;K:LCD-1949-39004*1;Prostanthera ovalifolia;Prostanthera ovalifolia;Prostanthera;Lamiaceae;;;;28-12-2024
ALIVE;2018-2295;K:LCD-2018-2295*3;Eucrosia mirabilis;Eucrosia mirabilis;Eucrosia;Amaryllidaceae;;;Ecuador;16-05-2024
ALIVE;1982-5284;K:LCD-1982-5284*2;Dendrobium kingianum;Dendrobium kingianum;Dendrobium;Orchidaceae;;N - Natural Source and Progeny;Australia;28-12-2024
ALIVE;2015-1459;K:LCD-2015-1459*1;Luculia pinceana;Luculia pinceana;Luculia;Rubiaceae;;N - Natural Source and Progeny;Vietnam;22-05-2024
ALIVE;2006-1138;K:LCD-2006-1138*2;Elegia tectorum;Elegia tectorum;Elegia;Restionaceae;;;;14-02-2024
ALIVE;1985-4556;K:LCD-1985-4556*1;Heptapleurum bodinieri;Schefflera bodinieri;Schefflera;Araliaceae;;N - Natural Source and Progeny;China;24-05-2024
ALIVE;1989-1322;K:LCD-1989-1322*3;Coleus xerophilus;Plectranthus xerophilus;Plectranthus;Lamiaceae;;N - Natural Source and Progeny;South Africa;14-10-2024
ALIVE;1986-304;K:LCD-1986-304*5;Melaleuca polandii;Melaleuca polandii;Melaleuca;Myrtaceae;;N - Natural Source and Progeny;Australia;21-05-2024
ALIVE;1976-3830;K:LCD-1976-3830*4;Rhododendron maddenii;Rhododendron maddenii;Rhododendron;Ericaceae;;;;24-05-2024
ALIVE;1994-3474;K:LCD-1994-3474*1;Achyranthes arborescens;Achyranthes arborescens;Achyranthes;Amaranthaceae;;N - Natural Source and Progeny;Norfolk Island;22-05-2024
ALIVE;1987-2573;K:LCD-1987-2573*1;;Rhapis excelsa 'Chiyodazuru';Rhapis;Arecaceae;;;;24-05-2024
ALIVE;2013-1345;K:LCD-2013-1345*1;Grevillea hilliana;Grevillea hilliana;Grevillea;Proteaceae;;;;28-12-2024
ALIVE;1971-2232;K:LCD-1971-2232*2;;Rhododendron lindleyi 'Dame Edith Sitwell';Rhododendron;Ericaceae;;;;21-05-2024
ALIVE;1971-2766;K:LCD-1971-2766*3;Lagunaria patersonia;Lagunaria patersonia;Lagunaria;Malvaceae;;N - Natural Source and Progeny;Australia;28-12-2024
ALIVE;1973-12557;K:LCD-1973-12557*2;Fuchsia denticulata;Fuchsia denticulata;Fuchsia;Onagraceae;;;;19-07-2024
ALIVE;1979-6232;K:LCD-1979-6232*2;Duranta erecta;Duranta erecta;Duranta;Verbenaceae;;N - Natural Source and Progeny;Argentina;08-02-2024
ALIVE;2011-1423;K:LCD-2011-1423*2;Magnolia virginiana;Magnolia virginiana;Magnolia;Magnoliaceae;;N - Natural Source and Progeny;United States;07-02-2024
ALIVE;1973-12021;K:LCD-1973-12021*1;Yucca gigantea;Yucca guatemalensis;Yucca;Asparagaceae;;;;28-11-2024
ALIVE;2015-1854;K:LCD-2015-1854*2;Elingamita johnsonii;Elingamita johnsonii;Elingamita;Primulaceae;;;;27-03-2024
ALIVE;1989-3466;K:LCD-1989-3466*6;Fuchsia arborescens;Fuchsia arborescens;Fuchsia;Onagraceae;;;;18-07-2024
ALIVE;1988-5280;K:LCD-1988-5280*1;Lepidozamia peroffskyana;Lepidozamia peroffskyana;Lepidozamia;Zamiaceae;;N - Natural Source and Progeny;Australia;17-10-2023
ALIVE;1964-28201;K:LCD-1964-28201*1;Lomandra longifolia;Lomandra longifolia;Lomandra;Asparagaceae;;;;18-07-2024
ALIVE;1975-2245;K:LCD-1975-2245*2;Visnea mocanera;Visnea mocanera;Visnea;Pentaphylacaceae;;N - Natural Source and Progeny;Spain;04-07-2022
ALIVE;1982-2477;K:LCD-1982-2477*3;;Citrus × limon × paradisi;Citrus;Rutaceae;;;;15-02-2024
ALIVE;2000-3326;K:LCD-2000-3326*1;Hedychium coccineum;Hedychium coccineum;Hedychium;Zingiberaceae;;N - Natural Source and Progeny;Nepal;20-05-2024
ALIVE;1977-6765;K:LCD-1977-6765*4;Camellia kissii;Camellia kissii;Camellia;Theaceae;;N - Natural Source and Progeny;Nepal;21-11-2024
ALIVE;1969-16979;K:LCD-1969-16979*2;Crinum moorei;Crinum moorei;Crinum;Amaryllidaceae;;;;22-10-2024
ALIVE;1989-3466;K:LCD-1989-3466*2;Fuchsia arborescens;Fuchsia arborescens;Fuchsia;Onagraceae;;;;01-08-2024
ALIVE;2017-431;K:LCD-2017-431*2;Pinus maximartinezii;Pinus maximartinezii;Pinus;Pinaceae;;;Mexico;30-01-2024
ALIVE;1984-3380;K:LCD-1984-3380*1;Azara;Azara;Azara;Salicaceae;;;;29-01-2024
ALIVE;1971-2391;K:LCD-1971-2391*1;Pittosporum tenuifolium;Pittosporum tenuifolium;Pittosporum;Pittosporaceae;;N - Natural Source and Progeny;Papua New Guinea;27-03-2024
ALIVE;1969-50088;K:LCD-1969-50088*1;Strobilanthes glutinosa;Strobilanthes glutinosa;Strobilanthes;Acanthaceae;;;;02-01-2025
ALIVE;2004-159;K:LCD-2004-159*1;Howea forsteriana;Howea forsteriana;Howea;Arecaceae;;N - Natural Source and Progeny;Australia;28-12-2024
ALIVE;1996-4617;K:LCD-1996-4617*4;Rhododendron maddenii;Rhododendron maddenii;Rhododendron;Ericaceae;;;;24-05-2024
ALIVE;1985-5457;K:LCD-1985-5457*1;Mimosa rubicaulis subsp. himalayana;Mimosa himalayana;Mimosa;Fabaceae;;N - Natural Source and Progeny;India;08-11-2023
ALIVE;1970-2756;K:LCD-1970-2756*2;Metrosideros nervulosa;Metrosideros nervulosa;Metrosideros;Myrtaceae;;;Australia;18-07-2024
ALIVE;2013-894;K:LCD-2013-894*1;Oreopanax echinops;Oreopanax echinops;Oreopanax;Araliaceae;;;Mexico;25-07-2022
ALIVE;2015-2861;K:LCD-2015-2861*2;Polygala myrtifolia;Polygala myrtifolia;Polygala;Polygalaceae;;;;28-11-2024
ALIVE;2015-1433;K:LCD-2015-1433*2;Clusia;Clusia;Clusia;Clusiaceae;;N - Natural Source and Progeny;Vietnam;24-05-2024
ALIVE;1990-1692;K:LCD-1990-1692*3;Bauhinia tomentosa;Bauhinia tomentosa;Bauhinia;Fabaceae;;N - Natural Source and Progeny;South Africa;22-10-2024
ALIVE;1990-2979;K:LCD-1990-2979*3;Leptospermum continentale;Leptospermum continentale;Leptospermum;Myrtaceae;;N - Natural Source and Progeny;Australia;17-10-2023
ALIVE;2015-1867;K:LCD-2015-1867*4;Pennantia baylisiana;Pennantia baylisiana;Pennantia;Pennantiaceae;;;;27-03-2024
ALIVE;2017-671;K:LCD-2017-671*1;Leptospermum scoparium;Leptospermum scoparium;Leptospermum;Myrtaceae;;N - Natural Source and Progeny;Australia;17-10-2023
ALIVE;1989-4003;K:LCD-1989-4003*4;Cinnamomum chekiangense;Cinnamomum tenuifolium;Cinnamomum;Lauraceae;;N - Natural Source and Progeny;Japan;20-05-2024
ALIVE;1986-285;K:LCD-1986-285*1;Rhododendron loranthiflorum;Rhododendron loranthiflorum;Rhododendron;Ericaceae;;;;19-02-2024
ALIVE;1984-1663;K:LCD-1984-1663*1;;Dendrobium heterocarpum 'Alba';Dendrobium;Orchidaceae;;;;17-09-2024
ALIVE;1988-3064;K:LCD-1988-3064*2;Crassula ovata;Crassula ovata;Crassula;Crassulaceae;;;;09-01-2025
ALIVE;1997-4296;K:LCD-1997-4296*5;Cuphea subuligera;Cuphea caeciliae;Cuphea;Lythraceae;;;;17-07-2024
ALIVE;1989-3846;K:LCD-1989-3846*1;Mundulea stenophylla;Mundulea stenophylla;Mundulea;Fabaceae;;N - Natural Source and Progeny;Madagascar;21-06-2022
ALIVE;2015-1615;K:LCD-2015-1615*1;Brassaiopsis dumicola;Brassaiopsis dumicola;Brassaiopsis;Araliaceae;;N - Natural Source and Progeny;Vietnam;05-11-2024
ALIVE;1982-2118;K:LCD-1982-2118*1;Diospyros whyteana;Diospyros whyteana;Diospyros;Ebenaceae;;N - Natural Source and Progeny;South Africa;10-12-2024
ALIVE;2014-2037;K:LCD-2014-2037*2;;Brugmansia 'Naughty Nick';Brugmansia;Solanaceae;;;;15-10-2024
ALIVE;1980-4525;K:LCD-1980-4525*4;Fuchsia microphylla;Fuchsia microphylla;Fuchsia;Onagraceae;;N - Natural Source and Progeny;Mexico;09-01-2025
ALIVE;1971-2766;K:LCD-1971-2766*6;Lagunaria patersonia;Lagunaria patersonia;Lagunaria;Malvaceae;;N - Natural Source and Progeny;Australia;28-12-2024
ALIVE;1958-72001;K:LCD-1958-72001*1;Ardisia sieboldii;Ardisia sieboldii;Ardisia;Primulaceae;;N - Natural Source and Progeny;Japan;20-05-2024
ALIVE;1949-39004;K:LCD-1949-39004*2;Prostanthera ovalifolia;Prostanthera ovalifolia;Prostanthera;Lamiaceae;;;;17-10-2023
ALIVE;1945-21101;K:LCD-1945-21101*6;Barnadesia caryophylla;Barnadesia caryophylla;Barnadesia;Asteraceae;;;;24-05-2024
ALIVE;1998-856;K:LCD-1998-856*1;;Fuchsia triphylla 'Thalia';Fuchsia;Onagraceae;;;;09-01-2025
ALIVE;2017-434;K:LCD-2017-434*2;Arisaema tortuosum;Arisaema tortuosum;Arisaema;Araceae;;;;21-05-2024
ALIVE;2019-2679;K:LCD-2019-2679*1;Strelitzia juncea;Strelitzia juncea;Strelitzia;Strelitziaceae;;;;14-10-2024
ALIVE;2015-2149;K:LCD-2015-2149*2;Passiflora emarginata;Passiflora emarginata;Passiflora;Passifloraceae;;;;01-02-2024
ALIVE;2001-2906;K:LCD-2001-2906*1;Sarracenia leucophylla;Sarracenia leucophylla;Sarracenia;Sarraceniaceae;;N - Natural Source and Progeny;United States;15-02-2024
ALIVE;1963-74602;K:LCD-1963-74602*2;Yucca aloifolia;Yucca aloifolia;Yucca;Asparagaceae;;;;25-07-2022
ALIVE;2017-665;K:LCD-2017-665*1;Campanula kachethica;Campanula kachethica;Campanula;Campanulaceae;;N - Natural Source and Progeny;Georgia;24-05-2024
ALIVE;1998-856;K:LCD-1998-856*2;;Fuchsia triphylla 'Thalia';Fuchsia;Onagraceae;;;;09-01-2025
ALIVE;1973-12325;K:LCD-1973-12325*1;Soleirolia soleirolii;Soleirolia soleirolii;Soleirolia;Urticaceae;;;;28-12-2024
ALIVE;2015-2830;K:LCD-2015-2830*1;Rosa marginata;Rosa marginata;Rosa;Rosaceae;;;;20-05-2024
ALIVE;1979-789;K:LCD-1979-789*2;Ficus tikoua;Ficus tikoua;Ficus;Moraceae;;;;22-05-2024
ALIVE;1927-66101;K:LCD-1927-66101*3;Syzygium oleosum;Syzygium oleosum;Syzygium;Myrtaceae;;;;28-12-2024
ALIVE;2015-1563;K:LCD-2015-1563*1;Actinidia callosa;Actinidia callosa;Actinidia;Actinidiaceae;;N - Natural Source and Progeny;Vietnam;18-06-2024
ALIVE;1973-12976;K:LCD-1973-12976*1;Melicytus novae-zelandiae;Hymenanthera novae-zelandiae;Hymenanthera;Violaceae;;;;16-04-2024
ALIVE;1969-17416;K:LCD-1969-17416*6;Rhododendron ciliatum;Rhododendron ciliatum;Rhododendron;Ericaceae;;;;13-02-2024
ALIVE;2001-3657;K:LCD-2001-3657*3;;Fuchsia 'Firecracker';Fuchsia;Onagraceae;;;;01-08-2024
ALIVE;2018-1286;K:LCD-2018-1286*1;Leucospermum conocarpodendron subsp. viridum;Leucospermum conocarpodendron subsp. viridum;Leucospermum;Proteaceae;;N - Natural Source and Progeny;;21-08-2023
ALIVE;1991-1353;K:LCD-1991-1353*2;Holmskioldia sanguinea;Holmskioldia sanguinea;Holmskioldia;Lamiaceae;;;;08-11-2023
ALIVE;2002-446;K:LCD-2002-446*1;Hymenolepis crithmifolia;Hymenolepis parviflora;Hymenolepis;Asteraceae;;;;11-06-2024
ALIVE;1969-3700;K:LCD-1969-3700*1;Dioon pectinatum;Dioon mejiae;Dioon;Zamiaceae;;N - Natural Source and Progeny;Belize;01-02-2024
ALIVE;2018-603;K:LCD-2018-603*1;;Plantae;;;;N - Natural Source and Progeny;Vietnam;22-09-2023
ALIVE;2015-265;K:LCD-2015-265*1;Acacia melanoxylon;Acacia melanoxylon;Acacia;Fabaceae;;N - Natural Source and Progeny;Australia;28-12-2024
ALIVE;1985-8253;K:LCD-1985-8253*1;Hemiboea subcapitata;Hemiboea henryi;Hemiboea;Gesneriaceae;;N - Natural Source and Progeny;China;20-05-2024
ALIVE;1989-3463;K:LCD-1989-3463*5;Fuchsia coccinea;Fuchsia coccinea;Fuchsia;Onagraceae;;;;18-07-2024
ALIVE;1949-56702;K:LCD-1949-56702*1;Encephalartos lebomboensis;Encephalartos lebomboensis;Encephalartos;Zamiaceae;;;;22-08-2023
ALIVE;1963-6802;K:LCD-1963-6802*1;Setaria palmifolia;Setaria palmifolia;Setaria;Poaceae;;;;24-09-2024
ALIVE;1973-1850;K:LCD-1973-1850*6;Brunfelsia australis;Brunfelsia australis;Brunfelsia;Solanaceae;;N - Natural Source and Progeny;Argentina;19-02-2024
ALIVE;1970-4692;K:LCD-1970-4692*2;Gerbera cordata;Piloselloides cordata;Piloselloides;Asteraceae;;;;09-01-2025
ALIVE;1994-2025;K:LCD-1994-2025*1;Tetraclinis articulata;Tetraclinis articulata;Tetraclinis;Cupressaceae;;N - Natural Source and Progeny;Morocco;21-06-2022
ALIVE;1997-6408;K:LCD-1997-6408*2;;Sophora toromiro × tetraptera;Sophora;Fabaceae;;;;04-07-2022
ALIVE;1977-6765;K:LCD-1977-6765*1;Camellia kissii;Camellia kissii;Camellia;Theaceae;;N - Natural Source and Progeny;Nepal;21-11-2024
ALIVE;1978-3865;K:LCD-1978-3865*2;Knowltonia vesicatoria;Knowltonia vesicatoria;Knowltonia;Ranunculaceae;;;;23-06-2022
ALIVE;1984-4407;K:LCD-1984-4407*1;Melaleuca virens;Melaleuca virens;Melaleuca;Myrtaceae;;N - Natural Source and Progeny;Australia;13-02-2024
ALIVE;1988-1898;K:LCD-1988-1898*2;Sideroxylon spinosum;Argania spinosa;Argania;Sapotaceae;;N - Natural Source and Progeny;Morocco;15-02-2024
ALIVE;2016-972;K:LCD-2016-972*1;Orphium frutescens;Orphium frutescens;Orphium;Gentianaceae;;;;13-03-2024
ALIVE;1998-3505;K:LCD-1998-3505*1;Elingamita johnsonii;Elingamita johnsonii;Elingamita;Primulaceae;;;New Zealand;27-03-2024
ALIVE;1995-2051;K:LCD-1995-2051*1;Ptisana salicina;Marattia salicina;Marattia;Marattiaceae;;N - Natural Source and Progeny;New Zealand;27-03-2024
ALIVE;1990-1147;K:LCD-1990-1147*4;Erythrina humeana;Erythrina humeana;Erythrina;Fabaceae;;;;22-10-2024
ALIVE;2004-881;K:LCD-2004-881*1;Kniphofia × praecox;Kniphofia × praecox;Kniphofia;Asphodelaceae;;;;22-10-2024
ALIVE;1997-5772;K:LCD-1997-5772*3;Musella lasiocarpa;Musella lasiocarpa;Musella;Musaceae;;N - Natural Source and Progeny;China;20-05-2024
ALIVE;1969-14156;K:LCD-1969-14156*1;Ageratina riparia;Eupatorium riparium;Eupatorium;Asteraceae;;;;29-07-2022
ALIVE;1987-8113;K:LCD-1987-8113*1;Cycas media;Cycas media;Cycas;Cycadaceae;;N - Natural Source and Progeny;Australia;13-02-2024
ALIVE;1973-2075;K:LCD-1973-2075*1;Chlorophytum viridescens;Chlorophytum viridescens;Chlorophytum;Asparagaceae;;N - Natural Source and Progeny;Kenya;09-01-2025
ALIVE;1971-2136;K:LCD-1971-2136*3;Pterocelastrus tricuspidatus;Pterocelastrus tricuspidatus;Pterocelastrus;Celastraceae;;N - Natural Source and Progeny;South Africa;09-01-2025
ALIVE;1985-783;K:LCD-1985-783*1;Elaeodendron curtipendulum;Cassine curtipendula;Cassine;Celastraceae;;N - Natural Source and Progeny;Norfolk Island;23-01-2025
ALIVE;1995-3103;K:LCD-1995-3103*3;Brugmansia × rubella;Brugmansia × rubella;Brugmansia;Solanaceae;;;;28-09-2022
ALIVE;1985-4486;K:LCD-1985-4486*2;Ophiopogon bodinieri;Ophiopogon bodinieri;Ophiopogon;Asparagaceae;;N - Natural Source and Progeny;China;22-05-2024
ALIVE;1965-77003;K:LCD-1965-77003*1;Stranvaesia nussia;Photinia nussia;Photinia;Rosaceae;;;;24-05-2024
ALIVE;1965-75303;K:LCD-1965-75303*3;Salvia discolor;Salvia discolor;Salvia;Lamiaceae;;;;11-05-2024
ALIVE;1994-3392;K:LCD-1994-3392*2;Ephedra foeminea;Ephedra foeminea;Ephedra;Ephedraceae;;;Saudi Arabia;30-01-2024
ALIVE;1969-17371;K:LCD-1969-17371*2;Pilocarpus pennatifolius;Pilocarpus pennatifolius;Pilocarpus;Rutaceae;;;;05-02-2024
ALIVE;2006-507;K:LCD-2006-507*1;Freylinia lanceolata;Freylinia lanceolata;Freylinia;Scrophulariaceae;;;;17-08-2023
ALIVE;1982-1306;K:LCD-1982-1306*1;Citrus × aurantiifolia;Citrus × aurantiifolia;Citrus;Rutaceae;;;;15-02-2024
ALIVE;1964-45401;K:LCD-1964-45401*9;Sabal minor;Sabal minor;Sabal;Arecaceae;;;;02-05-2024
ALIVE;2016-977;K:LCD-2016-977*1;Aristea capitata;Aristea capitata;Aristea;Iridaceae;;;;17-08-2023
ALIVE;1998-2998;K:LCD-1998-2998*1;Clivia miniata;Clivia miniata;Clivia;Amaryllidaceae;;;South Africa;28-11-2024
ALIVE;1975-789;K:LCD-1975-789*1;Argemone glauca;Argemone glauca;Argemone;Papaveraceae;;N - Natural Source and Progeny;United States;11-11-2024
ALIVE;1953-22304;K:LCD-1953-22304*2;Lonicera macrantha;Lonicera macrantha;Lonicera;Caprifoliaceae;;;;17-10-2023
ALIVE;2001-3612;K:LCD-2001-3612*1;Ficus erecta;Ficus erecta;Ficus;Moraceae;;N - Natural Source and Progeny;Taiwan;22-05-2024
ALIVE;1996-4367;K:LCD-1996-4367*2;Diplazium esculentum;Diplazium esculentum;Diplazium;Aspleniaceae;;N - Natural Source and Progeny;Malaysia;24-05-2024
ALIVE;1965-75303;K:LCD-1965-75303*2;Salvia discolor;Salvia discolor;Salvia;Lamiaceae;;;;09-01-2025
ALIVE;1987-3615;K:LCD-1987-3615*3;Melaleuca citrina;Melaleuca citrina;Melaleuca;Myrtaceae;;N - Natural Source and Progeny;Australia;01-10-2024
ALIVE;1998-1589;K:LCD-1998-1589*2;Sophora fulvida;Sophora fulvida;Sophora;Fabaceae;;N - Natural Source and Progeny;New Zealand;08-11-2023
ALIVE;1989-3957;K:LCD-1989-3957*1;Elaeocarpus sylvestris;Elaeocarpus sylvestris;Elaeocarpus;Elaeocarpaceae;;N - Natural Source and Progeny;Japan;22-05-2024
ALIVE;1988-1037;K:LCD-1988-1037*5;Leptospermum lanigerum;Leptospermum lanigerum;Leptospermum;Myrtaceae;;N - Natural Source and Progeny;Australia;28-12-2024
ALIVE;1985-8120;K:LCD-1985-8120*2;Clematicissus striata;Cissus striata;Cissus;Vitaceae;;N - Natural Source and Progeny;Chile;19-02-2024
ALIVE;1997-4570;K:LCD-1997-4570*3;Drosera capensis;Drosera capensis;Drosera;Droseraceae;;;;15-02-2024
ALIVE;1985-8135;K:LCD-1985-8135*4;Escallonia alpina;Escallonia alpina;Escallonia;Escalloniaceae;;N - Natural Source and Progeny;Chile;08-02-2024
ALIVE;2008-1427;K:LCD-2008-1427*1;Widdringtonia schwarzii;Widdringtonia schwarzii;Widdringtonia;Cupressaceae;;;;23-06-2022
ALIVE;1953-28801;K:LCD-1953-28801*4;Camellia reticulata;Camellia reticulata;Camellia;Theaceae;;;;02-01-2025
ALIVE;1973-1850;K:LCD-1973-1850*1;Brunfelsia australis;Brunfelsia australis;Brunfelsia;Solanaceae;;N - Natural Source and Progeny;Argentina;13-02-2024
ALIVE;1959-65110;K:LCD-1959-65110*2;Serissa japonica;Serissa japonica;Serissa;Rubiaceae;;;;20-05-2024
ALIVE;1985-1973;K:LCD-1985-1973*6;Rhododendron formosum;Rhododendron formosum;Rhododendron;Ericaceae;;;;21-05-2024
ALIVE;1994-3802;K:LCD-1994-3802*2;Cordyline cannifolia;Cordyline cannifolia;Cordyline;Asparagaceae;;N - Natural Source and Progeny;Australia;28-12-2024
ALIVE;2017-1707;K:LCD-2017-1707*2;Melaleuca pityoides;Melaleuca pityoides;Melaleuca;Myrtaceae;;N - Natural Source and Progeny;Australia;28-12-2024
ALIVE;2007-2434;K:LCD-2007-2434*2;Jasminum multipartitum;Jasminum multipartitum;Jasminum;Oleaceae;;;;11-06-2024
ALIVE;1973-12658;K:LCD-1973-12658*2;;Brunfelsia pauciflora 'Eximia';Brunfelsia;Solanaceae;;;;19-02-2024
ALIVE;2018-608;K:LCD-2018-608*2;Lysionotus pauciflorus;Lysionotus pauciflorus;Lysionotus;Gesneriaceae;;N - Natural Source and Progeny;Vietnam;20-01-2025
ALIVE;2001-3187;K:LCD-2001-3187*3;Drypetes integerrima;Drypetes integerrima;Drypetes;Putranjivaceae;;;Japan;20-05-2024
ALIVE;2003-2910;K:LCD-2003-2910*4;Banksia integrifolia subsp. integrifolia;Banksia integrifolia subsp. integrifolia;Banksia;Proteaceae;;N - Natural Source and Progeny;Australia;17-10-2023
ALIVE;2001-566;K:LCD-2001-566*3;Echium pininana;Echium pininana;Echium;Boraginaceae;;N - Natural Source and Progeny;Spain;29-05-2024
ALIVE;2016-957;K:LCD-2016-957*1;Babiana fragrans;Babiana fragrans;Babiana;Iridaceae;;;;23-08-2023
ALIVE;1961-35201;K:LCD-1961-35201*3;Ficus obliqua;Ficus obliqua;Ficus;Moraceae;;;;28-12-2024
ALIVE;1982-537;K:LCD-1982-537*2;Simmondsia chinensis;Simmondsia chinensis;Simmondsia;Simmondsiaceae;;N - Natural Source and Progeny;United States;29-07-2022
ALIVE;2000-2121;K:LCD-2000-2121*3;Encephalartos altensteinii;Encephalartos altensteinii;Encephalartos;Zamiaceae;;;;21-02-2024
ALIVE;2018-120;K:LCD-2018-120*2;Oxalis megalorrhiza;Oxalis succulenta;Oxalis;Oxalidaceae;;;Peru;09-01-2025
ALIVE;1967-4501;K:LCD-1967-4501*4;Rhododendron laetum;Rhododendron laetum;Rhododendron;Ericaceae;;;;22-09-2023
ALIVE;2019-1236;K:LCD-2019-1236*1;Rhododendron veitchianum;Rhododendron veitchianum;Rhododendron;Ericaceae;;;Burma;18-07-2024
ALIVE;1949-39004;K:LCD-1949-39004*3;Prostanthera ovalifolia;Prostanthera ovalifolia;Prostanthera;Lamiaceae;;;;02-01-2025
ALIVE;1998-3004;K:LCD-1998-3004*1;Clivia nobilis;Clivia nobilis;Clivia;Amaryllidaceae;;;South Africa;23-06-2022
ALIVE;1971-1046;K:LCD-1971-1046*1;Pittosporum fairchildii;Pittosporum fairchildii;Pittosporum;Pittosporaceae;;N - Natural Source and Progeny;New Zealand;28-05-2024
ALIVE;2015-1504;K:LCD-2015-1504*2;Brassaiopsis;Brassaiopsis;Brassaiopsis;Araliaceae;;N - Natural Source and Progeny;Vietnam;20-05-2024
ALIVE;2016-992;K:LCD-2016-992*2;Melicytus crassifolius;Hymenanthera crassifolia;Hymenanthera;Violaceae;;;;08-11-2023
ALIVE;1946-18402;K:LCD-1946-18402*1;Saurauia;Saurauia;Saurauia;Actinidiaceae;;N - Natural Source and Progeny;;20-01-2025
ALIVE;1997-5944;K:LCD-1997-5944*1;Vitex lucens;Vitex lucens;Vitex;Lamiaceae;;N - Natural Source and Progeny;New Zealand;02-01-2025
ALIVE;2014-2043;K:LCD-2014-2043*5;;Brugmansia 'Salmon Perfektion';Brugmansia;Solanaceae;;;;13-02-2024
ALIVE;2021-142;K:LCD-2021-142*3;Alsophila smithii;Cyathea smithii;Cyathea;Cyatheaceae;;;;04-07-2024
ALIVE;2018-1883;K:LCD-2018-1883*1;Worsleya procera;Worsleya procera;Worsleya;Amaryllidaceae;;;Brazil;22-02-2024
ALIVE;2015-1678;K:LCD-2015-1678*1;Microlepia speluncae;Microlepia speluncae;Microlepia;Dennstaedtiaceae;;N - Natural Source and Progeny;Vietnam;20-05-2024
ALIVE;1973-21110;K:LCD-1973-21110*4;;Aspidistra elatior 'Variegata';Aspidistra;Asparagaceae;;;;24-05-2024
ALIVE;2015-388;K:LCD-2015-388*7;Deppea splendens;Deppea splendens;Deppea;Rubiaceae;;;;19-02-2024
ALIVE;1970-2112;K:LCD-1970-2112*1;Cryptocarya triplinervis;Cryptocarya triplinervis;Cryptocarya;Lauraceae;;N - Natural Source and Progeny;Australia;28-12-2024
ALIVE;2017-1721;K:LCD-2017-1721*1;Eucomis vandermerwei;Eucomis vandermerwei;Eucomis;Asparagaceae;;;;22-10-2024
ALIVE;1985-780;K:LCD-1985-780*1;Baloghia inophylla;Baloghia inophylla;Baloghia;Euphorbiaceae;;N - Natural Source and Progeny;Norfolk Island;28-12-2024
ALIVE;1973-21640;K:LCD-1973-21640*1;Encephalartos altensteinii;Encephalartos altensteinii;Encephalartos;Zamiaceae;;;;21-02-2024
ALIVE;2000-1737;K:LCD-2000-1737*3;Drynaria meyeniana;Aglaomorpha meyeniana;Aglaomorpha;Polypodiaceae;;;Philippines;21-02-2023
ALIVE;1994-3001;K:LCD-1994-3001*1;Stephanotis floribunda;Stephanotis floribunda;Stephanotis;Apocynaceae;;N - Natural Source and Progeny;Madagascar;08-08-2024
ALIVE;2001-83;K:LCD-2001-83*2;Canna indica;Canna indica;Canna;Cannaceae;;N - Natural Source and Progeny;Japan;28-11-2024
ALIVE;2015-622;K:LCD-2015-622*1;Boehmeria virgata subsp. macrophylla;Boehmeria macrophylla;Boehmeria;Urticaceae;;N - Natural Source and Progeny;Vietnam;20-05-2024
ALIVE;2006-1925;K:LCD-2006-1925*1;Jubaea chilensis;Jubaea chilensis;Jubaea;Arecaceae;;;;07-02-2024
ALIVE;1959-65110;K:LCD-1959-65110*1;Serissa japonica;Serissa japonica;Serissa;Rubiaceae;;;;01-10-2024
ALIVE;1938-27003;K:LCD-1938-27003*1;Trithrinax campestris;Trithrinax campestris;Trithrinax;Arecaceae;;;;29-01-2024
ALIVE;2017-1707;K:LCD-2017-1707*3;Melaleuca pityoides;Melaleuca pityoides;Melaleuca;Myrtaceae;;N - Natural Source and Progeny;Australia;18-07-2024
ALIVE;1978-6211;K:LCD-1978-6211*2;Rhododendron simsii;Rhododendron simsii;Rhododendron;Ericaceae;;;;24-05-2024
ALIVE;1984-2108;K:LCD-1984-2108*2;Lantana camara;Lantana camara;Lantana;Verbenaceae;;N - Natural Source and Progeny;Honduras;08-02-2024
ALIVE;1975-1250;K:LCD-1975-1250*1;Astelia menziesiana;Astelia menziesiana;Astelia;Asteliaceae;;N - Natural Source and Progeny;United States;04-07-2022
ALIVE;1987-8070;K:LCD-1987-8070*5;Argyrodendron peralatum;Argyrodendron peralatum;Argyrodendron;Malvaceae;;N - Natural Source and Progeny;Australia;28-12-2024
ALIVE;1992-2097;K:LCD-1992-2097*4;Begonia gehrtii;Begonia gehrtii;Begonia;Begoniaceae;;;;09-01-2025
ALIVE;1970-4816;K:LCD-1970-4816*1;Diospyros lycioides subsp. sericea;Diospyros lycioides subsp. sericea;Diospyros;Ebenaceae;;N - Natural Source and Progeny;South Africa;14-02-2024
ALIVE;2003-2466;K:LCD-2003-2466*6;Streptosolen jamesonii;Streptosolen jamesonii;Streptosolen;Solanaceae;;;;08-02-2024
ALIVE;1984-2355;K:LCD-1984-2355*2;Hardenbergia comptoniana;Hardenbergia comptoniana;Hardenbergia;Fabaceae;;;;28-12-2024
ALIVE;1969-51198;K:LCD-1969-51198*1;Asparagus ramosissimus;Asparagus ramosissimus;Asparagus;Asparagaceae;;;;21-02-2024
ALIVE;1971-3007;K:LCD-1971-3007*2;Jasminum abyssinicum;Jasminum abyssinicum;Jasminum;Oleaceae;;N - Natural Source and Progeny;Kenya;17-08-2023
ALIVE;1978-4468;K:LCD-1978-4468*2;Hypericum aegypticum subsp. maroccanum;Hypericum aegypticum subsp. maroccanum;Hypericum;Hypericaceae;;;Morocco;29-05-2024
ALIVE;1972-6329;K:LCD-1972-6329*1;Persicaria capitata;Persicaria capitata;Persicaria;Polygonaceae;;N - Natural Source and Progeny;Nepal;02-01-2025
ALIVE;1983-4887;K:LCD-1983-4887*2;;Rhapis excelsa 'Daruma';Rhapis;Arecaceae;;;;20-05-2024
ALIVE;1961-23001;K:LCD-1961-23001*3;Strobilanthes pentastemonoides;Goldfussia pentastemonoides;Goldfussia;Acanthaceae;;;;20-01-2025
ALIVE;1962-43701;K:LCD-1962-43701*2;Berberis napaulensis var. napaulensis;Mahonia acanthifolia;Mahonia;Berberidaceae;;;;17-10-2023
ALIVE;2017-1708;K:LCD-2017-1708*3;Melaleuca virens;Melaleuca virens;Melaleuca;Myrtaceae;;;;17-10-2023
ALIVE;1985-4556;K:LCD-1985-4556*2;Heptapleurum bodinieri;Schefflera bodinieri;Schefflera;Araliaceae;;N - Natural Source and Progeny;China;24-05-2024
ALIVE;1991-52;K:LCD-1991-52*1;Acacia decora;Acacia decora;Acacia;Fabaceae;;N - Natural Source and Progeny;Australia;18-07-2024
ALIVE;2014-810;K:LCD-2014-810*3;Agapetes serpens;Agapetes serpens;Agapetes;Ericaceae;;;;02-01-2025
ALIVE;2001-3389;K:LCD-2001-3389*1;Erica glandulosa;Erica glandulosa;Erica;Ericaceae;;;;22-10-2024
ALIVE;1969-17836;K:LCD-1969-17836*1;Encephalartos altensteinii;Encephalartos altensteinii;Encephalartos;Zamiaceae;;;;21-02-2024
ALIVE;1987-3615;K:LCD-1987-3615*5;Melaleuca citrina;Melaleuca citrina;Melaleuca;Myrtaceae;;N - Natural Source and Progeny;Australia;17-10-2023
ALIVE;1998-3000;K:LCD-1998-3000*1;Clivia miniata;Clivia miniata;Clivia;Amaryllidaceae;;;South Africa;09-01-2025
ALIVE;1997-7421;K:LCD-1997-7421*4;Impatiens zombensis;Impatiens zombensis;Impatiens;Balsaminaceae;;;;28-11-2024
ALIVE;1998-3002;K:LCD-1998-3002*1;Clivia miniata;Clivia miniata;Clivia;Amaryllidaceae;;;South Africa;10-09-2024
ALIVE;1987-2572;K:LCD-1987-2572*2;;Rhapis excelsa 'Tenzan';Rhapis;Arecaceae;;;;20-05-2024
ALIVE;2012-1044;K:LCD-2012-1044*1;Jacaranda mimosifolia;Jacaranda mimosifolia;Jacaranda;Bignoniaceae;;;;07-02-2024
ALIVE;1985-4616;K:LCD-1985-4616*1;Phyllanthus puber;Glochidion puberum;Glochidion;Phyllanthaceae;;N - Natural Source and Progeny;China;24-05-2024
ALIVE;1979-1763;K:LCD-1979-1763*1;Rhododendron ciliicalyx;Rhododendron ciliicalyx;Rhododendron;Ericaceae;;;;24-05-2024
ALIVE;1967-41106;K:LCD-1967-41106*1;Plectranthus ambiguus;Plectranthus ambiguus;Plectranthus;Lamiaceae;;;;21-06-2022
ALIVE;1965-75315;K:LCD-1965-75315*1;Cuphea hyssopifolia;Cuphea hyssopifolia;Cuphea;Lythraceae;;;;28-11-2024
ALIVE;2018-612;K:LCD-2018-612*2;Phymatosorus cuspidatus;Microsorum cuspidatum;Microsorum;Polypodiaceae;;N - Natural Source and Progeny;Vietnam;20-01-2025
ALIVE;1991-2311;K:LCD-1991-2311*2;Begonia grandis subsp. sinensis;Begonia grandis subsp. sinensis;Begonia;Begoniaceae;;N - Natural Source and Progeny;China;01-10-2024
ALIVE;2020-1006;K:LCD-2020-1006*3;Sonchus fruticosus;Sonchus fruticosus;Sonchus;Asteraceae;;;;18-04-2024
ALIVE;1949-39004;K:LCD-1949-39004*6;Prostanthera ovalifolia;Prostanthera ovalifolia;Prostanthera;Lamiaceae;;;;13-02-2024
ALIVE;1984-2337;K:LCD-1984-2337*2;Diplazium filamentosum;Diplazium nigropaleaceum;Diplazium;Aspleniaceae;;N - Natural Source and Progeny;Saint Helena, Ascension, and Tristan da Cunha;28-07-2022
ALIVE;1965-69602;K:LCD-1965-69602*2;Cestrum nocturnum;Cestrum nocturnum;Cestrum;Solanaceae;;;;08-02-2024
ALIVE;1960-46401;K:LCD-1960-46401*1;Trevesia palmata;Trevesia palmata;Trevesia;Araliaceae;;;;20-01-2025
ALIVE;1973-12142;K:LCD-1973-12142*1;Maurocenia frangula;Maurocenia frangula;Maurocenia;Celastraceae;;;;14-02-2024
ALIVE;1977-3212;K:LCD-1977-3212*2;Gymnosporia royleana;Maytenus royleana;Maytenus;Celastraceae;;N - Natural Source and Progeny;Yemen;20-01-2025
ALIVE;2000-4131;K:LCD-2000-4131*5;Banksia montana;Banksia montana;Banksia;Proteaceae;;N - Natural Source and Progeny;Australia;17-10-2023
ALIVE;1973-12013;K:LCD-1973-12013*1;Adiantum hispidulum;Adiantum hispidulum;Adiantum;Pteridaceae;;;;27-07-2022
ALIVE;1978-6210;K:LCD-1978-6210*4;Rhododendron crassum;Rhododendron manipurense;Rhododendron;Ericaceae;;;;24-05-2024
ALIVE;1935-55201;K:LCD-1935-55201*2;Cyrtanthus falcatus;Cyrtanthus falcatus;Cyrtanthus;Amaryllidaceae;;;;29-02-2024
ALIVE;1969-5445;K:LCD-1969-5445*1;Kniphofia;Kniphofia;Kniphofia;Asphodelaceae;;N - Natural Source and Progeny;South Africa;13-02-2024
ALIVE;1979-1764;K:LCD-1979-1764*2;Rhododendron formosum;Rhododendron formosum;Rhododendron;Ericaceae;;;;28-05-2024
ALIVE;1946-11501;K:LCD-1946-11501*2;Pseudopanax lessonii;Pseudopanax lessonii;Pseudopanax;Araliaceae;;;;27-03-2024
ALIVE;1986-3018;K:LCD-1986-3018*3;Chuniophoenix nana;Chuniophoenix nana;Chuniophoenix;Arecaceae;;;;24-05-2024
ALIVE;2010-2373;K:LCD-2010-2373*3;Rhopalostylis sapida;Rhopalostylis sapida;Rhopalostylis;Arecaceae;;;New Zealand;27-03-2024
ALIVE;1988-5298;K:LCD-1988-5298*2;Dendrocalamus hamiltonii;Dendrocalamus hamiltonii;Dendrocalamus;Poaceae;;;India;22-05-2024
ALIVE;2009-2213;K:LCD-2009-2213*1;Butia capitata;Butia capitata;Butia;Arecaceae;;;;29-01-2024
ALIVE;1952-42101;K:LCD-1952-42101*1;Pittosporum multiflorum;Pittosporum multiflorum;Pittosporum;Pittosporaceae;;;;28-12-2024
ALIVE;1981-4896;K:LCD-1981-4896*2;Phragmipedium longifolium;Phragmipedium longifolium;Phragmipedium;Orchidaceae;;;;08-02-2024
ALIVE;1973-1869;K:LCD-1973-1869*1;Brugmansia aurea;Brugmansia aurea;Brugmansia;Solanaceae;;N - Natural Source and Progeny;Ecuador;06-02-2024
ALIVE;1969-50088;K:LCD-1969-50088*5;Strobilanthes glutinosa;Strobilanthes glutinosa;Strobilanthes;Acanthaceae;;;;02-01-2025
ALIVE;1955-57401;K:LCD-1955-57401*2;Crocosmia masoniorum;Crocosmia masoniorum;Crocosmia;Iridaceae;;;;25-02-2024
ALIVE;1997-6314;K:LCD-1997-6314*1;Inga insignis;Inga insignis;Inga;Fabaceae;;N - Natural Source and Progeny;Ecuador;06-02-2024
ALIVE;2015-1934;K:LCD-2015-1934*1;Alyxia ruscifolia;Alyxia ruscifolia;Alyxia;Apocynaceae;;N - Natural Source and Progeny;Australia;04-07-2022
ALIVE;2014-1974;K:LCD-2014-1974*5;Metrosideros excelsa;Metrosideros tomentosa;Metrosideros;Myrtaceae;;;New Zealand;27-03-2024
ALIVE;1970-2756;K:LCD-1970-2756*3;Metrosideros nervulosa;Metrosideros nervulosa;Metrosideros;Myrtaceae;;;Australia;13-03-2024
ALIVE;1997-4481;K:LCD-1997-4481*1;Chamaedorea elegans;Chamaedorea elegans;Chamaedorea;Arecaceae;;N - Natural Source and Progeny;Mexico;29-07-2022
ALIVE;2005-2053;K:LCD-2005-2053*4;Dioon spinulosum;Dioon spinulosum;Dioon;Zamiaceae;;;;01-02-2024
ALIVE;2001-3621;K:LCD-2001-3621*1;Erica canaliculata;Erica canaliculata;Erica;Ericaceae;;;;09-01-2025
ALIVE;1978-1733;K:LCD-1978-1733*1;Viola jalapaensis;Viola jalapaensis;Viola;Violaceae;;N - Natural Source and Progeny;Mexico;28-11-2024
ALIVE;1973-13238;K:LCD-1973-13238*1;Lastreopsis hispida;Lastreopsis hispida;Lastreopsis;Polypodiaceae;;;;27-03-2024
ALIVE;1973-6402;K:LCD-1973-6402*1;Tulbaghia capensis;Tulbaghia capensis;Tulbaghia;Amaryllidaceae;;N - Natural Source and Progeny;South Africa;07-02-2024
ALIVE;1969-17399;K:LCD-1969-17399*5;Strelitzia reginae;Strelitzia reginae;Strelitzia;Strelitziaceae;;;;15-02-2024
ALIVE;2015-2857;K:LCD-2015-2857*1;Banksia integrifolia;Banksia integrifolia;Banksia;Proteaceae;;;Australia;17-10-2023
ALIVE;1986-3620;K:LCD-1986-3620*1;Astelia banksii;Astelia banksii;Astelia;Asteliaceae;;;New Zealand;02-01-2025
ALIVE;1984-143;K:LCD-1984-143*2;Commidendrum robustum;Commidendrum robustum;Commidendrum;Asteraceae;;N - Natural Source and Progeny;Saint Helena, Ascension, and Tristan da Cunha;24-05-2024
ALIVE;1985-8273;K:LCD-1985-8273*3;Luculia gratissima;Luculia gratissima;Luculia;Rubiaceae;;N - Natural Source and Progeny;Nepal;02-01-2025
ALIVE;1989-4047;K:LCD-1989-4047*2;Neolitsea sericea;Neolitsea sericea;Neolitsea;Lauraceae;;N - Natural Source and Progeny;Japan;22-05-2024
ALIVE;2003-1209;K:LCD-2003-1209*2;Psidium cattleyanum;Psidium cattleyanum;Psidium;Myrtaceae;;;;29-01-2024
ALIVE;2001-3657;K:LCD-2001-3657*2;;Fuchsia 'Firecracker';Fuchsia;Onagraceae;;;;09-01-2025
ALIVE;1996-382;K:LCD-1996-382*1;;Trochetiopsis erythroxylon × ebenus;Trochetiopsis;Malvaceae;;;;24-05-2024
ALIVE;1976-3526;K:LCD-1976-3526*3;Adiantum hispidulum;Adiantum hispidulum;Adiantum;Pteridaceae;;N - Natural Source and Progeny;Philippines;24-05-2024
ALIVE;1969-51862;K:LCD-1969-51862*1;Ficus erecta;Ficus erecta;Ficus;Moraceae;;;;20-05-2024
ALIVE;1998-3484;K:LCD-1998-3484*2;Pelargonium inquinans;Pelargonium inquinans;Pelargonium;Geraniaceae;;;;21-06-2022
ALIVE;1973-12446;K:LCD-1973-12446*1;Phymosia umbellata;Phymosia umbellata;Phymosia;Malvaceae;;;;08-02-2024
ALIVE;1983-4888;K:LCD-1983-4888*1;;Rhapis excelsa 'Kodaruma';Rhapis;Arecaceae;;;;21-05-2024
ALIVE;1988-8612;K:LCD-1988-8612*1;Litsea cubeba;Litsea cubeba;Litsea;Lauraceae;;N - Natural Source and Progeny;China;21-05-2024
ALIVE;1973-21634;K:LCD-1973-21634*3;Roldana petasitis;Roldana petasitis;Roldana;Asteraceae;;;;19-02-2024
ALIVE;2020-982;K:LCD-2020-982*3;Iochroma fuchsioides;Iochroma fuchsioides;Iochroma;Solanaceae;;;;29-05-2024
ALIVE;1969-5426;K:LCD-1969-5426*1;Clivia gardenii;Clivia gardenii;Clivia;Amaryllidaceae;;N - Natural Source and Progeny;;08-08-2024
ALIVE;1997-5591;K:LCD-1997-5591*1;Tecoma stans;Tecoma stans;Tecoma;Bignoniaceae;;N - Natural Source and Progeny;Peru;19-02-2024
ALIVE;1978-4489;K:LCD-1978-4489*2;Phyllanthus purpusii;Phyllanthus purpusii;Phyllanthus;Phyllanthaceae;;N - Natural Source and Progeny;Mexico;25-07-2022
ALIVE;1973-1850;K:LCD-1973-1850*3;Brunfelsia australis;Brunfelsia australis;Brunfelsia;Solanaceae;;N - Natural Source and Progeny;Argentina;08-02-2024
ALIVE;2010-2373;K:LCD-2010-2373*4;Rhopalostylis sapida;Rhopalostylis sapida;Rhopalostylis;Arecaceae;;;New Zealand;27-03-2024
ALIVE;2015-388;K:LCD-2015-388*3;Deppea splendens;Deppea splendens;Deppea;Rubiaceae;;;;09-01-2025
ALIVE;1989-3463;K:LCD-1989-3463*2;Fuchsia coccinea;Fuchsia coccinea;Fuchsia;Onagraceae;;;;18-07-2024
ALIVE;1987-8058;K:LCD-1987-8058*1;Ripogonum album;Ripogonum album;Ripogonum;Ripogonaceae;;N - Natural Source and Progeny;Australia;28-12-2024
ALIVE;2008-3079;K:LCD-2008-3079*2;Scadoxus membranaceus;Scadoxus membranaceus;Scadoxus;Amaryllidaceae;;N - Natural Source and Progeny;South Africa;08-08-2024
ALIVE;1973-12489;K:LCD-1973-12489*1;Strelitzia nicolai;Strelitzia nicolai;Strelitzia;Strelitziaceae;;;;21-06-2022
ALIVE;2000-1493;K:LCD-2000-1493*5;Correa alba;Correa alba;Correa;Rutaceae;;;;28-12-2024
ALIVE;1981-2577;K:LCD-1981-2577*1;Ruizia mauritiana;Ruizia mauritiana;Ruizia;Malvaceae;;N - Natural Source and Progeny;Mauritius;05-09-2023
ALIVE;1978-6242;K:LCD-1978-6242*1;Saxifraga stolonifera;Saxifraga stolonifera;Saxifraga;Saxifragaceae;;N - Natural Source and Progeny;China;21-05-2024
ALIVE;2008-1423;K:LCD-2008-1423*1;Wachendorfia thyrsiflora;Wachendorfia thyrsiflora;Wachendorfia;Haemodoraceae;;;;18-08-2023
ALIVE;1967-34901;K:LCD-1967-34901*1;Cartrema floridana;Osmanthus americanus var. megacarpus;Osmanthus;Oleaceae;;N - Natural Source and Progeny;United States;25-07-2022
ALIVE;2018-913;K:LCD-2018-913*1;Luculia pinceana;Luculia pinceana;Luculia;Rubiaceae;;N - Natural Source and Progeny;Vietnam;02-01-2025
ALIVE;1986-3623;K:LCD-1986-3623*3;Ceodes umbellifera;Pisonia umbellifera;Pisonia;Nyctaginaceae;;;;02-01-2025
ALIVE;1951-43701;K:LCD-1951-43701*3;;Fuchsia magellanica × lycioides;Fuchsia;Onagraceae;;;;19-07-2024
ALIVE;1982-1172;K:LCD-1982-1172*1;Iochroma calycinum;Iochroma calycinum;Iochroma;Solanaceae;;N - Natural Source and Progeny;Ecuador;08-02-2024
ALIVE;1992-1872;K:LCD-1992-1872*3;Salvia madrensis;Salvia madrensis;Salvia;Lamiaceae;;N - Natural Source and Progeny;Mexico;28-11-2024
ALIVE;1985-4475;K:LCD-1985-4475*1;Heptapleurum delavayi;Schefflera delavayi;Schefflera;Araliaceae;;N - Natural Source and Progeny;China;24-05-2024
ALIVE;2001-404;K:LCD-2001-404*1;Erica mammosa;Erica mammosa;Erica;Ericaceae;;;;19-02-2024
ALIVE;1969-19809;K:LCD-1969-19809*3;Rhaphiolepis indica;Rhaphiolepis indica;Rhaphiolepis;Rosaceae;;;;21-11-2024
ALIVE;1961-35201;K:LCD-1961-35201*2;Ficus obliqua;Ficus obliqua;Ficus;Moraceae;;;;28-12-2024
ALIVE;1967-34909;K:LCD-1967-34909*2;Jasminum tortuosum;Jasminum tortuosum;Jasminum;Oleaceae;;;;22-10-2024
ALIVE;1973-12085;K:LCD-1973-12085*3;Asplenium bulbiferum;Asplenium bulbiferum;Asplenium;Aspleniaceae;;;;27-03-2024
ALIVE;1984-5283;K:LCD-1984-5283*2;Fuchsia boliviana;Fuchsia boliviana;Fuchsia;Onagraceae;;N - Natural Source and Progeny;Mexico;01-08-2024
ALIVE;1981-2280;K:LCD-1981-2280*1;Pittosporum michiei;Pittosporum michiei;Pittosporum;Pittosporaceae;;N - Natural Source and Progeny;New Zealand;21-11-2024
ALIVE;1973-12262;K:LCD-1973-12262*2;;Cinnamomum camphora 'Variegata';Cinnamomum;Lauraceae;;;;24-05-2024
ALIVE;1925-63901;K:LCD-1925-63901*2;Osmanthus fragrans;Osmanthus fragrans;Osmanthus;Oleaceae;;;;24-05-2024
ALIVE;1963-23902;K:LCD-1963-23902*1;Cyperus polystachyos;Pycreus polystachyos;Pycreus;Cyperaceae;;;;18-08-2023
ALIVE;2015-2828;K:LCD-2015-2828*2;Salvia buchananii;Salvia buchananii;Salvia;Lamiaceae;;;;10-10-2024
ALIVE;1988-8807;K:LCD-1988-8807*1;;Correa 'Dusky Bells';Correa;Rutaceae;;;;02-01-2025
ALIVE;2008-2988;K:LCD-2008-2988*5;Mitraria coccinea;Mitraria coccinea;Mitraria;Gesneriaceae;;N - Natural Source and Progeny;Chile;11-09-2024
ALIVE;1963-44202;K:LCD-1963-44202*3;Felicia amelloides;Felicia amelloides;Felicia;Asteraceae;;;;09-01-2025
ALIVE;1971-2556;K:LCD-1971-2556*3;Selliguea plantaginea;Selliguea plantaginea;Selliguea;Polypodiaceae;;N - Natural Source and Progeny;Vanuatu;21-02-2023
ALIVE;1986-3596;K:LCD-1986-3596*1;Shawia solandri;Olearia solandri;Olearia;Asteraceae;;;New Zealand;08-11-2023
ALIVE;1980-234;K:LCD-1980-234*5;Rhododendron parryae;Rhododendron parryae;Rhododendron;Ericaceae;;;;13-02-2024
ALIVE;1982-1912;K:LCD-1982-1912*1;Sibthorpia peregrina;Sibthorpia peregrina;Sibthorpia;Plantaginaceae;;N - Natural Source and Progeny;Portugal;14-10-2024
ALIVE;1967-68003;K:LCD-1967-68003*5;Rhododendron dendricola;Rhododendron dendricola;Rhododendron;Ericaceae;;;;24-05-2024
ALIVE;2014-1514;K:LCD-2014-1514*3;Laurelia sempervirens;Laurelia sempervirens;Laurelia;Atherospermataceae;;N - Natural Source and Progeny;Chile;13-02-2024
ALIVE;1973-12529;K:LCD-1973-12529*1;Syzygium paniculatum;Syzygium paniculatum;Syzygium;Myrtaceae;;;;28-12-2024
ALIVE;1959-3404;K:LCD-1959-3404*1;;Citrus × aurantium 'Glen Red';Citrus;Rutaceae;;;;15-02-2024
ALIVE;1976-27502;K:LCD-1976-27502*1;Dietes grandiflora;Dietes grandiflora;Dietes;Iridaceae;;;;08-08-2024
ALIVE;1976-3830;K:LCD-1976-3830*2;Rhododendron maddenii;Rhododendron maddenii;Rhododendron;Ericaceae;;;;18-07-2024
ALIVE;2010-1952;K:LCD-2010-1952*4;Ruizia mauritiana;Ruizia mauritiana;Ruizia;Malvaceae;;N - Natural Source and Progeny;Mauritius;05-09-2023
ALIVE;1983-212;K:LCD-1983-212*3;Melhania ebenus;Trochetiopsis ebenus;Trochetiopsis;Malvaceae;;N - Natural Source and Progeny;Saint Helena, Ascension, and Tristan da Cunha;24-05-2024
ALIVE;1984-4476;K:LCD-1984-4476*1;Ilex kingiana;Ilex kingiana;Ilex;Aquifoliaceae;;;;08-11-2023
ALIVE;1964-28201;K:LCD-1964-28201*2;Lomandra longifolia;Lomandra longifolia;Lomandra;Asparagaceae;;;;17-10-2023
ALIVE;1971-2556;K:LCD-1971-2556*2;Selliguea plantaginea;Selliguea plantaginea;Selliguea;Polypodiaceae;;N - Natural Source and Progeny;Vanuatu;27-03-2024
ALIVE;2017-908;K:LCD-2017-908*1;Erythrina lysistemon;Erythrina lysistemon;Erythrina;Fabaceae;;N - Natural Source and Progeny;;13-02-2024
ALIVE;1976-1562;K:LCD-1976-1562*1;Hedychium coronarium;Hedychium coronarium;Hedychium;Zingiberaceae;;N - Natural Source and Progeny;Mauritius;21-01-2025
ALIVE;1978-6286;K:LCD-1978-6286*3;Crinum album;Crinum album;Crinum;Amaryllidaceae;;N - Natural Source and Progeny;Saudi Arabia;08-08-2024
ALIVE;2015-2850;K:LCD-2015-2850*1;Rhodocoma capensis;Rhodocoma capensis;Rhodocoma;Restionaceae;;;South Africa;18-08-2023
ALIVE;1996-4618;K:LCD-1996-4618*3;Rhododendron scopulorum;Rhododendron scopulorum;Rhododendron;Ericaceae;;N - Natural Source and Progeny;Bhutan;20-05-2024
ALIVE;1972-3491;K:LCD-1972-3491*1;Corokia × virgata;Corokia × virgata;Corokia;Argophyllaceae;;;;10-10-2024
ALIVE;1989-2659;K:LCD-1989-2659*1;Metrosideros excelsa;Metrosideros excelsa;Metrosideros;Myrtaceae;;N - Natural Source and Progeny;New Zealand;27-03-2024
ALIVE;2000-4131;K:LCD-2000-4131*3;Banksia montana;Banksia montana;Banksia;Proteaceae;;N - Natural Source and Progeny;Australia;21-11-2024
ALIVE;2018-608;K:LCD-2018-608*1;Lysionotus pauciflorus;Lysionotus pauciflorus;Lysionotus;Gesneriaceae;;N - Natural Source and Progeny;Vietnam;01-10-2024
ALIVE;1969-19963;K:LCD-1969-19963*1;Clivia miniata;Clivia miniata;Clivia;Amaryllidaceae;;;;13-02-2024
ALIVE;1987-517;K:LCD-1987-517*1;Trimezia gracilis;Neomarica gracilis;Neomarica;Iridaceae;;N - Natural Source and Progeny;Uruguay;05-02-2024
ALIVE;1996-2377;K:LCD-1996-2377*1;Restio paniculatus;Restio paniculatus;Restio;Restionaceae;;;;18-08-2023
ALIVE;1994-2138;K:LCD-1994-2138*1;Lasiacis ruscifolia var. velutina;Lasiacis ruscifolia var. velutina;Lasiacis;Poaceae;;N - Natural Source and Progeny;Mexico;29-07-2022
ALIVE;1999-1155;K:LCD-1999-1155*1;Camellia sinensis;Camellia sinensis;Camellia;Theaceae;;;;21-11-2024
ALIVE;1994-3380;K:LCD-1994-3380*1;Podocarpus henkelii;Podocarpus henkelii;Podocarpus;Podocarpaceae;;N - Natural Source and Progeny;;21-06-2022
ALIVE;1980-234;K:LCD-1980-234*2;Rhododendron parryae;Rhododendron parryae;Rhododendron;Ericaceae;;;;24-05-2024
ALIVE;1996-2710;K:LCD-1996-2710*1;Brachyglottis repanda;Brachyglottis repanda;Brachyglottis;Asteraceae;;;;05-12-2024
ALIVE;2008-1765;K:LCD-2008-1765*3;Nymania capensis;Nymania capensis;Nymania;Meliaceae;;N - Natural Source and Progeny;;22-08-2023
ALIVE;2000-2999;K:LCD-2000-2999*1;Citrus × limon;Citrus × limon;Citrus;Rutaceae;;;;03-10-2024
ALIVE;1951-46901;K:LCD-1951-46901*1;Asparagus virgatus;Asparagus virgatus;Asparagus;Asparagaceae;;;;09-01-2025
ALIVE;1985-1973;K:LCD-1985-1973*4;Rhododendron formosum;Rhododendron formosum;Rhododendron;Ericaceae;;;;17-10-2023
ALIVE;1984-2359;K:LCD-1984-2359*1;Camellia sinensis;Camellia sinensis;Camellia;Theaceae;;;;21-11-2024
ALIVE;1985-2090;K:LCD-1985-2090*1;;Himalayacalamus falconeri 'Damarapa';Himalayacalamus;Poaceae;;;;21-05-2024
ALIVE;1984-143;K:LCD-1984-143*3;Commidendrum robustum;Commidendrum robustum;Commidendrum;Asteraceae;;N - Natural Source and Progeny;Saint Helena, Ascension, and Tristan da Cunha;24-05-2024
ALIVE;1984-5333;K:LCD-1984-5333*3;Salvia microphylla;Salvia microphylla;Salvia;Lamiaceae;;N - Natural Source and Progeny;Mexico;11-05-2024
ALIVE;1945-21101;K:LCD-1945-21101*7;Barnadesia caryophylla;Barnadesia caryophylla;Barnadesia;Asteraceae;;;;24-05-2024
ALIVE;1990-1260;K:LCD-1990-1260*1;Euclea natalensis;Euclea natalensis;Euclea;Ebenaceae;;;South Africa;14-02-2024
ALIVE;1982-2477;K:LCD-1982-2477*1;;Citrus × limon × paradisi;Citrus;Rutaceae;;;;24-05-2024
ALIVE;1981-5189;K:LCD-1981-5189*4;Colquhounia coccinea;Colquhounia coccinea;Colquhounia;Lamiaceae;;N - Natural Source and Progeny;Nepal;09-07-2024
ALIVE;1973-12712;K:LCD-1973-12712*2;Macadamia integrifolia;Macadamia integrifolia;Macadamia;Proteaceae;;;;28-12-2024
ALIVE;1985-4257;K:LCD-1985-4257*1;Rostrinucula dependens;Rostrinucula dependens;Rostrinucula;Lamiaceae;;N - Natural Source and Progeny;China;01-10-2024
ALIVE;1979-2656;K:LCD-1979-2656*2;Callianthe picta;Callianthe picta;Callianthe;Malvaceae;;N - Natural Source and Progeny;Argentina;06-01-2025
ALIVE;1969-19240;K:LCD-1969-19240*1;Fuchsia alpestris;Fuchsia regia var. alpestris;Fuchsia;Onagraceae;;;;13-02-2024
ALIVE;1958-32201;K:LCD-1958-32201*5;Rhododendron veitchianum;Rhododendron veitchianum;Rhododendron;Ericaceae;;;;20-05-2024
ALIVE;1973-12432;K:LCD-1973-12432*1;Semele androgyna;Semele androgyna;Semele;Asparagaceae;;;;29-01-2024
ALIVE;2000-4131;K:LCD-2000-4131*4;Banksia montana;Banksia montana;Banksia;Proteaceae;;N - Natural Source and Progeny;Australia;17-10-2023
ALIVE;1986-285;K:LCD-1986-285*3;Rhododendron loranthiflorum;Rhododendron loranthiflorum;Rhododendron;Ericaceae;;;;20-05-2024
ALIVE;1969-3772;K:LCD-1969-3772*1;Fuchsia procumbens;Fuchsia procumbens;Fuchsia;Onagraceae;;;;18-07-2024
ALIVE;2012-595;K:LCD-2012-595*2;;Gloxinia sylvatica 'Glasnevin Jubilee';Gloxinia;Gesneriaceae;;;;09-01-2025
ALIVE;1985-4486;K:LCD-1985-4486*1;Ophiopogon bodinieri;Ophiopogon bodinieri;Ophiopogon;Asparagaceae;;N - Natural Source and Progeny;China;21-05-2024
ALIVE;1977-193;K:LCD-1977-193*3;Dombeya burgessiae;Dombeya burgessiae;Dombeya;Malvaceae;;N - Natural Source and Progeny;Kenya;14-02-2024
ALIVE;1988-8025;K:LCD-1988-8025*1;Sabal mauritiiformis;Sabal mauritiiformis;Sabal;Arecaceae;;;;29-01-2024
ALIVE;1984-5283;K:LCD-1984-5283*4;Fuchsia boliviana;Fuchsia boliviana;Fuchsia;Onagraceae;;N - Natural Source and Progeny;Mexico;18-07-2024
ALIVE;2014-1514;K:LCD-2014-1514*1;Laurelia sempervirens;Laurelia sempervirens;Laurelia;Atherospermataceae;;N - Natural Source and Progeny;Chile;08-02-2024
ALIVE;1994-2158;K:LCD-1994-2158*1;Agarista mexicana var. mexicana;Agarista mexicana var. mexicana;Agarista;Ericaceae;;N - Natural Source and Progeny;Mexico;29-07-2022
ALIVE;1973-2497;K:LCD-1973-2497*1;Aloe marlothii;Aloe marlothii;Aloe;Asphodelaceae;;N - Natural Source and Progeny;South Africa;14-10-2024
ALIVE;1981-5189;K:LCD-1981-5189*2;Colquhounia coccinea;Colquhounia coccinea;Colquhounia;Lamiaceae;;N - Natural Source and Progeny;Nepal;09-07-2024
ALIVE;1969-3776;K:LCD-1969-3776*4;Fuchsia thymifolia subsp. minimiflora;Fuchsia thymifolia subsp. minimiflora;Fuchsia;Onagraceae;;;;19-07-2024
ALIVE;2019-1235;K:LCD-2019-1235*1;Araucaria angustifolia;Araucaria angustifolia;Araucaria;Araucariaceae;;;Brazil;16-02-2024
ALIVE;1980-4217;K:LCD-1980-4217*3;Rhododendron ciliicalyx;Rhododendron lyi;Rhododendron;Ericaceae;;;;21-05-2024
ALIVE;1973-12262;K:LCD-1973-12262*1;;Cinnamomum camphora 'Variegata';Cinnamomum;Lauraceae;;;;20-05-2024
ALIVE;1987-4005;K:LCD-1987-4005*1;Clethra arborea;Clethra arborea;Clethra;Clethraceae;;;;09-01-2025
ALIVE;1988-225;K:LCD-1988-225*1;Stenocarpus sinuatus;Stenocarpus sinuatus;Stenocarpus;Proteaceae;;N - Natural Source and Progeny;Australia;28-12-2024
ALIVE;1967-68003;K:LCD-1967-68003*3;Rhododendron dendricola;Rhododendron dendricola;Rhododendron;Ericaceae;;;;24-05-2024
ALIVE;2003-2910;K:LCD-2003-2910*5;Banksia integrifolia subsp. integrifolia;Banksia integrifolia subsp. integrifolia;Banksia;Proteaceae;;N - Natural Source and Progeny;Australia;17-10-2023
ALIVE;1984-2108;K:LCD-1984-2108*4;Lantana camara;Lantana camara;Lantana;Verbenaceae;;N - Natural Source and Progeny;Honduras;19-07-2024
ALIVE;1969-17410;K:LCD-1969-17410*2;Rhododendron scopulorum;Rhododendron scopulorum;Rhododendron;Ericaceae;;;;24-05-2024
ALIVE;1970-4387;K:LCD-1970-4387*2;Commidendrum rugosum;Commidendrum rugosum;Commidendrum;Asteraceae;;N - Natural Source and Progeny;Saint Helena, Ascension, and Tristan da Cunha;28-11-2024
ALIVE;2014-2045;K:LCD-2014-2045*2;;Brugmansia 'Angels Sunsilk';Brugmansia;Solanaceae;;;;10-10-2024
ALIVE;1960-46401;K:LCD-1960-46401*2;Trevesia palmata;Trevesia palmata;Trevesia;Araliaceae;;;;20-01-2025
ALIVE;1979-64;K:LCD-1979-64*1;Rhododendron × sesterianum;Rhododendron × fragrantissimum;Rhododendron;Ericaceae;;;;20-05-2024
ALIVE;1971-2768;K:LCD-1971-2768*1;Apium graveolens;Apium graveolens;Apium;Apiaceae;;N - Natural Source and Progeny;Australia;20-05-2024
ALIVE;1922-29001;K:LCD-1922-29001*2;Dendrobium kingianum;Dendrobium kingianum;Dendrobium;Orchidaceae;;;;28-12-2024
ALIVE;1969-19808;K:LCD-1969-19808*7;Justicia floribunda;Justicia rizzinii;Justicia;Acanthaceae;;;;11-09-2024
ALIVE;1969-14015;K:LCD-1969-14015*2;Pavetta lanceolata;Pavetta lanceolata;Pavetta;Rubiaceae;;N - Natural Source and Progeny;Tanzania;14-02-2024
ALIVE;1969-62;K:LCD-1969-62*1;Polygonatum kingianum;Polygonatum kingianum;Polygonatum;Asparagaceae;;;China;15-02-2024
ALIVE;2008-2001;K:LCD-2008-2001*1;Pittosporum undulatum;Pittosporum undulatum;Pittosporum;Pittosporaceae;;;Australia;02-01-2025
ALIVE;2015-1581;K:LCD-2015-1581*1;Heptapleurum macrophyllum;Schefflera macrophylla;Schefflera;Araliaceae;;N - Natural Source and Progeny;Vietnam;02-01-2025
ALIVE;2010-1420;K:LCD-2010-1420*1;Dracaena draco;Dracaena draco;Dracaena;Asparagaceae;;;Portugal;02-10-2024
ALIVE;2006-508;K:LCD-2006-508*1;Acacia baileyana;Acacia baileyana;Acacia;Fabaceae;;;;28-12-2024
ALIVE;1995-3910;K:LCD-1995-3910*2;Salvia divinorum;Salvia divinorum;Salvia;Lamiaceae;;;;31-01-2024
ALIVE;1951-43701;K:LCD-1951-43701*6;;Fuchsia magellanica × lycioides;Fuchsia;Onagraceae;;;;21-10-2024
ALIVE;1969-17376;K:LCD-1969-17376*1;Iochroma gesnerioides;Iochroma coccineum;Iochroma;Solanaceae;;;;27-11-2024
ALIVE;1997-120;K:LCD-1997-120*3;Woodwardia unigemmata;Woodwardia unigemmata;Woodwardia;Aspleniaceae;;N - Natural Source and Progeny;Nepal;24-05-2024
ALIVE;1944-10101;K:LCD-1944-10101*1;Butia capitata;Butia capitata;Butia;Arecaceae;;;;23-09-2024
ALIVE;1971-2232;K:LCD-1971-2232*7;;Rhododendron lindleyi 'Dame Edith Sitwell';Rhododendron;Ericaceae;;;;17-10-2023
ALIVE;1981-8664;K:LCD-1981-8664*1;Dioon edule;Dioon edule;Dioon;Zamiaceae;;N - Natural Source and Progeny;Mexico;29-07-2022
ALIVE;2007-1760;K:LCD-2007-1760*1;Sphaeropteris cooperi;Cyathea cooperi;Cyathea;Cyatheaceae;;;;28-12-2024
ALIVE;1973-20602;K:LCD-1973-20602*1;Hydrangea febrifuga;Dichroa febrifuga;Dichroa;Hydrangeaceae;;;;02-01-2025
ALIVE;1951-26402;K:LCD-1951-26402*1;Eriolarynx lorentzii;Vassobia lorentzii;Vassobia;Solanaceae;;;;06-02-2024
ALIVE;2014-2008;K:LCD-2014-2008*1;;Brugmansia 'Strawberry Cream';Brugmansia;Solanaceae;;;;29-07-2022
ALIVE;2008-1419;K:LCD-2008-1419*2;Hibiscus pedunculatus;Hibiscus pedunculatus;Hibiscus;Malvaceae;;;;08-08-2024
ALIVE;2014-2045;K:LCD-2014-2045*4;;Brugmansia 'Angels Sunsilk';Brugmansia;Solanaceae;;;;15-02-2024
ALIVE;1959-24601;K:LCD-1959-24601*2;Autonoe madeirensis;Scilla madeirensis;Scilla;Asparagaceae;;;;04-07-2022
ALIVE;1961-8001;K:LCD-1961-8001*1;Aristea compressa;Aristea compressa;Aristea;Iridaceae;;;;08-02-2024
ALIVE;2015-1615;K:LCD-2015-1615*2;Brassaiopsis dumicola;Brassaiopsis dumicola;Brassaiopsis;Araliaceae;;N - Natural Source and Progeny;Vietnam;20-01-2025
ALIVE;1995-258;K:LCD-1995-258*3;Holocalyx balansae;Holocalyx balansae;Holocalyx;Fabaceae;;N - Natural Source and Progeny;Paraguay;31-01-2024
ALIVE;1993-3116;K:LCD-1993-3116*2;Tetradenia nervosa;Tetradenia nervosa;Tetradenia;Lamiaceae;;;Madagascar;14-02-2024
ALIVE;1979-2656;K:LCD-1979-2656*1;Callianthe picta;Callianthe picta;Callianthe;Malvaceae;;N - Natural Source and Progeny;Argentina;09-01-2025
ALIVE;1986-285;K:LCD-1986-285*2;Rhododendron loranthiflorum;Rhododendron loranthiflorum;Rhododendron;Ericaceae;;;;01-10-2024
ALIVE;2000-3333;K:LCD-2000-3333*1;Hedychium flavescens;Hedychium flavescens;Hedychium;Zingiberaceae;;N - Natural Source and Progeny;China;20-01-2025
ALIVE;2011-678;K:LCD-2011-678*2;Rumex frutescens;Rumex frutescens;Rumex;Polygonaceae;;N - Natural Source and Progeny;Saint Helena, Ascension, and Tristan da Cunha;28-05-2024
ALIVE;1989-2656;K:LCD-1989-2656*1;Arthropodium cirratum;Arthropodium cirratum;Arthropodium;Asparagaceae;;N - Natural Source and Progeny;New Zealand;28-05-2024
ALIVE;1954-11801;K:LCD-1954-11801*1;Corokia macrocarpa;Corokia macrocarpa;Corokia;Argophyllaceae;;;;27-03-2024
ALIVE;2018-919;K:LCD-2018-919*1;;Plantae;;;;N - Natural Source and Progeny;Vietnam;24-05-2024
ALIVE;1955-28803;K:LCD-1955-28803*4;Pomaderris rugosa;Pomaderris rugosa;Pomaderris;Rhamnaceae;;;;11-09-2024
ALIVE;1979-74;K:LCD-1979-74*1;Rhododendron pachypodum;Rhododendron pachypodum;Rhododendron;Ericaceae;;;;12-01-2025
ALIVE;2007-2003;K:LCD-2007-2003*1;Clivia mirabilis;Clivia mirabilis;Clivia;Amaryllidaceae;;;South Africa;22-08-2023
ALIVE;1997-124;K:LCD-1997-124*1;Aspidistra;Aspidistra;Aspidistra;Asparagaceae;;N - Natural Source and Progeny;Thailand;24-05-2024
ALIVE;1960-50802;K:LCD-1960-50802*1;Malvaviscus arboreus;Malvaviscus arboreus;Malvaviscus;Malvaceae;;;;06-02-2024
ALIVE;1980-4525;K:LCD-1980-4525*6;Fuchsia microphylla;Fuchsia microphylla;Fuchsia;Onagraceae;;N - Natural Source and Progeny;Mexico;18-07-2024
ALIVE;1962-24604;K:LCD-1962-24604*1;;Citrus × aurantium 'Lue Gim Gong';Citrus;Rutaceae;;;;15-02-2024
ALIVE;2015-112;K:LCD-2015-112*2;;Brugmansia 'Angels Proud';Brugmansia;Solanaceae;;;;15-02-2024
ALIVE;2013-1072;K:LCD-2013-1072*1;Senna septemtrionalis;Senna septemtrionalis;Senna;Fabaceae;;N - Natural Source and Progeny;Indonesia;10-10-2024
ALIVE;1990-1255;K:LCD-1990-1255*1;Diospyros natalensis subsp. nummularia;Diospyros natalensis subsp. nummularia;Diospyros;Ebenaceae;;;South Africa;14-02-2024
ALIVE;1973-12600;K:LCD-1973-12600*1;Rhapis humilis;Rhapis humilis;Rhapis;Arecaceae;;;;21-05-2024
ALIVE;1991-1877;K:LCD-1991-1877*2;Hedyscepe canterburyana;Hedyscepe canterburyana;Hedyscepe;Arecaceae;;;;28-12-2024
ALIVE;1996-4584;K:LCD-1996-4584*1;;Brugmansia × candida 'Grand Marnier';Brugmansia;Solanaceae;;;;21-11-2024
ALIVE;2007-2144;K:LCD-2007-2144*1;Citrus medica;Citrus medica;Citrus;Rutaceae;;;;15-02-2024
ALIVE;1978-2268;K:LCD-1978-2268*1;Rubus moluccanus;Rubus moluccanus;Rubus;Rosaceae;;N - Natural Source and Progeny;Hong Kong;20-05-2024
ALIVE;1971-5275;K:LCD-1971-5275*2;Rhododendron burmanicum;Rhododendron burmanicum;Rhododendron;Ericaceae;;;;24-05-2024
ALIVE;1982-274;K:LCD-1982-274*2;Pleroma urvilleanum;Tibouchina urvilleana;Tibouchina;Melastomataceae;;;Brazil;10-10-2024
ALIVE;1973-13925;K:LCD-1973-13925*1;Tradescantia pallida;Tradescantia pallida;Tradescantia;Commelinaceae;;;;15-10-2024
ALIVE;1963-72303;K:LCD-1963-72303*2;Rhododendron macgregoriae;Rhododendron macgregoriae;Rhododendron;Ericaceae;;N - Natural Source and Progeny;Papua New Guinea;24-05-2024
ALIVE;2015-2828;K:LCD-2015-2828*3;Salvia buchananii;Salvia buchananii;Salvia;Lamiaceae;;;;11-09-2024
ALIVE;1979-65;K:LCD-1979-65*6;Rhododendron taronense;Rhododendron taronense;Rhododendron;Ericaceae;;;;21-05-2024
ALIVE;1995-1672;K:LCD-1995-1672*1;Houttuynia cordata;Houttuynia cordata;Houttuynia;Saururaceae;;;;18-07-2024
ALIVE;2006-1924;K:LCD-2006-1924*1;Jubaea chilensis;Jubaea chilensis;Jubaea;Arecaceae;;;;06-02-2024
ALIVE;1972-367;K:LCD-1972-367*4;Melaleuca pallida;Melaleuca pallida;Melaleuca;Myrtaceae;;N - Natural Source and Progeny;Australia;28-12-2024
ALIVE;1967-68003;K:LCD-1967-68003*4;Rhododendron dendricola;Rhododendron dendricola;Rhododendron;Ericaceae;;;;24-05-2024
ALIVE;1993-1717;K:LCD-1993-1717*2;Aloe vera;Aloe vera;Aloe;Asphodelaceae;;;;15-02-2024
ALIVE;1976-2169;K:LCD-1976-2169*2;Aloysia gratissima;Aloysia lycioides;Aloysia;Verbenaceae;;;;21-08-2024
ALIVE;1980-276;K:LCD-1980-276*3;Hydrangea × versicolor;Dichroa × versicolor;Dichroa;Hydrangeaceae;;;;24-05-2024
ALIVE;1984-5283;K:LCD-1984-5283*3;Fuchsia boliviana;Fuchsia boliviana;Fuchsia;Onagraceae;;N - Natural Source and Progeny;Mexico;19-02-2024
ALIVE;1945-21101;K:LCD-1945-21101*2;Barnadesia caryophylla;Barnadesia caryophylla;Barnadesia;Asteraceae;;;;19-02-2024
ALIVE;1974-1494;K:LCD-1974-1494*3;Cibotium barometz;Cibotium barometz;Cibotium;Cyatheaceae;;N - Natural Source and Progeny;Japan;20-05-2024
ALIVE;1990-1278;K:LCD-1990-1278*3;Peddiea africana;Peddiea africana;Peddiea;Thymelaeaceae;;;South Africa;11-06-2024
ALIVE;1984-1782;K:LCD-1984-1782*2;Dendrobium kingianum;Dendrobium kingianum;Dendrobium;Orchidaceae;;;;28-12-2024
ALIVE;2006-1519;K:LCD-2006-1519*1;Himalayacalamus porcatus;Himalayacalamus porcatus;Himalayacalamus;Poaceae;;N - Natural Source and Progeny;Nepal;08-11-2023
ALIVE;1962-13803;K:LCD-1962-13803*5;Barleria obtusa;Barleria obtusa;Barleria;Acanthaceae;;;;23-06-2022
ALIVE;1980-276;K:LCD-1980-276*2;Hydrangea × versicolor;Dichroa × versicolor;Dichroa;Hydrangeaceae;;;;20-05-2024
ALIVE;1987-4157;K:LCD-1987-4157*3;Porlieria chilensis;Porlieria chilensis;Porlieria;Zygophyllaceae;;N - Natural Source and Progeny;Chile;30-01-2024
ALIVE;1995-69;K:LCD-1995-69*1;Cestrum elegans;Cestrum elegans;Cestrum;Solanaceae;;N - Natural Source and Progeny;Mexico;09-01-2025
ALIVE;2001-3620;K:LCD-2001-3620*1;Erica unicolor;Erica viridescens;Erica;Ericaceae;;;;09-01-2025
ALIVE;1998-856;K:LCD-1998-856*6;;Fuchsia triphylla 'Thalia';Fuchsia;Onagraceae;;;;09-01-2025
ALIVE;2015-2831;K:LCD-2015-2831*1;Chasmanthe aethiopica;Chasmanthe aethiopica;Chasmanthe;Iridaceae;;;;23-08-2023
ALIVE;2016-970;K:LCD-2016-970*1;Felicia aethiopica;Felicia aethiopica;Felicia;Asteraceae;;;;23-06-2022
ALIVE;1986-3088;K:LCD-1986-3088*1;Ilex discolor var. tolucana;Ilex tolucana;Ilex;Aquifoliaceae;;;Mexico;25-07-2022
ALIVE;1969-3776;K:LCD-1969-3776*1;Fuchsia thymifolia subsp. minimiflora;Fuchsia thymifolia subsp. minimiflora;Fuchsia;Onagraceae;;;;19-07-2024
ALIVE;1989-3463;K:LCD-1989-3463*4;Fuchsia coccinea;Fuchsia coccinea;Fuchsia;Onagraceae;;;;10-10-2024
ALIVE;2009-3676;K:LCD-2009-3676*1;Citrus × limon;Citrus × limon;Citrus;Rutaceae;;;;15-02-2024
ALIVE;1999-4231;K:LCD-1999-4231*3;Phymosia umbellata;Phymosia umbellata;Phymosia;Malvaceae;;;;08-02-2024
ALIVE;1984-862;K:LCD-1984-862*1;Eustrephus latifolius;Eustrephus latifolius;Eustrephus;Asparagaceae;;N - Natural Source and Progeny;Australia;28-12-2024
ALIVE;1983-2047;K:LCD-1983-2047*3;Furcraea foetida;Furcraea foetida;Furcraea;Asparagaceae;;N - Natural Source and Progeny;Brazil;30-01-2024
ALIVE;1984-5283;K:LCD-1984-5283*1;Fuchsia boliviana;Fuchsia boliviana;Fuchsia;Onagraceae;;N - Natural Source and Progeny;Mexico;19-02-2024
ALIVE;1969-12120;K:LCD-1969-12120*3;Malvaviscus penduliflorus;Malvaviscus penduliflorus;Malvaviscus;Malvaceae;;;;19-02-2024
ALIVE;1973-12325;K:LCD-1973-12325*2;Soleirolia soleirolii;Soleirolia soleirolii;Soleirolia;Urticaceae;;;;27-03-2024
ALIVE;1985-4476;K:LCD-1985-4476*1;Iris japonica;Iris japonica;Iris;Iridaceae;;N - Natural Source and Progeny;China;22-05-2024
ALIVE;2021-671;K:LCD-2021-671*3;Brugmansia vulcanicola;Brugmansia vulcanicola;Brugmansia;Solanaceae;;;;01-06-2024
ALIVE;1979-65;K:LCD-1979-65*7;Rhododendron taronense;Rhododendron taronense;Rhododendron;Ericaceae;;;;20-05-2024
ALIVE;1966-23709;K:LCD-1966-23709*2;Butia yatay;Butia yatay;Butia;Arecaceae;;;;19-02-2024
ALIVE;1987-8068;K:LCD-1987-8068*1;Diploglottis diphyllostegia;Diploglottis diphyllostegia;Diploglottis;Sapindaceae;;N - Natural Source and Progeny;Australia;28-12-2024
ALIVE;1997-7199;K:LCD-1997-7199*4;Lachenalia bowkeri;Lachenalia bowkeri;Lachenalia;Asparagaceae;;N - Natural Source and Progeny;South Africa;29-05-2024
ALIVE;1981-8418;K:LCD-1981-8418*1;Heptapleurum setulosum;Schefflera setulosa;Schefflera;Araliaceae;;N - Natural Source and Progeny;Papua New Guinea;09-01-2025
ALIVE;2019-2528;K:LCD-2019-2528*1;Sarracenia leucophylla;Sarracenia leucophylla;Sarracenia;Sarraceniaceae;;;United States;15-02-2024
ALIVE;1987-1504;K:LCD-1987-1504*1;Ilex paraguariensis;Ilex paraguariensis;Ilex;Aquifoliaceae;;N - Natural Source and Progeny;Brazil;29-01-2024
ALIVE;1973-12146;K:LCD-1973-12146*1;Mystroxylon aethiopicum;Cassine aethiopica;Cassine;Celastraceae;;;;21-06-2022
ALIVE;2007-1762;K:LCD-2007-1762*1;Encephalartos;Encephalartos;Encephalartos;Zamiaceae;;;;08-08-2024
ALIVE;1969-19558;K:LCD-1969-19558*2;Smilax aspera;Smilax aspera subsp. mauritanica;Smilax;Smilacaceae;;;;14-02-2024
ALIVE;2000-4056;K:LCD-2000-4056*1;Crinum campanulatum;Crinum campanulatum;Crinum;Amaryllidaceae;;N - Natural Source and Progeny;South Africa;17-08-2023
ALIVE;1988-141;K:LCD-1988-141*1;;Salix chilensis;Salix;Salicaceae;;N - Natural Source and Progeny;Peru;11-09-2024
ALIVE;1973-12418;K:LCD-1973-12418*1;Chlorophytum comosum;Chlorophytum comosum;Chlorophytum;Asparagaceae;;;;09-01-2025
ALIVE;1964-75301;K:LCD-1964-75301*1;Encephalartos bubalinus;Encephalartos bubalinus;Encephalartos;Zamiaceae;;;Tanzania;29-02-2024
ALIVE;1969-19808;K:LCD-1969-19808*3;Justicia floribunda;Justicia rizzinii;Justicia;Acanthaceae;;;;09-01-2025
ALIVE;1946-11501;K:LCD-1946-11501*1;Pseudopanax lessonii;Pseudopanax lessonii;Pseudopanax;Araliaceae;;;;27-03-2024
ALIVE;1973-12565;K:LCD-1973-12565*6;Cymbidium lowianum;Cymbidium lowianum;Cymbidium;Orchidaceae;;;;24-05-2024
ALIVE;1979-3099;K:LCD-1979-3099*1;Forestiera segregata;Forestiera segregata;Forestiera;Oleaceae;;;Bermuda;28-07-2022
ALIVE;2004-1091;K:LCD-2004-1091*2;Cardiospermum grandiflorum;Cardiospermum grandiflorum;Cardiospermum;Sapindaceae;;;;08-02-2024
ALIVE;1985-4485;K:LCD-1985-4485*3;Tetrastigma obtectum;Tetrastigma obtectum;Tetrastigma;Vitaceae;;N - Natural Source and Progeny;China;15-10-2024
ALIVE;2008-1432;K:LCD-2008-1432*3;Watsonia meriana;Watsonia meriana;Watsonia;Iridaceae;;;;15-02-2024
ALIVE;1980-1755;K:LCD-1980-1755*3;Cordyline obtecta;Cordyline obtecta;Cordyline;Asparagaceae;;;Norfolk Island;28-07-2022
ALIVE;2017-669;K:LCD-2017-669*2;Leptospermum polygalifolium subsp. polygalifolium;Leptospermum polygalifolium subsp. polygalifolium;Leptospermum;Myrtaceae;;N - Natural Source and Progeny;Australia;17-10-2023
ALIVE;1969-17763;K:LCD-1969-17763*1;Ceratozamia mexicana;Ceratozamia mexicana;Ceratozamia;Zamiaceae;;;;20-12-2022
ALIVE;1998-3488;K:LCD-1998-3488*5;Pelargonium odoratissimum;Pelargonium odoratissimum;Pelargonium;Geraniaceae;;;;11-06-2024
ALIVE;1969-17841;K:LCD-1969-17841*1;Encephalartos altensteinii;Encephalartos altensteinii;Encephalartos;Zamiaceae;;;;22-08-2023
ALIVE;1985-4802;K:LCD-1985-4802*3;Vasconcellea × pentagona;Carica × pentagona;Carica;Caricaceae;;;;06-02-2024
ALIVE;1956-36202;K:LCD-1956-36202*1;Mallotus japonicus;Mallotus japonicus;Mallotus;Euphorbiaceae;;;;24-05-2024
ALIVE;1958-2107;K:LCD-1958-2107*2;Pavonia praemorsa;Pavonia praemorsa;Pavonia;Malvaceae;;;;11-06-2024
ALIVE;2015-1858;K:LCD-2015-1858*1;Carmichaelia williamsii;Carmichaelia williamsii;Carmichaelia;Fabaceae;;;;06-12-2024
ALIVE;1982-274;K:LCD-1982-274*3;Pleroma urvilleanum;Tibouchina urvilleana;Tibouchina;Melastomataceae;;;Brazil;08-02-2024
ALIVE;1981-38;K:LCD-1981-38*5;Salvia purpurea;Salvia purpurea;Salvia;Lamiaceae;;N - Natural Source and Progeny;Mexico;09-01-2025
ALIVE;1994-2314;K:LCD-1994-2314*2;Malvaviscus arboreus;Malvaviscus arboreus;Malvaviscus;Malvaceae;;N - Natural Source and Progeny;Costa Rica;10-10-2024
ALIVE;1969-3938;K:LCD-1969-3938*1;Melicytus latifolius;Melicytus latifolius;Melicytus;Violaceae;;N - Natural Source and Progeny;Norfolk Island;28-07-2022
ALIVE;2014-2016;K:LCD-2014-2016*2;;Brugmansia 'Pink Dragon';Brugmansia;Solanaceae;;;;18-07-2024
ALIVE;1981-4132;K:LCD-1981-4132*2;Gorgonidium intermedium;Gorgonidium intermedium;Gorgonidium;Araceae;;;Peru;29-05-2024
ALIVE;1973-12903;K:LCD-1973-12903*4;Cuphea ignea;Cuphea ignea;Cuphea;Lythraceae;;;;09-01-2025
ALIVE;2012-90;K:LCD-2012-90*3;Sabal bermudana;Sabal bermudana;Sabal;Arecaceae;;N - Natural Source and Progeny;Bermuda;19-02-2025
ALIVE;1961-39002;K:LCD-1961-39002*3;Brunfelsia jamaicensis;Brunfelsia jamaicensis;Brunfelsia;Solanaceae;;;;24-10-2024
ALIVE;1973-12044;K:LCD-1973-12044*2;Gonioma kamassi;Gonioma kamassi;Gonioma;Apocynaceae;;;;23-06-2022
ALIVE;1972-2802;K:LCD-1972-2802*2;Clematis longicauda;Clematis longicauda;Clematis;Ranunculaceae;;N - Natural Source and Progeny;Ethiopia;15-02-2024
ALIVE;1991-716;K:LCD-1991-716*2;Sideroxylon spinosum;Argania spinosa;Argania;Sapotaceae;;N - Natural Source and Progeny;Morocco;14-02-2024
ALIVE;2017-670;K:LCD-2017-670*1;Leptospermum rupestre;Leptospermum rupestre;Leptospermum;Myrtaceae;;N - Natural Source and Progeny;Australia;28-12-2024
ALIVE;1967-28601;K:LCD-1967-28601*2;Ficus vasta;Ficus socotrana;Ficus;Moraceae;;N - Natural Source and Progeny;Yemen;28-07-2022
ALIVE;1988-8807;K:LCD-1988-8807*2;;Correa 'Dusky Bells';Correa;Rutaceae;;;;02-01-2025
ALIVE;1992-1496;K:LCD-1992-1496*2;Rehmannia piasezkii;Rehmannia angulata;Rehmannia;Orobanchaceae;;;;18-07-2024
ALIVE;1987-2572;K:LCD-1987-2572*3;;Rhapis excelsa 'Tenzan';Rhapis;Arecaceae;;;;24-05-2024
ALIVE;2010-2373;K:LCD-2010-2373*5;Rhopalostylis sapida;Rhopalostylis sapida;Rhopalostylis;Arecaceae;;;New Zealand;27-03-2024
ALIVE;1973-21714;K:LCD-1973-21714*3;Erythrostemon mexicanus;Erythrostemon mexicanus;Erythrostemon;Fabaceae;;;;29-07-2022
ALIVE;1971-2785;K:LCD-1971-2785*1;Sophora howinsula;Sophora howinsula;Sophora;Fabaceae;;;;04-07-2022
ALIVE;1969-3776;K:LCD-1969-3776*5;Fuchsia thymifolia subsp. minimiflora;Fuchsia thymifolia subsp. minimiflora;Fuchsia;Onagraceae;;;;19-07-2024
ALIVE;1969-17399;K:LCD-1969-17399*3;Strelitzia reginae;Strelitzia reginae;Strelitzia;Strelitziaceae;;;;11-06-2024
ALIVE;1967-12702;K:LCD-1967-12702*1;Agapanthus inapertus subsp. intermedius;Agapanthus inapertus subsp. intermedius;Agapanthus;Amaryllidaceae;;;;08-08-2024
ALIVE;1990-1217;K:LCD-1990-1217*1;Sparrmannia ricinocarpa;Sparrmannia ricinocarpa;Sparrmannia;Malvaceae;;;;14-10-2024
ALIVE;1969-51968;K:LCD-1969-51968*1;Photinia serratifolia;Photinia serratifolia;Photinia;Rosaceae;;;;21-11-2024
ALIVE;1996-4283;K:LCD-1996-4283*1;Ziziphus;Ziziphus;Ziziphus;Rhamnaceae;;N - Natural Source and Progeny;Oman;14-02-2024
ALIVE;1979-74;K:LCD-1979-74*5;Rhododendron pachypodum;Rhododendron pachypodum;Rhododendron;Ericaceae;;;;20-05-2024
ALIVE;2018-123;K:LCD-2018-123*2;Pteris;Pteris;Pteris;Pteridaceae;;N - Natural Source and Progeny;Vietnam;21-05-2024
ALIVE;1984-4223;K:LCD-1984-4223*1;Dombeya acutangula;Dombeya acutangula;Dombeya;Malvaceae;;N - Natural Source and Progeny;Mauritius;09-01-2025
ALIVE;1982-2124;K:LCD-1982-2124*1;Hypericum roeperianum;Hypericum roeperianum;Hypericum;Hypericaceae;;N - Natural Source and Progeny;South Africa;17-08-2023
ALIVE;1973-18237;K:LCD-1973-18237*1;Cleyera japonica;Cleyera japonica;Cleyera;Pentaphylacaceae;;;;24-05-2024
ALIVE;1969-14156;K:LCD-1969-14156*2;Ageratina riparia;Eupatorium riparium;Eupatorium;Asteraceae;;;;05-02-2024
ALIVE;1975-1700;K:LCD-1975-1700*1;Aphanopetalum resinosum;Aphanopetalum resinosum;Aphanopetalum;Aphanopetalaceae;;;;28-12-2024
ALIVE;2001-3622;K:LCD-2001-3622*1;Erica discolor;Erica discolor;Erica;Ericaceae;;;;21-08-2023
ALIVE;2015-1596;K:LCD-2015-1596*1;Heptapleurum macrophyllum;Schefflera macrophylla;Schefflera;Araliaceae;;N - Natural Source and Progeny;Vietnam;02-01-2025
ALIVE;1998-856;K:LCD-1998-856*4;;Fuchsia triphylla 'Thalia';Fuchsia;Onagraceae;;;;09-01-2025
ALIVE;1986-4070;K:LCD-1986-4070*3;Lachenalia contaminata;Lachenalia contaminata;Lachenalia;Asparagaceae;;N - Natural Source and Progeny;South Africa;29-05-2024
ALIVE;1945-21101;K:LCD-1945-21101*3;Barnadesia caryophylla;Barnadesia caryophylla;Barnadesia;Asteraceae;;;;19-02-2024
ALIVE;1990-1278;K:LCD-1990-1278*2;Peddiea africana;Peddiea africana;Peddiea;Thymelaeaceae;;;South Africa;28-11-2024
ALIVE;1951-15801;K:LCD-1951-15801*3;Camellia saluenensis;Camellia saluenensis;Camellia;Theaceae;;;;20-05-2024
ALIVE;1983-8238;K:LCD-1983-8238*1;Hedychium gardnerianum;Hedychium gardnerianum;Hedychium;Zingiberaceae;;N - Natural Source and Progeny;Nepal;21-11-2024
ALIVE;1959-14902;K:LCD-1959-14902*4;Fuchsia fulgens;Fuchsia fulgens;Fuchsia;Onagraceae;;N - Natural Source and Progeny;Mexico;28-11-2024
ALIVE;1969-6262;K:LCD-1969-6262*2;Maesa warburgii;Maesa warburgii;Maesa;Primulaceae;;N - Natural Source and Progeny;Indonesia;09-01-2025
ALIVE;1996-2419;K:LCD-1996-2419*5;Scabiosa africana;Scabiosa africana;Scabiosa;Caprifoliaceae;;;;14-10-2024
ALIVE;1989-8025;K:LCD-1989-8025*6;Melianthus comosus;Melianthus comosus;Melianthus;Francoaceae;;N - Natural Source and Progeny;South Africa;14-10-2024
ALIVE;1993-3484;K:LCD-1993-3484*2;Encephalartos lehmannii;Encephalartos lehmannii;Encephalartos;Zamiaceae;;;;14-10-2024
ALIVE;1988-5305;K:LCD-1988-5305*3;;Brugmansia aurea 'Culebra';Brugmansia;Solanaceae;;;;15-02-2024
ALIVE;1973-12928;K:LCD-1973-12928*1;Mystroxylon aethiopicum;Mystroxylon aethiopicum;Mystroxylon;Celastraceae;;;;21-02-2024
ALIVE;2012-1433;K:LCD-2012-1433*2;Passiflora emarginata;Passiflora emarginata;Passiflora;Passifloraceae;;;;01-08-2024
ALIVE;1994-2314;K:LCD-1994-2314*4;Malvaviscus arboreus;Malvaviscus arboreus;Malvaviscus;Malvaceae;;N - Natural Source and Progeny;Costa Rica;19-02-2024
ALIVE;1990-1857;K:LCD-1990-1857*1;Nerium oleander;Nerium oleander;Nerium;Apocynaceae;;N - Natural Source and Progeny;Saudi Arabia;24-05-2024
ALIVE;2015-2115;K:LCD-2015-2115*3;Chiranthodendron pentadactylon;Chiranthodendron pentadactylon;Chiranthodendron;Malvaceae;;;;05-02-2024
ALIVE;1973-1853;K:LCD-1973-1853*7;Brunfelsia undulata;Brunfelsia undulata;Brunfelsia;Solanaceae;;N - Natural Source and Progeny;Jamaica;24-10-2024
ALIVE;2015-388;K:LCD-2015-388*6;Deppea splendens;Deppea splendens;Deppea;Rubiaceae;;;;28-11-2024
ALIVE;1969-17410;K:LCD-1969-17410*10;Rhododendron scopulorum;Rhododendron scopulorum;Rhododendron;Ericaceae;;;;01-11-2023
ALIVE;2014-1974;K:LCD-2014-1974*2;Metrosideros excelsa;Metrosideros tomentosa;Metrosideros;Myrtaceae;;;New Zealand;27-03-2024
ALIVE;2005-2481;K:LCD-2005-2481*3;Impatiens balansae;Impatiens balansae;Impatiens;Balsaminaceae;;;;21-11-2024
ALIVE;1973-12264;K:LCD-1973-12264*1;Cinnamomum tamala;Cinnamomum tamala;Cinnamomum;Lauraceae;;;;22-05-2024
ALIVE;1981-5189;K:LCD-1981-5189*3;Colquhounia coccinea;Colquhounia coccinea;Colquhounia;Lamiaceae;;N - Natural Source and Progeny;Nepal;09-07-2024
ALIVE;1973-12448;K:LCD-1973-12448*1;Reinwardtia cicanoba;Reinwardtia cicanoba;Reinwardtia;Linaceae;;;;08-11-2023
ALIVE;2014-1289;K:LCD-2014-1289*1;Encephalartos hildebrandtii;Encephalartos hildebrandtii;Encephalartos;Zamiaceae;;;;17-08-2023
ALIVE;1987-8070;K:LCD-1987-8070*3;Argyrodendron peralatum;Argyrodendron peralatum;Argyrodendron;Malvaceae;;N - Natural Source and Progeny;Australia;28-12-2024
ALIVE;1969-16109;K:LCD-1969-16109*1;Malvaviscus arboreus var. arboreus;Malvaviscus arboreus var. mexicanus;Malvaviscus;Malvaceae;;;;09-01-2025
ALIVE;1991-580;K:LCD-1991-580*2;Woodwardia radicans;Woodwardia radicans;Woodwardia;Aspleniaceae;;N - Natural Source and Progeny;Spain;20-05-2024
ALIVE;1980-276;K:LCD-1980-276*5;Hydrangea × versicolor;Dichroa × versicolor;Dichroa;Hydrangeaceae;;;;20-05-2024
ALIVE;1942-9131;K:LCD-1942-9131*2;Dendrobium kingianum;Dendrobium kingianum;Dendrobium;Orchidaceae;;;;28-12-2024
ALIVE;1961-39603;K:LCD-1961-39603*1;Viola hederacea;Viola hederacea;Viola;Violaceae;;;;28-12-2024
ALIVE;1988-1037;K:LCD-1988-1037*4;Leptospermum lanigerum;Leptospermum lanigerum;Leptospermum;Myrtaceae;;N - Natural Source and Progeny;Australia;28-12-2024
ALIVE;1945-21101;K:LCD-1945-21101*5;Barnadesia caryophylla;Barnadesia caryophylla;Barnadesia;Asteraceae;;;;24-05-2024
ALIVE;1983-4885;K:LCD-1983-4885*2;;Rhapis excelsa 'Koban';Rhapis;Arecaceae;;;;22-05-2024
ALIVE;2007-1057;K:LCD-2007-1057*5;;Begonia 'Silver Cloud';Begonia;Begoniaceae;;;;12-12-2024
ALIVE;1973-12139;K:LCD-1973-12139*2;Lonicera hildebrandtiana;Lonicera hildebrandtiana;Lonicera;Caprifoliaceae;;;;27-03-2024
ALIVE;1969-17410;K:LCD-1969-17410*11;Rhododendron scopulorum;Rhododendron scopulorum;Rhododendron;Ericaceae;;;;18-07-2024
ALIVE;2001-3714;K:LCD-2001-3714*1;Greyia sutherlandii;Greyia sutherlandii;Greyia;Francoaceae;;N - Natural Source and Progeny;;17-08-2023
ALIVE;1980-1622;K:LCD-1980-1622*1;Serenoa repens;Serenoa repens;Serenoa;Arecaceae;;N - Natural Source and Progeny;United States;29-07-2022
ALIVE;1969-3776;K:LCD-1969-3776*10;Fuchsia thymifolia subsp. minimiflora;Fuchsia thymifolia subsp. minimiflora;Fuchsia;Onagraceae;;;;19-07-2024
ALIVE;1988-815;K:LCD-1988-815*2;Myrsine africana;Myrsine africana;Myrsine;Primulaceae;;N - Natural Source and Progeny;Portugal;21-02-2024
ALIVE;1978-3130;K:LCD-1978-3130*1;Freesia viridis;Anomatheca viridis;Anomatheca;Iridaceae;;N - Natural Source and Progeny;South Africa;14-10-2024
ALIVE;1989-3984;K:LCD-1989-3984*1;Camphora officinarum;Cinnamomum camphora;Cinnamomum;Lauraceae;;N - Natural Source and Progeny;Japan;21-05-2024
ALIVE;1973-12031;K:LCD-1973-12031*1;Ismene × deflexa;Hymenocallis × festalis;Hymenocallis;Amaryllidaceae;;;;01-08-2024
ALIVE;1967-50301;K:LCD-1967-50301*3;;Rhododendron hybrid;Rhododendron;Ericaceae;;;;08-11-2023
ALIVE;2007-671;K:LCD-2007-671*1;Rhodocoma capensis;Rhodocoma capensis;Rhodocoma;Restionaceae;;;;21-08-2023
ALIVE;2017-1323;K:LCD-2017-1323*8;Rhododendron taxifolium;Rhododendron taxifolium;Rhododendron;Ericaceae;;N - Natural Source and Progeny;Philippines;24-05-2024
ALIVE;1989-8025;K:LCD-1989-8025*3;Melianthus comosus;Melianthus comosus;Melianthus;Francoaceae;;N - Natural Source and Progeny;South Africa;14-10-2024
ALIVE;1988-5303;K:LCD-1988-5303*1;Cestrum psittacinum;Cestrum psittacinum;Cestrum;Solanaceae;;;;01-08-2024
ALIVE;1967-50301;K:LCD-1967-50301*6;;Rhododendron hybrid;Rhododendron;Ericaceae;;;;20-05-2024
ALIVE;2019-2533;K:LCD-2019-2533*3;Rumex lunaria;Rumex lunaria;Rumex;Polygonaceae;;N - Natural Source and Progeny;;28-05-2024
ALIVE;2010-671;K:LCD-2010-671*2;Barnadesia arborea;Barnadesia arborea;Barnadesia;Asteraceae;;N - Natural Source and Progeny;Ecuador;19-02-2024
ALIVE;1973-12085;K:LCD-1973-12085*4;Asplenium bulbiferum;Asplenium bulbiferum;Asplenium;Aspleniaceae;;;;27-03-2024
ALIVE;1958-50601;K:LCD-1958-50601*2;Brugmansia insignis;Brugmansia insignis;Brugmansia;Solanaceae;;;;08-11-2023
ALIVE;1983-1592;K:LCD-1983-1592*3;Peumus boldus;Peumus boldus;Peumus;Monimiaceae;;N - Natural Source and Progeny;Chile;08-02-2024
ALIVE;1967-42409;K:LCD-1967-42409*1;Ficus johannis subsp. johannis;Ficus geraniifolia;Ficus;Moraceae;;N - Natural Source and Progeny;Iran;24-05-2024
ALIVE;1978-1735;K:LCD-1978-1735*1;Telanthophora grandifolia;Telanthophora grandifolia;Telanthophora;Asteraceae;;N - Natural Source and Progeny;Mexico;09-01-2025
ALIVE;1997-6541;K:LCD-1997-6541*3;;Abutilon × hybridum 'Canary Bird';Abutilon;Malvaceae;;;;19-02-2024
ALIVE;1991-713;K:LCD-1991-713*2;Cornus disciflora;Cornus disciflora;Cornus;Cornaceae;;N - Natural Source and Progeny;;25-07-2022
ALIVE;2004-2906;K:LCD-2004-2906*4;Thomasia petalocalyx;Thomasia petalocalyx;Thomasia;Malvaceae;;;;21-11-2024
ALIVE;1985-3736;K:LCD-1985-3736*2;Nesohedyotis arborea;Nesohedyotis arborea;Nesohedyotis;Rubiaceae;;N - Natural Source and Progeny;Saint Helena, Ascension, and Tristan da Cunha;28-07-2022
ALIVE;1997-6541;K:LCD-1997-6541*1;;Abutilon × hybridum 'Canary Bird';Abutilon;Malvaceae;;;;09-01-2025
ALIVE;1949-56703;K:LCD-1949-56703*1;Encephalartos lebomboensis;Encephalartos lebomboensis;Encephalartos;Zamiaceae;;;;22-08-2023
ALIVE;1967-56601;K:LCD-1967-56601*1;;Metrosideros excelsa 'Aurea';Metrosideros;Myrtaceae;;;;27-03-2024
ALIVE;2005-148;K:LCD-2005-148*2;;Pelargonium 'Lemon Sherbert';Pelargonium;Geraniaceae;;;;23-06-2022
ALIVE;2018-605;K:LCD-2018-605*2;Pyrrosia lingua;Pyrrosia lingua;Pyrrosia;Polypodiaceae;;N - Natural Source and Progeny;Vietnam;24-05-2024
ALIVE;1961-23502;K:LCD-1961-23502*1;Strelitzia alba;Strelitzia alba;Strelitzia;Strelitziaceae;;;;23-06-2022
ALIVE;2000-2129;K:LCD-2000-2129*2;Encephalartos natalensis;Encephalartos natalensis;Encephalartos;Zamiaceae;;;South Africa;15-02-2024
ALIVE;1969-19240;K:LCD-1969-19240*2;Fuchsia alpestris;Fuchsia regia var. alpestris;Fuchsia;Onagraceae;;;;08-02-2024
ALIVE;1986-4260;K:LCD-1986-4260*2;Aloiampelos ciliaris;Aloiampelos ciliaris;Aloiampelos;Asphodelaceae;;N - Natural Source and Progeny;South Africa;08-08-2024
ALIVE;1973-12021;K:LCD-1973-12021*4;Yucca gigantea;Yucca guatemalensis;Yucca;Asparagaceae;;;;28-11-2024
ALIVE;2003-2466;K:LCD-2003-2466*5;Streptosolen jamesonii;Streptosolen jamesonii;Streptosolen;Solanaceae;;;;19-07-2024
ALIVE;2016-967;K:LCD-2016-967*1;Watsonia borbonica;Watsonia borbonica;Watsonia;Iridaceae;;;;14-10-2024
ALIVE;1978-6286;K:LCD-1978-6286*2;Crinum album;Crinum album;Crinum;Amaryllidaceae;;N - Natural Source and Progeny;Saudi Arabia;08-08-2024
ALIVE;1984-5261;K:LCD-1984-5261*1;Podocarpus matudae;Podocarpus matudae;Podocarpus;Podocarpaceae;;N - Natural Source and Progeny;Mexico;19-02-2024
ALIVE;1988-142;K:LCD-1988-142*3;Ferreyranthus excelsus;Ferreyranthus excelsus;Ferreyranthus;Asteraceae;;;Peru;19-02-2024
ALIVE;1987-3858;K:LCD-1987-3858*3;Cordyline rubra;Cordyline rubra;Cordyline;Asparagaceae;;N - Natural Source and Progeny;Australia;28-12-2024
ALIVE;1964-34302;K:LCD-1964-34302*1;Dianella ensifolia;Dianella ensifolia;Dianella;Asphodelaceae;;;;28-12-2024
ALIVE;1994-2314;K:LCD-1994-2314*1;Malvaviscus arboreus;Malvaviscus arboreus;Malvaviscus;Malvaceae;;N - Natural Source and Progeny;Costa Rica;28-11-2024
ALIVE;2006-1136;K:LCD-2006-1136*1;Thamnochortus sporadicus;Thamnochortus sporadicus;Thamnochortus;Restionaceae;;;;17-08-2023
ALIVE;2015-1869;K:LCD-2015-1869*2;Corynocarpus laevigatus;Corynocarpus laevigatus;Corynocarpus;Corynocarpaceae;;;;27-03-2024
ALIVE;1998-3484;K:LCD-1998-3484*3;Pelargonium inquinans;Pelargonium inquinans;Pelargonium;Geraniaceae;;;;25-02-2024
ALIVE;1970-3696;K:LCD-1970-3696*1;Plagianthus divaricatus;Plagianthus divaricatus;Plagianthus;Malvaceae;;N - Natural Source and Progeny;New Zealand;08-11-2023
ALIVE;1950-20203;K:LCD-1950-20203*1;Rhododendron × sesterianum;Rhododendron × sesterianum;Rhododendron;Ericaceae;;;;08-11-2023
ALIVE;1985-4278;K:LCD-1985-4278*3;Pittosporum;Pittosporum;Pittosporum;Pittosporaceae;;N - Natural Source and Progeny;China;11-09-2024
ALIVE;2010-2376;K:LCD-2010-2376*1;Archontophoenix alexandrae;Archontophoenix alexandrae;Archontophoenix;Arecaceae;;;Australia;28-12-2024
ALIVE;1951-43701;K:LCD-1951-43701*1;;Fuchsia magellanica × lycioides;Fuchsia;Onagraceae;;;;19-07-2024
ALIVE;1997-4296;K:LCD-1997-4296*4;Cuphea subuligera;Cuphea caeciliae;Cuphea;Lythraceae;;;;17-07-2024
ALIVE;2017-698;K:LCD-2017-698*2;Dermatophyllum secundiflorum;Dermatophyllum secundiflorum;Dermatophyllum;Fabaceae;;;United States;01-02-2024
ALIVE;1966-19101;K:LCD-1966-19101*1;Cleyera japonica;Cleyera japonica;Cleyera;Pentaphylacaceae;;N - Natural Source and Progeny;Nepal;24-05-2024
ALIVE;1969-12120;K:LCD-1969-12120*2;Malvaviscus penduliflorus;Malvaviscus penduliflorus;Malvaviscus;Malvaceae;;;;09-01-2025
ALIVE;2001-2791;K:LCD-2001-2791*1;Cylindrocline lorencei;Cylindrocline lorencei;Cylindrocline;Asteraceae;;;;09-12-2024
ALIVE;1969-17400;K:LCD-1969-17400*1;;Brunfelsia pauciflora 'Macrantha';Brunfelsia;Solanaceae;;;;10-10-2024
ALIVE;1964-71601;K:LCD-1964-71601*2;Rhododendron goodenoughii;Rhododendron goodenoughii;Rhododendron;Ericaceae;;N - Natural Source and Progeny;Papua New Guinea;01-08-2018
ALIVE;1966-23709;K:LCD-1966-23709*1;Butia yatay;Butia yatay;Butia;Arecaceae;;;;19-02-2024
ALIVE;1986-1122;K:LCD-1986-1122*2;Aloe pictifolia;Aloe pictifolia;Aloe;Asphodelaceae;;;South Africa;13-02-2024
ALIVE;1981-2773;K:LCD-1981-2773*1;Agapetes moorei;Agapetes moorei;Agapetes;Ericaceae;;;;21-05-2024
ALIVE;2015-2854;K:LCD-2015-2854*2;Dracaena ajgal;Dracaena draco subsp. ajgal;Dracaena;Asparagaceae;;N - Natural Source and Progeny;;27-11-2024
ALIVE;1969-19568;K:LCD-1969-19568*4;Correa backhouseana;Correa backhouseana;Correa;Rutaceae;;;;16-01-2025
ALIVE;1970-4915;K:LCD-1970-4915*5;Salvia gesneriiflora;Salvia gesneriiflora;Salvia;Lamiaceae;;;;24-05-2024
ALIVE;1962-13803;K:LCD-1962-13803*4;Barleria obtusa;Barleria obtusa;Barleria;Acanthaceae;;;;21-06-2022
ALIVE;1985-3279;K:LCD-1985-3279*2;Sideroxylon cinereum;Sideroxylon cinereum;Sideroxylon;Sapotaceae;;N - Natural Source and Progeny;Mauritius;28-07-2022
ALIVE;1969-34387;K:LCD-1969-34387*1;Dietes robinsoniana;Dietes robinsoniana;Dietes;Iridaceae;;N - Natural Source and Progeny;Australia;28-07-2022
ALIVE;1969-17843;K:LCD-1969-17843*1;Encephalartos lehmannii;Encephalartos lehmannii;Encephalartos;Zamiaceae;;;;14-02-2024
ALIVE;1981-6457;K:LCD-1981-6457*1;Adiantum diaphanum;Adiantum diaphanum;Adiantum;Pteridaceae;;N - Natural Source and Progeny;New Zealand;27-03-2024
ALIVE;1969-17231;K:LCD-1969-17231*2;Ardisia humilis;Ardisia humilis;Ardisia;Primulaceae;;;;18-07-2024
ALIVE;1977-1639;K:LCD-1977-1639*4;Coleus hymalis;Plectranthus hyemalis;Plectranthus;Lamiaceae;;N - Natural Source and Progeny;Yemen;14-10-2024
ALIVE;1964-24202;K:LCD-1964-24202*6;Dicksonia antarctica;Dicksonia antarctica;Dicksonia;Cyatheaceae;;;;28-12-2024
ALIVE;1987-4157;K:LCD-1987-4157*2;Porlieria chilensis;Porlieria chilensis;Porlieria;Zygophyllaceae;;N - Natural Source and Progeny;Chile;08-02-2024
ALIVE;1973-12215;K:LCD-1973-12215*5;Rhododendron simsii;Rhododendron simsii;Rhododendron;Ericaceae;;;;22-05-2024
ALIVE;2004-356;K:LCD-2004-356*1;Encephalartos lehmannii;Encephalartos lehmannii;Encephalartos;Zamiaceae;;;;22-10-2024
ALIVE;1973-20602;K:LCD-1973-20602*2;Hydrangea febrifuga;Dichroa febrifuga;Dichroa;Hydrangeaceae;;;;02-01-2025
ALIVE;1973-12935;K:LCD-1973-12935*2;Metrosideros robusta;Metrosideros robusta;Metrosideros;Myrtaceae;;;;27-03-2024
ALIVE;1995-734;K:LCD-1995-734*2;Ilex maximowicziana;Ilex triflora var. kanehirae;Ilex;Aquifoliaceae;;N - Natural Source and Progeny;Taiwan;17-10-2023
ALIVE;2004-323;K:LCD-2004-323*3;Encephalartos princeps;Encephalartos princeps;Encephalartos;Zamiaceae;;;;15-02-2024
ALIVE;1959-901;K:LCD-1959-901*1;Homalanthus populifolius;Homalanthus populifolius;Homalanthus;Euphorbiaceae;;;;28-12-2024
ALIVE;1985-4553;K:LCD-1985-4553*1;Ficus henryi;Ficus henryi;Ficus;Moraceae;;N - Natural Source and Progeny;China;22-05-2024
ALIVE;1974-7192;K:LCD-1974-7192*1;Hydrangea seemannii;Hydrangea seemannii;Hydrangea;Hydrangeaceae;;N - Natural Source and Progeny;;29-07-2022
ALIVE;1969-17416;K:LCD-1969-17416*4;Rhododendron ciliatum;Rhododendron ciliatum;Rhododendron;Ericaceae;;;;17-10-2023
ALIVE;1956-5502;K:LCD-1956-5502*2;Pittosporum bicolor;Pittosporum bicolor;Pittosporum;Pittosporaceae;;;;28-12-2024
ALIVE;1997-7421;K:LCD-1997-7421*3;Impatiens zombensis;Impatiens zombensis;Impatiens;Balsaminaceae;;;;21-06-2022
ALIVE;1987-3616;K:LCD-1987-3616*1;Melaleuca rugulosa;Melaleuca rugulosa;Melaleuca;Myrtaceae;;N - Natural Source and Progeny;Australia;17-10-2023
ALIVE;1988-5307;K:LCD-1988-5307*2;Solanum wendlandii;Solanum wendlandii;Solanum;Solanaceae;;;;15-10-2024
ALIVE;1977-6734;K:LCD-1977-6734*2;Aloe amudatensis;Aloe amudatensis;Aloe;Asphodelaceae;;N - Natural Source and Progeny;Kenya;08-02-2024
ALIVE;1959-67001;K:LCD-1959-67001*1;Colquhounia coccinea;Colquhounia coccinea;Colquhounia;Lamiaceae;;;;09-07-2024
ALIVE;1966-17104;K:LCD-1966-17104*2;Eriobotrya elliptica;Eriobotrya elliptica;Eriobotrya;Rosaceae;;N - Natural Source and Progeny;Nepal;24-05-2024
ALIVE;2002-10;K:LCD-2002-10*2;Banksia integrifolia subsp. monticola;Banksia integrifolia subsp. monticola;Banksia;Proteaceae;;N - Natural Source and Progeny;Australia;17-10-2023
ALIVE;1985-796;K:LCD-1985-796*2;Melaleuca howeana;Melaleuca howeana;Melaleuca;Myrtaceae;;N - Natural Source and Progeny;Australia;28-07-2022
ALIVE;2007-1283;K:LCD-2007-1283*2;Erica thomae;Erica thomae;Erica;Ericaceae;;;;05-12-2024
ALIVE;1979-684;K:LCD-1979-684*4;Melhania erythroxylon;Trochetiopsis erythroxylon;Trochetiopsis;Malvaceae;;;Saint Helena, Ascension, and Tristan da Cunha;24-05-2024
ALIVE;1969-18830;K:LCD-1969-18830*1;Oreopanax capitatus;Oreopanax capitatus;Oreopanax;Araliaceae;;;;28-07-2022
ALIVE;1990-8011;K:LCD-1990-8011*1;Dietes bicolor;Dietes bicolor;Dietes;Iridaceae;;;;08-08-2024
ALIVE;2013-77;K:LCD-2013-77*2;Trachycarpus martianus;Trachycarpus martianus;Trachycarpus;Arecaceae;;N - Natural Source and Progeny;India;21-05-2024
ALIVE;1988-1037;K:LCD-1988-1037*1;Leptospermum lanigerum;Leptospermum lanigerum;Leptospermum;Myrtaceae;;N - Natural Source and Progeny;Australia;28-12-2024
ALIVE;1994-3802;K:LCD-1994-3802*1;Cordyline cannifolia;Cordyline cannifolia;Cordyline;Asparagaceae;;N - Natural Source and Progeny;Australia;28-12-2024
ALIVE;1985-794;K:LCD-1985-794*1;Sarcomelicope simplicifolia subsp. simplicifolia;Sarcomelicope simplicifolia subsp. simplicifolia;Sarcomelicope;Rutaceae;;N - Natural Source and Progeny;Australia;28-07-2022
ALIVE;1973-12746;K:LCD-1973-12746*3;Pilocarpus pennatifolius;Pilocarpus pennatifolius;Pilocarpus;Rutaceae;;;;06-02-2024
ALIVE;2015-1392;K:LCD-2015-1392*2;Passiflora tetrandra;Passiflora tetrandra;Passiflora;Passifloraceae;;;New Zealand;27-03-2024
ALIVE;1969-13676;K:LCD-1969-13676*1;Asparagus macowanii;Asparagus macowanii;Asparagus;Asparagaceae;;;;09-01-2025
ALIVE;1984-5333;K:LCD-1984-5333*2;Salvia microphylla;Salvia microphylla;Salvia;Lamiaceae;;N - Natural Source and Progeny;Mexico;01-08-2024
ALIVE;1966-28820;K:LCD-1966-28820*3;Chamaedorea stolonifera;Chamaedorea stolonifera;Chamaedorea;Arecaceae;;;;29-07-2022
ALIVE;1998-3999;K:LCD-1998-3999*3;Selaginella denticulata;Selaginella denticulata;Selaginella;Selaginellaceae;;;;27-03-2024
ALIVE;1981-38;K:LCD-1981-38*3;Salvia purpurea;Salvia purpurea;Salvia;Lamiaceae;;N - Natural Source and Progeny;Mexico;24-05-2024
ALIVE;1999-4341;K:LCD-1999-4341*3;Phoenix roebelenii;Phoenix roebelenii;Phoenix;Arecaceae;;;;22-05-2024
ALIVE;1983-4887;K:LCD-1983-4887*3;;Rhapis excelsa 'Daruma';Rhapis;Arecaceae;;;;21-05-2024
ALIVE;1973-12569;K:LCD-1973-12569*2;Chamaedorea fragrans;Chamaedorea fragrans;Chamaedorea;Arecaceae;;;;29-07-2022
ALIVE;1985-8169;K:LCD-1985-8169*3;Sophora macrocarpa;Sophora macrocarpa;Sophora;Fabaceae;;N - Natural Source and Progeny;Chile;19-02-2024
ALIVE;2015-1461;K:LCD-2015-1461*1;Luculia gratissima;Luculia gratissima;Luculia;Rubiaceae;;N - Natural Source and Progeny;Vietnam;22-05-2024
ALIVE;1969-18823;K:LCD-1969-18823*1;Justicia carnea;Justicia carnea;Justicia;Acanthaceae;;;;06-02-2024
ALIVE;2007-675;K:LCD-2007-675*1;Thamnochortus insignis;Thamnochortus insignis;Thamnochortus;Restionaceae;;;;21-06-2022
ALIVE;1993-3185;K:LCD-1993-3185*19;Dicksonia antarctica;Dicksonia antarctica;Dicksonia;Cyatheaceae;;N - Natural Source and Progeny;Australia;28-12-2024
ALIVE;1973-21634;K:LCD-1973-21634*1;Roldana petasitis;Roldana petasitis;Roldana;Asteraceae;;;;09-01-2025
ALIVE;1969-62;K:LCD-1969-62*2;Polygonatum kingianum;Polygonatum kingianum;Polygonatum;Asparagaceae;;;China;20-05-2024
ALIVE;1975-4875;K:LCD-1975-4875*2;Hyptis capitata;Hyptis rhomboidea;Hyptis;Lamiaceae;;N - Natural Source and Progeny;Mexico;29-07-2022
ALIVE;1992-1872;K:LCD-1992-1872*4;Salvia madrensis;Salvia madrensis;Salvia;Lamiaceae;;N - Natural Source and Progeny;Mexico;24-05-2024
ALIVE;1985-4297;K:LCD-1985-4297*2;Hydrangea × versicolor;Dichroa × versicolor;Dichroa;Hydrangeaceae;;N - Natural Source and Progeny;China;18-07-2024
ALIVE;2003-2466;K:LCD-2003-2466*7;Streptosolen jamesonii;Streptosolen jamesonii;Streptosolen;Solanaceae;;;;08-02-2024
ALIVE;2001-3518;K:LCD-2001-3518*1;Scadoxus multiflorus subsp. katharinae;Scadoxus multiflorus subsp. katharinae;Scadoxus;Amaryllidaceae;;N - Natural Source and Progeny;;23-08-2023
ALIVE;2001-655;K:LCD-2001-655*1;Leucadendron argenteum;Leucadendron argenteum;Leucadendron;Proteaceae;;;;01-02-2024
ALIVE;1989-3991;K:LCD-1989-3991*2;Ternstroemia gymnanthera;Ternstroemia gymnanthera;Ternstroemia;Pentaphylacaceae;;N - Natural Source and Progeny;Japan;24-05-2024
ALIVE;1959-14903;K:LCD-1959-14903*2;Fuchsia microphylla subsp. aprica;Fuchsia microphylla subsp. aprica;Fuchsia;Onagraceae;;N - Natural Source and Progeny;Guatemala;01-02-2024
ALIVE;1990-2979;K:LCD-1990-2979*2;Leptospermum continentale;Leptospermum continentale;Leptospermum;Myrtaceae;;N - Natural Source and Progeny;Australia;17-10-2023
ALIVE;2017-214;K:LCD-2017-214*4;Begonia longifolia;Begonia longifolia;Begonia;Begoniaceae;;N - Natural Source and Progeny;Vietnam;20-11-2023
ALIVE;1972-4048;K:LCD-1972-4048*1;Vriesea platynema var. platynema;Vriesea platynema var. platynema;Vriesea;Bromeliaceae;;;;31-01-2024
ALIVE;1973-21110;K:LCD-1973-21110*3;;Aspidistra elatior 'Variegata';Aspidistra;Asparagaceae;;;;24-05-2024
ALIVE;2008-2231;K:LCD-2008-2231*1;;Watsonia 'Tresco Hybrid';Watsonia;Iridaceae;;;;23-06-2022
ALIVE;2018-920;K:LCD-2018-920*1;Wrightia vietnamensis;Wrightia vietnamensis;Wrightia;Apocynaceae;;N - Natural Source and Progeny;Vietnam;24-05-2024
ALIVE;1995-2240;K:LCD-1995-2240*3;Sophora tetraptera;Sophora tetraptera;Sophora;Fabaceae;;;;08-11-2023
ALIVE;1967-4501;K:LCD-1967-4501*2;Rhododendron laetum;Rhododendron laetum;Rhododendron;Ericaceae;;;;20-05-2024
ALIVE;2015-649;K:LCD-2015-649*2;Phyllanthus androgynus;Breynia androgyna;Breynia;Phyllanthaceae;;N - Natural Source and Progeny;Vietnam;02-01-2025
ALIVE;2017-213;K:LCD-2017-213*4;Begonia palmata;Begonia palmata;Begonia;Begoniaceae;;N - Natural Source and Progeny;Vietnam;02-01-2025
ALIVE;1969-19559;K:LCD-1969-19559*1;Meryta sonchifolia;Meryta sonchifolia;Meryta;Araliaceae;;;;20-10-2023
ALIVE;1996-4584;K:LCD-1996-4584*2;;Brugmansia × candida 'Grand Marnier';Brugmansia;Solanaceae;;;;10-10-2024
ALIVE;2017-1707;K:LCD-2017-1707*1;Melaleuca pityoides;Melaleuca pityoides;Melaleuca;Myrtaceae;;N - Natural Source and Progeny;Australia;13-02-2024
ALIVE;2015-1853;K:LCD-2015-1853*2;Freycinetia banksii;Freycinetia banksii;Freycinetia;Pandanaceae;;;;27-03-2024
ALIVE;2017-586;K:LCD-2017-586*1;Clivia robusta;Clivia robusta;Clivia;Amaryllidaceae;;;;09-01-2025
ALIVE;1995-2480;K:LCD-1995-2480*3;Echium pininana;Echium pininana;Echium;Boraginaceae;;;;04-07-2022
ALIVE;1976-6017;K:LCD-1976-6017*1;Tradescantia buckleyi;Tradescantia buckleyi;Tradescantia;Commelinaceae;;N - Natural Source and Progeny;United States;01-08-2024
ALIVE;1969-16574;K:LCD-1969-16574*2;Aspidistra lurida;Aspidistra lurida;Aspidistra;Asparagaceae;;;;24-05-2024
ALIVE;1983-1599;K:LCD-1983-1599*1;Aextoxicon punctatum;Aextoxicon punctatum;Aextoxicon;Aextoxicaceae;;N - Natural Source and Progeny;Chile;06-02-2024
ALIVE;1953-22306;K:LCD-1953-22306*1;Quercus bambusifolia;Quercus bambusifolia;Quercus;Fagaceae;;;;21-05-2024
ALIVE;1973-12903;K:LCD-1973-12903*9;Cuphea ignea;Cuphea ignea;Cuphea;Lythraceae;;;;28-11-2024
ALIVE;2017-1708;K:LCD-2017-1708*1;Melaleuca virens;Melaleuca virens;Melaleuca;Myrtaceae;;;;21-05-2024
ALIVE;1986-3612;K:LCD-1986-3612*1;Melicope ternata;Melicope ternata;Melicope;Rutaceae;;;;20-06-2024
ALIVE;1975-3134;K:LCD-1975-3134*3;;Petrea volubilis 'Alba';Petrea;Verbenaceae;;;;28-05-2024
ALIVE;1973-12903;K:LCD-1973-12903*6;Cuphea ignea;Cuphea ignea;Cuphea;Lythraceae;;;;28-11-2024
ALIVE;1957-19001;K:LCD-1957-19001*1;Pittosporum heterophyllum;Pittosporum heterophyllum;Pittosporum;Pittosporaceae;;;;20-05-2024
ALIVE;1996-382;K:LCD-1996-382*5;;Trochetiopsis erythroxylon × ebenus;Trochetiopsis;Malvaceae;;;;24-05-2024
ALIVE;2018-610;K:LCD-2018-610*1;Thelypteris lakhimpurensis;Thelypteris lakhimpurensis;Thelypteris;Aspleniaceae;;N - Natural Source and Progeny;Vietnam;21-05-2024
ALIVE;1989-2690;K:LCD-1989-2690*2;Astelia fragrans;Astelia fragrans;Astelia;Asteliaceae;;N - Natural Source and Progeny;New Zealand;27-03-2024
ALIVE;1988-5302;K:LCD-1988-5302*1;Cestrum aurantiacum;Cestrum aurantiacum;Cestrum;Solanaceae;;;;11-09-2024
ALIVE;1985-8169;K:LCD-1985-8169*1;Sophora macrocarpa;Sophora macrocarpa;Sophora;Fabaceae;;N - Natural Source and Progeny;Chile;19-02-2024
ALIVE;1959-14902;K:LCD-1959-14902*1;Fuchsia fulgens;Fuchsia fulgens;Fuchsia;Onagraceae;;N - Natural Source and Progeny;Mexico;09-01-2025
ALIVE;1996-2623;K:LCD-1996-2623*2;Didymocheton spectabilis;Dysoxylum spectabile;Dysoxylum;Meliaceae;;N - Natural Source and Progeny;New Zealand;27-03-2024
ALIVE;1967-50301;K:LCD-1967-50301*7;;Rhododendron hybrid;Rhododendron;Ericaceae;;;;20-11-2023
ALIVE;1973-12675;K:LCD-1973-12675*1;Phymosia rosea;Phymosia rosea;Phymosia;Malvaceae;;;;09-01-2025
ALIVE;1951-15801;K:LCD-1951-15801*1;Camellia saluenensis;Camellia saluenensis;Camellia;Theaceae;;;;02-01-2025
ALIVE;2003-2466;K:LCD-2003-2466*2;Streptosolen jamesonii;Streptosolen jamesonii;Streptosolen;Solanaceae;;;;08-02-2024
ALIVE;1967-1301;K:LCD-1967-1301*1;Rhapidophyllum hystrix;Rhapidophyllum hystrix;Rhapidophyllum;Arecaceae;;;;29-07-2022
ALIVE;1985-8135;K:LCD-1985-8135*1;Escallonia alpina;Escallonia alpina;Escallonia;Escalloniaceae;;N - Natural Source and Progeny;Chile;08-02-2024
ALIVE;1963-36701;K:LCD-1963-36701*1;Jasminum angulare;Jasminum angulare;Jasminum;Oleaceae;;;;22-10-2024
ALIVE;2003-2466;K:LCD-2003-2466*3;Streptosolen jamesonii;Streptosolen jamesonii;Streptosolen;Solanaceae;;;;19-02-2024
ALIVE;1997-6541;K:LCD-1997-6541*2;;Abutilon × hybridum 'Canary Bird';Abutilon;Malvaceae;;;;09-01-2025
ALIVE;2001-3621;K:LCD-2001-3621*2;Erica canaliculata;Erica canaliculata;Erica;Ericaceae;;;;09-01-2025
ALIVE;1979-64;K:LCD-1979-64*9;Rhododendron × sesterianum;Rhododendron × fragrantissimum;Rhododendron;Ericaceae;;;;21-05-2024
ALIVE;1969-11697;K:LCD-1969-11697*1;;Tradescantia pallida 'Purpurea';Tradescantia;Commelinaceae;;;;14-02-2024
ALIVE;1991-1157;K:LCD-1991-1157*1;Ampelocalamus scandens;Ampelocalamus scandens;Ampelocalamus;Poaceae;;N - Natural Source and Progeny;China;24-05-2024
ALIVE;2012-90;K:LCD-2012-90*1;Sabal bermudana;Sabal bermudana;Sabal;Arecaceae;;N - Natural Source and Progeny;Bermuda;28-07-2022
ALIVE;1988-1091;K:LCD-1988-1091*2;Prostanthera striatiflora;Prostanthera striatiflora;Prostanthera;Lamiaceae;;N - Natural Source and Progeny;Australia;28-12-2024
ALIVE;2014-2028;K:LCD-2014-2028*2;;Brugmansia 'First Day';Brugmansia;Solanaceae;;;;21-11-2024
ALIVE;2016-994;K:LCD-2016-994*1;;Olearia 'Talbot de Malahide';Olearia;Asteraceae;;;;27-03-2024
ALIVE;1985-4469;K:LCD-1985-4469*2;Ardisia crispa;Ardisia crispa;Ardisia;Primulaceae;;N - Natural Source and Progeny;China;18-07-2024
ALIVE;1980-6663;K:LCD-1980-6663*1;Encephalartos villosus;Encephalartos villosus;Encephalartos;Zamiaceae;;;;21-02-2024
ALIVE;2001-83;K:LCD-2001-83*1;Canna indica;Canna indica;Canna;Cannaceae;;N - Natural Source and Progeny;Japan;09-01-2025
ALIVE;1973-12987;K:LCD-1973-12987*1;Pectinopitys ferruginea;Prumnopitys ferruginea;Prumnopitys;Podocarpaceae;;;;27-03-2024
ALIVE;1973-1853;K:LCD-1973-1853*5;Brunfelsia undulata;Brunfelsia undulata;Brunfelsia;Solanaceae;;N - Natural Source and Progeny;Jamaica;24-10-2024
ALIVE;1952-28801;K:LCD-1952-28801*1;Musa basjoo;Musa basjoo;Musa;Musaceae;;;;02-01-2025
ALIVE;1965-8303;K:LCD-1965-8303*2;Jasminum simplicifolium subsp. leratii;Jasminum leratii;Jasminum;Oleaceae;;;;29-05-2024
ALIVE;1969-16121;K:LCD-1969-16121*1;Bartlettina sordida;Eupatorium megalophyllum;Eupatorium;Asteraceae;;;;09-01-2025
ALIVE;1973-12903;K:LCD-1973-12903*7;Cuphea ignea;Cuphea ignea;Cuphea;Lythraceae;;;;10-10-2024
ALIVE;1932-78101;K:LCD-1932-78101*1;Ilex canariensis;Ilex canariensis;Ilex;Aquifoliaceae;;N - Natural Source and Progeny;Spain;14-09-2022
ALIVE;2017-1547;K:LCD-2017-1547*1;Chambeyronia macrocarpa;Chambeyronia macrocarpa;Chambeyronia;Arecaceae;;;New Caledonia;08-07-2024
ALIVE;2008-1397;K:LCD-2008-1397*1;Agapanthus coddii;Agapanthus coddii;Agapanthus;Amaryllidaceae;;;;22-08-2023
ALIVE;2015-1359;K:LCD-2015-1359*1;Puya raimondii;Puya raimondii;Puya;Bromeliaceae;;;Peru;15-08-2024
ALIVE;1973-21634;K:LCD-1973-21634*2;Roldana petasitis;Roldana petasitis;Roldana;Asteraceae;;;;09-01-2025
ALIVE;1981-2280;K:LCD-1981-2280*6;Pittosporum michiei;Pittosporum michiei;Pittosporum;Pittosporaceae;;N - Natural Source and Progeny;New Zealand;11-09-2024
ALIVE;2015-1852;K:LCD-2015-1852*1;Tecomanthe speciosa;Tecomanthe speciosa;Tecomanthe;Bignoniaceae;;;;27-03-2024
ALIVE;2010-2373;K:LCD-2010-2373*6;Rhopalostylis sapida;Rhopalostylis sapida;Rhopalostylis;Arecaceae;;;New Zealand;27-03-2024
ALIVE;1973-21035;K:LCD-1973-21035*1;Cestrum roseum;Cestrum roseum;Cestrum;Solanaceae;;;;01-02-2024
ALIVE;1985-4503;K:LCD-1985-4503*1;Persicaria filiformis;Persicaria filiformis;Persicaria;Polygonaceae;;N - Natural Source and Progeny;China;24-05-2024
ALIVE;1977-69;K:LCD-1977-69*4;Cinchona pubescens;Cinchona pubescens;Cinchona;Rubiaceae;;;Tanzania;19-02-2024
ALIVE;1963-34101;K:LCD-1963-34101*1;Phytolacca dioica;Phytolacca dioica;Phytolacca;Phytolaccaceae;;;;19-02-2024
ALIVE;2001-83;K:LCD-2001-83*6;Canna indica;Canna indica;Canna;Cannaceae;;N - Natural Source and Progeny;Japan;13-02-2024
ALIVE;2008-1681;K:LCD-2008-1681*2;Ruizia boutoniana;Trochetia boutoniana;Trochetia;Malvaceae;;N - Natural Source and Progeny;Mauritius;02-09-2024
ALIVE;2018-2252;K:LCD-2018-2252*2;;Clivia miniata 'Akebono';Clivia;Amaryllidaceae;;;;10-09-2024
ALIVE;1969-12391;K:LCD-1969-12391*1;Camellia reticulata;Camellia reticulata;Camellia;Theaceae;;;;24-05-2024
ALIVE;1997-6556;K:LCD-1997-6556*1;Solanum aviculare;Solanum aviculare;Solanum;Solanaceae;;N - Natural Source and Progeny;New Zealand;18-07-2024
ALIVE;1994-952;K:LCD-1994-952*1;Kennedia nigricans;Kennedia nigricans;Kennedia;Fabaceae;;N - Natural Source and Progeny;Australia;28-12-2024
ALIVE;2001-3578;K:LCD-2001-3578*4;Sphaeropteris medullaris;Cyathea medullaris;Cyathea;Cyatheaceae;;;;18-07-2024
ALIVE;1961-58501;K:LCD-1961-58501*3;Abutilon grandifolium;Abutilon grandifolium;Abutilon;Malvaceae;;;;09-01-2025
ALIVE;1899-23401;K:LCD-1899-23401*1;Mezoneuron cucullatum;Caesalpinia cucullata;Caesalpinia;Fabaceae;;;;20-05-2024
ALIVE;1969-16927;K:LCD-1969-16927*1;Freycinetia banksii;Freycinetia banksii;Freycinetia;Pandanaceae;;;;27-03-2024
ALIVE;2005-1161;K:LCD-2005-1161*1;Howea forsteriana;Howea forsteriana;Howea;Arecaceae;;;;15-02-2024
ALIVE;2014-2043;K:LCD-2014-2043*1;;Brugmansia 'Salmon Perfektion';Brugmansia;Solanaceae;;;;28-11-2024
ALIVE;2015-1867;K:LCD-2015-1867*1;Pennantia baylisiana;Pennantia baylisiana;Pennantia;Pennantiaceae;;;;27-03-2024
ALIVE;1969-3776;K:LCD-1969-3776*11;Fuchsia thymifolia subsp. minimiflora;Fuchsia thymifolia subsp. minimiflora;Fuchsia;Onagraceae;;;;19-07-2024
ALIVE;2014-815;K:LCD-2014-815*2;Hermannia flammea;Hermannia flammea;Hermannia;Malvaceae;;;;05-07-2022
ALIVE;1955-54401;K:LCD-1955-54401*1;Bouvardia ternifolia;Bouvardia ternifolia;Bouvardia;Rubiaceae;;;;29-07-2022
ALIVE;1965-63001;K:LCD-1965-63001*2;;Pseudopanax lessonii 'Adiantifolius';Pseudopanax;Araliaceae;;;;27-03-2024
ALIVE;1973-12931;K:LCD-1973-12931*1;Syzygium jambos;Syzygium jambos;Syzygium;Myrtaceae;;;;21-05-2024
ALIVE;2016-1899;K:LCD-2016-1899*2;;Calceolaria integrifolia 'Kentish Hero';Calceolaria;Calceolariaceae;;;;15-10-2024
ALIVE;2010-804;K:LCD-2010-804*2;Aloe marlothii;Aloe marlothii;Aloe;Asphodelaceae;;;;07-02-2024
ALIVE;2014-1342;K:LCD-2014-1342*1;Pinus canariensis;Pinus canariensis;Pinus;Pinaceae;;N - Natural Source and Progeny;Spain;22-02-2024
ALIVE;2000-3333;K:LCD-2000-3333*3;Hedychium flavescens;Hedychium flavescens;Hedychium;Zingiberaceae;;N - Natural Source and Progeny;China;20-01-2025
ALIVE;2015-388;K:LCD-2015-388*8;Deppea splendens;Deppea splendens;Deppea;Rubiaceae;;;;19-02-2024
ALIVE;2005-1197;K:LCD-2005-1197*5;Cyrtanthus sanguineus subsp. sanguineus;Cyrtanthus sanguineus subsp. sanguineus;Cyrtanthus;Amaryllidaceae;;;;14-10-2024
ALIVE;1990-1250;K:LCD-1990-1250*1;Carissa macrocarpa;Carissa macrocarpa;Carissa;Apocynaceae;;;South Africa;08-08-2024
ALIVE;2018-309;K:LCD-2018-309*2;;Osteospermum 'Double Lemon Ice';Osteospermum;Asteraceae;;;;23-06-2022
ALIVE;1973-12065;K:LCD-1973-12065*2;Cussonia spicata;Cussonia spicata;Cussonia;Araliaceae;;;;21-06-2022
ALIVE;1985-706;K:LCD-1985-706*2;Arthropodium cirratum;Arthropodium cirratum;Arthropodium;Asparagaceae;;N - Natural Source and Progeny;New Zealand;27-03-2024
ALIVE;1978-3865;K:LCD-1978-3865*1;Knowltonia vesicatoria;Knowltonia vesicatoria;Knowltonia;Ranunculaceae;;;;09-01-2025
ALIVE;1977-3212;K:LCD-1977-3212*3;Gymnosporia royleana;Maytenus royleana;Maytenus;Celastraceae;;N - Natural Source and Progeny;Yemen;24-05-2024
ALIVE;1967-44903;K:LCD-1967-44903*3;Rhododendron macgregoriae;Rhododendron macgregoriae;Rhododendron;Ericaceae;;;Papua New Guinea;01-10-2024
ALIVE;1979-6229;K:LCD-1979-6229*2;Maytenus ilicifolia;Maytenus ilicifolia;Maytenus;Celastraceae;;N - Natural Source and Progeny;Argentina;14-02-2024
ALIVE;1997-6552;K:LCD-1997-6552*3;Sophora fulvida;Sophora fulvida;Sophora;Fabaceae;;N - Natural Source and Progeny;New Zealand;08-11-2023
ALIVE;1977-1111;K:LCD-1977-1111*1;Clivia caulescens;Clivia caulescens;Clivia;Amaryllidaceae;;;South Africa;28-11-2024
ALIVE;1985-2090;K:LCD-1985-2090*2;;Himalayacalamus falconeri 'Damarapa';Himalayacalamus;Poaceae;;;;21-05-2024
ALIVE;2019-1509;K:LCD-2019-1509*1;Encephalartos laevifolius;Encephalartos laevifolius;Encephalartos;Zamiaceae;;N - Natural Source and Progeny;;24-02-2025
ALIVE;1958-35902;K:LCD-1958-35902*1;Oreocnide pedunculata;Oreocnide pedunculata;Oreocnide;Urticaceae;;;;20-05-2024
ALIVE;1970-3547;K:LCD-1970-3547*1;Chlorophytum gallabatense;Chlorophytum gallabatense;Chlorophytum;Asparagaceae;;N - Natural Source and Progeny;Malawi;08-08-2024
ALIVE;1969-17410;K:LCD-1969-17410*8;Rhododendron scopulorum;Rhododendron scopulorum;Rhododendron;Ericaceae;;;;17-10-2023
ALIVE;1975-1300;K:LCD-1975-1300*1;Pittosporum hosmeri;Pittosporum hosmeri f. saint-johnii;Pittosporum;Pittosporaceae;;;;28-07-2022
ALIVE;1969-17787;K:LCD-1969-17787*1;Dioon pectinatum;Dioon mejiae;Dioon;Zamiaceae;;;;01-02-2024
ALIVE;1979-65;K:LCD-1979-65*3;Rhododendron taronense;Rhododendron taronense;Rhododendron;Ericaceae;;;;24-05-2024
ALIVE;1967-50301;K:LCD-1967-50301*5;;Rhododendron hybrid;Rhododendron;Ericaceae;;;;21-05-2024
ALIVE;1993-3185;K:LCD-1993-3185*1;Dicksonia antarctica;Dicksonia antarctica;Dicksonia;Cyatheaceae;;N - Natural Source and Progeny;Australia;28-12-2024
ALIVE;1973-2944;K:LCD-1973-2944*2;Haemanthus albiflos;Haemanthus albiflos;Haemanthus;Amaryllidaceae;;N - Natural Source and Progeny;South Africa;28-11-2024
ALIVE;1992-1872;K:LCD-1992-1872*2;Salvia madrensis;Salvia madrensis;Salvia;Lamiaceae;;N - Natural Source and Progeny;Mexico;09-01-2025
ALIVE;1970-4301;K:LCD-1970-4301*1;Coleus barbatus var. grandis;Plectranthus barbatus var. grandis;Plectranthus;Lamiaceae;;;Kenya;09-01-2025
ALIVE;1998-3007;K:LCD-1998-3007*1;Clivia nobilis;Clivia nobilis;Clivia;Amaryllidaceae;;;South Africa;29-05-2024
ALIVE;2008-2005;K:LCD-2008-2005*3;Puya chilensis;Puya chilensis;Puya;Bromeliaceae;;;Chile;31-01-2024
ALIVE;2012-557;K:LCD-2012-557*2;Calceolaria integrifolia;Calceolaria integrifolia;Calceolaria;Calceolariaceae;;;Chile;08-02-2024
ALIVE;1973-12557;K:LCD-1973-12557*10;Fuchsia denticulata;Fuchsia denticulata;Fuchsia;Onagraceae;;;;10-10-2024
ALIVE;1997-5772;K:LCD-1997-5772*2;Musella lasiocarpa;Musella lasiocarpa;Musella;Musaceae;;N - Natural Source and Progeny;China;21-05-2024
ALIVE;1973-974;K:LCD-1973-974*1;Ismene longipetala;Elisena longipetala;Elisena;Amaryllidaceae;;;;19-11-2019
ALIVE;1999-4341;K:LCD-1999-4341*2;Phoenix roebelenii;Phoenix roebelenii;Phoenix;Arecaceae;;;;22-05-2024
ALIVE;2015-642;K:LCD-2015-642*1;Coniogramme serrulata;Coniogramme intermedia var. glabra;Coniogramme;Pteridaceae;;N - Natural Source and Progeny;Vietnam;20-11-2023
ALIVE;1997-5257;K:LCD-1997-5257*2;Coprosma perpusilla subsp. subantarctica;Coprosma repens;Coprosma;Rubiaceae;;N - Natural Source and Progeny;New Zealand;08-11-2023
ALIVE;1998-856;K:LCD-1998-856*3;;Fuchsia triphylla 'Thalia';Fuchsia;Onagraceae;;;;01-08-2024
ALIVE;1984-2359;K:LCD-1984-2359*5;Camellia sinensis;Camellia sinensis;Camellia;Theaceae;;;;20-05-2024
ALIVE;1973-12557;K:LCD-1973-12557*8;Fuchsia denticulata;Fuchsia denticulata;Fuchsia;Onagraceae;;;;19-07-2024
ALIVE;2005-1160;K:LCD-2005-1160*3;Howea belmoreana;Howea belmoreana;Howea;Arecaceae;;;;28-12-2024
ALIVE;1968-6706;K:LCD-1968-6706*2;Melia azedarach;Melia azedarach;Melia;Meliaceae;;;;24-05-2024
ALIVE;1966-69302;K:LCD-1966-69302*2;Diospyros scabrida;Diospyros scabrida;Diospyros;Ebenaceae;;;;14-02-2024
ALIVE;1995-3906;K:LCD-1995-3906*1;Sabal bermudana;Sabal bermudana;Sabal;Arecaceae;;;;28-07-2022
ALIVE;1957-19001;K:LCD-1957-19001*3;Pittosporum heterophyllum;Pittosporum heterophyllum;Pittosporum;Pittosporaceae;;;;20-05-2024
ALIVE;2016-992;K:LCD-2016-992*1;Melicytus crassifolius;Hymenanthera crassifolia;Hymenanthera;Violaceae;;;;28-05-2024
ALIVE;2010-2373;K:LCD-2010-2373*1;Rhopalostylis sapida;Rhopalostylis sapida;Rhopalostylis;Arecaceae;;;New Zealand;27-03-2024
ALIVE;1969-17521;K:LCD-1969-17521*1;Francoa appendiculata var. sonchifolia;Francoa appendiculata var. sonchifolia;Francoa;Francoaceae;;;;01-08-2024
ALIVE;1959-43003;K:LCD-1959-43003*1;Stenocarpus salignus;Stenocarpus salignus;Stenocarpus;Proteaceae;;;;28-12-2024
ALIVE;1979-2099;K:LCD-1979-2099*1;Euonymus glaber;Euonymus glaber;Euonymus;Celastraceae;;N - Natural Source and Progeny;Thailand;20-05-2024
ALIVE;1998-3492;K:LCD-1998-3492*5;Pelargonium glutinosum;Pelargonium glutinosum;Pelargonium;Geraniaceae;;;;22-08-2023
ALIVE;1965-63001;K:LCD-1965-63001*3;;Pseudopanax lessonii 'Adiantifolius';Pseudopanax;Araliaceae;;;;27-03-2024
ALIVE;1959-14902;K:LCD-1959-14902*5;Fuchsia fulgens;Fuchsia fulgens;Fuchsia;Onagraceae;;N - Natural Source and Progeny;Mexico;09-01-2025
ALIVE;2015-1615;K:LCD-2015-1615*3;Brassaiopsis dumicola;Brassaiopsis dumicola;Brassaiopsis;Araliaceae;;N - Natural Source and Progeny;Vietnam;05-11-2024
ALIVE;2015-1625;K:LCD-2015-1625*1;Alpinia;Alpinia;Alpinia;Zingiberaceae;;N - Natural Source and Progeny;Vietnam;21-05-2024
ALIVE;1973-12557;K:LCD-1973-12557*5;Fuchsia denticulata;Fuchsia denticulata;Fuchsia;Onagraceae;;;;19-07-2024
ALIVE;2007-1078;K:LCD-2007-1078*1;Plectranthus fruticosus;Plectranthus fruticosus;Plectranthus;Lamiaceae;;;;28-11-2024
ALIVE;2003-2466;K:LCD-2003-2466*4;Streptosolen jamesonii;Streptosolen jamesonii;Streptosolen;Solanaceae;;;;08-02-2024
ALIVE;2016-976;K:LCD-2016-976*3;Agathosma ovata;Agathosma ovata;Agathosma;Rutaceae;;;;21-06-2022
ALIVE;2005-1160;K:LCD-2005-1160*4;Howea belmoreana;Howea belmoreana;Howea;Arecaceae;;;;28-12-2024
ALIVE;2012-557;K:LCD-2012-557*4;Calceolaria integrifolia;Calceolaria integrifolia;Calceolaria;Calceolariaceae;;;Chile;15-10-2024
ALIVE;1996-4366;K:LCD-1996-4366*2;Diplazium filamentosum;Diplazium nigropaleaceum;Diplazium;Aspleniaceae;;N - Natural Source and Progeny;Saint Helena, Ascension, and Tristan da Cunha;21-02-2023
ALIVE;1977-3127;K:LCD-1977-3127*1;Rosa abyssinica;Rosa abyssinica;Rosa;Rosaceae;;N - Natural Source and Progeny;Yemen;14-02-2024
ALIVE;1987-3615;K:LCD-1987-3615*6;Melaleuca citrina;Melaleuca citrina;Melaleuca;Myrtaceae;;N - Natural Source and Progeny;Australia;28-12-2024
ALIVE;2009-3302;K:LCD-2009-3302*1;Kniphofia triangularis;Kniphofia triangularis;Kniphofia;Asphodelaceae;;;South Africa;14-10-2024
ALIVE;2015-1958;K:LCD-2015-1958*1;Rhododendron maddenii;Rhododendron maddenii;Rhododendron;Ericaceae;;;;20-05-2024
ALIVE;1955-32901;K:LCD-1955-32901*2;Camellia tsaii;Camellia tsaii;Camellia;Theaceae;;;;24-05-2024
ALIVE;1968-23702;K:LCD-1968-23702*3;;Rhododendron hybrid;Rhododendron;Ericaceae;;;;02-01-2025
ALIVE;2003-4114;K:LCD-2003-4114*1;Fuchsia × colensoi;Fuchsia × colensoi;Fuchsia;Onagraceae;;N - Natural Source and Progeny;New Zealand;27-03-2024
ALIVE;1991-52;K:LCD-1991-52*5;Acacia decora;Acacia decora;Acacia;Fabaceae;;N - Natural Source and Progeny;Australia;17-10-2023
ALIVE;1965-19801;K:LCD-1965-19801*2;Dermatobotrys saundersii;Dermatobotrys saundersii;Dermatobotrys;Scrophulariaceae;;;;09-01-2025
ALIVE;2001-1430;K:LCD-2001-1430*1;Erica canaliculata;Erica canaliculata;Erica;Ericaceae;;;;02-04-2024
ALIVE;2016-1838;K:LCD-2016-1838*2;Juniperus bermudiana;Juniperus bermudiana;Juniperus;Cupressaceae;;N - Natural Source and Progeny;Bermuda;31-07-2024
ALIVE;1965-44901;K:LCD-1965-44901*1;Pachygone laurifolia;Cocculus laurifolius;Cocculus;Menispermaceae;;;;20-05-2024
ALIVE;2016-993;K:LCD-2016-993*1;Jovellana violacea;Jovellana violacea;Jovellana;Calceolariaceae;;;;06-02-2024
ALIVE;2004-3174;K:LCD-2004-3174*4;Acacia deanei subsp. deanei;Acacia deanei subsp. deanei;Acacia;Fabaceae;;N - Natural Source and Progeny;Australia;17-10-2023
ALIVE;1987-1507;K:LCD-1987-1507*1;Geranium potentilloides;Geranium potentilloides;Geranium;Geraniaceae;;N - Natural Source and Progeny;Australia;28-12-2024
ALIVE;1969-19563;K:LCD-1969-19563*2;Colquhounia vestita;Colquhounia vestita;Colquhounia;Lamiaceae;;;;02-01-2025
ALIVE;1996-4618;K:LCD-1996-4618*6;Rhododendron scopulorum;Rhododendron scopulorum;Rhododendron;Ericaceae;;N - Natural Source and Progeny;Bhutan;17-10-2023
ALIVE;1947-29903;K:LCD-1947-29903*1;Encephalartos lehmannii;Encephalartos lehmannii;Encephalartos;Zamiaceae;;N - Natural Source and Progeny;;21-08-2023
ALIVE;1984-2108;K:LCD-1984-2108*5;Lantana camara;Lantana camara;Lantana;Verbenaceae;;N - Natural Source and Progeny;Honduras;19-07-2024
ALIVE;2000-3334;K:LCD-2000-3334*1;Hedychium gardnerianum;Hedychium gardnerianum;Hedychium;Zingiberaceae;;N - Natural Source and Progeny;Nepal;24-05-2024
ALIVE;1979-789;K:LCD-1979-789*1;Ficus tikoua;Ficus tikoua;Ficus;Moraceae;;;;20-01-2025
ALIVE;1973-12446;K:LCD-1973-12446*2;Phymosia umbellata;Phymosia umbellata;Phymosia;Malvaceae;;;;14-02-2024
ALIVE;1973-12187;K:LCD-1973-12187*3;Dicksonia antarctica;Dicksonia antarctica;Dicksonia;Cyatheaceae;;;;28-12-2024
ALIVE;1982-2749;K:LCD-1982-2749*1;Callicarpa tomentosa;Callicarpa tomentosa;Callicarpa;Lamiaceae;;;Thailand;02-01-2025
ALIVE;1973-12419;K:LCD-1973-12419*1;Chlorophytum capense;Chlorophytum capense;Chlorophytum;Asparagaceae;;;;28-11-2024
ALIVE;1969-16545;K:LCD-1969-16545*4;Chloranthus spicatus;Chloranthus spicatus;Chloranthus;Chloranthaceae;;;;21-05-2024
ALIVE;1951-43701;K:LCD-1951-43701*4;;Fuchsia magellanica × lycioides;Fuchsia;Onagraceae;;;;19-07-2024
ALIVE;1985-3274;K:LCD-1985-3274*2;Distephanus populifolius;Distephanus populifolius;Distephanus;Asteraceae;;N - Natural Source and Progeny;Mauritius;28-07-2022
ALIVE;1980-4430;K:LCD-1980-4430*3;Dendrobium × speciokingianum nothovar. delicatum;Dendrobium × delicatum;Dendrobium;Orchidaceae;;N - Natural Source and Progeny;Australia;28-12-2024
ALIVE;2003-1452;K:LCD-2003-1452*1;Lepidozamia peroffskyana;Lepidozamia peroffskyana;Lepidozamia;Zamiaceae;;;Australia;13-02-2024
ALIVE;1986-3625;K:LCD-1986-3625*1;Pittosporum cornifolium;Pittosporum cornifolium;Pittosporum;Pittosporaceae;;N - Natural Source and Progeny;New Zealand;27-03-2024
ALIVE;2015-831;K:LCD-2015-831*1;Capparis spinosa;Capparis spinosa;Capparis;Capparaceae;;;;08-08-2024
ALIVE;1982-5355;K:LCD-1982-5355*1;Dombeya rotundifolia;Dombeya rotundifolia;Dombeya;Malvaceae;;N - Natural Source and Progeny;South Africa;21-06-2022
ALIVE;2015-649;K:LCD-2015-649*3;Phyllanthus androgynus;Breynia androgyna;Breynia;Phyllanthaceae;;N - Natural Source and Progeny;Vietnam;02-01-2025
ALIVE;1977-2402;K:LCD-1977-2402*1;Callicarpa americana;Callicarpa americana;Callicarpa;Lamiaceae;;;;28-11-2024
ALIVE;1973-12296;K:LCD-1973-12296*1;Melicytus obovatus;Hymenanthera obovata;Hymenanthera;Violaceae;;;;08-11-2023
ALIVE;2006-1924;K:LCD-2006-1924*2;Jubaea chilensis;Jubaea chilensis;Jubaea;Arecaceae;;;;06-10-2024
ALIVE;2014-2024;K:LCD-2014-2024*2;;Brugmansia 'Angels Glorie';Brugmansia;Solanaceae;;;;15-02-2024
ALIVE;2016-959;K:LCD-2016-959*1;Freesia leichtlinii subsp. alba;Freesia leichtlinii subsp. alba;Freesia;Iridaceae;;;;21-06-2022
ALIVE;1985-3275;K:LCD-1985-3275*1;Distephanus populifolius;Distephanus populifolius;Distephanus;Asteraceae;;N - Natural Source and Progeny;Mauritius;28-07-2022
ALIVE;2003-2908;K:LCD-2003-2908*4;Pollia crispata;Pollia crispata;Pollia;Commelinaceae;;N - Natural Source and Progeny;Australia;28-12-2024
ALIVE;1995-734;K:LCD-1995-734*1;Ilex maximowicziana;Ilex triflora var. kanehirae;Ilex;Aquifoliaceae;;N - Natural Source and Progeny;Taiwan;17-10-2023
ALIVE;2016-1525;K:LCD-2016-1525*1;Rhopalocarpus lucidus;Rhopalocarpus lucidus;Rhopalocarpus;Sphaerosepalaceae;;N - Natural Source and Progeny;Madagascar;15-08-2023
ALIVE;1973-12243;K:LCD-1973-12243*1;Sinobambusa tootsik;Sinobambusa tootsik;Sinobambusa;Poaceae;;;;20-01-2025
ALIVE;2016-1900;K:LCD-2016-1900*2;Calceolaria biflora;Calceolaria biflora;Calceolaria;Calceolariaceae;;;;08-02-2024
ALIVE;1973-12903;K:LCD-1973-12903*8;Cuphea ignea;Cuphea ignea;Cuphea;Lythraceae;;;;09-01-2025
ALIVE;1951-43701;K:LCD-1951-43701*5;;Fuchsia magellanica × lycioides;Fuchsia;Onagraceae;;;;21-10-2024
ALIVE;1982-5291;K:LCD-1982-5291*2;Dendrobium kingianum;Dendrobium kingianum;Dendrobium;Orchidaceae;;;;28-12-2024
ALIVE;1973-12187;K:LCD-1973-12187*5;Dicksonia antarctica;Dicksonia antarctica;Dicksonia;Cyatheaceae;;;;28-12-2024
ALIVE;1981-2773;K:LCD-1981-2773*7;Agapetes moorei;Agapetes moorei;Agapetes;Ericaceae;;;;21-05-2024
ALIVE;2017-609;K:LCD-2017-609*1;Eucalyptus morrisbyi;Eucalyptus morrisbyi;Eucalyptus;Myrtaceae;;N - Natural Source and Progeny;Australia;28-12-2024
ALIVE;2018-921;K:LCD-2018-921*2;Schefflera;Schefflera;Schefflera;Araliaceae;;N - Natural Source and Progeny;Vietnam;24-05-2024
ALIVE;2001-666;K:LCD-2001-666*2;Protea obtusifolia;Protea obtusifolia;Protea;Proteaceae;;;;21-08-2023
ALIVE;1977-69;K:LCD-1977-69*2;Cinchona pubescens;Cinchona pubescens;Cinchona;Rubiaceae;;;Tanzania;28-11-2024
ALIVE;1973-21110;K:LCD-1973-21110*2;;Aspidistra elatior 'Variegata';Aspidistra;Asparagaceae;;;;20-01-2025
ALIVE;1981-1369;K:LCD-1981-1369*1;Bosea cypria;Bosea cypria;Bosea;Amaranthaceae;;N - Natural Source and Progeny;Cyprus;04-07-2022
ALIVE;1994-909;K:LCD-1994-909*1;;Loropetalum chinense f. rubrum 'Blush';Loropetalum;Hamamelidaceae;;;;01-10-2024
ALIVE;1954-59101;K:LCD-1954-59101*2;Strelitzia reginae;Strelitzia reginae;Strelitzia;Strelitziaceae;;;;29-05-2024
ALIVE;2018-1934;K:LCD-2018-1934*1;Cupressus cashmeriana;Cupressus cashmeriana;Cupressus;Cupressaceae;;N - Natural Source and Progeny;Bhutan;21-05-2024
ALIVE;1978-1786;K:LCD-1978-1786*1;Bouvardia laevis;Bouvardia laevis;Bouvardia;Rubiaceae;;N - Natural Source and Progeny;Mexico;29-07-2022
ALIVE;1980-276;K:LCD-1980-276*4;Hydrangea × versicolor;Dichroa × versicolor;Dichroa;Hydrangeaceae;;;;19-02-2024
ALIVE;1989-2655;K:LCD-1989-2655*1;Metrosideros carminea;Metrosideros carminea;Metrosideros;Myrtaceae;;N - Natural Source and Progeny;New Zealand;27-03-2024
ALIVE;1974-2733;K:LCD-1974-2733*1;Dacrycarpus imbricatus var. robustus;Dacrycarpus imbricatus var. robustus;Dacrycarpus;Podocarpaceae;;;Papua New Guinea;27-03-2024
ALIVE;1997-6314;K:LCD-1997-6314*2;Inga insignis;Inga insignis;Inga;Fabaceae;;N - Natural Source and Progeny;Ecuador;29-01-2024
ALIVE;1986-3622;K:LCD-1986-3622*1;Paratrophis banksii;Streblus heterophyllus var. ellipticus;Streblus;Moraceae;;;;02-01-2025
ALIVE;1996-2623;K:LCD-1996-2623*1;Didymocheton spectabilis;Dysoxylum spectabile;Dysoxylum;Meliaceae;;N - Natural Source and Progeny;New Zealand;27-03-2024
ALIVE;1988-8807;K:LCD-1988-8807*3;;Correa 'Dusky Bells';Correa;Rutaceae;;;;02-01-2025
ALIVE;2000-1493;K:LCD-2000-1493*3;Correa alba;Correa alba;Correa;Rutaceae;;;;28-12-2024
ALIVE;1973-1850;K:LCD-1973-1850*4;Brunfelsia australis;Brunfelsia australis;Brunfelsia;Solanaceae;;N - Natural Source and Progeny;Argentina;19-02-2024
ALIVE;1969-17760;K:LCD-1969-17760*1;Ceratozamia mexicana;Ceratozamia mexicana;Ceratozamia;Zamiaceae;;;;20-12-2022
ALIVE;2012-1044;K:LCD-2012-1044*2;Jacaranda mimosifolia;Jacaranda mimosifolia;Jacaranda;Bignoniaceae;;;;29-01-2024
ALIVE;1925-63901;K:LCD-1925-63901*1;Osmanthus fragrans;Osmanthus fragrans;Osmanthus;Oleaceae;;;;20-05-2024
ALIVE;1949-56001;K:LCD-1949-56001*2;Podranea ricasoliana;Podranea ricasoliana;Podranea;Bignoniaceae;;;;14-02-2024
ALIVE;1966-67112;K:LCD-1966-67112*2;Notelaea apetala;Nestegis apetala;Nestegis;Oleaceae;;N - Natural Source and Progeny;Norfolk Island;27-03-2024
ALIVE;2009-3270;K:LCD-2009-3270*1;Phoenix theophrasti;Phoenix theophrasti;Phoenix;Arecaceae;;;;25-01-2024
ALIVE;1969-51933;K:LCD-1969-51933*1;Melicytus chathamicus;Hymenanthera chathamica;Hymenanthera;Violaceae;;;;08-11-2023
ALIVE;2006-1141;K:LCD-2006-1141*1;Restio paniculatus;Restio paniculatus;Restio;Restionaceae;;;;18-08-2023
ALIVE;1961-23001;K:LCD-1961-23001*1;Strobilanthes pentastemonoides;Goldfussia pentastemonoides;Goldfussia;Acanthaceae;;;;01-10-2024
ALIVE;2003-4115;K:LCD-2003-4115*2;Veronica corriganii;Hebe corriganii;Hebe;Plantaginaceae;;N - Natural Source and Progeny;New Zealand;02-01-2025
ALIVE;1959-14903;K:LCD-1959-14903*4;Fuchsia microphylla subsp. aprica;Fuchsia microphylla subsp. aprica;Fuchsia;Onagraceae;;N - Natural Source and Progeny;Guatemala;18-07-2024
ALIVE;2018-921;K:LCD-2018-921*1;Schefflera;Schefflera;Schefflera;Araliaceae;;N - Natural Source and Progeny;Vietnam;24-05-2024
ALIVE;1984-146;K:LCD-1984-146*1;Commidendrum robustum;Commidendrum robustum;Commidendrum;Asteraceae;;N - Natural Source and Progeny;Saint Helena, Ascension, and Tristan da Cunha;08-01-2025
ALIVE;1997-5933;K:LCD-1997-5933*1;;Strelitzia reginae 'Kirstenbosch Gold';Strelitzia;Strelitziaceae;;;;07-02-2024
ALIVE;1997-5944;K:LCD-1997-5944*3;Vitex lucens;Vitex lucens;Vitex;Lamiaceae;;N - Natural Source and Progeny;New Zealand;27-03-2024
ALIVE;2008-1769;K:LCD-2008-1769*2;Vachellia karroo;Vachellia karroo;Vachellia;Fabaceae;;N - Natural Source and Progeny;;14-02-2024
ALIVE;1972-1830;K:LCD-1972-1830*1;Kniphofia;Kniphofia;Kniphofia;Asphodelaceae;;N - Natural Source and Progeny;Ethiopia;22-10-2024
ALIVE;1979-2656;K:LCD-1979-2656*3;Callianthe picta;Callianthe picta;Callianthe;Malvaceae;;N - Natural Source and Progeny;Argentina;19-02-2024
ALIVE;1996-526;K:LCD-1996-526*1;Magnolia compressa;Michelia compressa;Michelia;Magnoliaceae;;;;24-05-2024
ALIVE;1970-4692;K:LCD-1970-4692*3;Gerbera cordata;Piloselloides cordata;Piloselloides;Asteraceae;;;;09-01-2025
ALIVE;1969-4539;K:LCD-1969-4539*2;Acer laevigatum;Acer laevigatum;Acer;Sapindaceae;;;;22-05-2024
ALIVE;1969-16904;K:LCD-1969-16904*4;Cymbidium tracyanum;Cymbidium tracyanum;Cymbidium;Orchidaceae;;;;21-11-2024
ALIVE;1997-4296;K:LCD-1997-4296*3;Cuphea subuligera;Cuphea caeciliae;Cuphea;Lythraceae;;;;29-05-2024
ALIVE;1990-1253;K:LCD-1990-1253*1;Clivia miniata;Clivia miniata;Clivia;Amaryllidaceae;;;;21-06-2022
ALIVE;1998-3489;K:LCD-1998-3489*5;Pelargonium peltatum;Pelargonium peltatum;Pelargonium;Geraniaceae;;;;09-01-2025
ALIVE;1979-6021;K:LCD-1979-6021*1;Jaborosa integrifolia;Jaborosa integrifolia;Jaborosa;Solanaceae;;N - Natural Source and Progeny;Argentina;01-02-2024
ALIVE;1992-45;K:LCD-1992-45*1;Pandorea pandorana;Pandorea pandorana;Pandorea;Bignoniaceae;;N - Natural Source and Progeny;Australia;28-12-2024
ALIVE;2004-354;K:LCD-2004-354*1;Encephalartos princeps;Encephalartos princeps;Encephalartos;Zamiaceae;;;;15-02-2024
ALIVE;1969-3776;K:LCD-1969-3776*9;Fuchsia thymifolia subsp. minimiflora;Fuchsia thymifolia subsp. minimiflora;Fuchsia;Onagraceae;;;;19-07-2024
ALIVE;1984-5274;K:LCD-1984-5274*1;Cestrum fasciculatum;Cestrum fasciculatum;Cestrum;Solanaceae;;N - Natural Source and Progeny;Mexico;09-01-2025
ALIVE;1973-12565;K:LCD-1973-12565*2;Cymbidium lowianum;Cymbidium lowianum;Cymbidium;Orchidaceae;;;;24-05-2024
ALIVE;1957-28805;K:LCD-1957-28805*1;;Podocarpus totara 'Aureus';Podocarpus;Podocarpaceae;;;;27-03-2024
ALIVE;2014-1342;K:LCD-2014-1342*2;Pinus canariensis;Pinus canariensis;Pinus;Pinaceae;;N - Natural Source and Progeny;Spain;21-06-2022
ALIVE;1979-2099;K:LCD-1979-2099*2;Euonymus glaber;Euonymus glaber;Euonymus;Celastraceae;;N - Natural Source and Progeny;Thailand;24-05-2024
ALIVE;1963-23402;K:LCD-1963-23402*3;Rhododendron ciliicalyx;Rhododendron lyi;Rhododendron;Ericaceae;;N - Natural Source and Progeny;Thailand;24-05-2024
ALIVE;1995-258;K:LCD-1995-258*1;Holocalyx balansae;Holocalyx balansae;Holocalyx;Fabaceae;;N - Natural Source and Progeny;Paraguay;31-01-2024
ALIVE;2018-879;K:LCD-2018-879*1;Juniperus bermudiana;Juniperus bermudiana;Juniperus;Cupressaceae;;N - Natural Source and Progeny;Bermuda;31-07-2024
ALIVE;1950-60701;K:LCD-1950-60701*2;;Brugmansia × candida 'Knightii';Brugmansia;Solanaceae;;;;06-02-2024
ALIVE;1972-2581;K:LCD-1972-2581*1;Atractocarpus stipularis;Atractocarpus stipularis;Atractocarpus;Rubiaceae;;N - Natural Source and Progeny;Australia;04-07-2022
ALIVE;1955-45801;K:LCD-1955-45801*1;;Rhododendron zoelleri 'Decimus';Rhododendron;Ericaceae;;N - Natural Source and Progeny;Indonesia;01-10-2024
ALIVE;2004-1012;K:LCD-2004-1012*1;Echium giganteum;Echium giganteum;Echium;Boraginaceae;;;;19-09-2024
ALIVE;1985-1973;K:LCD-1985-1973*5;Rhododendron formosum;Rhododendron formosum;Rhododendron;Ericaceae;;;;17-10-2023
ALIVE;1962-41002;K:LCD-1962-41002*3;Rhododendron macgregoriae;Rhododendron macgregoriae;Rhododendron;Ericaceae;;;;24-05-2024
ALIVE;1969-11601;K:LCD-1969-11601*1;Encephalartos trispinosus;Encephalartos trispinosus;Encephalartos;Zamiaceae;;;;14-02-2024
ALIVE;1989-1660;K:LCD-1989-1660*1;Ilex zhejiangensis;Ilex zhejiangensis;Ilex;Aquifoliaceae;;;China;24-05-2024
ALIVE;2013-1092;K:LCD-2013-1092*1;Melochia tomentosa;Melochia tomentosa;Melochia;Malvaceae;;;;29-07-2022
ALIVE;1976-3526;K:LCD-1976-3526*2;Adiantum hispidulum;Adiantum hispidulum;Adiantum;Pteridaceae;;N - Natural Source and Progeny;Philippines;24-05-2024
ALIVE;1935-55201;K:LCD-1935-55201*3;Cyrtanthus falcatus;Cyrtanthus falcatus;Cyrtanthus;Amaryllidaceae;;;;22-08-2023
ALIVE;1889-58001;K:LCD-1889-58001*1;Chamaedorea pochutlensis;Chamaedorea pochutlensis;Chamaedorea;Arecaceae;;;;29-07-2022
ALIVE;2009-3683;K:LCD-2009-3683*1;;Citrus × latifolia 'Tahiti';Citrus;Rutaceae;;;;09-04-2024
ALIVE;1985-2330;K:LCD-1985-2330*1;Fuchsia hatschbachii;Fuchsia hatschbachii;Fuchsia;Onagraceae;;N - Natural Source and Progeny;Brazil;28-11-2024
ALIVE;1978-6210;K:LCD-1978-6210*1;Rhododendron crassum;Rhododendron manipurense;Rhododendron;Ericaceae;;;;19-02-2024
ALIVE;2003-2910;K:LCD-2003-2910*1;Banksia integrifolia subsp. integrifolia;Banksia integrifolia subsp. integrifolia;Banksia;Proteaceae;;N - Natural Source and Progeny;Australia;21-11-2024
ALIVE;1960-4001;K:LCD-1960-4001*3;Maesa argentea;Maesa argentea;Maesa;Primulaceae;;;;17-10-2023
ALIVE;1951-48901;K:LCD-1951-48901*1;Garrya laurifolia;Garrya laurifolia;Garrya;Garryaceae;;;;28-07-2022
ALIVE;1983-4885;K:LCD-1983-4885*1;;Rhapis excelsa 'Koban';Rhapis;Arecaceae;;;;24-05-2024
ALIVE;1969-3772;K:LCD-1969-3772*2;Fuchsia procumbens;Fuchsia procumbens;Fuchsia;Onagraceae;;;;27-03-2024
ALIVE;1973-13238;K:LCD-1973-13238*2;Lastreopsis hispida;Lastreopsis hispida;Lastreopsis;Polypodiaceae;;;;27-03-2024
ALIVE;1986-2696;K:LCD-1986-2696*2;Haloragis erecta;Haloragis erecta;Haloragis;Haloragaceae;;N - Natural Source and Progeny;New Zealand;27-03-2024
ALIVE;1980-46;K:LCD-1980-46*1;Simmondsia chinensis;Simmondsia chinensis;Simmondsia;Simmondsiaceae;;N - Natural Source and Progeny;United States;29-07-2022
ALIVE;1977-69;K:LCD-1977-69*3;Cinchona pubescens;Cinchona pubescens;Cinchona;Rubiaceae;;;Tanzania;19-02-2024
ALIVE;1973-12658;K:LCD-1973-12658*1;;Brunfelsia pauciflora 'Eximia';Brunfelsia;Solanaceae;;;;01-08-2024
ALIVE;2017-2478;K:LCD-2017-2478*1;Parajubaea torallyi;Parajubaea torallyi;Parajubaea;Arecaceae;;;Bolivia;15-02-2024
ALIVE;1997-4275;K:LCD-1997-4275*1;Paraserianthes lophantha;Paraserianthes lophantha;Paraserianthes;Fabaceae;;;;28-12-2024
ALIVE;1988-4497;K:LCD-1988-4497*3;Heliamphora nutans;Heliamphora nutans;Heliamphora;Sarraceniaceae;;;;15-02-2024
ALIVE;1963-16006;K:LCD-1963-16006*3;Cibotium glaucum;Cibotium glaucum;Cibotium;Cyatheaceae;;;;24-05-2024
ALIVE;2018-607;K:LCD-2018-607*1;Alpinia oblongifolia;Alpinia oblongifolia;Alpinia;Zingiberaceae;;N - Natural Source and Progeny;Vietnam;21-05-2024
ALIVE;1969-2875;K:LCD-1969-2875*1;Nolina palmeri;Nolina palmeri;Nolina;Asparagaceae;;N - Natural Source and Progeny;Mexico;29-07-2022
ALIVE;1951-43701;K:LCD-1951-43701*2;;Fuchsia magellanica × lycioides;Fuchsia;Onagraceae;;;;19-07-2024
ALIVE;1969-17416;K:LCD-1969-17416*1;Rhododendron ciliatum;Rhododendron ciliatum;Rhododendron;Ericaceae;;;;18-07-2024
ALIVE;2018-1899;K:LCD-2018-1899*1;Citrus;Citrus;Citrus;Rutaceae;;;;20-05-2024
ALIVE;1997-5947;K:LCD-1997-5947*1;;Citrus × latifolia 'Bearss';Citrus;Rutaceae;;;;15-02-2024
ALIVE;1978-4441;K:LCD-1978-4441*1;Chiococca alba;Chiococca alba;Chiococca;Rubiaceae;;;Bermuda;28-07-2022
ALIVE;1967-50301;K:LCD-1967-50301*2;;Rhododendron hybrid;Rhododendron;Ericaceae;;;;02-01-2025
ALIVE;1969-17416;K:LCD-1969-17416*5;Rhododendron ciliatum;Rhododendron ciliatum;Rhododendron;Ericaceae;;;;17-10-2023
ALIVE;1980-276;K:LCD-1980-276*6;Hydrangea × versicolor;Dichroa × versicolor;Dichroa;Hydrangeaceae;;;;02-01-2025
ALIVE;1977-6749;K:LCD-1977-6749*2;Sparrmannia africana;Sparrmannia africana;Sparrmannia;Malvaceae;;;;09-01-2025
ALIVE;2015-1958;K:LCD-2015-1958*2;Rhododendron maddenii;Rhododendron maddenii;Rhododendron;Ericaceae;;;;24-05-2024
ALIVE;2009-1080;K:LCD-2009-1080*5;Pteris dentata;Pteris adscensionis;Pteris;Pteridaceae;;N - Natural Source and Progeny;;11-11-2023
ALIVE;1954-59101;K:LCD-1954-59101*1;Strelitzia reginae;Strelitzia reginae;Strelitzia;Strelitziaceae;;;;09-01-2025
ALIVE;2018-2251;K:LCD-2018-2251*1;;Clivia miniata 'Cameron Peach';Clivia;Amaryllidaceae;;;;09-09-2024
ALIVE;1981-343;K:LCD-1981-343*1;Ilex vomitoria;Ilex vomitoria;Ilex;Aquifoliaceae;;N - Natural Source and Progeny;United States;25-07-2022
ALIVE;2007-674;K:LCD-2007-674*1;Elegia tectorum;Elegia tectorum;Elegia;Restionaceae;;;;21-08-2023
ALIVE;2015-1066;K:LCD-2015-1066*1;Alniphyllum eberhardtii;Alniphyllum eberhardtii;Alniphyllum;Styracaceae;;N - Natural Source and Progeny;Vietnam;20-05-2024
ALIVE;1957-38106;K:LCD-1957-38106*1;Curtisia dentata;Curtisia dentata;Curtisia;Curtisiaceae;;;;01-01-2023
ALIVE;2014-959;K:LCD-2014-959*2;Echium decaisnei;Echium decaisnei;Echium;Boraginaceae;;N - Natural Source and Progeny;Spain;29-05-2024
ALIVE;1996-912;K:LCD-1996-912*4;Coleus cylindraceus;Plectranthus montanus;Plectranthus;Lamiaceae;;N - Natural Source and Progeny;Kenya;14-10-2024
ALIVE;1977-172;K:LCD-1977-172*2;Alchornea ilicifolia;Alchornea aquifolia;Alchornea;Euphorbiaceae;;;;28-12-2024
ALIVE;1973-1850;K:LCD-1973-1850*2;Brunfelsia australis;Brunfelsia australis;Brunfelsia;Solanaceae;;N - Natural Source and Progeny;Argentina;01-08-2024
ALIVE;1969-17399;K:LCD-1969-17399*1;Strelitzia reginae;Strelitzia reginae;Strelitzia;Strelitziaceae;;;;08-08-2024
ALIVE;1959-70601;K:LCD-1959-70601*2;Boehmeria splitgerbera;Boehmeria biloba;Boehmeria;Urticaceae;;;;22-05-2024
ALIVE;1966-43101;K:LCD-1966-43101*1;Pavetta capensis;Pavetta capensis;Pavetta;Rubiaceae;;;;09-01-2025
ALIVE;1985-5302;K:LCD-1985-5302*1;Yucca decipiens;Yucca decipiens;Yucca;Asparagaceae;;N - Natural Source and Progeny;Mexico;25-07-2022
ALIVE;2015-1867;K:LCD-2015-1867*5;Pennantia baylisiana;Pennantia baylisiana;Pennantia;Pennantiaceae;;;;27-03-2024
ALIVE;1969-14011;K:LCD-1969-14011*1;Buddleja indica;Nicodemia diversifolia;Nicodemia;Scrophulariaceae;;;;22-05-2024
ALIVE;1990-1281;K:LCD-1990-1281*2;Scabiosa incisa;Scabiosa incisa;Scabiosa;Caprifoliaceae;;N - Natural Source and Progeny;South Africa;11-06-2024
ALIVE;1983-1592;K:LCD-1983-1592*2;Peumus boldus;Peumus boldus;Peumus;Monimiaceae;;N - Natural Source and Progeny;Chile;15-02-2024
ALIVE;1973-1853;K:LCD-1973-1853*1;Brunfelsia undulata;Brunfelsia undulata;Brunfelsia;Solanaceae;;N - Natural Source and Progeny;Jamaica;23-10-2024
ALIVE;2017-1583;K:LCD-2017-1583*1;Protea lanceolata;Protea lanceolata;Protea;Proteaceae;;;;21-08-2023
ALIVE;1973-12557;K:LCD-1973-12557*6;Fuchsia denticulata;Fuchsia denticulata;Fuchsia;Onagraceae;;;;19-07-2024
ALIVE;2018-1899;K:LCD-2018-1899*2;Citrus;Citrus;Citrus;Rutaceae;;;;24-05-2024
ALIVE;1973-4810;K:LCD-1973-4810*2;Quillaja saponaria;Quillaja saponaria;Quillaja;Quillajaceae;;N - Natural Source and Progeny;Chile;08-02-2024
ALIVE;2007-2008;K:LCD-2007-2008*1;Dioon edule;Dioon edule;Dioon;Zamiaceae;;;;24-03-2025
ALIVE;2009-1052;K:LCD-2009-1052*2;Lampranthus aureus;Lampranthus aureus;Lampranthus;Aizoaceae;;;;25-03-2024
ALIVE;1988-3834;K:LCD-1988-3834*1;Biancaea decapetala;Caesalpinia decapetala;Caesalpinia;Fabaceae;;N - Natural Source and Progeny;Japan;24-05-2024
ALIVE;1979-64;K:LCD-1979-64*4;Rhododendron × sesterianum;Rhododendron × fragrantissimum;Rhododendron;Ericaceae;;;;20-01-2025
ALIVE;1973-13498;K:LCD-1973-13498*2;Gasteria acinacifolia;Gasteria acinacifolia;Gasteria;Asphodelaceae;;;;23-06-2022
ALIVE;2003-2466;K:LCD-2003-2466*8;Streptosolen jamesonii;Streptosolen jamesonii;Streptosolen;Solanaceae;;;;19-02-2024
ALIVE;1973-12516;K:LCD-1973-12516*5;Metrosideros perforata;Metrosideros perforata;Metrosideros;Myrtaceae;;;;27-03-2024
ALIVE;1979-74;K:LCD-1979-74*2;Rhododendron pachypodum;Rhododendron pachypodum;Rhododendron;Ericaceae;;;;24-05-2024
ALIVE;1979-65;K:LCD-1979-65*8;Rhododendron taronense;Rhododendron taronense;Rhododendron;Ericaceae;;;;24-05-2024
ALIVE;1997-5591;K:LCD-1997-5591*2;Tecoma stans;Tecoma stans;Tecoma;Bignoniaceae;;N - Natural Source and Progeny;Peru;19-02-2024
ALIVE;1984-2359;K:LCD-1984-2359*4;Camellia sinensis;Camellia sinensis;Camellia;Theaceae;;;;20-05-2024
ALIVE;1996-4618;K:LCD-1996-4618*10;Rhododendron scopulorum;Rhododendron scopulorum;Rhododendron;Ericaceae;;N - Natural Source and Progeny;Bhutan;21-05-2024
ALIVE;1978-2268;K:LCD-1978-2268*4;Rubus moluccanus;Rubus moluccanus;Rubus;Rosaceae;;N - Natural Source and Progeny;Hong Kong;20-05-2024
ALIVE;1965-75315;K:LCD-1965-75315*3;Cuphea hyssopifolia;Cuphea hyssopifolia;Cuphea;Lythraceae;;;;10-10-2024
ALIVE;1984-2359;K:LCD-1984-2359*2;Camellia sinensis;Camellia sinensis;Camellia;Theaceae;;;;21-11-2024
ALIVE;1969-51857;K:LCD-1969-51857*1;Cordyline fruticosa;Cordyline fruticosa;Cordyline;Asparagaceae;;;;28-07-2022
ALIVE;2000-2347;K:LCD-2000-2347*1;Lithocarpus pachyphyllus;Lithocarpus pachyphyllus;Lithocarpus;Fagaceae;;;;20-05-2024
ALIVE;1969-16545;K:LCD-1969-16545*2;Chloranthus spicatus;Chloranthus spicatus;Chloranthus;Chloranthaceae;;;;24-05-2024
ALIVE;1960-4001;K:LCD-1960-4001*4;Maesa argentea;Maesa argentea;Maesa;Primulaceae;;;;17-10-2023
ALIVE;2015-2830;K:LCD-2015-2830*2;Rosa marginata;Rosa marginata;Rosa;Rosaceae;;;;21-05-2024
ALIVE;2020-976;K:LCD-2020-976*3;Sonchus acaulis;Sonchus acaulis;Sonchus;Asteraceae;;;;18-09-2024
ALIVE;2003-2466;K:LCD-2003-2466*10;Streptosolen jamesonii;Streptosolen jamesonii;Streptosolen;Solanaceae;;;;19-07-2024
ALIVE;1963-34907;K:LCD-1963-34907*2;Aloe penduliflora;Aloe penduliflora;Aloe;Asphodelaceae;;N - Natural Source and Progeny;Kenya;23-03-2024
ALIVE;1986-65;K:LCD-1986-65*3;Cobaea scandens;Cobaea scandens;Cobaea;Polemoniaceae;;N - Natural Source and Progeny;Peru;10-10-2024
ALIVE;1973-12398;K:LCD-1973-12398*1;Porlieria hygrometra;Porlieria hygrometra;Porlieria;Zygophyllaceae;;;;30-01-2024
ALIVE;2015-2855;K:LCD-2015-2855*1;Thamnochortus insignis;Thamnochortus insignis;Thamnochortus;Restionaceae;;;South Africa;22-08-2023
ALIVE;1978-4550;K:LCD-1978-4550*6;Impatiens grandis;Impatiens grandis;Impatiens;Balsaminaceae;;N - Natural Source and Progeny;Sri Lanka;21-05-2024
ALIVE;1973-12024;K:LCD-1973-12024*1;Clivia miniata;Clivia miniata;Clivia;Amaryllidaceae;;;;15-02-2024
ALIVE;1984-862;K:LCD-1984-862*3;Eustrephus latifolius;Eustrephus latifolius;Eustrephus;Asparagaceae;;N - Natural Source and Progeny;Australia;28-12-2024
ALIVE;1977-193;K:LCD-1977-193*2;Dombeya burgessiae;Dombeya burgessiae;Dombeya;Malvaceae;;N - Natural Source and Progeny;Kenya;20-09-2023
ALIVE;1994-2876;K:LCD-1994-2876*2;Felicia filifolia;Felicia filifolia;Felicia;Asteraceae;;N - Natural Source and Progeny;South Africa;21-06-2022
ALIVE;1997-4455;K:LCD-1997-4455*2;Ophiopogon malcolmsonii;Ophiopogon malcolmsonii;Ophiopogon;Asparagaceae;;N - Natural Source and Progeny;Thailand;21-05-2024
ALIVE;2009-2761;K:LCD-2009-2761*2;Gerbera jamesonii;Gerbera jamesonii;Gerbera;Asteraceae;;;;09-01-2025
ALIVE;1971-3008;K:LCD-1971-3008*1;Olea europaea subsp. cuspidata;Olea europaea subsp. cuspidata;Olea;Oleaceae;;N - Natural Source and Progeny;Kenya;06-12-2024
ALIVE;2001-3712;K:LCD-2001-3712*1;Choritaenia capensis;Pappea capensis;Pappea;Apiaceae;;N - Natural Source and Progeny;South Africa;21-06-2022
ALIVE;2018-881;K:LCD-2018-881*1;Cercis occidentalis;Cercis occidentalis;Cercis;Fabaceae;;N - Natural Source and Progeny;United States;29-07-2022
ALIVE;2009-3685;K:LCD-2009-3685*1;;Citrus margarita 'Gigantea';Citrus;Rutaceae;;;;11-09-2024
ALIVE;1949-39004;K:LCD-1949-39004*4;Prostanthera ovalifolia;Prostanthera ovalifolia;Prostanthera;Lamiaceae;;;;28-12-2024
ALIVE;2005-1160;K:LCD-2005-1160*2;Howea belmoreana;Howea belmoreana;Howea;Arecaceae;;;;28-07-2022
ALIVE;1984-2733;K:LCD-1984-2733*2;Adromischus cooperi;Adromischus halesowensis;Adromischus;Crassulaceae;;;;14-10-2024
ALIVE;2017-423;K:LCD-2017-423*1;Ceroxylon quindiuense;Ceroxylon quindiuense;Ceroxylon;Arecaceae;;;Colombia;15-02-2024
ALIVE;2015-1863;K:LCD-2015-1863*1;Hedycarya arborea;Hedycarya arborea;Hedycarya;Monimiaceae;;;;27-03-2024
ALIVE;1976-35;K:LCD-1976-35*2;Stenomesson pearcei;Stenomesson pearcei;Stenomesson;Amaryllidaceae;;N - Natural Source and Progeny;Peru;16-05-2024
ALIVE;1969-3776;K:LCD-1969-3776*6;Fuchsia thymifolia subsp. minimiflora;Fuchsia thymifolia subsp. minimiflora;Fuchsia;Onagraceae;;;;19-07-2024
ALIVE;1976-6017;K:LCD-1976-6017*3;Tradescantia buckleyi;Tradescantia buckleyi;Tradescantia;Commelinaceae;;N - Natural Source and Progeny;United States;25-07-2022
ALIVE;1973-181;K:LCD-1973-181*3;Echium aculeatum;Echium aculeatum;Echium;Boraginaceae;;N - Natural Source and Progeny;Spain;06-09-2024
ALIVE;1951-43701;K:LCD-1951-43701*7;;Fuchsia magellanica × lycioides;Fuchsia;Onagraceae;;;;21-10-2024
ALIVE;1958-72001;K:LCD-1958-72001*3;Ardisia sieboldii;Ardisia sieboldii;Ardisia;Primulaceae;;N - Natural Source and Progeny;Japan;24-05-2024
ALIVE;1976-2169;K:LCD-1976-2169*1;Aloysia gratissima;Aloysia lycioides;Aloysia;Verbenaceae;;;;21-08-2024
ALIVE;2001-3625;K:LCD-2001-3625*2;Erica scabriuscula;Erica scabriuscula;Erica;Ericaceae;;;;21-06-2022
ALIVE;2015-1865;K:LCD-2015-1865*2;Alectryon excelsus;Alectryon excelsus;Alectryon;Sapindaceae;;;;27-03-2024
ALIVE;1991-1584;K:LCD-1991-1584*1;;Strelitzia reginae 'Mandela's Gold';Strelitzia;Strelitziaceae;;;;09-01-2025
ALIVE;2014-2040;K:LCD-2014-2040*2;;Brugmansia 'Dalen's Pink Amour';Brugmansia;Solanaceae;;;;04-06-2024
ALIVE;2013-895;K:LCD-2013-895*1;Oreopanax xalapensis;Oreopanax xalapensis;Oreopanax;Araliaceae;;;Mexico;22-01-2024
ALIVE;1961-35201;K:LCD-1961-35201*1;Ficus obliqua;Ficus obliqua;Ficus;Moraceae;;;;28-12-2024
ALIVE;1973-12065;K:LCD-1973-12065*1;Cussonia spicata;Cussonia spicata;Cussonia;Araliaceae;;;;21-06-2022
ALIVE;1969-19963;K:LCD-1969-19963*3;Clivia miniata;Clivia miniata;Clivia;Amaryllidaceae;;;;15-02-2024
ALIVE;1969-51193;K:LCD-1969-51193*2;Justicia spicigera;Justicia spicigera;Justicia;Acanthaceae;;;;15-06-2024
ALIVE;1982-274;K:LCD-1982-274*4;Pleroma urvilleanum;Tibouchina urvilleana;Tibouchina;Melastomataceae;;;Brazil;08-02-2024
ALIVE;1965-75315;K:LCD-1965-75315*2;Cuphea hyssopifolia;Cuphea hyssopifolia;Cuphea;Lythraceae;;;;28-11-2024
ALIVE;2004-3176;K:LCD-2004-3176*3;Banksia spinulosa;Banksia spinulosa;Banksia;Proteaceae;;N - Natural Source and Progeny;Australia;17-10-2023
ALIVE;1983-4522;K:LCD-1983-4522*2;Clethra mexicana;Clethra mexicana;Clethra;Clethraceae;;N - Natural Source and Progeny;Mexico;10-10-2024
ALIVE;1956-63301;K:LCD-1956-63301*4;Bulbine semibarbata;Bulbine semibarbata;Bulbine;Asphodelaceae;;;;01-10-2024
ALIVE;1972-3404;K:LCD-1972-3404*1;Sophora velutina subsp. zimbabweensis;Sophora velutina subsp. zimbabweensis;Sophora;Fabaceae;;;;23-06-2022
ALIVE;2007-2009;K:LCD-2007-2009*1;Dioon spinulosum;Dioon spinulosum;Dioon;Zamiaceae;;;;25-07-2022
ALIVE;2017-1584;K:LCD-2017-1584*1;Stenocarpus angustifolius;Stenocarpus angustifolius;Stenocarpus;Proteaceae;;;Australia;28-12-2024
ALIVE;1988-5305;K:LCD-1988-5305*2;;Brugmansia aurea 'Culebra';Brugmansia;Solanaceae;;;;24-05-2023
ALIVE;1986-3626;K:LCD-1986-3626*3;Piper excelsum;Macropiper excelsum;Macropiper;Piperaceae;;;New Zealand;09-07-2024
ALIVE;1960-17201;K:LCD-1960-17201*1;Pavetta barbertonensis;Pavetta barbertonensis;Pavetta;Rubiaceae;;;;09-01-2025
ALIVE;1977-172;K:LCD-1977-172*1;Alchornea ilicifolia;Alchornea aquifolia;Alchornea;Euphorbiaceae;;;;28-12-2024
ALIVE;2014-2210;K:LCD-2014-2210*1;Afrocarpus mannii;Afrocarpus mannii;Afrocarpus;Podocarpaceae;;;;21-06-2022
ALIVE;1969-4933;K:LCD-1969-4933*4;Rhododendron retusum;Rhododendron retusum;Rhododendron;Ericaceae;;N - Natural Source and Progeny;Malaysia;24-05-2024
ALIVE;2001-3187;K:LCD-2001-3187*1;Drypetes integerrima;Drypetes integerrima;Drypetes;Putranjivaceae;;;Japan;20-05-2024
ALIVE;2014-2021;K:LCD-2014-2021*2;;Brugmansia 'Angels Endless Summer';Brugmansia;Solanaceae;;;;29-07-2022
ALIVE;2015-1596;K:LCD-2015-1596*2;Heptapleurum macrophyllum;Schefflera macrophylla;Schefflera;Araliaceae;;N - Natural Source and Progeny;Vietnam;20-05-2024
ALIVE;1981-38;K:LCD-1981-38*4;Salvia purpurea;Salvia purpurea;Salvia;Lamiaceae;;N - Natural Source and Progeny;Mexico;09-01-2025
ALIVE;2001-3212;K:LCD-2001-3212*1;Dahlia imperialis;Dahlia imperialis;Dahlia;Asteraceae;;;;28-07-2022
ALIVE;1983-1599;K:LCD-1983-1599*2;Aextoxicon punctatum;Aextoxicon punctatum;Aextoxicon;Aextoxicaceae;;N - Natural Source and Progeny;Chile;05-02-2024
ALIVE;1949-56701;K:LCD-1949-56701*1;Encephalartos lebomboensis;Encephalartos lebomboensis;Encephalartos;Zamiaceae;;;;22-08-2023
ALIVE;1963-15402;K:LCD-1963-15402*1;Blechnum ambiguum;Doodia caudata var. lomarina;Doodia;Aspleniaceae;;;;28-12-2024
ALIVE;1973-19497;K:LCD-1973-19497*1;Rohdea japonica;Rohdea japonica;Rohdea;Asparagaceae;;;;21-05-2024
ALIVE;2015-2860;K:LCD-2015-2860*2;;Leucadendron 'Safari Sunset';Leucadendron;Proteaceae;;;;21-06-2022
ALIVE;1973-19497;K:LCD-1973-19497*2;Rohdea japonica;Rohdea japonica;Rohdea;Asparagaceae;;;;20-11-2023
ALIVE;1981-4896;K:LCD-1981-4896*3;Phragmipedium longifolium;Phragmipedium longifolium;Phragmipedium;Orchidaceae;;;;08-02-2024
ALIVE;1988-8807;K:LCD-1988-8807*5;;Correa 'Dusky Bells';Correa;Rutaceae;;;;28-12-2024
ALIVE;2010-671;K:LCD-2010-671*4;Barnadesia arborea;Barnadesia arborea;Barnadesia;Asteraceae;;N - Natural Source and Progeny;Ecuador;19-02-2024
ALIVE;1967-68004;K:LCD-1967-68004*2;;Rhododendron 'Duchess of Sutherland';Rhododendron;Ericaceae;;;;21-05-2024
ALIVE;1990-1279;K:LCD-1990-1279*1;Psychotria capensis;Psychotria capensis;Psychotria;Rubiaceae;;;South Africa;21-06-2022
ALIVE;1966-67114;K:LCD-1966-67114*1;Notelaea cunninghamii;Nestegis cunninghamii;Nestegis;Oleaceae;;N - Natural Source and Progeny;New Zealand;08-11-2023
ALIVE;2017-417;K:LCD-2017-417*1;Freycinetia banksii;Freycinetia banksii;Freycinetia;Pandanaceae;;;New Zealand;27-03-2024
ALIVE;1986-3600;K:LCD-1986-3600*1;Dacrycarpus dacrydioides;Dacrycarpus dacrydioides;Dacrycarpus;Podocarpaceae;;;New Zealand;27-03-2024
ALIVE;1973-12419;K:LCD-1973-12419*3;Chlorophytum capense;Chlorophytum capense;Chlorophytum;Asparagaceae;;;;28-11-2024
ALIVE;2004-2906;K:LCD-2004-2906*1;Thomasia petalocalyx;Thomasia petalocalyx;Thomasia;Malvaceae;;;;18-07-2024
ALIVE;1969-19566;K:LCD-1969-19566*1;Cyperus owanii;Cyperus owanii;Cyperus;Cyperaceae;;;;22-08-2023
ALIVE;1969-12394;K:LCD-1969-12394*1;Trichocladus crinitus;Trichocladus crinitus;Trichocladus;Hamamelidaceae;;;;14-02-2024
ALIVE;1984-5283;K:LCD-1984-5283*6;Fuchsia boliviana;Fuchsia boliviana;Fuchsia;Onagraceae;;N - Natural Source and Progeny;Mexico;18-07-2024
ALIVE;1969-17911;K:LCD-1969-17911*1;Encephalartos arenarius;Encephalartos arenarius;Encephalartos;Zamiaceae;;;;21-08-2023
ALIVE;1957-75902;K:LCD-1957-75902*1;Phyla nodiflora var. minor;Phyla canescens;Phyla;Verbenaceae;;;;27-11-2024
ALIVE;1995-3193;K:LCD-1995-3193*1;Encephalartos lebomboensis;Encephalartos lebomboensis;Encephalartos;Zamiaceae;;;;22-08-2023
ALIVE;2019-307;K:LCD-2019-307*6;Aeonium lancerottense;Aeonium lancerottense;Aeonium;Crassulaceae;;N - Natural Source and Progeny;Spain;07-09-2024
ALIVE;1959-43003;K:LCD-1959-43003*2;Stenocarpus salignus;Stenocarpus salignus;Stenocarpus;Proteaceae;;;;28-12-2024
ALIVE;1989-2690;K:LCD-1989-2690*1;Astelia fragrans;Astelia fragrans;Astelia;Asteliaceae;;N - Natural Source and Progeny;New Zealand;27-03-2024
ALIVE;1995-2304;K:LCD-1995-2304*1;;Clivia miniata var. citrina 'Kirstenbosch Yellow';Clivia;Amaryllidaceae;;;;17-08-2023
ALIVE;1969-50936;K:LCD-1969-50936*2;Rohdea japonica;Rohdea japonica;Rohdea;Asparagaceae;;;;22-05-2024
ALIVE;2001-83;K:LCD-2001-83*5;Canna indica;Canna indica;Canna;Cannaceae;;N - Natural Source and Progeny;Japan;13-02-2024
ALIVE;2004-3176;K:LCD-2004-3176*1;Banksia spinulosa;Banksia spinulosa;Banksia;Proteaceae;;N - Natural Source and Progeny;Australia;17-10-2023
ALIVE;2017-1708;K:LCD-2017-1708*2;Melaleuca virens;Melaleuca virens;Melaleuca;Myrtaceae;;;;28-12-2024
ALIVE;1980-4525;K:LCD-1980-4525*1;Fuchsia microphylla;Fuchsia microphylla;Fuchsia;Onagraceae;;N - Natural Source and Progeny;Mexico;28-11-2024
ALIVE;1973-12976;K:LCD-1973-12976*2;Melicytus novae-zelandiae;Hymenanthera novae-zelandiae;Hymenanthera;Violaceae;;;;16-04-2024
ALIVE;1967-41113;K:LCD-1967-41113*1;Dietes flavida;Dietes flavida;Dietes;Iridaceae;;N - Natural Source and Progeny;Eswatini;23-06-2022
ALIVE;1960-8801;K:LCD-1960-8801*1;Hippeastrum psittacinum;Hippeastrum psittacinum;Hippeastrum;Amaryllidaceae;;;;01-02-2024
ALIVE;1997-5944;K:LCD-1997-5944*2;Vitex lucens;Vitex lucens;Vitex;Lamiaceae;;N - Natural Source and Progeny;New Zealand;27-03-2024
ALIVE;1977-6765;K:LCD-1977-6765*2;Camellia kissii;Camellia kissii;Camellia;Theaceae;;N - Natural Source and Progeny;Nepal;24-05-2024
ALIVE;2018-912;K:LCD-2018-912*1;Luculia gratissima;Luculia gratissima;Luculia;Rubiaceae;;N - Natural Source and Progeny;Vietnam;24-05-2024
ALIVE;1996-4388;K:LCD-1996-4388*1;Blechnum orientale;Blechnum orientale;Blechnum;Aspleniaceae;;N - Natural Source and Progeny;China;24-05-2024
ALIVE;1953-22304;K:LCD-1953-22304*3;Lonicera macrantha;Lonicera macrantha;Lonicera;Caprifoliaceae;;;;10-10-2024
ALIVE;1989-4047;K:LCD-1989-4047*1;Neolitsea sericea;Neolitsea sericea;Neolitsea;Lauraceae;;N - Natural Source and Progeny;Japan;21-05-2024
ALIVE;1999-3734;K:LCD-1999-3734*1;Cestrum elegans;Cestrum elegans;Cestrum;Solanaceae;;;;09-01-2025
ALIVE;1992-1081;K:LCD-1992-1081*1;Lilium auratum;Lilium auratum;Lilium;Liliaceae;;N - Natural Source and Progeny;Japan;24-05-2024
ALIVE;1989-3466;K:LCD-1989-3466*1;Fuchsia arborescens;Fuchsia arborescens;Fuchsia;Onagraceae;;;;01-08-2024
ALIVE;2001-3187;K:LCD-2001-3187*2;Drypetes integerrima;Drypetes integerrima;Drypetes;Putranjivaceae;;;Japan;20-05-2024
ALIVE;1981-857;K:LCD-1981-857*2;Aloe cremnophila;Aloe cremnophila;Aloe;Asphodelaceae;;N - Natural Source and Progeny;Somalia;21-06-2022
ALIVE;1970-2110;K:LCD-1970-2110*1;Psidium cattleyanum;Psidium cattleyanum;Psidium;Myrtaceae;;;Australia;04-02-2024
ALIVE;1971-925;K:LCD-1971-925*1;Encephalartos natalensis;Encephalartos natalensis;Encephalartos;Zamiaceae;;;;13-02-2024
ALIVE;2009-3267;K:LCD-2009-3267*3;Sabal etonia;Sabal etonia;Sabal;Arecaceae;;;United States;26-03-2025
ALIVE;2002-1696;K:LCD-2002-1696*2;Nannorrhops ritchieana;Nannorrhops ritchieana;Nannorrhops;Arecaceae;;;Germany;26-03-2025
ALIVE;2008-531;K:LCD-2008-531*2;Chamaerops humilis var. argentea;Chamaerops humilis var. cerifera;Chamaerops;Arecaceae;;;;24-03-2025
ALIVE;1964-45401;K:LCD-1964-45401*10;Sabal minor;Sabal minor;Sabal;Arecaceae;;;;24-03-2025
ALIVE;2005-1444;K:LCD-2005-1444*4;Zanthoxylum fagara;Zanthoxylum fagara;Zanthoxylum;Rutaceae;;;;20-02-2025
ALIVE;2005-1444;K:LCD-2005-1444*3;Zanthoxylum fagara;Zanthoxylum fagara;Zanthoxylum;Rutaceae;;;;20-02-2025
ALIVE;1986-6074;K:LCD-1986-6074*3;Holocalyx balansae;Holocalyx balansae;Holocalyx;Fabaceae;;N - Natural Source and Progeny;Paraguay;20-02-2025
ALIVE;2018-2271;K:LCD-2018-2271*5;Cnicothamnus lorentzii;Cnicothamnus lorentzii;Cnicothamnus;Asteraceae;;N - Natural Source and Progeny;Argentina;20-02-2025
ALIVE;2018-2271;K:LCD-2018-2271*4;Cnicothamnus lorentzii;Cnicothamnus lorentzii;Cnicothamnus;Asteraceae;;N - Natural Source and Progeny;Argentina;20-02-2025
ALIVE;2017-400;K:LCD-2017-400*5;Phoenix theophrasti;Phoenix theophrasti;Phoenix;Arecaceae;;N - Natural Source and Progeny;Greece;19-02-2025
ALIVE;2023-1010;K:LCD-2023-1010*2;Strobilanthes;Strobilanthes;Strobilanthes;Acanthaceae;;;China;20-01-2025
ALIVE;1973-16122;K:LCD-1973-16122*4;Dendrobium kingianum;Dendrobium kingianum;Dendrobium;Orchidaceae;;;;28-12-2024
ALIVE;1929-44604;K:LCD-1929-44604*5;Dendrobium kingianum;Dendrobium kingianum;Dendrobium;Orchidaceae;;;;28-12-2024
ALIVE;2024-0009;K:LCD-2024-0009*4;Sphaeropteris felina;Sphaeropteris felina;Sphaeropteris;Cyatheaceae;;;;28-12-2024
ALIVE;2024-0009;K:LCD-2024-0009*3;Sphaeropteris felina;Sphaeropteris felina;Sphaeropteris;Cyatheaceae;;;;28-12-2024
ALIVE;2021-220;K:LCD-2021-220*2;Solanum pyracanthos;Solanum pyracanthos;Solanum;Solanaceae;;;;12-12-2024
ALIVE;2014-2013;K:LCD-2014-2013*2;;Brugmansia 'Sam';Brugmansia;Solanaceae;;;;27-11-2024
ALIVE;2014-2040;K:LCD-2014-2040*3;;Brugmansia 'Dalen's Pink Amour';Brugmansia;Solanaceae;;;;27-11-2024
ALIVE;1991-1584;K:LCD-1991-1584*3;;Strelitzia reginae 'Mandela's Gold';Strelitzia;Strelitziaceae;;;;14-10-2024
ALIVE;1990-3078;K:LCD-1990-3078*3;Gloriosa modesta;Gloriosa modesta;Gloriosa;Colchicaceae;;;;14-10-2024
ALIVE;2022-831;K:LCD-2022-831*1;Citrus × limon;Citrus × bergamia;Citrus;Rutaceae;;;;23-05-2024
ALIVE;2024-0270;K:LCD-2024-0270*1;Citrus × aurantiifolia;Citrus × aurantiifolia;Citrus;Rutaceae;;;;15-02-2024
ALIVE;2021-843;K:LCD-2021-843*2;;Citrus × limon 'Eureka Variegated';Citrus;Rutaceae;;;;06-10-2024
ALIVE;2022-848;K:LCD-2022-848*2;Sonchus hierrensis;Sonchus hierrensis;Sonchus;Asteraceae;;;;18-09-2024
ALIVE;2022-1679;K:LCD-2022-1679*2;Echium candicans;Echium candicans;Echium;Boraginaceae;;;;18-09-2024
ALIVE;1960-8801;K:LCD-1960-8801*4;Hippeastrum psittacinum;Hippeastrum psittacinum;Hippeastrum;Amaryllidaceae;;;;16-05-2024
ALIVE;1960-8801;K:LCD-1960-8801*6;Hippeastrum psittacinum;Hippeastrum psittacinum;Hippeastrum;Amaryllidaceae;;;;16-05-2024
ALIVE;2018-229;K:LCD-2018-229*3;;Lantana camara 'Bandana Cherry';Lantana;Verbenaceae;;;;15-10-2024
ALIVE;2018-229;K:LCD-2018-229*2;;Lantana camara 'Bandana Cherry';Lantana;Verbenaceae;;;;09-01-2025
ALIVE;2023-0615;K:LCD-2023-0615*3;Jovellana violacea;Jovellana violacea;Jovellana;Calceolariaceae;;;;19-07-2024
ALIVE;2023-0615;K:LCD-2023-0615*5;Jovellana violacea;Jovellana violacea;Jovellana;Calceolariaceae;;;;19-07-2024
ALIVE;1989-3464;K:LCD-1989-3464*4;Fuchsia paniculata;Fuchsia paniculata;Fuchsia;Onagraceae;;;;19-07-2024
ALIVE;1989-3464;K:LCD-1989-3464*3;Fuchsia paniculata;Fuchsia paniculata;Fuchsia;Onagraceae;;;;19-07-2024
ALIVE;1989-3464;K:LCD-1989-3464*2;Fuchsia paniculata;Fuchsia paniculata;Fuchsia;Onagraceae;;;;19-07-2024
ALIVE;2023-1010;K:LCD-2023-1010*3;Strobilanthes;Strobilanthes;Strobilanthes;Acanthaceae;;;China;09-07-2024
ALIVE;2006-561;K:LCD-2006-561*6;Bletilla striata;Bletilla striata;Bletilla;Orchidaceae;;;;20-01-2025
ALIVE;2006-561;K:LCD-2006-561*4;Bletilla striata;Bletilla striata;Bletilla;Orchidaceae;;;;12-06-2024
ALIVE;2004-818;K:LCD-2004-818*3;Sabal;Sabal;Sabal;Arecaceae;;;;01-02-2024
ALIVE;2004-1971;K:LCD-2004-1971*5;Sabal palmetto;Sabal palmetto;Sabal;Arecaceae;;;;29-07-2022
ALIVE;2004-610;K:LCD-2004-610*3;;Phragmipedium Eva gx;Phragmipedium;Orchidaceae;;;;01-02-2024
ALIVE;1975-3443;K:LCD-1975-3443*3;Widdringtonia nodiflora;Widdringtonia nodiflora;Widdringtonia;Cupressaceae;;N - Natural Source and Progeny;South Africa;23-06-2022
ALIVE;1959-19801;K:LCD-1959-19801*2;Shawia argophylla;Olearia argophylla;Olearia;Asteraceae;;;;17-10-2023
ALIVE;1950-39305;K:LCD-1950-39305*2;Maurandya barclayana;Maurandya barclayana;Maurandya;Plantaginaceae;;;;07-02-2024
ALIVE;2023-2158;K:LCD-2023-2158*1;Hakea salicifolia;Hakea salicifolia;Hakea;Proteaceae;;;;18-07-2024
ALIVE;2002-2051;K:LCD-2002-2051*8;Stanhopea oculata;Stanhopea oculata;Stanhopea;Orchidaceae;;;;07-02-2024
ALIVE;2021-1117;K:LCD-2021-1117*1;Nageia nagi;Nageia nagi;Nageia;Podocarpaceae;;;;20-01-2025
ALIVE;2002-462;K:LCD-2002-462*3;Felicia amelloides;Felicia amelloides;Felicia;Asteraceae;;;;11-06-2024
ALIVE;2004-2192;K:LCD-2004-2192*4;Pelargonium cucullatum subsp. cucullatum;Pelargonium tricuspidatum;Pelargonium;Geraniaceae;;;;23-06-2022
ALIVE;2015-1862;K:LCD-2015-1862*3;Entelea arborescens;Entelea arborescens;Entelea;Malvaceae;;;;02-01-2025
ALIVE;2022-826;K:LCD-2022-826*2;Dahlia imperialis;Dahlia imperialis;Dahlia;Asteraceae;;;;01-02-2024
ALIVE;1991-52;K:LCD-1991-52*4;Acacia decora;Acacia decora;Acacia;Fabaceae;;N - Natural Source and Progeny;Australia;17-10-2023
ALIVE;2007-2196;K:LCD-2007-2196*3;Echium simplex;Echium simplex;Echium;Boraginaceae;;;Spain;28-07-2022
ALIVE;1993-3101;K:LCD-1993-3101*3;Coleus argentifolius;Plectranthus argentifolius;Plectranthus;Lamiaceae;;N - Natural Source and Progeny;Somalia;17-08-2023
ALIVE;2020-945;K:LCD-2020-945*2;Podachaenium eminens;Podachaenium eminens;Podachaenium;Asteraceae;;N - Natural Source and Progeny;Mexico;18-04-2024
ALIVE;1970-4912;K:LCD-1970-4912*3;Calicotome spinosa;Calicotome spinosa;Calicotome;Fabaceae;;N - Natural Source and Progeny;Spain;23-06-2022
ALIVE;2020-930;K:LCD-2020-930*3;Euphorbia santamariae;Euphorbia stygiana subsp. santamariae;Euphorbia;Euphorbiaceae;;;;23-03-2024
ALIVE;2022-826;K:LCD-2022-826*1;Dahlia imperialis;Dahlia imperialis;Dahlia;Asteraceae;;;;01-02-2024
ALIVE;2012-595;K:LCD-2012-595*3;;Gloxinia sylvatica 'Glasnevin Jubilee';Gloxinia;Gesneriaceae;;;;28-11-2024
ALIVE;1928-33501;K:LCD-1928-33501*3;Zephyranthes formosissima;Sprekelia formosissima;Sprekelia;Amaryllidaceae;;;;16-05-2024
ALIVE;2023-1019;K:LCD-2023-1019*1;Myosotidium hortensia;Myosotidium hortensia;Myosotidium;Boraginaceae;;;;27-03-2024
ALIVE;1969-12118;K:LCD-1969-12118*3;Burchellia bubalina;Burchellia capensis;Burchellia;Rubiaceae;;;;08-08-2024
ALIVE;2022-1004;K:LCD-2022-1004*1;Banksia blechnifolia;Banksia blechnifolia;Banksia;Proteaceae;;;;02-01-2025
ALIVE;2019-2533;K:LCD-2019-2533*2;Rumex lunaria;Rumex lunaria;Rumex;Polygonaceae;;N - Natural Source and Progeny;;28-05-2024
ALIVE;1983-4899;K:LCD-1983-4899*4;Pilea laevicaulis;Pilea laevicaulis;Pilea;Urticaceae;;;Mauritius;21-07-2022
ALIVE;2001-3619;K:LCD-2001-3619*4;Erica verticillata;Erica verticillata;Erica;Ericaceae;;;;21-03-2024
ALIVE;1963-44202;K:LCD-1963-44202*4;Felicia amelloides;Felicia amelloides;Felicia;Asteraceae;;;;08-08-2024
ALIVE;2016-95;K:LCD-2016-95*3;Cupressus cashmeriana;Cupressus cashmeriana;Cupressus;Cupressaceae;;N - Natural Source and Progeny;Bhutan;22-05-2024
ALIVE;2016-2057;K:LCD-2016-2057*2;Restio paniculatus;Restio paniculatus;Restio;Restionaceae;;;South Africa;21-08-2023
ALIVE;1965-47203;K:LCD-1965-47203*4;Sideroxylon inerme;Sideroxylon inerme;Sideroxylon;Sapotaceae;;;;23-06-2022
ALIVE;2020-1141;K:LCD-2020-1141*2;Blechnum tabulare;Blechnum tabulare;Blechnum;Aspleniaceae;;;;23-06-2022
ALIVE;2023-1634;K:LCD-2023-1634*1;Conocephalum conicum;Conocephalum conicum;Conocephalum;Conocephalaceae;;;;27-03-2024
ALIVE;1996-2436;K:LCD-1996-2436*4;Coleonema pulchellum;Coleonema pulchellum;Coleonema;Rutaceae;;;;14-02-2024
ALIVE;2023-2160;K:LCD-2023-2160*1;Melaleuca nesophila;Melaleuca nesophila;Melaleuca;Myrtaceae;;;;18-12-2023
ALIVE;1991-1584;K:LCD-1991-1584*2;;Strelitzia reginae 'Mandela's Gold';Strelitzia;Strelitziaceae;;;;23-06-2022
ALIVE;1969-2875;K:LCD-1969-2875*2;Nolina palmeri;Nolina palmeri;Nolina;Asparagaceae;;N - Natural Source and Progeny;Mexico;25-07-2022
ALIVE;1990-3078;K:LCD-1990-3078*4;Gloriosa modesta;Gloriosa modesta;Gloriosa;Colchicaceae;;;;18-07-2024
ALIVE;1946-31907;K:LCD-1946-31907*8;Oncidium sphacelatum;Oncidium sphacelatum;Oncidium;Orchidaceae;;;;25-01-2024
ALIVE;2015-1481;K:LCD-2015-1481*2;Wrightia vietnamensis;Wrightia vietnamensis;Wrightia;Apocynaceae;;N - Natural Source and Progeny;Vietnam;24-05-2024
ALIVE;2001-3621;K:LCD-2001-3621*4;Erica canaliculata;Erica canaliculata;Erica;Ericaceae;;;;18-08-2023
ALIVE;2020-976;K:LCD-2020-976*2;Sonchus acaulis;Sonchus acaulis;Sonchus;Asteraceae;;;;26-01-2024
ALIVE;2017-433;K:LCD-2017-433*6;Brugmansia sanguinea;Brugmansia sanguinea;Brugmansia;Solanaceae;;;Peru;28-11-2024
ALIVE;2021-344;K:LCD-2021-344*3;Cantua buxifolia;Cantua buxifolia;Cantua;Polemoniaceae;;N - Natural Source and Progeny;;29-01-2024
ALIVE;2020-957;K:LCD-2020-957*2;Cussonia paniculata;Cussonia paniculata;Cussonia;Araliaceae;;;;28-11-2024
ALIVE;1975-4262;K:LCD-1975-4262*2;Olea europaea subsp. europaea;Olea europaea var. sylvestris;Olea;Oleaceae;;N - Natural Source and Progeny;Spain;28-07-2022
ALIVE;2019-2882;K:LCD-2019-2882*3;Gardenia thunbergia;Gardenia thunbergia;Gardenia;Rubiaceae;;;;23-06-2022
ALIVE;1986-642;K:LCD-1986-642*4;Pelargonium citriodorum;Pelargonium citriodorum;Pelargonium;Geraniaceae;;;;23-06-2022
ALIVE;1961-9001;K:LCD-1961-9001*4;Erica verticillata;Erica verticillata;Erica;Ericaceae;;;;22-10-2024
ALIVE;1994-2157;K:LCD-1994-2157*6;Dahlia coccinea;Dahlia coccinea;Dahlia;Asteraceae;;N - Natural Source and Progeny;Mexico;08-02-2024
ALIVE;1971-2785;K:LCD-1971-2785*2;Sophora howinsula;Sophora howinsula;Sophora;Fabaceae;;;;28-07-2022
ALIVE;2014-2022;K:LCD-2014-2022*2;;Brugmansia 'Georgia Peach';Brugmansia;Solanaceae;;;;10-10-2024
ALIVE;2021-609;K:LCD-2021-609*3;Digitalis sceptrum;Digitalis sceptrum;Digitalis;Plantaginaceae;;;Portugal;28-07-2022
ALIVE;1971-1046;K:LCD-1971-1046*3;Pittosporum fairchildii;Pittosporum fairchildii;Pittosporum;Pittosporaceae;;N - Natural Source and Progeny;New Zealand;12-06-2024
ALIVE;2023-1430;K:LCD-2023-1430*3;Gunnera killipiana;Gunnera killipiana;Gunnera;Gunneraceae;;N - Natural Source and Progeny;Guatemala;14-02-2024
ALIVE;2023-1430;K:LCD-2023-1430*2;Gunnera killipiana;Gunnera killipiana;Gunnera;Gunneraceae;;N - Natural Source and Progeny;Guatemala;28-11-2024
ALIVE;1999-2912;K:LCD-1999-2912*9;Cattleya maxima;Cattleya maxima;Cattleya;Orchidaceae;;;Ecuador;25-01-2024
ALIVE;2021-700;K:LCD-2021-700*2;Manfreda petskinil;Agave petskinil;Agave;Asparagaceae;;;;30-01-2024
ALIVE;2006-1014;K:LCD-2006-1014*9;Cymbidium tracyanum;Cymbidium tracyanum;Cymbidium;Orchidaceae;;;;20-05-2024
;;2056;;;;;;;;
