species;family
Abarema josephi;Fabaceae
Abelia biflora;Linnaeaceae
Abelia biflora;Linnaeaceae
Abelia chinensis;Linnaeaceae
Abelia longituba;Linnaeaceae
Abelia mosanensis;Linnaeaceae
Abelia mosanensis;Linnaeaceae
Abelia mosanensis;Linnaeaceae
Abelia triflora;Linnaeaceae
Abelia x grandiflora;Linnaeaceae
Abelia x grandiflora;Linnaeaceae
Abelia x grandiflora;Linnaeaceae
Abelia x grandiflora;Linnaeaceae
Abelia x grandiflora;Linnaeaceae
Abelia x grandiflora;Linnaeaceae
Abeliophyllum distichum;Oleaceae
Abelmoschus moschatus;Malvaceae
Abies concolor;Pinaceae
Abies georgei;Pinaceae
Abies kawakamii;Pinaceae
Abies koreana;Pinaceae
Abies koreana;Pinaceae
Abies pinsapo;Pinaceae
Abies pinsapo;Pinaceae
Abies religiosa;Pinaceae
Abies veitchii;Pinaceae
Abroma augusta;Malvaceae
Abroma augustum;Malvaceae
Abutilon darwinii;Malvaceae
Abutilon grandifolium;Malvaceae
Abutilon hybr.;Malvaceae
Abutilon hybr.;Malvaceae
Abutilon hybr.;Malvaceae
Abutilon megapotamicum;Malvaceae
Acacia neriifolia;Fabaceae
Acacia auriculiformis;Fabaceae
Acacia boormanii;Fabaceae
Acacia cornigera;Fabaceae
Acacia cultriformis;Fabaceae
Acacia dealbata;Fabaceae
Acacia dealbata;Fabaceae
Acacia erioloba;Fabaceae
Acacia grandicornuta;Fabaceae
Acacia haematoxylon;Fabaceae
Acacia heterophylla;Fabaceae
Acacia karroo;Fabaceae
Acacia karroo;Fabaceae
Acacia mearnsii;Fabaceae
Acacia montis-usti;Fabaceae
Acacia nanodealbata;Fabaceae
Acacia paradoxa;Fabaceae
Acacia paradoxa;Fabaceae
Acacia pravissima;Fabaceae
Acacia pycnantha;Fabaceae
Acacia pycnantha;Fabaceae
Acacia retinodes;Fabaceae
Acacia riceana;Fabaceae
Acacia sp.;Fabaceae
Acacia sp.;Fabaceae
Acacia sp.;Fabaceae
Acacia sp.;Fabaceae
Acacia sp.;Fabaceae
Acacia sp.;Fabaceae
Acacia sp.;Fabaceae
Acacia suaveolens;Fabaceae
Acacia suaveolens;Fabaceae
Acacia swazica;Fabaceae
Acacia verticillata;Fabaceae
Acaena buchananii;Rosaceae
Acaena inermis;Rosaceae
Acaena microphylla;Rosaceae
Acaena novae-zelandiae;Rosaceae
Acalypha sp.;Euphorbiaceae
Acanthephippium mantinianum;Orchidaceae
Acanthephippium sp.;Orchidaceae
Acanthephippium striatum;Orchidaceae
Acanthephippium sylhetense;Orchidaceae
Acantholimon armenum;Plumbaginaceae
Acantholimon armenum;Plumbaginaceae
Acantholimon caryophyllaceum;Plumbaginaceae
Acantholimon glumaceum;Plumbaginaceae
Acantholimon glumaceum;Plumbaginaceae
Acantholimon kotschyi;Plumbaginaceae
Acantholimon kotschyi;Plumbaginaceae
Acantholimon ulicinum;Plumbaginaceae
Acanthopanax divaricatus;Araliaceae
Acanthopanax gracilistylus;Araliaceae
Acanthopanax henryi;Araliaceae
Acanthopanax lasiogyne;Araliaceae
Acanthopanax nikaianus;Araliaceae
Acanthopanax nikaianus;Araliaceae
Acanthopanax senticosus;Araliaceae
Acanthopanax senticosus;Araliaceae
Acanthopanax sessiliflorus;Araliaceae
Acanthopanax sieboldianus;Araliaceae
Acanthopanax simoni;Araliaceae
Acanthopanax sp.;Araliaceae
Acanthopanax trifoliatus;Araliaceae
Acanthophoenix rousselii;Arecaceae
Acanthostachys pittcarnioides;Bromeliaceae
Acanthostachys strobilacea;Bromeliaceae
Acanthus balcanicus;Acanthaceae
Acanthus hungaricus;Acanthaceae
Acanthus mollis;Acanthaceae
Acca sellowiana;Myrtaceae
Acca sellowiana;Myrtaceae
Acer albopurpurascens;Sapindaceae
Acer campbellii;Sapindaceae
Acer campbellii;Sapindaceae
Acer campestre;Sapindaceae
Acer campestre;Sapindaceae
Acer campestre;Sapindaceae
Acer cappadocicum;Sapindaceae
Acer cappadocicum;Sapindaceae
Acer cappadocicum;Sapindaceae
Acer carpinifolium;Sapindaceae
Acer circinatum;Sapindaceae
Acer cissifolium;Sapindaceae
Acer davidii;Sapindaceae
Acer davidii;Sapindaceae
Acer davidii;Sapindaceae
Acer davidii x tegmentosum;Sapindaceae
Acer divergens;Sapindaceae
Acer ginnala;Sapindaceae
Acer ginnala;Sapindaceae
Acer griseum;Sapindaceae
Acer grosseri;Sapindaceae
Acer hyrcanum;Sapindaceae
Acer japonicum;Sapindaceae
Acer japonicum;Sapindaceae
Acer japonicum;Sapindaceae
Acer laxiflorum;Sapindaceae
Acer macrophyllum;Sapindaceae
Acer mandshuricum;Sapindaceae
Acer miyabei;Sapindaceae
Acer mono;Sapindaceae
Acer monspessulanum;Sapindaceae
Acer monspessulanum;Sapindaceae
Acer monspessulanum;Sapindaceae
Acer negundo;Sapindaceae
Acer negundo;Sapindaceae
Acer negundo;Sapindaceae
Acer negundo;Sapindaceae
Acer nigrum;Sapindaceae
Acer nikoense;Sapindaceae
Acer nikoense;Sapindaceae
Acer ningpoense;Sapindaceae
Acer obtusatum;Sapindaceae
Acer obtusifolium;Sapindaceae
Acer oliverianum;Sapindaceae
Acer opalus;Sapindaceae
Acer palmatum;Sapindaceae
Acer palmatum;Sapindaceae
Acer palmatum;Sapindaceae
Acer palmatum;Sapindaceae
Acer palmatum;Sapindaceae
Acer palmatum;Sapindaceae
Acer palmatum;Sapindaceae
Acer palmatum;Sapindaceae
Acer palmatum;Sapindaceae
Acer palmatum;Sapindaceae
Acer palmatum;Sapindaceae
Acer palmatum;Sapindaceae
Acer palmatum;Sapindaceae
Acer palmatum;Sapindaceae
Acer palmatum;Sapindaceae
Acer palmatum;Sapindaceae
Acer palmatum;Sapindaceae
Acer palmatum;Sapindaceae
Acer palmatum;Sapindaceae
Acer palmatum;Sapindaceae
Acer palmatum;Sapindaceae
Acer palmatum;Sapindaceae
Acer palmatum;Sapindaceae
Acer palmatum;Sapindaceae
Acer palmatum;Sapindaceae
Acer pensylvanicum;Sapindaceae
Acer pictum;Sapindaceae
Acer pictum;Sapindaceae
Acer platanoides;Sapindaceae
Acer platanoides;Sapindaceae
Acer platanoides;Sapindaceae
Acer platanoides;Sapindaceae
Acer pseudoplatanus;Sapindaceae
Acer pseudoplatanus;Sapindaceae
Acer pseudoplatanus;Sapindaceae
Acer pseudoplatanus;Sapindaceae
Acer rubrum;Sapindaceae
Acer rubrum;Sapindaceae
Acer rubrum;Sapindaceae
Acer rubrum;Sapindaceae
Acer rubrum;Sapindaceae
Acer rubrum;Sapindaceae
Acer rubrum;Sapindaceae
Acer rubrum;Sapindaceae
Acer rufinerve;Sapindaceae
Acer rufinerve;Sapindaceae
Acer saccharinum;Sapindaceae
Acer saccharum;Sapindaceae
Acer saccharum;Sapindaceae
Acer saccharum;Sapindaceae
Acer semenovii;Sapindaceae
Acer sieboldianum;Sapindaceae
Acer stachyophyllum;Sapindaceae
Acer sterculiaceum;Sapindaceae
Acer tataricum;Sapindaceae
Acer truncatum;Sapindaceae
Acer truncatum;Sapindaceae
Acianthera geminicaulina;Orchidaceae
Acianthera lanceana;Orchidaceae
Acianthera prolifera;Orchidaceae
Acicarpha tribuloides;Calyceraceae
Acineta densa;Orchidaceae
Acineta erythroxantha;Orchidaceae
Acineta chrysantha;Orchidaceae
Acineta moorei;Orchidaceae
Acineta superba;Orchidaceae
Acineta superba;Orchidaceae
Acis autumnalis;Amaryllidaceae
Acis nicaeensis;Amaryllidaceae
Acmopyle pancheri;Podocarpaceae
Acmopyle sahniana;Podocarpaceae
Acokanthera oblongifolia;Apocynaceae
Aconitum anthora;Ranunculaceae
Aconitum austroyunnanense;Ranunculaceae
Aconitum barbatum;Ranunculaceae
Aconitum carmichaelii;Ranunculaceae
Aconitum carmichaelii;Ranunculaceae
Aconitum carmichaelii;Ranunculaceae
Aconitum compactum;Ranunculaceae
Aconitum episcopale;Ranunculaceae
Aconitum firmum;Ranunculaceae
Aconitum formosanum;Ranunculaceae
Aconitum fukutomei;Ranunculaceae
Aconitum hemsleyanum;Ranunculaceae
Aconitum chiisanense;Ranunculaceae
Aconitum jaluense;Ranunculaceae
Aconitum krylovii;Ranunculaceae
Aconitum kusnezoffii;Ranunculaceae
Aconitum laciniatum;Ranunculaceae
Aconitum lycoctonum;Ranunculaceae
Aconitum napellus;Ranunculaceae
Aconitum napellus;Ranunculaceae
Aconitum napellus;Ranunculaceae
Aconitum napellus;Ranunculaceae
Aconitum napellus;Ranunculaceae
Aconitum napellus;Ranunculaceae
Aconitum napellus;Ranunculaceae
Aconitum napiforme;Ranunculaceae
Aconitum plicatum;Ranunculaceae
Aconitum plicatum;Ranunculaceae
Aconitum sachalinense;Ranunculaceae
Aconitum sp.;Ranunculaceae
Aconitum uchiyamai;Ranunculaceae
Aconitum variegatum;Ranunculaceae
Acorellus pannonicus;Cyperaceae
Acorus calamus;Acoraceae
Acorus calamus;Acoraceae
Acorus calamus;Acoraceae
Acridocarpus austrocaledonicus;Malpighiaceae
Acriopsis javanica;Orchidaceae
Actaea alba;Ranunculaceae
Actaea arizonica;Ranunculaceae
Actaea biternata;Ranunculaceae
Actaea japonica;Ranunculaceae
Actaea japonica;Ranunculaceae
Actaea mairei;Ranunculaceae
Actaea pachypoda;Ranunculaceae
Actaea podocarpa;Ranunculaceae
Actaea racemosa;Ranunculaceae
Actaea racemosa;Ranunculaceae
Actaea racemosa;Ranunculaceae
Actaea rubra;Ranunculaceae
Actaea rubra;Ranunculaceae
Actaea rubra;Ranunculaceae
Actaea simplex;Ranunculaceae
Actaea simplex;Ranunculaceae
Actaea simplex;Ranunculaceae
Actaea simplex;Ranunculaceae
Actaea simplex;Ranunculaceae
Actaea simplex;Ranunculaceae
Actaea simplex;Ranunculaceae
Actaea simplex;Ranunculaceae
Actaea sp.;Ranunculaceae
Actaea spicata;Ranunculaceae
Actinidia arguta;Actinidiaceae
Actinidia arguta;Actinidiaceae
Actinidia arguta;Actinidiaceae
Actinidia arguta;Actinidiaceae
Actinidia deliciosa;Actinidiaceae
Actinidia deliciosa;Actinidiaceae
Actinidia deliciosa;Actinidiaceae
Actinidia deliciosa;Actinidiaceae
Actinidia chinensis;Actinidiaceae
Actinidia kolomikta;Actinidiaceae
Actinidia kolomikta;Actinidiaceae
Actinidia kolomikta;Actinidiaceae
Actinidia kolomikta;Actinidiaceae
Actinidia kolomikta;Actinidiaceae
Actinidia kolomikta;Actinidiaceae
Actinidia pilosula;Actinidiaceae
Actinidia sp.;Actinidiaceae
Actinokentia divaricata;Arecaceae
Actinostrobus acuminatus;Cupressaceae
Actinostrobus arenarius;Cupressaceae
Actinostrobus pyramidalis;Cupressaceae
Ada aurantiaca;Orchidaceae
Adansonia digitata;Malvaceae
Adansonia digitata;Malvaceae
Adansonia digitata;Malvaceae
Adansonia digitata;Malvaceae
Adansonia digitata;Malvaceae
Adansonia fony;Malvaceae
Adansonia grandidieri;Malvaceae
Adansonia grandidieri;Malvaceae
Adansonia grandidieri;Malvaceae
Adansonia gregorii;Malvaceae
Adansonia gregorii;Malvaceae
Adansonia gregorii;Malvaceae
Adansonia perrieri;Malvaceae
Adansonia suarezensis;Malvaceae
Adansonia suarezensis;Malvaceae
Adansonia za;Malvaceae
Adansonia za;Malvaceae
Adansonia za;Malvaceae
Adelonema picturatum;
Adenia epigea;Passifloraceae
Adenia epigea;Passifloraceae
Adenia epigea;Passifloraceae
Adenia firingalavensis;Passifloraceae
Adenia firingalavensis;Passifloraceae
Adenia glauca;Passifloraceae
Adenia globosa;Passifloraceae
Adenia gummifera;Passifloraceae
Adenia isaloensis;Passifloraceae
Adenia keramanthus;Passifloraceae
Adenia lapiazicola;Passifloraceae
Adenia lindiensis;Passifloraceae
Adenia perrieri;Passifloraceae
Adenia perrieri;Passifloraceae
Adenia perrieri;Passifloraceae
Adenia perrieri;Passifloraceae
Adenia sp.;Passifloraceae
Adenia sp.;Passifloraceae
Adenia spinosa;Passifloraceae
Adenia spinosa;Passifloraceae
Adenia stenodactyla;Passifloraceae
Adenia stylosa;Passifloraceae
Adenia subsessilifolia;Passifloraceae
Adenia venenata;Passifloraceae
Adenium boehmianum;Apocynaceae
Adenium boehmianum;Apocynaceae
Adenium dhofarense;Apocynaceae
Adenium multiflorum;Apocynaceae
Adenium multiflorum;Apocynaceae
Adenium multiflorum;Apocynaceae
Adenium obesum;Apocynaceae
Adenium obesum;Apocynaceae
Adenium obesum;Apocynaceae
Adenium obesum;Apocynaceae
Adenium obesum;Apocynaceae
Adenium obesum;Apocynaceae
Adenium obesum;Apocynaceae
Adenium obesum;Apocynaceae
Adenium obesum;Apocynaceae
Adenium obesum;Apocynaceae
Adenium obesum;Apocynaceae
Adenium obesum;Apocynaceae
Adenium obesum;Apocynaceae
Adenium obesum;Apocynaceae
Adenium obesum;Apocynaceae
Adenium obesum;Apocynaceae
Adenium oleifolium;Apocynaceae
Adenium oleifolium;Apocynaceae
Adenium swazicum;Apocynaceae
Adenium swazicum;Apocynaceae
Adenium swazicum;Apocynaceae
Adenocarpus anagyrifolius;Fabaceae (s.str.)
Adenophora bulleyana;Campanulaceae
Adenophora liliifolia;Campanulaceae
Adenophora maximowicziana;Campanulaceae
Adenophora pereskiifolia;Campanulaceae
Adenophora remotiflora;Campanulaceae
Adenophora stricta;Campanulaceae
Adenophora stricta;Campanulaceae
Adenophora triphylla;Campanulaceae
Adiantopsis chlorophylla;Pteridaceae
Adiantum aethiopicum;Pteridaceae
Adiantum capillus-junonis;Pteridaceae
Adiantum capillus-veneris;Pteridaceae
Adiantum capillus-veneris;Pteridaceae
Adiantum capillus-veneris;Pteridaceae
Adiantum davidii;Pteridaceae
Adiantum davidii;Pteridaceae
Adiantum davidii;Pteridaceae
Adiantum davidii;Pteridaceae
Adiantum edentulum;Pteridaceae
Adiantum edgeworthii;Pteridaceae
Adiantum malesianum;Pteridaceae
Adiantum monochlamys;Pteridaceae
Adiantum pedatum;Pteridaceae
Adiantum peruvianum;Pteridaceae
Adiantum reniforme;Pteridaceae
Adiantum roborowskii;Pteridaceae
Adiantum sp.;Pteridaceae
Adiantum sp.;Pteridaceae
Adiantum sp.;Pteridaceae
Adiantum thalictroides;Pteridaceae
Adiantum trapeziforme;Pteridaceae
Adiantum trapeziforme;Pteridaceae
Adiantum venustum;Pteridaceae
Adiantum venustum;Pteridaceae
Adina pilulifera;Rubiaceae
Adina rubella;Rubiaceae
Adonis aestivalis;Ranunculaceae
Adonis annua;Ranunculaceae
Adonis vernalis;Ranunculaceae
Adromischus cristatus;Crassulaceae
Adromischus cristatus;Crassulaceae
Adromischus cristatus;Crassulaceae
Adromischus filicaulis;Crassulaceae
Adromischus marianae;Crassulaceae
Aeginetia indica;Orobanchaceae
Aegiphila bogotensis;Lamiaceae
Aechmaea tillansioides;Bromeliaceae
Aechmea aquilega;Bromeliaceae
Aechmea bracteata;Bromeliaceae
Aechmea bracteata;Bromeliaceae
Aechmea bromeliifolia;Bromeliaceae
Aechmea caerulescens;Bromeliaceae
Aechmea calyculata;Bromeliaceae
Aechmea coelestis;Bromeliaceae
Aechmea correia-arauji;Bromeliaceae
Aechmea fasciata;Bromeliaceae
Aechmea gamosepala;Bromeliaceae
Aechmea hybr.;Bromeliaceae
Aechmea melinonii;Bromeliaceae
Aechmea nudicaulis;Bromeliaceae
Aechmea penduliflora;Bromeliaceae
Aechmea pyramidalis;Bromeliaceae
Aechmea sp.;Bromeliaceae
Aechmea sp.;Bromeliaceae
Aechmea sp.;Bromeliaceae
Aechmea sp.;Bromeliaceae
Aechmea sp.;Bromeliaceae
Aechmea sp.;Bromeliaceae
Aechmea spectabilis;Bromeliaceae
Aechmea tillandsioides;Bromeliaceae
Aechmea weberbaueri;Bromeliaceae
Aeollanthus sp.;Lamiaceae
Aeollanthus subacaulis;Lamiaceae
Aeollanthus subacaulis;Lamiaceae
Aeollanthus subacaulis;Lamiaceae
Aeollanthus subacaulis;Lamiaceae
Aeollanthus subacaulis;Lamiaceae
Aeonium arboreum;Crassulaceae
Aeonium canariense;Crassulaceae
Aeonium cuneatum;Crassulaceae
Aeonium decorum;Crassulaceae
Aeonium glutinosum;Crassulaceae
Aeonium gomerense;Crassulaceae
Aeonium goochiae;Crassulaceae
Aeonium haworthii;Crassulaceae
Aeonium hierrense;Crassulaceae
Aeonium lancerottense;Crassulaceae
Aeonium leucoblepharum;Crassulaceae
Aeonium lindleyi;Crassulaceae
Aeonium lindleyi;Crassulaceae
Aeonium mascaense;Crassulaceae
Aeonium nobile;Crassulaceae
Aeonium percarneum;Crassulaceae
Aeonium saundersii;Crassulaceae
Aeonium smithii;Crassulaceae
Aeonium smithii;Crassulaceae
Aeonium sp.;Crassulaceae
Aeonium spathulatum;Crassulaceae
Aeonium tabulaeforme;Crassulaceae
Aeonium urbicum;Crassulaceae
Aeonium volkeri;Crassulaceae
Aerangis articulata;Orchidaceae
Aerangis citrata;Orchidaceae
Aerangis coriacea;Orchidaceae
Aerangis fastuosa;Orchidaceae
Aerangis fastuosa;Orchidaceae
Aerangis hildebrandtii;Orchidaceae
Aerangis kotschyana;Orchidaceae
Aerangis macrocentra;Orchidaceae
Aerangis mooreana;Orchidaceae
Aerangis mystacidii;Orchidaceae
Aerangis punctata;Orchidaceae
Aerangis punctata;Orchidaceae
Aerangis rhodosticta;Orchidaceae
Aerangis stylosa;Orchidaceae
Aeranthes denticulata;Orchidaceae
Aeranthes filipes;Orchidaceae
Aeranthes filipes;Orchidaceae
Aeranthes grandiflora;Orchidaceae
Aeranthes henrici;Orchidaceae
Aeranthes henrici;Orchidaceae
Aerides falcata;Orchidaceae
Aerides odorata;Orchidaceae
Aerides odorata;Orchidaceae
Aerides odorata;Orchidaceae
Aerides rubescens;Orchidaceae
Aerides sp.;Orchidaceae
Aerides sp.;Orchidaceae
Aerides sp.;Orchidaceae
Aerococcus micranthus;Bromeliaceae
Aesculus;Sapindaceae
Aesculus flava;Sapindaceae
Aesculus flava;Sapindaceae
Aesculus glabra;Sapindaceae
Aesculus hippocastanum;Sapindaceae
Aesculus hippocastanum;Sapindaceae
Aesculus hippocastanum;Sapindaceae
Aesculus hippocastanum;Sapindaceae
Aesculus hippocastanum;Sapindaceae
Aesculus hippocastanum;Sapindaceae
Aesculus hippocastanum;Sapindaceae
Aesculus hyppocastanum;Sapindaceae
Aesculus hyppocastanum;Sapindaceae
Aesculus chinensis;Sapindaceae
Aesculus neglecta;Sapindaceae
Aesculus parviflora;Sapindaceae
Aesculus woerlitzensis;Sapindaceae
Aesculus x carnea;Sapindaceae
Aesculus x carnea;Sapindaceae
Aesculus x carnea;Sapindaceae
Aesculus x carnea;Sapindaceae
Aesculus x mutabilis;Sapindaceae
Aesculus x mutabilis;Sapindaceae
Aesculus x mutabilis;Sapindaceae
Aeschynanthus andersonii;Gesneriaceae
Aeschynanthus bracteatus;Gesneriaceae
Aeschynanthus buxifolius;Gesneriaceae
Aeschynanthus denticuliger;Gesneriaceae
Aeschynanthus evrardii;Gesneriaceae
Aeschynanthus hosseusianus;Gesneriaceae
Aeschynanthus hybr.;Gesneriaceae
Aeschynanthus membranifolius;Gesneriaceae
Aeschynanthus micranthus;Gesneriaceae
Aeschynanthus parasiticus;Gesneriaceae
Aeschynanthus pulcher x denticuliger;Gesneriaceae
Aeschynanthus radicans;Gesneriaceae
Aeschynanthus radicans;Gesneriaceae
Aeschynanthus sp.;Gesneriaceae
Aeschynanthus sp.;Gesneriaceae
Aeschynanthus sp.;Gesneriaceae
Aeschynanthus sp.;Gesneriaceae
Aeschynanthus sp.;Gesneriaceae
Aeschynanthus sp.;Gesneriaceae
Aeschynanthus sp.;Gesneriaceae
Aeschynanthus sp.;Gesneriaceae
Aeschynanthus sp.;Gesneriaceae
Aeschynanthus speciosus;Gesneriaceae
Aeschynanthus tricolor;Gesneriaceae
Aethionema antitaurii;Brassicaceae
Aethionema armenum;Brassicaceae
Aethionema carneum;Brassicaceae
Aethionema coridifolium;Brassicaceae
Aethionema edentulum;Brassicaceae
Aethionema grandiflorum;Brassicaceae
Aethionema kotschyi;Brassicaceae
Aethionema lepidioides;Brassicaceae
Aethionema membranaceum;Brassicaceae
Aethionema pulchellum;Brassicaceae
Aethionema saxatile;Brassicaceae
Aethionema schistosum;Brassicaceae
Aethionema sp.;Brassicaceae
Aethionema speciosum;Brassicaceae
Aethionema thomasianum;Brassicaceae
Aethionema thomasianum;Brassicaceae
Aframomum chrysanthum;Zingiberaceae
Aframomum melegueta;Zingiberaceae
Aframomum melegueta;Zingiberaceae
Aframomum melegueta;Zingiberaceae
Aframomum sp.;Zingiberaceae
Aframomum sp.;Zingiberaceae
Aframomum sp.;Zingiberaceae
Aframomum sp.;Zingiberaceae
Aframomum zambesiacum;Zingiberaceae
Afrocarpus gaussenii;Podocarpaceae
Afrocarpus gracilior;Podocarpaceae
Afrocarpus gracilior;Podocarpaceae
Afrocarpus mannii;Podocarpaceae
Afrocarpus mannii;Podocarpaceae
Afrolimon purpuratum;Plumbaginaceae
Agalmyla chorisepala;Gesneriaceae
Agapanthus africanus;Amaryllidaceae (Agapanthaceae)
Agapanthus campanulatus;Amaryllidaceae (Agapanthaceae)
Agapanthus campanulatus;Amaryllidaceae (Agapanthaceae)
Agapanthus campanulatus;Amaryllidaceae (Agapanthaceae)
Agapanthus hybr.;Amaryllidaceae (Agapanthaceae)
Agapanthus hybr.;Amaryllidaceae (Agapanthaceae)
Agapanthus hybr.;Amaryllidaceae (Agapanthaceae)
Agapanthus hybr.;Amaryllidaceae (Agapanthaceae)
Agapanthus hybr.;Amaryllidaceae (Agapanthaceae)
Agapanthus hybr.;Amaryllidaceae (Agapanthaceae)
Agapanthus hybr.;Amaryllidaceae (Agapanthaceae)
Agapanthus hybr.;Amaryllidaceae (Agapanthaceae)
Agapanthus hybr.;Amaryllidaceae (Agapanthaceae)
Agapanthus hybr.;Amaryllidaceae (Agapanthaceae)
Agapanthus hybr.;Amaryllidaceae (Agapanthaceae)
Agapanthus hybr.;Amaryllidaceae (Agapanthaceae)
Agapanthus hybr.;Amaryllidaceae (Agapanthaceae)
Agapanthus hybr.;Amaryllidaceae (Agapanthaceae)
Agapanthus hybr.;Amaryllidaceae (Agapanthaceae)
Agapanthus hybr.;Amaryllidaceae (Agapanthaceae)
Agapanthus hybr.;Amaryllidaceae (Agapanthaceae)
Agapanthus hybr.;Amaryllidaceae (Agapanthaceae)
Agapanthus hybr.;Amaryllidaceae (Agapanthaceae)
Agapanthus hybr.;Amaryllidaceae (Agapanthaceae)
Agapanthus hybr.;Amaryllidaceae (Agapanthaceae)
Agapanthus hybr.;Amaryllidaceae (Agapanthaceae)
Agapanthus hybr.;Amaryllidaceae (Agapanthaceae)
Agapanthus hybr.;Amaryllidaceae (Agapanthaceae)
Agapanthus hybr.;Amaryllidaceae (Agapanthaceae)
Agapanthus hybr.;Amaryllidaceae (Agapanthaceae)
Agapanthus hybr.;Amaryllidaceae (Agapanthaceae)
Agapanthus hybr.;Amaryllidaceae (Agapanthaceae)
Agapanthus hybr.;Amaryllidaceae (Agapanthaceae)
Agapanthus hybr.;Amaryllidaceae (Agapanthaceae)
Agapanthus hybr.;Amaryllidaceae (Agapanthaceae)
Agapanthus hybr.;Amaryllidaceae (Agapanthaceae)
Agapanthus hybr.;Amaryllidaceae (Agapanthaceae)
Agapanthus hybr.;Amaryllidaceae (Agapanthaceae)
Agapanthus hybr.;Amaryllidaceae (Agapanthaceae)
Agapanthus hybr.;Amaryllidaceae (Agapanthaceae)
Agapanthus hybr.;Amaryllidaceae (Agapanthaceae)
Agapanthus hybr.;Amaryllidaceae (Agapanthaceae)
Agapanthus hybr.;Amaryllidaceae (Agapanthaceae)
Agapanthus hybr.;Amaryllidaceae (Agapanthaceae)
Agapanthus hybr.;Amaryllidaceae (Agapanthaceae)
Agapanthus hybr.;Amaryllidaceae (Agapanthaceae)
Agapanthus inapertus;Amaryllidaceae (Agapanthaceae)
Agapanthus inapertus;Amaryllidaceae (Agapanthaceae)
Agapanthus praecox;Amaryllidaceae (Agapanthaceae)
Agapanthus praecox;Amaryllidaceae (Agapanthaceae)
Agapanthus praecox;Amaryllidaceae (Agapanthaceae)
Agapanthus praecox;Amaryllidaceae (Agapanthaceae)
Agapanthus praecox;Amaryllidaceae (Agapanthaceae)
Agapanthus praecox;Amaryllidaceae (Agapanthaceae)
Agapanthus sp.;Amaryllidaceae (Agapanthaceae)
Agapetes serpens;Ericaceae
Agapetes serpens;Ericaceae
Agastache cana;Lamiaceae
Agastache foeniculum;Lamiaceae
Agastache hybr.;Lamiaceae
Agastache hybr.;Lamiaceae
Agastache nepetoides;Lamiaceae
Agastache occidentalis;Lamiaceae
Agastache rugosa;Lamiaceae
Agastache rugosa;Lamiaceae
Agastache rupestris;Lamiaceae
Agastache scrophulariifolia;Lamiaceae
Agathis borneensis;Araucariaceae
Agathis borneensis;Araucariaceae
Agathis brownii;Araucariaceae
Agathis corbassonii;Araucariaceae
Agathis moorei;Araucariaceae
Agathis ovata;Araucariaceae
Agathis palmerstonii;Araucariaceae
Agave  vizcainoensis;Asparagaceae (Agavaceae)
Agave <x>leopoldii;Asparagaceae (Agavaceae)
Agave albopilosa;Asparagaceae (Agavaceae)
Agave americana;Asparagaceae (Agavaceae)
Agave americana;Asparagaceae (Agavaceae)
Agave americana;Asparagaceae (Agavaceae)
Agave americana;Asparagaceae (Agavaceae)
Agave asperrima;Asparagaceae (Agavaceae)
Agave asperrima;Asparagaceae (Agavaceae)
Agave attenuata;Asparagaceae (Agavaceae)
Agave attenuata;Asparagaceae (Agavaceae)
Agave bovicornuta;Asparagaceae (Agavaceae)
Agave calciphila;Asparagaceae (Agavaceae)
Agave cerulata;Asparagaceae (Agavaceae)
Agave cupreata;Asparagaceae (Agavaceae)
Agave deserti;Asparagaceae (Agavaceae)
Agave deserti;Asparagaceae (Agavaceae)
Agave evadens;Asparagaceae (Agavaceae)
Agave guadalajarana;Asparagaceae (Agavaceae)
Agave gypsophila;Asparagaceae (Agavaceae)
Agave havardiana;Asparagaceae (Agavaceae)
Agave havardiana;Asparagaceae (Agavaceae)
Agave havardiana;Asparagaceae (Agavaceae)
Agave horrida;Asparagaceae (Agavaceae)
Agave chiapensis;Asparagaceae (Agavaceae)
Agave impressa;Asparagaceae (Agavaceae)
Agave isthmensis;Asparagaceae (Agavaceae)
Agave karwinskii;Asparagaceae (Agavaceae)
Agave lechuguilla;Asparagaceae (Agavaceae)
Agave lechuguilla;Asparagaceae (Agavaceae)
Agave macroacantha;Asparagaceae (Agavaceae)
Agave maculata;Asparagaceae (Agavaceae)
Agave maculata;Asparagaceae (Agavaceae)
Agave margaritae;Asparagaceae (Agavaceae)
Agave mckelveyana;Asparagaceae (Agavaceae)
Agave mitis;Asparagaceae (Agavaceae)
Agave mitis;Asparagaceae (Agavaceae)
Agave montana;Asparagaceae (Agavaceae)
Agave multifilifera;Asparagaceae (Agavaceae)
Agave neomexicana;Asparagaceae (Agavaceae)
Agave nizandensis;Asparagaceae (Agavaceae)
Agave obscura;Asparagaceae (Agavaceae)
Agave obscura;Asparagaceae (Agavaceae)
Agave pablocarrilloi;Asparagaceae (Agavaceae)
Agave palmeri;Asparagaceae (Agavaceae)
Agave parrasana;Asparagaceae (Agavaceae)
Agave parryi;Asparagaceae (Agavaceae)
Agave parryi;Asparagaceae (Agavaceae)
Agave parryi;Asparagaceae (Agavaceae)
Agave parryi;Asparagaceae (Agavaceae)
Agave parryi;Asparagaceae (Agavaceae)
Agave polianthiflora;Asparagaceae (Agavaceae)
Agave potatorum;Asparagaceae (Agavaceae)
Agave sebastiana;Asparagaceae (Agavaceae)
Agave schidigera;Asparagaceae (Agavaceae)
Agave sisalana;Asparagaceae (Agavaceae)
Agave sp.;Asparagaceae (Agavaceae)
Agave sp.;Asparagaceae (Agavaceae)
Agave sp.;Asparagaceae (Agavaceae)
Agave sp.;Asparagaceae (Agavaceae)
Agave sp.;Asparagaceae (Agavaceae)
Agave sp.;Asparagaceae (Agavaceae)
Agave sp.;Asparagaceae (Agavaceae)
Agave sp.;Asparagaceae (Agavaceae)
Agave striata;Asparagaceae (Agavaceae)
Agave striata;Asparagaceae (Agavaceae)
Agave striata;Asparagaceae (Agavaceae)
Agave striata;Asparagaceae (Agavaceae)
Agave striata;Asparagaceae (Agavaceae)
Agave stricta;Asparagaceae (Agavaceae)
Agave stricta;Asparagaceae (Agavaceae)
Agave subsimplex;Asparagaceae (Agavaceae)
Agave titanota;Asparagaceae (Agavaceae)
Agave titanota;Asparagaceae (Agavaceae)
Agave titanota;Asparagaceae (Agavaceae)
Agave titanota;Asparagaceae (Agavaceae)
Agave toumeyana;Asparagaceae (Agavaceae)
Agave triangularis;Asparagaceae (Agavaceae)
Agave univittata;Asparagaceae (Agavaceae)
Agave univittata;Asparagaceae (Agavaceae)
Agave utahensis;Asparagaceae (Agavaceae)
Agave utahensis;Asparagaceae (Agavaceae)
Agave utahensis;Asparagaceae (Agavaceae)
Agave utahensis;Asparagaceae (Agavaceae)
Agave utahensis;Asparagaceae (Agavaceae)
Agave utahensis;Asparagaceae (Agavaceae)
Agave utahensis;Asparagaceae (Agavaceae)
Agave utahensis;Asparagaceae (Agavaceae)
Agave utahensis;Asparagaceae (Agavaceae)
Agave utahensis;Asparagaceae (Agavaceae)
Agave utahensis;Asparagaceae (Agavaceae)
Agave utahensis;Asparagaceae (Agavaceae)
Agave utahensis;Asparagaceae (Agavaceae)
Agave utahensis;Asparagaceae (Agavaceae)
Agave victoriae-reginae;Asparagaceae (Agavaceae)
Agave virginica;Asparagaceae (Agavaceae)
Agave warelliana;Asparagaceae (Agavaceae)
Agave xylonacantha;Asparagaceae (Agavaceae)
Agave xylonacantha;Asparagaceae (Agavaceae)
Ageratina altissima;Asteraceae
Ageratina altissima;Asteraceae
Ageratina altissima;Asteraceae
Ageratina occidentalis;Asteraceae
Ageratina sp.;Asteraceae
Aglaomorpha acuminata;Polypodiaceae
Aglaomorpha coronans;Polypodiaceae
Aglaomorpha coronans;Polypodiaceae
Aglaomorpha coronans;Polypodiaceae
Aglaomorpha coronans;Polypodiaceae
Aglaomorpha drynarioides;Polypodiaceae
Aglaomorpha heraclea;Polypodiaceae
Aglaomorpha heraclea;Polypodiaceae
Aglaomorpha hieronymi;Polypodiaceae
Aglaomorpha latipinna;Polypodiaceae
Aglaomorpha meyeniana;Polypodiaceae
Aglaomorpha meyeniana;Polypodiaceae
Aglaomorpha novoguineensis;Polypodiaceae
Aglaomorpha parkinsonii;Polypodiaceae
Aglaomorpha parkinsonii;Polypodiaceae
Aglaomorpha splendens;Polypodiaceae
Aglaonema brevispathum;Araceae
Aglaonema commutatum;Araceae
Aglaonema commutatum;Araceae
Aglaonema commutatum;Araceae
Aglaonema commutatum;Araceae
Aglaonema costatum;Araceae
Aglaonema costatum;Araceae
Aglaonema costatum;Araceae
Aglaonema crispum;Araceae
Aglaonema modestum;Araceae
Aglaonema modestum;Araceae
Aglaonema nebulosum;Araceae
Aglaonema nitidum;Araceae
Aglaonema nitidum;Araceae
Aglaonema pictum;Araceae
Aglaonema rotunda;Araceae
Aglaonema simplex;Araceae
Aglaonema simplex;Araceae
Aglaonema sp.;Araceae
Aglaonema sp.;Araceae
Aglaonema sp.;Araceae
Aglaonema sp.;Araceae
Aglaonema sp.;Araceae
Aglaonema sp.;Araceae
Aglaonema sp.;Araceae
Aglaonema treubii;Araceae
Agonis flexuosa;Myrtaceae
Agonis hypericifolia;Myrtaceae
Agrimonia eupatoria;Rosaceae
Agrimonia gryposepala;Rosaceae
Agrimonia procera;Rosaceae
Agrostemma githago;Caryophyllaceae
Agrostemma gracile;Caryophyllaceae
Agrostis canina;Poaceae
Agrostis stolonifera;Poaceae
Agrostophyllum planicaule;Orchidaceae
Achillea abrotanoides;Asteraceae
Achillea ageratifolia;Asteraceae
Achillea ageratum;Asteraceae
Achillea arabica;Asteraceae
Achillea biserrata;Asteraceae
Achillea clavennae;Asteraceae
Achillea clypeolata;Asteraceae
Achillea coarctata;Asteraceae
Achillea coarctata;Asteraceae
Achillea collina;Asteraceae
Achillea crithmifolia;Asteraceae
Achillea decolorans;Asteraceae
Achillea filipendulina;Asteraceae
Achillea filipendulina;Asteraceae
Achillea filipendulina;Asteraceae
Achillea filipendulina-hybr.;Asteraceae
Achillea filipendulina-hybr.;Asteraceae
Achillea grandifolia;Asteraceae
Achillea hybr.;Asteraceae
Achillea hybr.;Asteraceae
Achillea hybr.;Asteraceae
Achillea macrophylla;Asteraceae
Achillea millefolium;Asteraceae
Achillea millefolium-hybr.;Asteraceae
Achillea millefolium-hybr.;Asteraceae
Achillea millefolium-hybr.;Asteraceae
Achillea millefolium-hybr.;Asteraceae
Achillea nobilis;Asteraceae
Achillea nobilis;Asteraceae
Achillea pannonica;Asteraceae
Achillea ptarmica;Asteraceae
Achillea ptarmica;Asteraceae
Achillea ptarmicifolia;Asteraceae
Achillea pyrenaica;Asteraceae
Achillea salicifolia;Asteraceae
Achillea setacea;Asteraceae
Achillea sipikorensis;Asteraceae
Achillea teretifolia;Asteraceae
Achillea tomentosa;Asteraceae
Achillea umbellata;Asteraceae
Achillea umbellata;Asteraceae
Achillea x kellereri;Asteraceae
Achimenes admirabilis;Gesneriaceae
Achimenes admirabilis;Gesneriaceae
Achimenes admirabilis;Gesneriaceae
Achimenes admirabilis;Gesneriaceae
Achimenes admirabilis;Gesneriaceae
Achimenes antirrhina;Gesneriaceae
Achimenes candida;Gesneriaceae
Achimenes dulcis;Gesneriaceae
Achimenes dulcis;Gesneriaceae
Achimenes erecta;Gesneriaceae
Achimenes flava;Gesneriaceae
Achimenes grandiflora;Gesneriaceae
Achimenes grandiflora;Gesneriaceae
Achimenes hybr.;Gesneriaceae
Achimenes hybr.;Gesneriaceae
Achimenes hybr.;Gesneriaceae
Achimenes hybr.;Gesneriaceae
Achimenes hybr.;Gesneriaceae
Achimenes hybr.;Gesneriaceae
Achimenes hybr.;Gesneriaceae
Achimenes hybr.;Gesneriaceae
Achimenes hybr.;Gesneriaceae
Achimenes hybr.;Gesneriaceae
Achimenes hybr.;Gesneriaceae
Achimenes hybr.;Gesneriaceae
Achimenes hybr.;Gesneriaceae
Achimenes hybr.;Gesneriaceae
Achimenes hybr.;Gesneriaceae
Achimenes hybr.;Gesneriaceae
Achimenes hybr.;Gesneriaceae
Achimenes hybr.;Gesneriaceae
Achimenes hybr.;Gesneriaceae
Achimenes hybr.;Gesneriaceae
Achimenes hybr.;Gesneriaceae
Achimenes hybr.;Gesneriaceae
Achimenes hybr.;Gesneriaceae
Achimenes hybr.;Gesneriaceae
Achimenes hybr.;Gesneriaceae
Achimenes hybr.;Gesneriaceae
Achimenes hybr.;Gesneriaceae
Achimenes hybr.;Gesneriaceae
Achimenes hybr.;Gesneriaceae
Achimenes hybr.;Gesneriaceae
Achimenes hybr.;Gesneriaceae
Achimenes hybr.;Gesneriaceae
Achimenes hybr.;Gesneriaceae
Achimenes hybr.;Gesneriaceae
Achimenes hybr.;Gesneriaceae
Achimenes hybr.;Gesneriaceae
Achimenes hybr.;Gesneriaceae
Achimenes hybr.;Gesneriaceae
Achimenes hybr.;Gesneriaceae
Achimenes hybr.;Gesneriaceae
Achimenes hybr.;Gesneriaceae
Achimenes hybr.;Gesneriaceae
Achimenes hybr.;Gesneriaceae
Achimenes hybr.;Gesneriaceae
Achimenes hybr.;Gesneriaceae
Achimenes hybr.;Gesneriaceae
Achimenes hybr.;Gesneriaceae
Achimenes hybr.;Gesneriaceae
Achimenes hybr.;Gesneriaceae
Achimenes hybr.;Gesneriaceae
Achimenes hybr.;Gesneriaceae
Achimenes hybr.;Gesneriaceae
Achimenes hybr.;Gesneriaceae
Achimenes hybr.;Gesneriaceae
Achimenes hybr.;Gesneriaceae
Achimenes hybr.;Gesneriaceae
Achimenes hybr.;Gesneriaceae
Achimenes hybr.;Gesneriaceae
Achimenes hybr.;Gesneriaceae
Achimenes hybr.;Gesneriaceae
Achimenes hybr.;Gesneriaceae
Achimenes hybr.;Gesneriaceae
Achimenes hybr.;Gesneriaceae
Achimenes hybr.;Gesneriaceae
Achimenes hybr.;Gesneriaceae
Achimenes hybr.;Gesneriaceae
Achimenes hybr.;Gesneriaceae
Achimenes hybr.;Gesneriaceae
Achimenes hybr.;Gesneriaceae
Achimenes hybr.;Gesneriaceae
Achimenes hybr.;Gesneriaceae
Achimenes hybr.;Gesneriaceae
Achimenes hybr.;Gesneriaceae
Achimenes hybr.;Gesneriaceae
Achimenes hybr.;Gesneriaceae
Achimenes hybr.;Gesneriaceae
Achimenes hybr.;Gesneriaceae
Achimenes hybr.;Gesneriaceae
Achimenes hybr.;Gesneriaceae
Achimenes hybr.;Gesneriaceae
Achimenes hybr.;Gesneriaceae
Achimenes hybr.;Gesneriaceae
Achimenes hybr.;Gesneriaceae
Achimenes hybr.;Gesneriaceae
Achimenes hybr.;Gesneriaceae
Achimenes hybr.;Gesneriaceae
Achimenes hybr.;Gesneriaceae
Achimenes hybr.;Gesneriaceae
Achimenes hybr.;Gesneriaceae
Achimenes hybr.;Gesneriaceae
Achimenes hybr.;Gesneriaceae
Achimenes hybr.;Gesneriaceae
Achimenes hybr.;Gesneriaceae
Achimenes hybr.;Gesneriaceae
Achimenes hybr.;Gesneriaceae
Achimenes hybr.;Gesneriaceae
Achimenes hybr.;Gesneriaceae
Achimenes hybr.;Gesneriaceae
Achimenes hybr.;Gesneriaceae
Achimenes hybr.;Gesneriaceae
Achimenes hybr.;Gesneriaceae
Achimenes hybr.;Gesneriaceae
Achimenes hybr.;Gesneriaceae
Achimenes hybr.;Gesneriaceae
Achimenes hybr.;Gesneriaceae
Achimenes hybr.;Gesneriaceae
Achimenes hybr.;Gesneriaceae
Achimenes hybr.;Gesneriaceae
Achimenes hybr.;Gesneriaceae
Achimenes hybr.;Gesneriaceae
Achimenes hybr.;Gesneriaceae
Achimenes hybr.;Gesneriaceae
Achimenes hybr.;Gesneriaceae
Achimenes hybr.;Gesneriaceae
Achimenes hybr.;Gesneriaceae
Achimenes hybr.;Gesneriaceae
Achimenes hybr.;Gesneriaceae
Achimenes hybr.;Gesneriaceae
Achimenes longiflora;Gesneriaceae
Achimenes mexicana;Gesneriaceae
Achimenes mexicana;Gesneriaceae
Achimenes mexicana;Gesneriaceae
Achimenes misera;Gesneriaceae
Achimenes patens;Gesneriaceae
Achimenes patens;Gesneriaceae
Achimenes pedunculata;Gesneriaceae
Achimenes pyropaea;Gesneriaceae
Achimenes sp.;Gesneriaceae
Achlys japonica;Berberidaceae
Aichryson tortuosum;Crassulaceae
Ailanthus altissima;Simaroubaceae
Aiphanes eggersii;Arecaceae
Aiphanes minima;Arecaceae
Ajuga genevensis;Lamiaceae
Ajuga hybr.;Lamiaceae
Ajuga reptans;Lamiaceae
Ajuga reptans;Lamiaceae
Ajuga sp.;Lamiaceae
Ajuga sp.;Lamiaceae
Akebia quinata;Lardizabalaceae
Akebia quinata;Lardizabalaceae
Akebia quinata;Lardizabalaceae
Akebia trifoliata;Lardizabalaceae
Akebia x pentaphylla;Lardizabalaceae
Albizia adianthifolia;Fabaceae
Albizia julibrissin;Fabaceae
Albizia julibrissin;Fabaceae
Albizia julibrissin;Fabaceae
Albuca pendula;Asparagaceae (Hyacinthaceae)
Albuca shawii;Asparagaceae (Hyacinthaceae)
Albuca spiralis;Asparagaceae (Hyacinthaceae)
Alcea kurdica;Malvaceae
Alcea nudiflora;Malvaceae
Alcea rosea;Malvaceae
Alcea rugosa;Malvaceae
Aldrovanda vesiculosa;Droseraceae
Aldrovanda vesiculosa;Droseraceae
Aldrovanda vesiculosa;Droseraceae
Aletris pauciflora;Nartheciaceae
Alchemilla alpina;Rosaceae
Alchemilla bulgarica;Rosaceae
Alchemilla conjuncta;Rosaceae
Alchemilla crinita;Rosaceae
Alchemilla epipsila;Rosaceae
Alchemilla erythropoda;Rosaceae
Alchemilla faroensis;Rosaceae
Alchemilla glaucescens;Rosaceae
Alchemilla hoppeana;Rosaceae
Alchemilla mollis;Rosaceae
Alchemilla propinqua;Rosaceae
Alchemilla sericata;Rosaceae
Alchemilla sp.;Rosaceae
Alchemilla titthatha;Rosaceae
Alchemilla vulgaris;Rosaceae
Alchemilla vulgaris;Rosaceae
Alchemilla xanthochlora;Rosaceae
Alisma gramineum;Alismataceae
Alisma lanceolatum;Alismataceae
Alisma plantago-aquatica;Alismataceae
Alisma subcordatum;Alismataceae
Allagopappus dichotomus;Asteraceae
Allagoptera caudescens;Arecaceae
Allamanda cathartica;Apocynaceae
Allamanda cathartica;Apocynaceae
Allamanda violacea;Apocynaceae
Allium aflatunense;Amaryllidaceae (Alliaceae)
Allium altaicum;Amaryllidaceae (Alliaceae)
Allium angulosum;Amaryllidaceae (Alliaceae)
Allium atropurpureum;Amaryllidaceae (Alliaceae)
Allium caeruleum;Amaryllidaceae (Alliaceae)
Allium caesium;Amaryllidaceae (Alliaceae)
Allium canadense;Amaryllidaceae (Alliaceae)
Allium carinatum;Amaryllidaceae (Alliaceae)
Allium cernuum;Amaryllidaceae (Alliaceae)
Allium flavum;Amaryllidaceae (Alliaceae)
Allium giganteum;Amaryllidaceae (Alliaceae)
Allium haematochiton;Amaryllidaceae (Alliaceae)
Allium hybr.;Amaryllidaceae (Alliaceae)
Allium hybr.;Amaryllidaceae (Alliaceae)
Allium hybr.;Amaryllidaceae (Alliaceae)
Allium hybr.;Amaryllidaceae (Alliaceae)
Allium hybr.;Amaryllidaceae (Alliaceae)
Allium hybr.;Amaryllidaceae (Alliaceae)
Allium hybr.;Amaryllidaceae (Alliaceae)
Allium christophii;Amaryllidaceae (Alliaceae)
Allium karataviense;Amaryllidaceae (Alliaceae)
Allium karataviense;Amaryllidaceae (Alliaceae)
Allium moly;Amaryllidaceae (Alliaceae)
Allium neapolitanum;Amaryllidaceae (Alliaceae)
Allium nutans;Amaryllidaceae (Alliaceae)
Allium oreophilum;Amaryllidaceae (Alliaceae)
Allium oreophilum;Amaryllidaceae (Alliaceae)
Allium platycaule;Amaryllidaceae (Alliaceae)
Allium sarawschanicum;Amaryllidaceae (Alliaceae)
Allium senescens;Amaryllidaceae (Alliaceae)
Allium senescens;Amaryllidaceae (Alliaceae)
Allium senescens;Amaryllidaceae (Alliaceae)
Allium schoenoprasum;Amaryllidaceae (Alliaceae)
Allium schoenoprasum;Amaryllidaceae (Alliaceae)
Allium schoenoprasum;Amaryllidaceae (Alliaceae)
Allium schoenoprasum;Amaryllidaceae (Alliaceae)
Allium schuberti;Amaryllidaceae (Alliaceae)
Allium sp.;Amaryllidaceae (Alliaceae)
Allium strictum;Amaryllidaceae (Alliaceae)
Allium thunbergii;Amaryllidaceae (Alliaceae)
Allium tricoccum;Amaryllidaceae (Alliaceae)
Allium triquetrum;Amaryllidaceae (Alliaceae)
Allium tuberosum;Amaryllidaceae (Alliaceae)
Allium ursinum;Amaryllidaceae (Alliaceae)
Allium victorialis;Amaryllidaceae (Alliaceae)
Allium woronowii;Amaryllidaceae (Alliaceae)
Allocasuarina verticillata;Casuarinaceae
Allocasuarina verticillata;Casuarinaceae
Allocasuarina zephyrea;Casuarinaceae
Alloschmidia glabrata;Arecaceae
Alluaudia ascendens;Didieraceae
Alluaudia comosa;Didieraceae
Alluaudia dumosa;Didieraceae
Alluaudia humbertii;Didieraceae
Alluaudia montagnacii;Didieraceae
Alluaudia montagnacii;Didieraceae
Alluaudia procera;Didieraceae
Alluaudia procera;Didieraceae
Alluaudia procera;Didieraceae
Alluaudiopsis fiherenensis;Didiereaceae
Alnus hirsuta;Betulaceae
Alnus hirsuta;Betulaceae
Alnus incana;Betulaceae
Alnus orientalis;Betulaceae
Alnus sieboldiana;Betulaceae
Alocasia brancifolia;Araceae
Alocasia brisbanensis;Araceae
Alocasia clypeolata;Araceae
Alocasia cucullata;Araceae
Alocasia cuprea;Araceae
Alocasia hybr.;Araceae
Alocasia hypnosa;Araceae
Alocasia chaii;Araceae
Alocasia korthalsii;Araceae
Alocasia lauterbachiana;Araceae
Alocasia longiloba;Araceae
Alocasia macrorrhizos;Araceae
Alocasia melo;Araceae
Alocasia micholitziana;Araceae
Alocasia odora;Araceae
Alocasia odora;Araceae
Alocasia odora;Araceae
Alocasia pangeran;Araceae
Alocasia portei;Araceae
Alocasia reginae;Araceae
Alocasia reginula;Araceae
Alocasia reginula;Araceae
Alocasia reversa;Araceae
Alocasia reversa;Araceae
Alocasia robusta;Araceae
Alocasia sanderiana;Araceae
Alocasia sanderiana;Araceae
Alocasia sarawakensis;Araceae
Alocasia scalprum;Araceae
Alocasia sp.;Araceae
Alocasia sp.;Araceae
Alocasia sp.;Araceae
Alocasia sp.;Araceae
Alocasia sp.;Araceae
Alocasia sp.;Araceae
Alocasia sp.;Araceae
Alocasia sp.;Araceae
Alocasia sp.;Araceae
Alocasia sp.;Araceae
Alocasia sp.;Araceae
Alocasia sp.;Araceae
Alocasia tigrina;Araceae
Alocasia wentii;Araceae
Alocasia wongii;Araceae
Alocasia zebrina;Araceae
Aloe aculeata;Xanthorrhoeaceae
Aloe acutissima;Xanthorrhoeaceae
Aloe acutissima;Xanthorrhoeaceae
Aloe acutissima;Xanthorrhoeaceae
Aloe affinis;Xanthorrhoeaceae
Aloe albiflora;Xanthorrhoeaceae
Aloe albiflora;Xanthorrhoeaceae
Aloe albiflora;Xanthorrhoeaceae
Aloe alfredii;Xanthorrhoeaceae
Aloe alooides;Xanthorrhoeaceae
Aloe ammophila;Xanthorrhoeaceae
Aloe anivoranoensis;Xanthorrhoeaceae
Aloe ankaranensis;Xanthorrhoeaceae
Aloe ankoberensis;Xanthorrhoeaceae
Aloe antandroi;Xanthorrhoeaceae
Aloe antandroi;Xanthorrhoeaceae
Aloe antsingyensis;Xanthorrhoeaceae
Aloe arborescens;Xanthorrhoeaceae
Aloe arborescens;Xanthorrhoeaceae
Aloe argyrostachys;Xanthorrhoeaceae
Aloe aristata;Xanthorrhoeaceae
Aloe asperifolia;Xanthorrhoeaceae
Aloe bakeri;Xanthorrhoeaceae
Aloe bakeri;Xanthorrhoeaceae
Aloe bakeri;Xanthorrhoeaceae
Aloe bakeri;Xanthorrhoeaceae
Aloe barberae;Xanthorrhoeaceae
Aloe belavenokensis;Xanthorrhoeaceae
Aloe bellatula;Xanthorrhoeaceae
Aloe bellatula;Xanthorrhoeaceae
Aloe bellatula x rauhi;Xanthorrhoeaceae
Aloe benenitrensis;Xanthorrhoeaceae
Aloe betsileensis;Xanthorrhoeaceae
Aloe boiteaui;Xanthorrhoeaceae
Aloe boiteaui;Xanthorrhoeaceae
Aloe bougaivillensis;Xanthorrhoeaceae
Aloe boylei;Xanthorrhoeaceae
Aloe boylei;Xanthorrhoeaceae
Aloe branddraaiensis;Xanthorrhoeaceae
Aloe brevifolia;Xanthorrhoeaceae
Aloe brevifolia;Xanthorrhoeaceae
Aloe brevifolia;Xanthorrhoeaceae
Aloe brevifolia;Xanthorrhoeaceae
Aloe broomii;Xanthorrhoeaceae
Aloe bruynsii;Xanthorrhoeaceae
Aloe buhrii;Xanthorrhoeaceae
Aloe buchlohii;Xanthorrhoeaceae
Aloe bulbillifera;Xanthorrhoeaceae
Aloe burgersfortensis;Xanthorrhoeaceae
Aloe bussei;Xanthorrhoeaceae
Aloe calcairophila;Xanthorrhoeaceae
Aloe camperi;Xanthorrhoeaceae
Aloe canarina;Xanthorrhoeaceae
Aloe capitata;Xanthorrhoeaceae
Aloe capitata;Xanthorrhoeaceae
Aloe capitata;Xanthorrhoeaceae
Aloe capitata;Xanthorrhoeaceae
Aloe capitata;Xanthorrhoeaceae
Aloe capmanambatoensis;Xanthorrhoeaceae
Aloe castilloniae;Xanthorrhoeaceae
Aloe castilloniae;Xanthorrhoeaceae
Aloe castilloniae;Xanthorrhoeaceae
Aloe ciliaris;Xanthorrhoeaceae
Aloe cipolinicola;Xanthorrhoeaceae
Aloe cipolinicola;Xanthorrhoeaceae
Aloe citrea;Xanthorrhoeaceae
Aloe citrea;Xanthorrhoeaceae
Aloe citrea;Xanthorrhoeaceae
Aloe citrea;Xanthorrhoeaceae
Aloe citrea;Xanthorrhoeaceae
Aloe claviflora;Xanthorrhoeaceae
Aloe commixta;Xanthorrhoeaceae
Aloe comosa;Xanthorrhoeaceae
Aloe compressa;Xanthorrhoeaceae
Aloe compressa;Xanthorrhoeaceae
Aloe compressa;Xanthorrhoeaceae
Aloe compressa;Xanthorrhoeaceae
Aloe compressa;Xanthorrhoeaceae
Aloe compressa;Xanthorrhoeaceae
Aloe comptonii;Xanthorrhoeaceae
Aloe congdonii;Xanthorrhoeaceae
Aloe conifera;Xanthorrhoeaceae
Aloe contigua;Xanthorrhoeaceae
Aloe cooperi;Xanthorrhoeaceae
Aloe cremnophila;Xanthorrhoeaceae
Aloe cryptopoda;Xanthorrhoeaceae
Aloe cryptopoda;Xanthorrhoeaceae
Aloe davyana;Xanthorrhoeaceae
Aloe dawei;Xanthorrhoeaceae
Aloe debreana;Xanthorrhoeaceae
Aloe decaryi;Xanthorrhoeaceae
Aloe decaryi;Xanthorrhoeaceae
Aloe delicatissima;Xanthorrhoeaceae
Aloe delicatissima;Xanthorrhoeaceae
Aloe deltoideodonta;Xanthorrhoeaceae
Aloe deltoideodonta;Xanthorrhoeaceae
Aloe descoingsii;Xanthorrhoeaceae
Aloe descoingsii;Xanthorrhoeaceae
Aloe dewetii;Xanthorrhoeaceae
Aloe dewetii;Xanthorrhoeaceae
Aloe dhufarensis;Xanthorrhoeaceae
Aloe dichotoma;Xanthorrhoeaceae
Aloe divaricata;Xanthorrhoeaceae
Aloe divaricata;Xanthorrhoeaceae
Aloe divaricata;Xanthorrhoeaceae
Aloe divaricata;Xanthorrhoeaceae
Aloe djibutiensis;Xanthorrhoeaceae
Aloe droseroides;Xanthorrhoeaceae
Aloe droseroides;Xanthorrhoeaceae
Aloe dyeri;Xanthorrhoeaceae
Aloe ecklonis;Xanthorrhoeaceae
Aloe elegans;Xanthorrhoeaceae
Aloe elegans;Xanthorrhoeaceae
Aloe elgonica;Xanthorrhoeaceae
Aloe ellenbeckii;Xanthorrhoeaceae
Aloe eminens;Xanthorrhoeaceae
Aloe eminens;Xanthorrhoeaceae
Aloe ericetorum;Xanthorrhoeaceae
Aloe ericetorum;Xanthorrhoeaceae
Aloe erinacea;Xanthorrhoeaceae
Aloe erinacea;Xanthorrhoeaceae
Aloe erinacea;Xanthorrhoeaceae
Aloe erythrophylla;Xanthorrhoeaceae
Aloe erythrophylla;Xanthorrhoeaceae
Aloe erythrophylla;Xanthorrhoeaceae
Aloe esculenta;Xanthorrhoeaceae
Aloe eximia;Xanthorrhoeaceae
Aloe eximia;Xanthorrhoeaceae
Aloe falcata;Xanthorrhoeaceae
Aloe ferox;Xanthorrhoeaceae
Aloe ferox;Xanthorrhoeaceae
Aloe fievetii;Xanthorrhoeaceae
Aloe fleurentinorum;Xanthorrhoeaceae
Aloe flexilifolia;Xanthorrhoeaceae
Aloe florenceae;Xanthorrhoeaceae
Aloe florenceae;Xanthorrhoeaceae
Aloe florenceae;Xanthorrhoeaceae
Aloe florenceae;Xanthorrhoeaceae
Aloe florenceae;Xanthorrhoeaceae
Aloe fosteri;Xanthorrhoeaceae
Aloe fragilis;Xanthorrhoeaceae
Aloe fragilis;Xanthorrhoeaceae
Aloe fragilis;Xanthorrhoeaceae
Aloe fragilis;Xanthorrhoeaceae
Aloe framesii;Xanthorrhoeaceae
Aloe gariepensis;Xanthorrhoeaceae
Aloe gillettii;Xanthorrhoeaceae
Aloe glauca;Xanthorrhoeaceae
Aloe globuligemma;Xanthorrhoeaceae
Aloe gneissicola;Xanthorrhoeaceae
Aloe gneissicola;Xanthorrhoeaceae
Aloe grandidentata;Xanthorrhoeaceae
Aloe greatheadii;Xanthorrhoeaceae
Aloe greatheadii;Xanthorrhoeaceae
Aloe greenii;Xanthorrhoeaceae
Aloe guillaumetii;Xanthorrhoeaceae
Aloe guillaumetii;Xanthorrhoeaceae
Aloe guillaumetii;Xanthorrhoeaceae
Aloe haemanthifolia;Xanthorrhoeaceae
Aloe hahnii;Xanthorrhoeaceae
Aloe hardyi;Xanthorrhoeaceae
Aloe harlana;Xanthorrhoeaceae
Aloe harlana;Xanthorrhoeaceae
Aloe haworthioides;Xanthorrhoeaceae
Aloe haworthioides;Xanthorrhoeaceae
Aloe helenae;Xanthorrhoeaceae
Aloe helenae;Xanthorrhoeaceae
Aloe hereroensis;Xanthorrhoeaceae
Aloe hereroensis;Xanthorrhoeaceae
Aloe hildebrandtii;Xanthorrhoeaceae
Aloe hoffmannii;Xanthorrhoeaceae
Aloe hoffmannii;Xanthorrhoeaceae
Aloe humilis;Xanthorrhoeaceae
Aloe humilis;Xanthorrhoeaceae
Aloe hybr.;Xanthorrhoeaceae
Aloe chabaudii;Xanthorrhoeaceae
Aloe chabaudii;Xanthorrhoeaceae
Aloe charlotteae;Xanthorrhoeaceae
Aloe chortolirioides;Xanthorrhoeaceae
Aloe ibitiensis;Xanthorrhoeaceae
Aloe ibitiensis;Xanthorrhoeaceae
Aloe ibitiensis;Xanthorrhoeaceae
Aloe imalotensis;Xanthorrhoeaceae
Aloe imalotensis;Xanthorrhoeaceae
Aloe imalotensis;Xanthorrhoeaceae
Aloe imalotensis;Xanthorrhoeaceae
Aloe imalotensis;Xanthorrhoeaceae
Aloe inexpectata;Xanthorrhoeaceae
Aloe isaloensis;Xanthorrhoeaceae
Aloe isaloensis;Xanthorrhoeaceae
Aloe johannis;Xanthorrhoeaceae
Aloe jucunda;Xanthorrhoeaceae
Aloe juvenna;Xanthorrhoeaceae
Aloe juvenna;Xanthorrhoeaceae
Aloe karasbergensis;Xanthorrhoeaceae
Aloe khamiesensis;Xanthorrhoeaceae
Aloe krahpoliana;Xanthorrhoeaceae
Aloe krapohliana;Xanthorrhoeaceae
Aloe kraussii;Xanthorrhoeaceae
Aloe laeta;Xanthorrhoeaceae
Aloe laeta;Xanthorrhoeaceae
Aloe laeta;Xanthorrhoeaceae
Aloe laeta;Xanthorrhoeaceae
Aloe lateritia;Xanthorrhoeaceae
Aloe lateritia;Xanthorrhoeaceae
Aloe lateritia;Xanthorrhoeaceae
Aloe linearifolia;Xanthorrhoeaceae
Aloe lineata;Xanthorrhoeaceae
Aloe lineata;Xanthorrhoeaceae
Aloe littoralis;Xanthorrhoeaceae
Aloe lomatophylloides;Xanthorrhoeaceae
Aloe lomatophylloides;Xanthorrhoeaceae
Aloe longibracteata;Xanthorrhoeaceae
Aloe longistyla;Xanthorrhoeaceae
Aloe lutescens;Xanthorrhoeaceae
Aloe macra;Xanthorrhoeaceae
Aloe macroclada;Xanthorrhoeaceae
Aloe macroclada;Xanthorrhoeaceae
Aloe maculata;Xanthorrhoeaceae
Aloe maculata;Xanthorrhoeaceae
Aloe maculata;Xanthorrhoeaceae
Aloe mandotoensis;Xanthorrhoeaceae
Aloe mandotoensis;Xanthorrhoeaceae
Aloe marlothii;Xanthorrhoeaceae
Aloe marlothii;Xanthorrhoeaceae
Aloe marlothii;Xanthorrhoeaceae
Aloe marlothii;Xanthorrhoeaceae
Aloe massawana;Xanthorrhoeaceae
Aloe mayottensis;Xanthorrhoeaceae
Aloe megalacantha;Xanthorrhoeaceae
Aloe megalacantha;Xanthorrhoeaceae
Aloe melanacantha;Xanthorrhoeaceae
Aloe melanacantha;Xanthorrhoeaceae
Aloe melanacantha;Xanthorrhoeaceae
Aloe menyharthii;Xanthorrhoeaceae
Aloe meyeri;Xanthorrhoeaceae
Aloe meyeri;Xanthorrhoeaceae
Aloe micracantha;Xanthorrhoeaceae
Aloe microstigma;Xanthorrhoeaceae
Aloe milotii;Xanthorrhoeaceae
Aloe milotii;Xanthorrhoeaceae
Aloe mitriformis;Xanthorrhoeaceae
Aloe monotropa;Xanthorrhoeaceae
Aloe mudenensis;Xanthorrhoeaceae
Aloe mutabilis;Xanthorrhoeaceae
Aloe mzimbana;Xanthorrhoeaceae
Aloe namibensis;Xanthorrhoeaceae
Aloe namorokaensis;Xanthorrhoeaceae
Aloe niebuhriana;Xanthorrhoeaceae
Aloe nyeriensis;Xanthorrhoeaceae
Aloe ortholopha;Xanthorrhoeaceae
Aloe pachydactylos;Xanthorrhoeaceae
Aloe pachydactylos;Xanthorrhoeaceae
Aloe pachydactylos;Xanthorrhoeaceae
Aloe parallelifolia;Xanthorrhoeaceae
Aloe parallelifolia;Xanthorrhoeaceae
Aloe parvibracteata;Xanthorrhoeaceae
Aloe parvula;Xanthorrhoeaceae
Aloe parvula;Xanthorrhoeaceae
Aloe pavelkae;Xanthorrhoeaceae
Aloe pavelkae;Xanthorrhoeaceae
Aloe peglerae;Xanthorrhoeaceae
Aloe perrieri;Xanthorrhoeaceae
Aloe perryi;Xanthorrhoeaceae
Aloe perryi;Xanthorrhoeaceae
Aloe petricola;Xanthorrhoeaceae
Aloe petricola;Xanthorrhoeaceae
Aloe petricola;Xanthorrhoeaceae
Aloe pictifolia;Xanthorrhoeaceae
Aloe pictifolia;Xanthorrhoeaceae
Aloe pirottae;Xanthorrhoeaceae
Aloe plicatilis;Xanthorrhoeaceae
Aloe plicatilis;Xanthorrhoeaceae
Aloe plicatilis;Xanthorrhoeaceae
Aloe pluridens;Xanthorrhoeaceae
Aloe polyphylla;Xanthorrhoeaceae
Aloe polyphylla;Xanthorrhoeaceae
Aloe pratensis;Xanthorrhoeaceae
Aloe prinslooi;Xanthorrhoeaceae
Aloe pronkii;Xanthorrhoeaceae
Aloe pronkii;Xanthorrhoeaceae
Aloe propagulifera;Xanthorrhoeaceae
Aloe prostrata;Xanthorrhoeaceae
Aloe prostrata;Xanthorrhoeaceae
Aloe prostrata;Xanthorrhoeaceae
Aloe pruinosa;Xanthorrhoeaceae
Aloe pseudoparvula;Xanthorrhoeaceae
Aloe pseudoparvula;Xanthorrhoeaceae
Aloe rabaiensis;Xanthorrhoeaceae
Aloe ramosissima;Xanthorrhoeaceae
Aloe rauhii;Xanthorrhoeaceae
Aloe rauhii;Xanthorrhoeaceae
Aloe rauhii;Xanthorrhoeaceae
Aloe rauhii;Xanthorrhoeaceae
Aloe rebmannii;Xanthorrhoeaceae
Aloe reitzii;Xanthorrhoeaceae
Aloe reynoldsii;Xanthorrhoeaceae
Aloe richardsiae;Xanthorrhoeaceae
Aloe richaudii;Xanthorrhoeaceae
Aloe ruffingiana;Xanthorrhoeaceae
Aloe ruffingiana;Xanthorrhoeaceae
Aloe ruffingiana;Xanthorrhoeaceae
Aloe rupestris;Xanthorrhoeaceae
Aloe sakarahensis;Xanthorrhoeaceae
Aloe sakarahensis;Xanthorrhoeaceae
Aloe saundersiae;Xanthorrhoeaceae
Aloe scobinifolia;Xanthorrhoeaceae
Aloe secundiflora;Xanthorrhoeaceae
Aloe secundiflora;Xanthorrhoeaceae
Aloe schelpei;Xanthorrhoeaceae
Aloe schomeri;Xanthorrhoeaceae
Aloe sinkatana;Xanthorrhoeaceae
Aloe sladeniana;Xanthorrhoeaceae
Aloe somaliensis;Xanthorrhoeaceae
Aloe somaliensis;Xanthorrhoeaceae
Aloe sp.;Xanthorrhoeaceae
Aloe sp.;Xanthorrhoeaceae
Aloe sp.;Xanthorrhoeaceae
Aloe sp.;Xanthorrhoeaceae
Aloe sp.;Xanthorrhoeaceae
Aloe sp.;Xanthorrhoeaceae
Aloe squarrosa;Xanthorrhoeaceae
Aloe striata;Xanthorrhoeaceae
Aloe striata;Xanthorrhoeaceae
Aloe suarezensis;Xanthorrhoeaceae
Aloe suarezensis;Xanthorrhoeaceae
Aloe succotrina;Xanthorrhoeaceae
Aloe suprafoliata;Xanthorrhoeaceae
Aloe swynnertonii;Xanthorrhoeaceae
Aloe teissieri;Xanthorrhoeaceae
Aloe thraskii;Xanthorrhoeaceae
Aloe tomentosa;Xanthorrhoeaceae
Aloe trichosantha;Xanthorrhoeaceae
Aloe trichosantha;Xanthorrhoeaceae
Aloe trichosantha;Xanthorrhoeaceae
Aloe tulearensis;Xanthorrhoeaceae
Aloe ukambensis;Xanthorrhoeaceae
Aloe umfoloziensis;Xanthorrhoeaceae
Aloe vacillans;Xanthorrhoeaceae
Aloe vanbalenii;Xanthorrhoeaceae
Aloe vaombe;Xanthorrhoeaceae
Aloe vaombe;Xanthorrhoeaceae
Aloe variegata;Xanthorrhoeaceae
Aloe variegata;Xanthorrhoeaceae
Aloe variegata;Xanthorrhoeaceae
Aloe variegata;Xanthorrhoeaceae
Aloe versicolor;Xanthorrhoeaceae
Aloe versicolor;Xanthorrhoeaceae
Aloe viridiflora;Xanthorrhoeaceae
Aloe viridiflora;Xanthorrhoeaceae
Aloe vogtsii;Xanthorrhoeaceae
Aloe zebrina;Xanthorrhoeaceae
Aloe zebrina;Xanthorrhoeaceae
Aloe zebrina;Xanthorrhoeaceae
Aloe zombitsensis;Xanthorrhoeaceae
Aloinopsis schooneesii;Aizoaceae
Alonsoa meridionalis;Scrophulariaceae ( s.str.)
Alopecurus aequalis;Poaceae
Alopecurus pratensis;Poaceae
Aloysia citriodora;Verbenaceae (s.str.)
Aloysia citriodora;Verbenaceae (s.str.)
Aloysia citriodora;Verbenaceae (s.str.)
Aloysia citriodora;Verbenaceae (s.str.)
Aloysia citriodora;Verbenaceae (s.str.)
Aloysia citriodora;Verbenaceae (s.str.)
Aloysia virgata;Verbenaceae (s.str.)
Alpinia aquatica;Zingiberaceae
Alpinia blepharocalyx;Zingiberaceae
Alpinia blepharocalyx;Zingiberaceae
Alpinia blepharocalyx;Zingiberaceae
Alpinia caerulea;Zingiberaceae
Alpinia calcarata;Zingiberaceae
Alpinia galanga;Zingiberaceae
Alpinia intermedia;Zingiberaceae
Alpinia latilabris;Zingiberaceae
Alpinia luteocarpa;Zingiberaceae
Alpinia malaccensis;Zingiberaceae
Alpinia officinarum;
Alpinia petiolata;Zingiberaceae
Alpinia purpurata;Zingiberaceae
Alpinia sp.;Zingiberaceae
Alpinia sp.;Zingiberaceae
Alpinia sp.;Zingiberaceae
Alpinia sp.;Zingiberaceae
Alpinia sp.;Zingiberaceae
Alpinia sp.;Zingiberaceae
Alpinia sp.;Zingiberaceae
Alpinia sp.;Zingiberaceae
Alpinia sp.;Zingiberaceae
Alpinia sp.;Zingiberaceae
Alpinia sp.;Zingiberaceae
Alpinia sp.;Zingiberaceae
Alpinia sp.;Zingiberaceae
Alpinia sp.;Zingiberaceae
Alpinia sp. coriandriodora;Zingiberaceae
Alpinia zerumbet;Zingiberaceae
Alpinia zerumbet;Zingiberaceae
Alpinia zerumbet;Zingiberaceae
Alpinia zerumbet;Zingiberaceae
Alsobia baroniae;Gesneriaceae
Alsobia punctata;Gesneriaceae
Alsophila inciso-serrata;Cyatheaceae
Alstonia longifolia;Apocynaceae
Alstroemeria psittacina;Alstroemeriaceae
Alternanthera bettzickiana;Amaranthaceae
Althaea armeniaca;Malvaceae
Althaea cannabina;Malvaceae
Althaea officinalis;Malvaceae
Althaea taurinensis;Malvaceae
Altingia poilanei;Hamamelidaceae
Alyogyne hakeifolia;Malvaceae
Alyssum argenteum;Brassicaceae
Alyssum borzaeanum;Brassicaceae
Alyssum cuneifolium;Brassicaceae
Alyssum cypricum;Brassicaceae
Alyssum graecum;Brassicaceae
Alyssum chondrogynum;Brassicaceae
Alyssum masmenaeum;Brassicaceae
Alyssum montanum;Brassicaceae
Alyssum murale;Brassicaceae
Alyssum oxycarpum;Brassicaceae
Alyssum repens;Brassicaceae
Alyssum serpyllifolium;Brassicaceae
Alyssum sinuatum;Brassicaceae
Alyssum sp.;Brassicaceae
Alyssum troodi;Brassicaceae
Alyssum wulfenianum;Brassicaceae
Alyxia buxifolia;Apocynaceae
Alyxia gynopogon;Apocynaceae
Amaranthus hybridus;Amaranthaceae
Amborella trichopoda;Amborellaceae
Ambrella longituba;Orchidaceae
Ambrella longituba;Orchidaceae
Ambrosina bassii;Araceae
Amelanchier alnifolia;Rosaceae
Amelanchier alnifolia;Rosaceae
Amelanchier arborea;Rosaceae
Amelanchier asiatica;Rosaceae
Amelanchier interior;Rosaceae
Amelanchier interior;Rosaceae
Amelanchier interior;Rosaceae
Amelanchier lamarckii;Rosaceae
Amelanchier sanguinea;Rosaceae
Amelanchier sp.;Rosaceae
Amentotaxus argotaenia;Taxaceae
Amentotaxus argotaenia;Taxaceae
Amentotaxus formosana;Taxaceae
Amentotaxus yunnanensis;Taxaceae
Amesiella minor;Orchidaceae
Amesiella monticola;Orchidaceae
Amesiella monticola;Orchidaceae
Amesiella monticola;Orchidaceae
Amesiella philippinensis;Orchidaceae
Ammi majus;Apiaceae
Ammobium calyceroides;Asteraceae
Ammophila arenaria;Poaceae
Ammophila breviligulata;Poaceae
Amomum / Alpinia sp.;Zingiberaceae
Amomum cinnamomeum;Zingiberaceae
Amomum lutescens;Zingiberaceae
Amomum lutescens;Zingiberaceae
Amomum maximum;Zingiberaceae
Amomum pterocarpum;Zingiberaceae
Amomum sp.;Zingiberaceae
Amomum sp.;Zingiberaceae
Amomum sp.;Zingiberaceae
Amomum sp.;Zingiberaceae
Amomum sp.;Zingiberaceae
Amomum sp.;Zingiberaceae
Amomum sp.;Zingiberaceae
Amomum sp.;Zingiberaceae
Amomum sp.;Zingiberaceae
Amomum subulatum;Zingiberaceae
Amomum unifolium;Zingiberaceae
Amorpha canescens;Fabaceae (s.str.)
Amorpha fruticosa;Fabaceae (s.str.)
Amorpha herbacea;Fabaceae (s.str.)
Amorpha nana;Fabaceae (s.str.)
Amorpha ouachitensis;Fabaceae (s.str.)
Amorphophallus albus;Araceae
Amorphophallus arnautovii;Araceae
Amorphophallus atroviridis;Araceae
Amorphophallus atroviridis;Araceae
Amorphophallus bulbifer;Araceae
Amorphophallus bulbifer;Araceae
Amorphophallus bulbifer;Araceae
Amorphophallus claudelii;Araceae
Amorphophallus dunnii;Araceae
Amorphophallus dunnii;Araceae
Amorphophallus dunnii;Araceae
Amorphophallus eburneus;Araceae
Amorphophallus gallaensis;Araceae
Amorphophallus henryi;Araceae
Amorphophallus hewittii;Araceae
Amorphophallus hewittii;Araceae
Amorphophallus interruptus;Araceae
Amorphophallus konjac;Araceae
Amorphophallus konjac;Araceae
Amorphophallus krausei;Araceae
Amorphophallus lewallei;Araceae
Amorphophallus lewallei;Araceae
Amorphophallus muellerii;Araceae
Amorphophallus obscurus;Araceae
Amorphophallus ochroleucus;Araceae
Amorphophallus opertus;Araceae
Amorphophallus paeoniifolius;Araceae
Amorphophallus sp.;Araceae
Amorphophallus sp.;Araceae
Amorphophallus sp.;Araceae
Amorphophallus sp.;Araceae
Amorphophallus sp.;Araceae
Amorphophallus sp.;Araceae
Amorphophallus sp.;Araceae
Amorphophallus sp.;Araceae
Amorphophallus sp.;Araceae
Amorphophallus sp.;Araceae
Amorphophallus sp.;Araceae
Amorphophallus sp.;Araceae
Amorphophallus sp.;Araceae
Amorphophallus stipitatus;Araceae
Amorphophallus taurostigma;Araceae
Amorphophallus taurostigma;Araceae
Amorphophallus variabilis;Araceae
Amorphophallus yuloensis;Araceae
Amorphophallus yuloensis;Araceae
Amorphophallus yunnanensis;Araceae
Ampelocissus abyssinica;Vitaceae
Ampelodesmos mauritanicus;Poaceae
Ampelopsis aconitifolia;Vitaceae
Ampelopsis brevipedunculata;Vitaceae
Ampelopsis brevipedunculata;Vitaceae
Ampelopsis cordata;Vitaceae
Ampelopsis delavayana;Vitaceae
Ampelopsis humulifolia;Vitaceae
Ampelopsis megalophylla;Vitaceae
Ampelopsis orientalis;Vitaceae
Ampelopsis sp.;Vitaceae
Ampelopsis sp.;Vitaceae
Amsonia arenaria;Apocynaceae
Amsonia ciliata;Apocynaceae
Amsonia ciliata;Apocynaceae
Amsonia ciliata;Apocynaceae
Amsonia eastwoodiana;Apocynaceae
Amsonia elliptica;Apocynaceae
Amsonia fugatei;Apocynaceae
Amsonia fugatei;Apocynaceae
Amsonia hubrichtii;Apocynaceae
Amsonia hubrichtii;Apocynaceae
Amsonia hybr.;Apocynaceae
Amsonia hybr.;Apocynaceae
Amsonia hybr.;Apocynaceae
Amsonia illustris;Apocynaceae
Amsonia jonesii;Apocynaceae
Amsonia ludoviciana;Apocynaceae
Amsonia palmeri;Apocynaceae
Amsonia peeblesii;Apocynaceae
Amsonia tabernaemontana;Apocynaceae
Amsonia tabernaemontana;Apocynaceae
Amsonia tabernaemontana;Apocynaceae
Amsonia tabernaemontana;Apocynaceae
Amsonia tabernaemontana;Apocynaceae
Amsonia tabernaemontana;Apocynaceae
Amsonia tharpii;Apocynaceae
Amsonia tomentosa;Apocynaceae
Amydrium medium;Araceae
Amydrium medium;Araceae
Amydrium zippelianum;Araceae
Amygdalus kansuensis;Rosaceae
Amygdalus sp.;Rosaceae
Anacampseros albissima;Anacampserotaceae
Anacampseros albissima;Anacampserotaceae
Anacampseros albissima;Anacampserotaceae
Anacampseros arachnoides;Anacampserotaceae
Anacampseros arachnoides;Anacampserotaceae
Anacampseros coahuilensis;Anacampserotaceae
Anacampseros dielsiana;Anacampserotaceae
Anacampseros filamentosa;Anacampserotaceae
Anacampseros filamentosa;Anacampserotaceae
Anacampseros filamentosa;Anacampserotaceae
Anacampseros gracilis;Anacampserotaceae
Anacampseros herreana;Anacampserotaceae
Anacampseros kalitzdorfii;Anacampserotaceae
Anacampseros karasmontana;Anacampserotaceae
Anacampseros lanceolata;Anacampserotaceae
Anacampseros lanceolata;Anacampserotaceae
Anacampseros lanceolata;Anacampserotaceae
Anacampseros lanceolata;Anacampserotaceae
Anacampseros mallei;Anacampserotaceae
Anacampseros marlothii;Anacampserotaceae
Anacampseros marlothii;Anacampserotaceae
Anacampseros namaquensis;Anacampserotaceae
Anacampseros namaquensis;Anacampserotaceae
Anacampseros namaquensis;Anacampserotaceae
Anacampseros namaquensis;Anacampserotaceae
Anacampseros namaquensis;Anacampserotaceae
Anacampseros namaquensis;Anacampserotaceae
Anacampseros papyracea;Anacampserotaceae
Anacampseros papyracea;Anacampserotaceae
Anacampseros pisina;Anacampserotaceae
Anacampseros prominens;Anacampserotaceae
Anacampseros quinaria;Anacampserotaceae
Anacampseros quinaria;Anacampserotaceae
Anacampseros retusa;Anacampserotaceae
Anacampseros rufescens;Anacampserotaceae
Anacampseros rufescens;Anacampserotaceae
Anacampseros telephiastrum;Anacampserotaceae
Anacampseros ustulata;Anacampserotaceae
Anacampseros vanthielii;Anacampserotaceae
Anacardium occidentale;Anacardiaceae
Anacardium occidentale;Anacardiaceae
Anacyclus radiatus;Asteraceae
Anadenanthera colubrina;Fabaceae
Anagallis monelli;Primulaceae (Myrsinaceae)
Anagyris foetida;Fabaceae (s.str.)
Anagyris foetida;Fabaceae (s.str.)
Anacheilium baculus;
Anacheilium cochleatum;
Anacheilium ionophlebium;
Ananas ananassoides;Bromeliaceae
Ananas comosus;Bromeliaceae
Anaphalis sp.;Asteraceae
Anaphalis sp.;Asteraceae
Anathallis bocainensis;Orchidaceae
Anathallis obovata;Orchidaceae
Ancistrochilus rothschildianus;Orchidaceae
Andrachne colchica;Euphorbiaceae
Andrachne sp.;Euphorbiaceae
Andrachne sp.;Euphorbiaceae
Andromeda polifolia;Ericaceae
Andromeda polifolia;Ericaceae
Andromeda polifolia;Ericaceae
Andromeda polifolia;Ericaceae
Andromeda polifolia;Ericaceae
Andromeda polifolia;Ericaceae
Andromeda polifolia;Ericaceae
Andropogon gerardii;Poaceae
Andropogon gerardii;Poaceae
Andropogon gerardii;Poaceae
Andropogon gerardii;Poaceae
Andropogon gerardii;Poaceae
Andropogon gerardii;Poaceae
Andropogon gerardii;Poaceae
Andropogon glomeratus;Poaceae
Andropogon hallii;Poaceae
Andropogon hallii;Poaceae
Andropogon hallii;Poaceae
Andropogon scoparius;Poaceae
Andropogon scoparius;Poaceae
Andropogon scoparius;Poaceae
Andropogon scoparius;Poaceae
Andropogon scoparius;Poaceae
Andropogon scoparius;Poaceae
Andropogon scoparius;Poaceae
Andropogon scoparius;Poaceae
Andropogon scoparius;Poaceae
Andropogon ternarius;Poaceae
Anemia dregeana;Anemiaceae
Anemia mexicana;Anemiaceae
Anemia mexicana;Anemiaceae
Anemone altaica;Ranunculaceae
Anemone apennina;Ranunculaceae
Anemone blanda;Ranunculaceae
Anemone blanda;Ranunculaceae
Anemone blanda;Ranunculaceae
Anemone blanda;Ranunculaceae
Anemone blanda;Ranunculaceae
Anemone canadensis;
Anemone coronaria;Ranunculaceae
Anemone coronaria;Ranunculaceae
Anemone cylindrica;Ranunculaceae
Anemone eranthoides;Ranunculaceae
Anemone flaccida;Ranunculaceae
Anemone hybr.;Ranunculaceae
Anemone hybr.;Ranunculaceae
Anemone hybr.;Ranunculaceae
Anemone hybr.;Ranunculaceae
Anemone hybr.;Ranunculaceae
Anemone hybr.;Ranunculaceae
Anemone hybr.;Ranunculaceae
Anemone hybr.;Ranunculaceae
Anemone knowltonia;Ranunculaceae
Anemone leveillei;Ranunculaceae
Anemone magellanica;Ranunculaceae
Anemone multifida;Ranunculaceae
Anemone multifida;Ranunculaceae
Anemone nemorosa;Ranunculaceae
Anemone nemorosa;Ranunculaceae
Anemone nemorosa;Ranunculaceae
Anemone nemorosa;Ranunculaceae
Anemone nemorosa;Ranunculaceae
Anemone nemorosa;Ranunculaceae
Anemone nemorosa;Ranunculaceae
Anemone nemorosa;Ranunculaceae
Anemone nemorosa;Ranunculaceae
Anemone nemorosa;Ranunculaceae
Anemone nemorosa;Ranunculaceae
Anemone nemorosa;Ranunculaceae
Anemone nemorosa;Ranunculaceae
Anemone nemorosa;Ranunculaceae
Anemone nemorosa;Ranunculaceae
Anemone nemorosa;Ranunculaceae
Anemone nemorosa;Ranunculaceae
Anemone nemorosa;Ranunculaceae
Anemone nemorosa;Ranunculaceae
Anemone nemorosa;Ranunculaceae
Anemone nemorosa;Ranunculaceae
Anemone nemorosa;Ranunculaceae
Anemone nemorosa;Ranunculaceae
Anemone nemorosa;Ranunculaceae
Anemone nemorosa;Ranunculaceae
Anemone nemorosa;Ranunculaceae
Anemone nemorosa;Ranunculaceae
Anemone nemorosa;Ranunculaceae
Anemone nemorosa;Ranunculaceae
Anemone nemorosa;Ranunculaceae
Anemone nemorosa;Ranunculaceae
Anemone nemorosa;Ranunculaceae
Anemone nemorosa;Ranunculaceae
Anemone nemorosa;Ranunculaceae
Anemone nemorosa;Ranunculaceae
Anemone nemorosa;Ranunculaceae
Anemone nemorosa;Ranunculaceae
Anemone nemorosa;Ranunculaceae
Anemone nemorosa;Ranunculaceae
Anemone nemorosa;Ranunculaceae
Anemone nemorosa;Ranunculaceae
Anemone nemorosa;Ranunculaceae
Anemone nemorosa;Ranunculaceae
Anemone nemorosa;Ranunculaceae
Anemone nemorosa;Ranunculaceae
Anemone nemorosa;Ranunculaceae
Anemone poilanei;Ranunculaceae
Anemone pseudoaltaica;Ranunculaceae
Anemone raddeana;Ranunculaceae
Anemone ranunculoides;Ranunculaceae
Anemone ranunculoides;Ranunculaceae
Anemone ranunculoides;Ranunculaceae
Anemone ranunculoides;Ranunculaceae
Anemone ranunculoides;Ranunculaceae
Anemone ranunculoides;Ranunculaceae
Anemone ranunculoides;Ranunculaceae
Anemone sp.;Ranunculaceae
Anemone sylvestris;Ranunculaceae
Anemone sylvestris;Ranunculaceae
Anemone trifolia;Ranunculaceae
Anemone trifolia;Ranunculaceae
Anemone virginiana;Ranunculaceae
Anemone x lipsiensis;Ranunculaceae
Anemone x lipsiensis;Ranunculaceae
Anemone x lipsiensis;Ranunculaceae
Anemonella thalictroides;Ranunculaceae
Anemonella thalictroides;Ranunculaceae
Anemonella thalictroides;Ranunculaceae
Anemonella thalictroides;Ranunculaceae
Anemonella thalictroides;Ranunculaceae
Anemonella thalictroides;Ranunculaceae
Anemonella thalictroides;Ranunculaceae
Anemonella thalictroides;Ranunculaceae
Anemonella thalictroides;Ranunculaceae
Anemonopsis macrophylla;Ranunculaceae
Anemonopsis macrophylla;Ranunculaceae
Anemopaegma chamberlaynii;Bignoniaceae
Anemopsis californica;Saururaceae
Anemopsis californica;Saururaceae
Angelica palustris;Apiaceae
Angelonia parviflora;Plantaginaceae (s.l.)
Anginon sp.;Apiaceae
Angiopteris madagascariensis;Marattiaceae
Angiopteris madagascariensis;Marattiaceae
Angiopteris magna;Marattiaceae
Angiopteris sp.;Marattiaceae
Angraecum aloifolium;Orchidaceae
Angraecum aloifolium;Orchidaceae
Angraecum bosseri;Orchidaceae
Angraecum bosseri;Orchidaceae
Angraecum calceolus;Orchidaceae
Angraecum comorense;Orchidaceae
Angraecum didieri;Orchidaceae
Angraecum didierii;Orchidaceae
Angraecum dollii;Orchidaceae
Angraecum eburneum;Orchidaceae
Angraecum eburneum;Orchidaceae
Angraecum eburneum;Orchidaceae
Angraecum eichlerianum;Orchidaceae
Angraecum eichlerianum;Orchidaceae
Angraecum elephantinum;Orchidaceae
Angraecum elephantinum;Orchidaceae
Angraecum erectum;Orchidaceae
Angraecum germinyanum;Orchidaceae
Angraecum leonis;Orchidaceae
Angraecum longicalcar;Orchidaceae
Angraecum magdalenae;Orchidaceae
Angraecum peyrotii;Orchidaceae
Angraecum praestans;Orchidaceae
Angraecum protensum;Orchidaceae
Angraecum rutenbergianum;Orchidaceae
Angraecum scottianum;Orchidaceae
Angraecum scottianum;Orchidaceae
Angraecum scottianum;Orchidaceae
Angraecum scottianum;Orchidaceae
Angraecum sesquipedale;Orchidaceae
Angraecum sesquipedale;Orchidaceae
Angraecum sororium;Orchidaceae
Angraecum sororium;Orchidaceae
Angraecum sp.;Orchidaceae
Angraecum sp.;Orchidaceae
Angraecum stella-africae;Orchidaceae
Angraecum veitchii;Orchidaceae
Angraecum viguieri;Orchidaceae
Angraecum viguieri;Orchidaceae
Angraecum xerophilum;Orchidaceae
Anguloa cliftonii;Orchidaceae
Anguloa clowesii;Orchidaceae
Anguloa dubia;Orchidaceae
Anguloa ruckeri;Orchidaceae
Anguloa uniflora;Orchidaceae
Anchomanes dalzielii;Araceae
Anchomanes difformis;Araceae
Anchomanes difformis;Araceae
Anchomanes difformis;Araceae
Anchomanes giganteus;Araceae
Anchomanes welwitschii;Araceae
Anigozanthos flavidus;Haemodoraceae
Anigozanthos flavidus;Haemodoraceae
Anigozanthos viridis;Haemodoraceae
Anisodontea capensis;Malvaceae
Anisodus luridus;Solanaceae
Anisodus tanguticus;Solanaceae
Anisomeria littoralis;Phytolaccaceae
Annona cherimola;Annonaceae
Annona cherimola;Annonaceae
Annona montana;Annonaceae
Annona sp.;Annonaceae
Anoda cristata;Malvaceae
Anodendron affine;Apocynaceae
Anoectochilus calcareus;Orchidaceae
Anoectochilus formosanus;Orchidaceae
Anoectochilus sp.;Orchidaceae
Anoectochilus sp.;Orchidaceae
Anredera cordifolia;Basellaceae
Ansellia africana;Orchidaceae
Ansellia africana;Orchidaceae
Ansellia africana;Orchidaceae
Antennaria aprica;Asteraceae
Antennaria howellii;Asteraceae
Antennaria chilensis;Asteraceae
Antennaria parlinii;Asteraceae
Antennaria parlinii;Asteraceae
Anthemis aciphylla;Asteraceae
Anthemis cretica;Asteraceae
Anthemis cretica;Asteraceae
Anthemis marschalliana;Asteraceae
Anthemis marschalliana;Asteraceae
Anthemis tinctoria;Asteraceae
Anthemis tinctoria;Asteraceae
Anthemis tinctoria;Asteraceae
Anthemis tinctoria;Asteraceae
Anthemis tinctoria;Asteraceae
Anthemis tinctoria;Asteraceae
Anthericum liliago;Asparagaceae (Agavaceae)
Anthericum ramosum;Asparagaceae (Agavaceae)
Anthorrhiza bracteosa;Rubiaceae
Anthorrhiza chrysacantha;Rubiaceae
Anthorrhiza recurvispina;Rubiaceae
Anthoxanthum odoratum;Poaceae
Anthriscus sylvestris;Apiaceae
Anthriscus sylvestris;Apiaceae
Anthurium acutangulum;Araceae
Anthurium acutangulum;Araceae
Anthurium alluriquense;Araceae
Anthurium alluriquense;Araceae
Anthurium altaverapazense;Araceae
Anthurium amnicola;Araceae
Anthurium amnicola;Araceae
Anthurium andreanum;Araceae
Anthurium andreanum;Araceae
Anthurium andreanum hybrid;Araceae
Anthurium aponogetonifolium;Araceae
Anthurium aponogetonifolium;Araceae
Anthurium araliaefolium;Araceae
Anthurium argyrostachyum;Araceae
Anthurium arisaemoides;Araceae
Anthurium bakeri;Araceae
Anthurium bakeri;Araceae
Anthurium bakeri;Araceae
Anthurium beltianum;Araceae
Anthurium berriozabalense;Araceae
Anthurium berriozabalense;Araceae
Anthurium berriozabalense;Araceae
Anthurium bogotense;Araceae
Anthurium breviscapum;Araceae
Anthurium carinatum;Araceae
Anthurium carla-blackiae;Araceae
Anthurium clarinervium;Araceae
Anthurium clavigerum;Araceae
Anthurium clavigerum;Araceae
Anthurium coriaceum;Araceae
Anthurium corrugatum;Araceae
Anthurium corrugatum;Araceae
Anthurium corrugatum;Araceae
Anthurium corrugatum;Araceae
Anthurium crenatum;Araceae
Anthurium croatiana;Araceae
Anthurium crystallinum;Araceae
Anthurium crystallinum;Araceae
Anthurium cubense;Araceae
Anthurium cubense;Araceae
Anthurium cutucuense;Araceae
Anthurium debilis;Araceae
Anthurium decipiens;Araceae
Anthurium digitatum;Araceae
Anthurium dombeyanum;Araceae
Anthurium draconopterum;Araceae
Anthurium draconopterum;Araceae
Anthurium effusilobum;Araceae
Anthurium eminens;Araceae
Anthurium ernesti;Araceae
Anthurium fastuosum;Araceae
Anthurium fastuosum;Araceae
Anthurium fendleri;Araceae
Anthurium fissum;Araceae
Anthurium flexile;Araceae
Anthurium forgetii;Araceae
Anthurium friedrichsthalii;Araceae
Anthurium furcatum;Araceae
Anthurium gracile;Araceae
Anthurium gracile;Araceae
Anthurium gracile;Araceae
Anthurium gracile;Araceae
Anthurium gracile;Araceae
Anthurium gracile;Araceae
Anthurium gracile;Araceae
Anthurium gracile;Araceae
Anthurium gracile;Araceae
Anthurium gracile;Araceae
Anthurium gracile;Araceae
Anthurium gracile;Araceae
Anthurium gracile;Araceae
Anthurium grubbii;Araceae
Anthurium hookeri;Araceae
Anthurium huixtlense;Araceae
Anthurium huixtlense;Araceae
Anthurium huixtlense;Araceae
Anthurium chiapasense;Araceae
Anthurium insigne;Araceae
Anthurium insigne;Araceae
Anthurium insigne;Araceae
Anthurium insigne;Araceae
Anthurium interruptum;Araceae
Anthurium itanhaense;Araceae
Anthurium jenmannii;Araceae
Anthurium lancea;Araceae
Anthurium leuconeurum;Araceae
Anthurium leuconeurum;Araceae
Anthurium lilacinum;Araceae
Anthurium llewelynii;Araceae
Anthurium llewelynii;Araceae
Anthurium longissimum;Araceae
Anthurium lucens;Araceae
Anthurium luxurians;Araceae
Anthurium macdanielii;Araceae
Anthurium maculosum;Araceae
Anthurium magnificum;Araceae
Anthurium magnificum;Araceae
Anthurium magnificum;Araceae
Anthurium magnificum;Araceae
Anthurium magnificum-hybrid;Araceae
Anthurium metallicum;Araceae
Anthurium mettalicum;Araceae
Anthurium microphyllum;Araceae
Anthurium montanum;Araceae
Anthurium moronense;Araceae
Anthurium obtusilobum;Araceae
Anthurium obtusum;Araceae
Anthurium obtusum;Araceae
Anthurium ornatum;Araceae
Anthurium ornatum;Araceae
Anthurium oxyphyllum;Araceae
Anthurium pallidiflorum;Araceae
Anthurium panduriforme;Araceae
Anthurium pandurilaminum;Araceae
Anthurium paquishae;Araceae
Anthurium paradisicum;Araceae
Anthurium paraguayense;Araceae
Anthurium paraguyaense;Araceae
Anthurium parasiticum;Araceae
Anthurium pedatoradiatum;Araceae
Anthurium pedatum;Araceae
Anthurium pedatum;Araceae
Anthurium pedatum;Araceae
Anthurium pendleri;Araceae
Anthurium pendulifolium;Araceae
Anthurium pentaphyllum;Araceae
Anthurium pentaphyllum;Araceae
Anthurium pentaphyllum;Araceae
Anthurium pentaphyllum;Araceae
Anthurium pentaphyllum;Araceae
Anthurium pittieri;Araceae
Anthurium pittieri;Araceae
Anthurium polyrrhizon;Araceae
Anthurium polyschistum;Araceae
Anthurium polyschistum;Araceae
Anthurium polyschistum;Araceae
Anthurium ranchoanum;Araceae
Anthurium reflexinervium;Araceae
Anthurium reflexinervium;Araceae
Anthurium regale;Araceae
Anthurium regale;Araceae
Anthurium regale;Araceae
Anthurium salgarense;Araceae
Anthurium salviniae;Araceae
Anthurium salviniae;Araceae
Anthurium salviniae;Araceae
Anthurium sarukhanianum;Araceae
Anthurium sarukhanianum;Araceae
Anthurium sarukhanianum;Araceae
Anthurium scandens;Araceae
Anthurium scandens;Araceae
Anthurium scandens;Araceae
Anthurium scandens;Araceae
Anthurium scandens;Araceae
Anthurium scandens;Araceae
Anthurium scandens;Araceae
Anthurium scolopendrinum;Araceae
Anthurium scherzerianum;Araceae
Anthurium scherzerianum;Araceae
Anthurium schlechtendalii;Araceae
Anthurium schlechtendalii;Araceae
Anthurium schlechtendalii;Araceae
Anthurium schlechtendalii;Araceae
Anthurium schlechtendalii;Araceae
Anthurium schlechtendalii;Araceae
Anthurium schlechtendalii;Araceae
Anthurium schlechtendalii;Araceae
Anthurium sp.;Araceae
Anthurium sp.;Araceae
Anthurium sp.;Araceae
Anthurium sp.;Araceae
Anthurium sp.;Araceae
Anthurium sp.;Araceae
Anthurium sp.;Araceae
Anthurium sp.;Araceae
Anthurium sp.;Araceae
Anthurium sp.;Araceae
Anthurium sp.;Araceae
Anthurium sp.;Araceae
Anthurium sp.;Araceae
Anthurium sp.;Araceae
Anthurium sp.;Araceae
Anthurium sp.;Araceae
Anthurium sp.;Araceae
Anthurium sp.;Araceae
Anthurium sp.;Araceae
Anthurium sp.;Araceae
Anthurium sp.;Araceae
Anthurium sp.;Araceae
Anthurium sp.;Araceae
Anthurium sp.;Araceae
Anthurium sp.;Araceae
Anthurium sp.;Araceae
Anthurium sp.;Araceae
Anthurium sp.;Araceae
Anthurium sp.;Araceae
Anthurium sp.;Araceae
Anthurium sp.;Araceae
Anthurium sp.;Araceae
Anthurium sp.;Araceae
Anthurium sp.;Araceae
Anthurium sp.;Araceae
Anthurium sp.;Araceae
Anthurium splendidum;Araceae
Anthurium standleyi;Araceae
Anthurium subcordatum;Araceae
Anthurium ternifolium;Araceae
Anthurium testaceum;Araceae
Anthurium tetragonum;Araceae
Anthurium timplowmanii;Araceae
Anthurium titanium;Araceae
Anthurium trinerve;Araceae
Anthurium trinerve;Araceae
Anthurium truncicola;Araceae
Anthurium uleanum;Araceae
Anthurium upalaense;Araceae
Anthurium upalaense;Araceae
Anthurium upalaense;Araceae
Anthurium vanderknaapii;Araceae
Anthurium vanderknaapii;Araceae
Anthurium veitchii;Araceae
Anthurium veitchii;Araceae
Anthurium venosum;Araceae
Anthurium verapazense;Araceae
Anthurium verapazense;Araceae
Anthurium verapazense;Araceae
Anthurium villaneurum;Araceae
Anthurium villenaorum;Araceae
Anthurium vittariifolium;Araceae
Anthurium wagenerianum;Araceae
Anthurium warocqueanum;Araceae
Anthurium warocqueanum;Araceae
Anthurium warocqueanum;Araceae
Anthurium waterburyanum;Araceae
Anthurium watermaliense;Araceae
Anthurium wendlingeri;Araceae
Anthurium wendlingeri;Araceae
Anthurium willdenowii;Araceae
Anthyllis barba-jovis;Fabaceae (s.str.)
Anthyllis barba-jovis;Fabaceae (s.str.)
Anthyllis hermanniae;Fabaceae (s.str.)
Anthyllis montana;Fabaceae (s.str.)
Anthyllis vulneraria;Fabaceae (s.str.)
Anthyllis vulneraria;Fabaceae (s.str.)
Antiaris toxicaria;Moraceae
Antiaris toxicaria;Moraceae
Antigonon sp.;Polygonaceae
Antirrhinum majus;Plantaginaceae (s.l.)
Antirrhinum majus;Plantaginaceae (s.l.)
Anubias angustifolia;Araceae
Anubias barteri;Araceae
Anubias barteri;Araceae
Anubias congensis;Araceae
Anubias heterophylla;Araceae
Aphandra natalia;Arecaceae
Aphelandra aurantiaca;Acanthaceae
Aphelandra schiedeana;Acanthaceae
Apios americana;Fabaceae (s.str.)
Apios americana;Fabaceae (s.str.)
Apium nodiflorum;Apiaceae
Apium nodiflorum;Apiaceae
Apobalis sp.;
Apocynum androsaemifolium;Apocynaceae
Apocynum cannabinum;Apocynaceae
Apocynum cannabinum;Apocynaceae
Apocynum venetum;Apocynaceae
Apodanthera aspera;Cucurbitaceae
Appendicula cornuta;Orchidaceae
Appendicula malindangensis;Orchidaceae
Aptenia cordifolia;Aizoaceae
Apteranthes joannis;
Aquilegia atrata;Ranunculaceae
Aquilegia atrata;Ranunculaceae
Aquilegia atrata;Ranunculaceae
Aquilegia barnebyi;Ranunculaceae
Aquilegia buergeriana;Ranunculaceae
Aquilegia canadensis;Ranunculaceae
Aquilegia coerulea;Ranunculaceae
Aquilegia coerulea;Ranunculaceae
Aquilegia coerulea;Ranunculaceae
Aquilegia coerulea-hybr.;Ranunculaceae
Aquilegia coerulea-hybr.;Ranunculaceae
Aquilegia coerulea-hybr.;Ranunculaceae
Aquilegia desertorum;Ranunculaceae
Aquilegia dinarica;Ranunculaceae
Aquilegia elegantula;Ranunculaceae
Aquilegia flabellata;Ranunculaceae
Aquilegia flabellata;Ranunculaceae
Aquilegia flabellata;Ranunculaceae
Aquilegia flabellata-hybr.;Ranunculaceae
Aquilegia flabellata-hybr.;Ranunculaceae
Aquilegia flabellata-hybr.;Ranunculaceae
Aquilegia flabellata-hybr.;Ranunculaceae
Aquilegia flabellata-hybr.;Ranunculaceae
Aquilegia flabellata-hybr.;Ranunculaceae
Aquilegia formosa;Ranunculaceae
Aquilegia hybr.;Ranunculaceae
Aquilegia hybr.;Ranunculaceae
Aquilegia hybr.;Ranunculaceae
Aquilegia hybr.;Ranunculaceae
Aquilegia hybr.;Ranunculaceae
Aquilegia hybr.;Ranunculaceae
Aquilegia hybr.;Ranunculaceae
Aquilegia chrysantha;Ranunculaceae
Aquilegia chrysantha;Ranunculaceae
Aquilegia chrysantha;Ranunculaceae
Aquilegia kubanica;Ranunculaceae
Aquilegia laramiensis;Ranunculaceae
Aquilegia longissima;Ranunculaceae
Aquilegia parviflora;Ranunculaceae
Aquilegia sp.;Ranunculaceae
Aquilegia viridiflora;Ranunculaceae
Aquilegia viridiflora;Ranunculaceae
Aquilegia vulgaris;Ranunculaceae
Aquilegia vulgaris;Ranunculaceae
Aquilegia vulgaris;Ranunculaceae
Aquilegia vulgaris;Ranunculaceae
Aquilegia vulgaris-hybr.;Ranunculaceae
Arabis nemorensis;Brassicaceae
Arabis pauciflora;Brassicaceae
Arabis procurrens;Brassicaceae
Arabis purpurea;Brassicaceae
Arabis sudetica;Brassicaceae
Arabis turrita;Brassicaceae
Arachnanthe cathcartii;Orchidaceae
Arachnanthe clarkei;Orchidaceae
Arachniodes aristata;Dryopteridaceae
Arachniodes festina;Dryopteridaceae
Arachniodes simplicior;Dryopteridaceae
Arachniodes simplicior;Dryopteridaceae
Arachniodes simulans;Dryopteridaceae
Arachniodes sp.;Dryopteridaceae
Arachniodes standishii;Dryopteridaceae
Arachnis annamensis;Orchidaceae
Arachnis longisepala;Orchidaceae
Arachnoides sp.;
Aralia apioides;Araliaceae
Aralia continentalis;Araliaceae
Aralia continentalis;Araliaceae
Aralia cordata;Araliaceae
Aralia elata;Araliaceae
Aralia chinensis;Araliaceae
Aralia mandshurica;Araliaceae
Aralia nudicaulis;Araliaceae
Aralia nudicaulis;Araliaceae
Aralia racemosa;Araliaceae
Aralia racemosa;Araliaceae
Aralia sp.;Araliaceae
Aralia spinosa;Araliaceae
Araucaria angustifolia;Araucariaceae
Araucaria araucana;Araucariaceae
Araucaria columnaris;Araucariaceae
Araucaria cunninghamii;Araucariaceae
Araucaria hunsteinii;Araucariaceae
Araucaria nemorosa;Araucariaceae
Araucaria rulei;Araucariaceae
Araucaria scopulorum;Araucariaceae
Arbutus andrachne;Ericaceae
Arbutus arizonica;Ericaceae
Arbutus menziesii;Ericaceae
Arbutus unedo;Ericaceae
Arbutus unedo;Ericaceae
Arbutus unedo;Ericaceae
Arbutus x andrachnoides;Ericaceae
Arbutus xalapensis;Ericaceae
Arctostaphylos media;Ericaceae
Arctostaphylos nevadensis;Ericaceae
Arctostaphylos thymifolia;Ericaceae
Arctostaphylos uva ursii;Ericaceae
Arctostaphylos uva-ursi;Ericaceae
Arctostaphylos uva-ursi;Ericaceae
Arctostaphylos uva-ursi;Ericaceae
Arctostaphylos uva-ursi;Ericaceae
Arctostaphylos uva-ursi;Ericaceae
Arctostaphylos uva-ursi;Ericaceae
Arctostaphylos uva-ursi;Ericaceae
Arctostaphylos uva-ursi;Ericaceae
Arctostaphylos uva-ursi;Ericaceae
Arctostaphylos uva-ursi;Ericaceae
Arctotis acaulis;Asteraceae
Arctotis campanulata;Asteraceae
Arctotis fastuosa;Asteraceae
Arctotis grandis;Asteraceae
Arctotis gumbletonii;Asteraceae
Arctotis hirsuta;Asteraceae
Arctotis revoluta;Asteraceae
Arctotis venusta;Asteraceae
Arctous alpina;Ericaceae
Ardisia florida;Primulaceae (Myrsinaceae)
Ardisia perpendicularis;Primulaceae (Myrsinaceae)
Ardisia polycephala;Primulaceae (Myrsinaceae)
Ardisia sp.;Primulaceae (Myrsinaceae)
Ardisia sp.;Primulaceae (Myrsinaceae)
Ardisia sp.;Primulaceae (Myrsinaceae)
Ardisia sp.;Primulaceae (Myrsinaceae)
Areca camarinensis;Arecaceae
Areca catechu;Arecaceae
Areca catechu;Arecaceae
Areca catechu;Arecaceae
Areca minuta;Arecaceae
Areca sp.;Arecaceae
Areca sp.;Arecaceae
Areca subacaulis;Arecaceae
Areca vestiaria;Arecaceae
Arenaria acerosa;Caryophyllaceae
Arenaria alfacarensis;Caryophyllaceae
Arenaria balansae;Caryophyllaceae
Arenaria fendleri;Caryophyllaceae
Arenaria ledebouriana;Caryophyllaceae
Arenaria ligericina;Caryophyllaceae
Arenaria montana;Caryophyllaceae
Arenaria pseudacantholimon;Caryophyllaceae
Arenaria tetraquetra;Caryophyllaceae
Arenaria tetraquetra;Caryophyllaceae
Arenga caudata;Arecaceae
Arenga caudata;Arecaceae
Arenga hastata;Arecaceae
Arenga hookeriana;Arecaceae
Arenga hookeriana;Arecaceae
Arenga tremula;Arecaceae
Arenga undulatifolia;Arecaceae
Argemone corymbosa;Papaveraceae
Argemone grandiflora;Papaveraceae
Argemone mexicana;Papaveraceae
Argemone ochroleuca;Papaveraceae
Argemone platyceras;Papaveraceae
Argemone polyanthemos;Papaveraceae
Argylia canescens;Bignoniaceae
Argyreia collinsiae;Convolvulaceae
Argyreia nervosa;Convolvulaceae
Argyroderma fissum;Aizoaceae
Aridarum sp. n.;Araceae
Ariocarpus agavoides;Cactaceae
Ariocarpus bravoanus;Cactaceae
Ariocarpus fissuratus;Cactaceae
Ariocarpus fissuratus;Cactaceae
Ariocarpus kotschoubeyanus;Cactaceae
Ariocarpus retusus;Cactaceae
Ariocarpus retusus;Cactaceae
Ariocarpus trigonus;Cactaceae
Arisaema ciliatum;Araceae
Arisaema elephas;Araceae
Arisaema filiforme;Araceae
Arisaema filiforme;Araceae
Arisaema lihenganum;Araceae
Arisaema polyphyllum;Araceae
Arisaema ringens;Araceae
Arisaema ringens;Araceae
Arisaema sikokianum;Araceae
Arisaema sp.;Araceae
Arisaema sp.;Araceae
Arisaema sp.;Araceae
Arisaema sp.;Araceae
Arisaema sp.;Araceae
Arisaema sp.;Araceae
Arisaema sp.;Araceae
Arisaema sp.;Araceae
Arisaema sp.;Araceae
Arisaema sp.;Araceae
Arisaema sp.;Araceae
Arisaema sp.;Araceae
Arisaema sp.;Araceae
Arisaema sp.;Araceae
Arisaema thunbergii;Araceae
Arisaema triphyllum;Araceae
Arisaema triphyllum;Araceae
Arisaema triphyllum;Araceae
Arisarum proboscideum;Araceae
Arisarum simorrhinum;Araceae
Arisarum sp.;Araceae
Arisarum sp.;Araceae
Arisarum sp.;Araceae
Arisarum sp.;Araceae
Arisarum sp.;Araceae
Arisarum sp.;Araceae
Arisarum vulgare;Araceae
Arisarum vulgare;Araceae
Arisarum vulgare;Araceae
Arisarum vulgare;Araceae
Arisarum vulgare;Araceae
Arisarum vulgare;Araceae
Aristea ensifolia;Iridaceae
Aristolochia arborea;Aristolochiaceae
Aristolochia baetica;Aristolochiaceae
Aristolochia baetica;Aristolochiaceae
Aristolochia californica;Aristolochiaceae
Aristolochia cauliflora;Aristolochiaceae
Aristolochia cretica;Aristolochiaceae
Aristolochia cretica;Aristolochiaceae
Aristolochia elegans;Aristolochiaceae
Aristolochia gigantea;Aristolochiaceae
Aristolochia goldieana;Aristolochiaceae
Aristolochia grandiflora;Aristolochiaceae
Aristolochia heterophylla;Aristolochiaceae
Aristolochia littoralis;Aristolochiaceae
Aristolochia macrophylla;Aristolochiaceae
Aristolochia macrophylla;Aristolochiaceae
Aristolochia macrophylla;Aristolochiaceae
Aristolochia macrophylla;Aristolochiaceae
Aristolochia macroura;Aristolochiaceae
Aristolochia manshuriensis;Aristolochiaceae
Aristolochia manshuriensis;Aristolochiaceae
Aristolochia manshuriensis;Aristolochiaceae
Aristolochia manshuriensis;Aristolochiaceae
Aristolochia maxima;Aristolochiaceae
Aristolochia nevesarmondiana;Aristolochiaceae
Aristolochia onoei;Aristolochiaceae
Aristolochia pallida;Aristolochiaceae
Aristolochia pallida;Aristolochiaceae
Aristolochia panamensis;Aristolochiaceae
Aristolochia paucinervis;Aristolochiaceae
Aristolochia paucinervis;Aristolochiaceae
Aristolochia paucinervis;Aristolochiaceae
Aristolochia paucinervis;Aristolochiaceae
Aristolochia pontica;Aristolochiaceae
Aristolochia salvadorensis;Aristolochiaceae
Aristolochia sempervirens;Aristolochiaceae
Aristolochia sempervirens;Aristolochiaceae
Aristolochia sp.;Aristolochiaceae
Aristolochia sp.;Aristolochiaceae
Aristolochia sp.;Aristolochiaceae
Aristolochia sp.;Aristolochiaceae
Aristolochia sp.;Aristolochiaceae
Aristolochia sp.;Aristolochiaceae
Aristolochia tomentosa;Aristolochiaceae
Aristolochia tricaudata;Aristolochiaceae
Aristolochia trilobata;Aristolochiaceae
Aristotelia fruticosa;Elaeocarpaceae
Aristotelia fruticosa;Elaeocarpaceae
Aristotelia serrata;Elaeocarpaceae
Aristotelia serrata;Elaeocarpaceae
Aristotelia serrata;Elaeocarpaceae
Armeria alliacea;Plumbaginaceae
Armeria alpina;Plumbaginaceae
Armeria arctica;Plumbaginaceae
Armeria arenaria;Plumbaginaceae
Armeria berlengensis;Plumbaginaceae
Armeria canescens;Plumbaginaceae
Armeria canescens;Plumbaginaceae
Armeria canescens;Plumbaginaceae
Armeria cariensis;Plumbaginaceae
Armeria cinerea;Plumbaginaceae
Armeria gracilis;Plumbaginaceae
Armeria hybr.;Plumbaginaceae
Armeria hybr.;Plumbaginaceae
Armeria chilensis;Plumbaginaceae
Armeria longiaristata;Plumbaginaceae
Armeria maritima;Plumbaginaceae
Armeria maritima;Plumbaginaceae
Armeria maritima;Plumbaginaceae
Armeria maritima;Plumbaginaceae
Armeria maritima;Plumbaginaceae
Armeria pungens;Plumbaginaceae
Armeria scabra;Plumbaginaceae
Armeria seticeps;Plumbaginaceae
Armeria trojana;Plumbaginaceae
Armeria undulata;Plumbaginaceae
Armeria vulgaris;Plumbaginaceae
Armeria welwitschii;Plumbaginaceae
Armeria x sundermannii;Plumbaginaceae
Armoracia rusticana;Brassicaceae
Arnica chamissonis;Asteraceae
Arnica lanceolata;Asteraceae
Arnica montana;Asteraceae
Arnica nevadensis;Asteraceae
Arophyton humbertii;Araceae
Arrhenatherum bulbosum;Poaceae
Artabotrys hexapetalus;Annonaceae
Artemisia abrotanum;Asteraceae
Artemisia abrotanum;Asteraceae
Artemisia abrotanum;Asteraceae
Artemisia abrotanum;Asteraceae
Artemisia absinthium;Asteraceae
Artemisia absinthium;Asteraceae
Artemisia absinthium;Asteraceae
Artemisia absinthium;Asteraceae
Artemisia afra;Asteraceae
Artemisia alba;Asteraceae
Artemisia alba;Asteraceae
Artemisia arborescens;Asteraceae
Artemisia arborescens;Asteraceae
Artemisia aucheri;Asteraceae
Artemisia campestris;Asteraceae
Artemisia cana;Asteraceae
Artemisia caucasica;Asteraceae
Artemisia cretacea;Asteraceae
Artemisia dracunculus;Asteraceae
Artemisia frigida;Asteraceae
Artemisia gorgonum;Asteraceae
Artemisia japonica;Asteraceae
Artemisia laciniata;Asteraceae
Artemisia lanata;Asteraceae
Artemisia ludoviciana;Asteraceae
Artemisia ludoviciana;Asteraceae
Artemisia ludoviciana;Asteraceae
Artemisia michauxiana;Asteraceae
Artemisia pontica;Asteraceae
Artemisia princeps;Asteraceae
Artemisia procera;Asteraceae
Artemisia rutifolia;Asteraceae
Artemisia santonicum;Asteraceae
Artemisia schmidtiana;Asteraceae
Artemisia schmidtiana;Asteraceae
Artemisia sp.;Asteraceae
Artemisia sp.;Asteraceae
Artemisia sp.;Asteraceae
Artemisia sp.;Asteraceae
Artemisia stelleriana;Asteraceae
Artemisia vallesiaca;Asteraceae
Artemisia vulgaris;Asteraceae
Arthropodium cirrhatum;Asparagaceae (Laxmanniaceae)
Arthrostemma parvifolium;Melastomataceae
Artocarpus heterophyllus;Moraceae
Artocarpus heterophyllus;Moraceae
Arum alpinum;Araceae
Arum apulum;Araceae
Arum apulum;Araceae
Arum apulum x italicum;Araceae
Arum apulum x italicum;Araceae
Arum balansanum;Araceae
Arum byzantinum;Araceae
Arum concinnatum;Araceae
Arum concinnatum;Araceae
Arum concinnatum;Araceae
Arum concinnatum;Araceae
Arum concinnatum;Araceae
Arum concinnatum;Araceae
Arum concinnatum;Araceae
Arum concinnatum;Araceae
Arum creticum;Araceae
Arum creticum;Araceae
Arum cyrenaicum;Araceae
Arum cyrenaicum;Araceae
Arum cyrenaicum x concinnatum;Araceae
Arum dioscoridis;Araceae
Arum dioscoridis;Araceae
Arum dioscoridis;Araceae
Arum dioscoridis;Araceae
Arum dioscoridis;Araceae
Arum dioscoridis;Araceae
Arum dioscoridis;Araceae
Arum dioscoridis;Araceae
Arum dioscoridis;Araceae
Arum dioscoridis;Araceae
Arum dioscoridis;Araceae
Arum dioscoridis;Araceae
Arum dioscoridis;Araceae
Arum dioscoridis;Araceae
Arum dioscoridis;Araceae
Arum dioscoridis;Araceae
Arum hybr.;Araceae
Arum hygrophilum;Araceae
Arum italicum;Araceae
Arum italicum;Araceae
Arum italicum;Araceae
Arum italicum;Araceae
Arum italicum;Araceae
Arum italicum;Araceae
Arum italicum;Araceae
Arum italicum;Araceae
Arum italicum;Araceae
Arum italicum;Araceae
Arum italicum;Araceae
Arum italicum;Araceae
Arum italicum;Araceae
Arum italicum;Araceae
Arum italicum;Araceae
Arum italicum;Araceae
Arum italicum;Araceae
Arum italicum;Araceae
Arum italicum;Araceae
Arum italicum;Araceae
Arum italicum;Araceae
Arum maculatum;Araceae
Arum maculatum;Araceae
Arum maculatum;Araceae
Arum maculatum;Araceae
Arum maculatum;Araceae
Arum maculatum;Araceae
Arum nigrum;Araceae
Arum orientale;Araceae
Arum orientale;Araceae
Arum orientale;Araceae
Arum orientale;Araceae
Arum palaestinum;Araceae
Arum pictum;Araceae
Arum pictum;Araceae
Arum pictum;Araceae
Arum pictum;Araceae
Arum pictum;Araceae
Arum purpureospathum;Araceae
Arum purpureospathum;Araceae
Arum sp.;Araceae
Aruncus aethusifolius;Rosaceae
Aruncus aethusifolius;Rosaceae
Aruncus aethusifolius;Rosaceae
Aruncus aethusifolius;Rosaceae
Aruncus aethusifolius;Rosaceae
Aruncus aethusifolius;Rosaceae
Aruncus aethusifolius;Rosaceae
Aruncus dioicus;Rosaceae
Aruncus dioicus;Rosaceae
Aruncus dioicus;Rosaceae
Aruncus dioicus;Rosaceae
Aruncus hybr.;Rosaceae
Aruncus hybr.;Rosaceae
Aruncus hybr.;Rosaceae
Aruncus hybr.;Rosaceae
Aruncus hybr.;Rosaceae
Aruncus hybr.;Rosaceae
Aruncus hybr.;Rosaceae
Aruncus hybr.;Rosaceae
Aruncus kamtschaticus;Rosaceae
Aruncus sp.;Rosaceae
Aruncus vulgaris;Rosaceae
Aruncus vulgaris;Rosaceae
Aruncus vulgaris;Rosaceae
Aruncus vulgaris;Rosaceae
Aruncus vulgaris;Rosaceae
Aruncus vulgaris;Rosaceae
Arundina caespitosa;Orchidaceae
Asarina erubescens;Plantaginaceae (s.l.)
Asarum europaeum;Aristolochiaceae
Asarum europaeum;Aristolochiaceae
Asarum europaeum;Aristolochiaceae
Asarum geophilum;Aristolochiaceae
Asarum infrapurpureum;Aristolochiaceae
Asarum minus;Aristolochiaceae
Asarum naniflorum;Aristolochiaceae
Asarum shuttleworthii;Aristolochiaceae
Asarum sp.;Aristolochiaceae
Asarum sp.;Aristolochiaceae
Asarum splendens;Aristolochiaceae
Asarum taipingshanianum;Aristolochiaceae
Asclepias asperula;Apocynaceae
Asclepias cordifolia;Apocynaceae
Asclepias curassavica;Apocynaceae
Asclepias exaltata;Apocynaceae
Asclepias exaltata;Apocynaceae
Asclepias fascicularis;Apocynaceae
Asclepias fascicularis;Apocynaceae
Asclepias hallii;Apocynaceae
Asclepias hallii;Apocynaceae
Asclepias incarnata;Apocynaceae
Asclepias incarnata;Apocynaceae
Asclepias incarnata;Apocynaceae
Asclepias incarnata;Apocynaceae
Asclepias latifolia;Apocynaceae
Asclepias physocarpa;Apocynaceae
Asclepias purpurascens;Apocynaceae
Asclepias speciosa;Apocynaceae
Asclepias sullivantii;Apocynaceae
Asclepias syriaca;Apocynaceae
Asclepias tuberosa;Apocynaceae
Asclepias tuberosa;Apocynaceae
Asclepias tuberosa;Apocynaceae
Asclepias verticillata;Apocynaceae
Asclepias verticillata;Apocynaceae
Asclepias viridis;Apocynaceae
Ascocenda hybr.;Orchidaceae
Ascocenda hybr.;Orchidaceae
Ascocentrum ampullaceum;Orchidaceae
Ascocentrum aurantiacum;Orchidaceae
Ascocentrum christensonianum;Orchidaceae
Ascocentrum christensonianum;Orchidaceae
Ascocentrum miniatum;Orchidaceae
Ascocentrum miniatum;Orchidaceae
Ascocentrum pumilum;Orchidaceae
Ascocentrum pumilum;Orchidaceae
Ascocentrum pumilum;Orchidaceae
Ascocentrum pusillum;Orchidaceae
Asimina triloba;Annonaceae
Aspalathus linearis;Fabaceae (s.str.)
Asparagus cochinchinensis;Asparagaceae
Asparagus cochinchinensis;Asparagaceae
Asparagus cochinchinensis;Asparagaceae
Asparagus cochinchinensis;Asparagaceae
Asparagus declinatus;Asparagaceae
Asparagus densiflorus;Asparagaceae
Asparagus densiflorus;Asparagaceae
Asparagus densiflorus;Asparagaceae
Asparagus denudatus;Asparagaceae
Asparagus officinalis;Asparagaceae
Asparagus plumosus;Asparagaceae
Asparagus racemosus;Asparagaceae
Asparagus setaceus;Asparagaceae
Asparagus schoberioides;Asparagaceae
Asparagus sp.;Asparagaceae
Asparagus sp.;Asparagaceae
Asparagus sp.;Asparagaceae
Asparagus sp.;Asparagaceae
Asparagus suaveolens;Asparagaceae
Asparagus verticillatus;Asparagaceae
Asparagus virgatus;Asparagaceae
Aspasia epidendroides;Orchidaceae
Aspasia epidendroides;Orchidaceae
Asperula arcadiensis;Rubiaceae
Asperula aristata;Rubiaceae
Asperula cynanchica;Rubiaceae
Asperula nitida;Rubiaceae
Asperula nitida;Rubiaceae
Asperula taurina;Rubiaceae
Asperula tinctoria;Rubiaceae
Asperula tinctoria;Rubiaceae
Asphodeline liburnica;Xanthorrhoeaceae
Asphodeline lutea;Xanthorrhoeaceae
Asphodelus albus;Xanthorrhoeaceae
Asphodelus fistulosus;Xanthorrhoeaceae
Asphodelus microcarpus;Xanthorrhoeaceae
Aspidistra bogneri;Asparagaceae (Ruscaceae)
Aspidistra elatior;Asparagaceae (Ruscaceae)
Aspidistra elatior;Asparagaceae (Ruscaceae)
Aspidistra elatior;Asparagaceae (Ruscaceae)
Aspidistra elatior;Asparagaceae (Ruscaceae)
Aspidistra fungilliformis;Asparagaceae (Ruscaceae)
Aspidistra larutensis;Asparagaceae (Ruscaceae)
Aspidistra lurida;Asparagaceae (Ruscaceae)
Aspidistra lurida;Asparagaceae (Ruscaceae)
Aspidistra omeiensis;Asparagaceae (Ruscaceae)
Aspidistra opaca;Asparagaceae (Ruscaceae)
Aspidistra pulchella;Asparagaceae (Ruscaceae)
Aspidistra sp.;Asparagaceae (Ruscaceae)
Aspidistra sp.;Asparagaceae (Ruscaceae)
Aspidistra sp.;Asparagaceae (Ruscaceae)
Aspidistra truongii;Asparagaceae (Ruscaceae)
Aspidistra typica;Asparagaceae (Ruscaceae)
Aspidogyne argentea;Orchidaceae
Asplenium adiantum-nigrum;Aspleniaceae
Asplenium australasicum;Aspleniaceae
Asplenium australasicum;Aspleniaceae
Asplenium bulbiferum;Aspleniaceae
Asplenium bulbiferum;Aspleniaceae
Asplenium bulbiferum;Aspleniaceae
Asplenium daucifolium;Aspleniaceae
Asplenium dimorphum;Aspleniaceae
Asplenium dimorphum;Aspleniaceae
Asplenium dregeanum;Aspleniaceae
Asplenium flaccidum;Aspleniaceae
Asplenium lushanense;Aspleniaceae
Asplenium maritimum;Aspleniaceae
Asplenium nidus;Aspleniaceae
Asplenium nidus;Aspleniaceae
Asplenium nidus;Aspleniaceae
Asplenium oblongifolium;Aspleniaceae
Asplenium obtusatum;Aspleniaceae
Asplenium phyllitidis;Aspleniaceae
Asplenium platyneuron;Aspleniaceae
Asplenium prolongatum;Aspleniaceae
Asplenium septentrionale;Aspleniaceae
Asplenium sp.;Aspleniaceae
Asplenium sp.;Aspleniaceae
Asplenium sp.;Aspleniaceae
Asplenium sp.;Aspleniaceae
Asplenium sp.;Aspleniaceae
Asplenium sp.;Aspleniaceae
Asplenium sp.;Aspleniaceae
Asplenium sp.;Aspleniaceae
Asplenium sp.;Aspleniaceae
Asplenium sp.;Aspleniaceae
Asplenium sp.;Aspleniaceae
Asplenium tianschanicum;Aspleniaceae
Asplenium vulcanicum;Aspleniaceae
Asplenium yunnanense;Aspleniaceae
Asplundia sp.;Cyclanthaceae
Astartea fascicularis;Myrtaceae
Astelia fragrans;Asteliaceae
Astelia fragrans;Asteliaceae
Astelia fragrans;Asteliaceae
Aster ageratoides;Asteraceae
Aster ageratoides;Asteraceae
Aster ageratoides;Asteraceae
Aster ageratoides;Asteraceae
Aster ageratoides;Asteraceae
Aster ageratoides;Asteraceae
Aster ageratoides;Asteraceae
Aster ageratoides;Asteraceae
Aster ageratoides;Asteraceae
Aster ageratoides;Asteraceae
Aster ageratoides;Asteraceae
Aster alpinus;Asteraceae
Aster alpinus;Asteraceae
Aster amellus;Asteraceae
Aster amellus;Asteraceae
Aster amellus;Asteraceae
Aster amellus;Asteraceae
Aster amellus;Asteraceae
Aster amellus;Asteraceae
Aster amellus;Asteraceae
Aster amellus;Asteraceae
Aster amellus;Asteraceae
Aster amellus;Asteraceae
Aster amellus;Asteraceae
Aster amellus;Asteraceae
Aster amellus;Asteraceae
Aster amellus;Asteraceae
Aster amellus;Asteraceae
Aster amellus;Asteraceae
Aster amellus;Asteraceae
Aster amellus;Asteraceae
Aster amellus;Asteraceae
Aster amellus;Asteraceae
Aster amellus;Asteraceae
Aster amellus;Asteraceae
Aster amellus;Asteraceae
Aster ascendens;Asteraceae
Aster azureus;Asteraceae
Aster ciliolatus;Asteraceae
Aster coloradoensis;Asteraceae
Aster cordifolius;Asteraceae
Aster cordifolius;Asteraceae
Aster cordifolius;Asteraceae
Aster cordifolius;Asteraceae
Aster cordifolius;Asteraceae
Aster cordifolius;Asteraceae
Aster drummondii;Asteraceae
Aster dumosus;Asteraceae
Aster dumosus;Asteraceae
Aster dumosus;Asteraceae
Aster dumosus;Asteraceae
Aster dumosus;Asteraceae
Aster dumosus;Asteraceae
Aster dumosus;Asteraceae
Aster dumosus;Asteraceae
Aster dumosus;Asteraceae
Aster dumosus;Asteraceae
Aster dumosus;Asteraceae
Aster dumosus;Asteraceae
Aster dumosus;Asteraceae
Aster dumosus;Asteraceae
Aster dumosus;Asteraceae
Aster dumosus;Asteraceae
Aster dumosus;Asteraceae
Aster dumosus;Asteraceae
Aster dumosus;Asteraceae
Aster dumosus;Asteraceae
Aster dumosus;Asteraceae
Aster dumosus;Asteraceae
Aster dumosus;Asteraceae
Aster dumosus;Asteraceae
Aster dumosus;Asteraceae
Aster dumosus;Asteraceae
Aster dumosus;Asteraceae
Aster dumosus;Asteraceae
Aster dumosus;Asteraceae
Aster dumosus;Asteraceae
Aster dumosus;Asteraceae
Aster dumosus;Asteraceae
Aster dumosus;Asteraceae
Aster dumosus;Asteraceae
Aster dumosus;Asteraceae
Aster dumosus;Asteraceae
Aster dumosus;Asteraceae
Aster dumosus;Asteraceae
Aster dumosus;Asteraceae
Aster dumosus;Asteraceae
Aster dumosus;Asteraceae
Aster dumosus;Asteraceae
Aster dumosus;Asteraceae
Aster dumosus hybr.;Asteraceae
Aster dumosus hybr.;Asteraceae
Aster ericoides;Asteraceae
Aster ericoides;Asteraceae
Aster ericoides;Asteraceae
Aster ericoides;Asteraceae
Aster ericoides;Asteraceae
Aster ericoides;Asteraceae
Aster ericoides;Asteraceae
Aster ericoides;Asteraceae
Aster ericoides;Asteraceae
Aster ericoides;Asteraceae
Aster ericoides;Asteraceae
Aster ericoides;Asteraceae
Aster ericoides;Asteraceae
Aster ericoides;Asteraceae
Aster ericoides;Asteraceae
Aster ericoides;Asteraceae
Aster ericoides;Asteraceae
Aster ericoides-hybr.;Asteraceae
Aster ericoides-hybr.;Asteraceae
Aster ericoides-hybr.;Asteraceae
Aster ericoides-hybr.;Asteraceae
Aster glehnii;Asteraceae
Aster hybr.;Asteraceae
Aster hybr.;Asteraceae
Aster hybr.;Asteraceae
Aster hybr.;Asteraceae
Aster hybr.;Asteraceae
Aster hybr.;Asteraceae
Aster hybr.;Asteraceae
Aster hybr.;Asteraceae
Aster hybr.;Asteraceae
Aster hybr.;Asteraceae
Aster hybr.;Asteraceae
Aster hybr.;Asteraceae
Aster hybr.;Asteraceae
Aster hybr.;Asteraceae
Aster hybr.;Asteraceae
Aster hybr.;Asteraceae
Aster hybr.;Asteraceae
Aster hybr.;Asteraceae
Aster hybr.;Asteraceae
Aster hybr.;Asteraceae
Aster hybr.;Asteraceae
Aster hybr.;Asteraceae
Aster hybr.;Asteraceae
Aster hybr.;Asteraceae
Aster hybr.;Asteraceae
Aster hybr.;Asteraceae
Aster hybr.;Asteraceae
Aster hybr.;Asteraceae
Aster hybr.;Asteraceae
Aster hybr.;Asteraceae
Aster hybr.;Asteraceae
Aster hybr.;Asteraceae
Aster hybr.;Asteraceae
Aster hybr.;Asteraceae
Aster hybr.;Asteraceae
Aster hybr.;Asteraceae
Aster hybr.;Asteraceae
Aster hybr.;Asteraceae
Aster hybr.;Asteraceae
Aster hybr.;Asteraceae
Aster hybr.;Asteraceae
Aster hybr.;Asteraceae
Aster iinumae;Asteraceae
Aster iinumae;Asteraceae
Aster koraiensis;Asteraceae
Aster laevis;Asteraceae
Aster laevis;Asteraceae
Aster laevis;Asteraceae
Aster laevis;Asteraceae
Aster laevis;Asteraceae
Aster lateriflorus;Asteraceae
Aster lateriflorus;Asteraceae
Aster lateriflorus;Asteraceae
Aster lateriflorus;Asteraceae
Aster lateriflorus;Asteraceae
Aster lateriflorus;Asteraceae
Aster lateriflorus;Asteraceae
Aster lateriflorus;Asteraceae
Aster lateriflorus;Asteraceae
Aster lateriflorus;Asteraceae
Aster lateriflorus;Asteraceae
Aster lateriflorus;Asteraceae
Aster linosyris;Asteraceae
Aster linosyris;Asteraceae
Aster novae-angliae;Asteraceae
Aster novae-angliae;Asteraceae
Aster novae-angliae;Asteraceae
Aster novae-angliae;Asteraceae
Aster novae-angliae;Asteraceae
Aster novae-angliae;Asteraceae
Aster novae-angliae;Asteraceae
Aster novae-angliae;Asteraceae
Aster novae-angliae;Asteraceae
Aster novae-angliae;Asteraceae
Aster novae-angliae;Asteraceae
Aster novae-angliae;Asteraceae
Aster novae-angliae;Asteraceae
Aster novae-angliae;Asteraceae
Aster novae-angliae;Asteraceae
Aster novae-angliae;Asteraceae
Aster novae-angliae;Asteraceae
Aster novae-angliae;Asteraceae
Aster novae-angliae;Asteraceae
Aster novae-angliae;Asteraceae
Aster novae-angliae;Asteraceae
Aster novae-angliae;Asteraceae
Aster novae-angliae;Asteraceae
Aster novae-angliae;Asteraceae
Aster novae-angliae;Asteraceae
Aster novae-angliae;Asteraceae
Aster novae-angliae;Asteraceae
Aster novae-angliae;Asteraceae
Aster novae-angliae;Asteraceae
Aster novae-angliae;Asteraceae
Aster novae-angliae;Asteraceae
Aster novae-angliae;Asteraceae
Aster novi-belgii;Asteraceae
Aster novi-belgii;Asteraceae
Aster novi-belgii;Asteraceae
Aster novi-belgii;Asteraceae
Aster novi-belgii;Asteraceae
Aster novi-belgii;Asteraceae
Aster novi-belgii;Asteraceae
Aster novi-belgii;Asteraceae
Aster novi-belgii;Asteraceae
Aster novi-belgii;Asteraceae
Aster novi-belgii;Asteraceae
Aster novi-belgii;Asteraceae
Aster novi-belgii;Asteraceae
Aster novi-belgii;Asteraceae
Aster novi-belgii;Asteraceae
Aster novi-belgii;Asteraceae
Aster novi-belgii;Asteraceae
Aster novi-belgii;Asteraceae
Aster novi-belgii;Asteraceae
Aster novi-belgii;Asteraceae
Aster novi-belgii;Asteraceae
Aster novi-belgii;Asteraceae
Aster novi-belgii;Asteraceae
Aster novi-belgii;Asteraceae
Aster novi-belgii;Asteraceae
Aster novi-belgii;Asteraceae
Aster novi-belgii;Asteraceae
Aster novi-belgii;Asteraceae
Aster novi-belgii;Asteraceae
Aster novi-belgii;Asteraceae
Aster novi-belgii;Asteraceae
Aster novi-belgii;Asteraceae
Aster novi-belgii;Asteraceae
Aster novi-belgii;Asteraceae
Aster novi-belgii;Asteraceae
Aster novi-belgii;Asteraceae
Aster novi-belgii;Asteraceae
Aster novi-belgii;Asteraceae
Aster novi-belgii;Asteraceae
Aster novi-belgii;Asteraceae
Aster novi-belgii;Asteraceae
Aster novi-belgii;Asteraceae
Aster novi-belgii;Asteraceae
Aster novi-belgii;Asteraceae
Aster novi-belgii;Asteraceae
Aster novi-belgii;Asteraceae
Aster novi-belgii;Asteraceae
Aster novi-belgii;Asteraceae
Aster oblongifolius;Asteraceae
Aster oblongifolius;Asteraceae
Aster oblongifolius;Asteraceae
Aster patens;Asteraceae
Aster pilosus;Asteraceae
Aster pringlei;Asteraceae
Aster pringlei;Asteraceae
Aster pringlei;Asteraceae
Aster ptarmicoides;Asteraceae
Aster ptarmicoides;Asteraceae
Aster puniceus;Asteraceae
Aster pyrenaeus;Asteraceae
Aster pyrenaeus;Asteraceae
Aster radula;Asteraceae
Aster rugulosus;Asteraceae
Aster sedifolius;Asteraceae
Aster sedifolius;Asteraceae
Aster sericeus;Asteraceae
Aster shortii;Asteraceae
Aster schreberi;Asteraceae
Aster spectabilis;Asteraceae
Aster tataricus;Asteraceae
Aster thomsonii;Asteraceae
Aster tongolensis;Asteraceae
Aster tongolensis;Asteraceae
Aster turbinellus;Asteraceae
Aster turbinellus;Asteraceae
Aster turbinellus;Asteraceae
Aster umbellatus;Asteraceae
Aster vahlii;Asteraceae
Aster versicolor;Asteraceae
Aster x amethystinus;Asteraceae
Aster x herveyi;Asteraceae
Asteraceae sp.;
Asteriscus graveolens;Asteraceae
Asterogyne martiana;Arecaceae
Astilbe glaberrima;Saxifragaceae
Astilbe grandis;Saxifragaceae
Astilbe hybr.;Saxifragaceae
Astilbe hybr.;Saxifragaceae
Astilbe hybr.;Saxifragaceae
Astilbe chinensis;Saxifragaceae
Astilbe chinensis;Saxifragaceae
Astilbe chinensis;Saxifragaceae
Astilbe chinensis;Saxifragaceae
Astilbe chinensis;Saxifragaceae
Astilbe chinensis;Saxifragaceae
Astilbe chinensis;Saxifragaceae
Astilbe chinensis;Saxifragaceae
Astilbe chinensis;Saxifragaceae
Astilbe chinensis;Saxifragaceae
Astilbe japonica;Saxifragaceae
Astilbe japonica;Saxifragaceae
Astilbe japonica;Saxifragaceae
Astilbe japonica;Saxifragaceae
Astilbe japonica;Saxifragaceae
Astilbe japonica;Saxifragaceae
Astilbe japonica;Saxifragaceae
Astilbe japonica;Saxifragaceae
Astilbe koreana;Saxifragaceae
Astilbe koreana;Saxifragaceae
Astilbe longicarpa;Saxifragaceae
Astilbe macroflora;Saxifragaceae
Astilbe macroflora;Saxifragaceae
Astilbe macroflora;Saxifragaceae
Astilbe macroflora;Saxifragaceae
Astilbe microphylla;Saxifragaceae
Astilbe microphylla;Saxifragaceae
Astilbe myriantha;Saxifragaceae
Astilbe rivularis;Saxifragaceae
Astilbe rivularis;Saxifragaceae
Astilbe rubra;Saxifragaceae
Astilbe rubra;Saxifragaceae
Astilbe simplicifolia;Saxifragaceae
Astilbe simplicifolia;Saxifragaceae
Astilbe simplicifolia;Saxifragaceae
Astilbe simplicifolia;Saxifragaceae
Astilbe simplicifolia;Saxifragaceae
Astilbe simplicifolia;Saxifragaceae
Astilbe sp.;Saxifragaceae
Astilbe thunbergii;Saxifragaceae
Astilbe thunbergii;Saxifragaceae
Astilbe thunbergii;Saxifragaceae
Astilbe thunbergii;Saxifragaceae
Astilbe x arendsii;Saxifragaceae
Astilbe x arendsii;Saxifragaceae
Astilbe x arendsii;Saxifragaceae
Astilbe x arendsii;Saxifragaceae
Astilbe x arendsii;Saxifragaceae
Astilbe x arendsii;Saxifragaceae
Astilbe x arendsii;Saxifragaceae
Astilbe x arendsii;Saxifragaceae
Astilbe x arendsii;Saxifragaceae
Astilbe x arendsii;Saxifragaceae
Astilbe x arendsii;Saxifragaceae
Astilbe x arendsii;Saxifragaceae
Astilbe x arendsii;Saxifragaceae
Astilbe x arendsii;Saxifragaceae
Astilbe x arendsii;Saxifragaceae
Astilbe x arendsii;Saxifragaceae
Astilbe x arendsii;Saxifragaceae
Astilbe x arendsii;Saxifragaceae
Astilbe x arendsii;Saxifragaceae
Astilbe x arendsii;Saxifragaceae
Astilbe x arendsii;Saxifragaceae
Astilbe x arendsii;Saxifragaceae
Astilbe x arendsii;Saxifragaceae
Astilbe x crispa;Saxifragaceae
Astilbe x chinensis;Saxifragaceae
Astilbe x chinensis;Saxifragaceae
Astilbe x chinensis;Saxifragaceae
Astragalus asper;Fabaceae (s.str.)
Astragalus canadensis;Fabaceae (s.str.)
Astragalus canadensis;Fabaceae (s.str.)
Astragalus chinensis;Fabaceae (s.str.)
Astragalus sp.;Fabaceae (s.str.)
Astragalus sp.;Fabaceae (s.str.)
Astrantia biebersteinii;Apiaceae
Astrantia major;Apiaceae
Astrantia major;Apiaceae
Astrantia major;Apiaceae
Astrantia major;Apiaceae
Astrantia major;Apiaceae
Astrantia major;Apiaceae
Astrantia major;Apiaceae
Astrantia major;Apiaceae
Astrantia major;Apiaceae
Astrantia major;Apiaceae
Astrantia major;Apiaceae
Astrantia major;Apiaceae
Astrantia major;Apiaceae
Astrantia major;Apiaceae
Astrantia major;Apiaceae
Astrantia major;Apiaceae
Astrantia major;Apiaceae
Astrantia major;Apiaceae
Astrantia major;Apiaceae
Astrantia major;Apiaceae
Astrantia major;Apiaceae
Astrantia maxima;Apiaceae
Astrantia minor;Apiaceae
Astrantia sp.;Apiaceae
Astridia sp.;Aizoaceae
Astrocaryum alatum;Arecaceae
Astrocaryum alatum;Arecaceae
Astrocaryum murumuru;Arecaceae
Astrophytum asterias;Cactaceae
Astrophytum asterias;Cactaceae
Astrophytum asterias;Cactaceae
Astrophytum capricorne;Cactaceae
Astrophytum capricorne;Cactaceae
Astrophytum capricorne;Cactaceae
Astrophytum capricorne;Cactaceae
Astrophytum capricorne;Cactaceae
Astrophytum capricorne;Cactaceae
Astrophytum capricorne;Cactaceae
Astrophytum capricorne;Cactaceae
Astrophytum caput-medusae;Cactaceae
Astrophytum coahuilense;Cactaceae
Astrophytum myriostigma;Cactaceae
Astrophytum myriostigma;Cactaceae
Astrophytum myriostigma;Cactaceae
Astrophytum myriostigma;Cactaceae
Astrophytum myriostigma;Cactaceae
Astrophytum myriostigma;Cactaceae
Astrophytum myriostigma;Cactaceae
Astrophytum myriostigma;Cactaceae
Astrophytum ornatum;Cactaceae
Astrophytum ornatum;Cactaceae
Astydamia latifolia;Apiaceae
Asystasia gangetica;Acanthaceae
Asystasia sp.;Acanthaceae
Athrotaxis cupressoides;Cupressaceae
Athrotaxis laxifolia;Cupressaceae
Athyrium filix-femina;Athyriaceae
Athyrium filix-femina;Athyriaceae
Athyrium filix-femina;Athyriaceae
Athyrium filix-femina;Athyriaceae
Athyrium filix-femina;Athyriaceae
Athyrium filix-femina;Athyriaceae
Athyrium filix-femina;Athyriaceae
Athyrium filix-femina;Athyriaceae
Athyrium filix-femina;Athyriaceae
Athyrium filix-femina;Athyriaceae
Athyrium filix-femina;Athyriaceae
Athyrium filix-femina;Athyriaceae
Athyrium filix-femina;Athyriaceae
Athyrium goeringianum;Athyriaceae
Athyrium japonicum;Athyriaceae
Athyrium niponicum;Athyriaceae
Athyrium niponicum;Athyriaceae
Athyrium niponicum;Athyriaceae
Athyrium niponicum;Athyriaceae
Athyrium niponicum;Athyriaceae
Athyrium otophorum;Athyriaceae
Athyrium rupicola;Athyriaceae
Atractocarpus bracteatus;Rubiaceae
Atraphaxis frutescens;Polygonaceae
Atraphaxis pyrifolia;Polygonaceae
Atraphaxis sp.;Polygonaceae
Atraphaxis sp.;Polygonaceae
Atraphaxis sp.;Polygonaceae
Atraphaxis spinosa;Polygonaceae
Atraphaxis virgata;Polygonaceae
Atriplex canescens;Amaranthaceae
Atriplex confertifolia;Amaranthaceae
Atropa acuminata;Solanaceae
Atropanthe sinensis;Solanaceae
Aubrieta canescens;Brassicaceae
Aubrieta deltoidea;Brassicaceae
Aubrieta hybr.;Brassicaceae
Aubrieta hybr.;Brassicaceae
Aubrieta hybr.;Brassicaceae
Aubrieta pinardi;Brassicaceae
Aubrieta sp.;Brassicaceae
Aucuba himalaica;Garryaceae
Aucuba japonica;Garryaceae
Aucuba japonica;Garryaceae
Augusta rivalis;Rubiaceae
Auliza ciliaris;Orchidaceae
Auliza ciliaris;Orchidaceae
Auliza ciliaris;Orchidaceae
Aurinia corymbosa;Brassicaceae
Aurinia saxatilis;Brassicaceae
Aurinia saxatilis;Brassicaceae
Aurinia saxatilis;Brassicaceae
Austrocedrus chilensis;Cupressaceae
Austrocedrus chilensis;Cupressaceae
Austrocedrus chilensis;Cupressaceae
Austrocylindropuntia floccosa;
Austrocylindropuntia subulata;
Avenella flexuosa;Poaceae
Avenula pratensis;Poaceae
Averrhoa bilimbi;Oxalidaceae
Averrhoa carambola;Oxalidaceae
Averrhoa carambola;Oxalidaceae
Avonia confusa sta. nov. spec. nov.;Portulacaceae
Avonia gariepensis;Portulacaceae
Avonia sp.;Portulacaceae
Ayensua uaipanensis;Bromeliaceae
Aylostera nivosa;
Azara lanceolata;Salicaceae
Azara lanceolata;Salicaceae
Azara microphylla;Salicaceae
Azolla caroliniana;Salviniaceae¨(Azollaceae)
Azolla filiculoides;Salviniaceae¨(Azollaceae)
Azorina vidalii;Campanulaceae
Azorina vidalii;Campanulaceae
Baccharis glomeruliflora;Asteraceae
Baccharis halimifolia;Asteraceae
Bacopa madagascariensis;Plantaginaceae (s.l.)
Bacopa monnieri;Plantaginaceae (s.l.)
Bacopa monnieri;Plantaginaceae (s.l.)
Bactris gasipaes;Arecaceae
Baeckea virgata;Bruniaceae
Baikiaea plurijuga;Fabaceae (Caesalpiniaceae)
Bakoa lucens;
Bakoa sp.;
Balaka longirostris;Arecaceae
Balaka longirostris;Arecaceae
Balbisia peduncularis;Geraniaceae
Baldellia ranunculoides;Alismataceae
Baldellia ranunculoides;Alismataceae
Baldellia ranunculoides;Alismataceae
Baldellia repens;Alismataceae
Ballota acetabulosa;Lamiaceae
Ballota africana;Lamiaceae
Ballota hirsuta;Lamiaceae
Ballota pseudodictamnus;Lamiaceae
Balsamocarpon brevifolium;Fabaceae (Caesalpiniaceae)
Balsamorhiza hookeri;Asteraceae
Balsamorhiza rosea;Asteraceae
Balsamorhiza sagittata;Asteraceae
Bambusa sp.;Poaceae
Bambusa tuldoides;Poaceae
Banisteriopsis caapi;Malpighiaceae
Banksia aemula;Proteaceae
Banksia caleyi;Proteaceae
Banksia ericifolia;Proteaceae
Banksia integrifolia;Proteaceae
Banksia robur;Proteaceae
Banksia serrata;Proteaceae
Banksia sp.;Proteaceae
Banksia sp.;Proteaceae
Baptisia australis;Fabaceae (s.str.)
Baptisia australis;Fabaceae (s.str.)
Baptisia australis;Fabaceae (s.str.)
Baptisia australis;Fabaceae (s.str.)
Baptisia bracteata;Fabaceae (s.str.)
Baptisia hybr.;Fabaceae (s.str.)
Baptisia hybr.;Fabaceae (s.str.)
Baptisia hybr.;Fabaceae (s.str.)
Baptisia hybr.;Fabaceae (s.str.)
Baptisia hybr.;Fabaceae (s.str.)
Baptisia hybr.;Fabaceae (s.str.)
Baptisia hybr.;Fabaceae (s.str.)
Baptisia hybr.;Fabaceae (s.str.)
Baptisia hybr.;Fabaceae (s.str.)
Baptisia hybr.;Fabaceae (s.str.)
Baptisia hybr.;Fabaceae (s.str.)
Baptisia hybr.;Fabaceae (s.str.)
Baptisia hybr.;Fabaceae (s.str.)
Baptisia lactea;Fabaceae (s.str.)
Baptisia leucantha;Fabaceae (s.str.)
Baptisia leucophaea;Fabaceae (s.str.)
Baptisia minor;Fabaceae (s.str.)
Baptisia perfoliata;Fabaceae (s.str.)
Baptisia sphaerocarpa;Fabaceae (s.str.)
Baptisia sphaerocarpa;Fabaceae (s.str.)
Baptisia sphaerocarpa;Fabaceae (s.str.)
Baptisia tinctoria;Fabaceae (s.str.)
Barbacenia purpurea;Velloziaceae
Barbarea vulgaris;Brassicaceae
Barbosella cucullata;Orchidaceae
Barbosella gardneri;Orchidaceae
Barclaya longifolia;Nymphaeaceae
Barclaya longifolia;Nymphaeaceae
Barkeria obovata;Orchidaceae
Barkeria scandens;Orchidaceae
Barleria albostellata;Acanthaceae
Barleria alluaudii;Acanthaceae
Barleria crassa;Acanthaceae
Barleria elegans;Acanthaceae
Barleria lupulina;Acanthaceae
Barleria obtusa;Acanthaceae
Barleria prionitis;Acanthaceae
Barleria prionitis;Acanthaceae
Barleria repens;Acanthaceae
Basselinia gracilis;Arecaceae
Basselinia gracilis;Arecaceae
Batrachium aquatile;Ranunculaceae
Batrachium baudotii;Ranunculaceae
Batrachium circinatum;Ranunculaceae
Batrachium peltatum;Ranunculaceae
Bauhinia brachycarpa;Fabaceae (Caesalpiniaceae)
Bauhinia galpinii;Fabaceae (Caesalpiniaceae)
Bauhinia grandidieri;Fabaceae (Caesalpiniaceae)
Bauhinia grevei;Fabaceae (Caesalpiniaceae)
Bauhinia jenningsii;Fabaceae (Caesalpiniaceae)
Bauhinia madagascariensis;Fabaceae (Caesalpiniaceae)
Bauhinia monandra;Fabaceae (Caesalpiniaceae)
Bauhinia natalensis;Fabaceae (Caesalpiniaceae)
Bauhinia petersiana;Fabaceae (Caesalpiniaceae)
Bauhinia sp.;Fabaceae (Caesalpiniaceae)
Bauhinia sp.;Fabaceae (Caesalpiniaceae)
Bauhinia sp.;Fabaceae (Caesalpiniaceae)
Bauhinia tomentosa;Fabaceae (Caesalpiniaceae)
Bauhinia variegata;Fabaceae (Caesalpiniaceae)
Bauhinia variegata;Fabaceae (Caesalpiniaceae)
Beaucarnea gracilis;Asparagaceae (Ruscaceae)
Beaucarnea guatemalensis;Asparagaceae (Ruscaceae)
Beaucarnea sp.;Asparagaceae (Ruscaceae)
Beaumontia grandiflora;Apocynaceae
Beaumontia grandiflora;Apocynaceae
Beccariophoenix alfredii;Arecaceae
Beccariophoenix fenestralis;Arecaceae
Beccariophoenix madagascariensis;Arecaceae
Beckmannia eruciformis;Poaceae
Beclardia macrostachys;
Beesia calthifolia;Ranunculaceae
Beesia deltophylla;Ranunculaceae
Begonia <x >credneri;Begoniaceae
Begonia albomaculata;Begoniaceae
Begonia ampla;Begoniaceae
Begonia angularis;Begoniaceae
Begonia ankaranensis;Begoniaceae
Begonia annobonensis;Begoniaceae
Begonia antsiranensis;Begoniaceae
Begonia antsiranensis;Begoniaceae
Begonia antsiranensis;Begoniaceae
Begonia antsiranensis;Begoniaceae
Begonia assurgens;Begoniaceae
Begonia baccata;Begoniaceae
Begonia baik;Begoniaceae
Begonia barkeri;Begoniaceae
Begonia barkeri;Begoniaceae
Begonia bekopakensis;Begoniaceae
Begonia bekopakensis;Begoniaceae
Begonia bipinnatifida;Begoniaceae
Begonia bogneri;Begoniaceae
Begonia boliviensis;Begoniaceae
Begonia boweri;Begoniaceae
Begonia boweri-hybrid;Begoniaceae
Begonia boweri-hybrid;Begoniaceae
Begonia burkillii;Begoniaceae
Begonia cardiocarpa;Begoniaceae
Begonia cardiocarpa;Begoniaceae
Begonia caroliniaefolia;Begoniaceae
Begonia conchifolia;Begoniaceae
Begonia conchifolia;Begoniaceae
Begonia convulvulacea;Begoniaceae
Begonia corallina;Begoniaceae
Begonia coursii;Begoniaceae
Begonia crassicaulis;Begoniaceae
Begonia crispula;Begoniaceae
Begonia cubensis;Begoniaceae
Begonia cubensis;Begoniaceae
Begonia cumingii;Begoniaceae
Begonia cyathophora;Begoniaceae
Begonia decora;Begoniaceae
Begonia dietrichiana;Begoniaceae
Begonia dichotoma;Begoniaceae
Begonia dregei;Begoniaceae
Begonia dregei;Begoniaceae
Begonia dregei;Begoniaceae
Begonia dregei;Begoniaceae
Begonia echinosepala;Begoniaceae
Begonia elaeagnifolia;Begoniaceae
Begonia emeiensis;Begoniaceae
Begonia engleri;Begoniaceae
Begonia epipsila;Begoniaceae
Begonia fenicis;Begoniaceae
Begonia filiformis;Begoniaceae
Begonia fuchsioides;Begoniaceae
Begonia fuchsioides;Begoniaceae
Begonia furfuracea;Begoniaceae
Begonia goegoensis;Begoniaceae
Begonia grandis;Begoniaceae
Begonia gregaria;Begoniaceae
Begonia hatacoa;Begoniaceae
Begonia hemsleyana;Begoniaceae
Begonia henrilaportei;Begoniaceae
Begonia henryi;Begoniaceae
Begonia henryi;Begoniaceae
Begonia henryi;Begoniaceae
Begonia heracleifolia;Begoniaceae
Begonia heracleifolia;Begoniaceae
Begonia heracleifolia;Begoniaceae
Begonia hirsuta;Begoniaceae
Begonia hirsutula;Begoniaceae
Begonia homonyma;Begoniaceae
Begonia homonyma;Begoniaceae
Begonia homonyma;Begoniaceae
Begonia hookeriana;Begoniaceae
Begonia hughesii;Begoniaceae
Begonia humbertii;Begoniaceae
Begonia humbertii;Begoniaceae
Begonia humilis;Begoniaceae
Begonia hydrocotylifolia;Begoniaceae
Begonia hydrocotylifolia-hybrid;Begoniaceae
Begonia hypolipara;Begoniaceae
Begonia hypolipara;Begoniaceae
Begonia hypolipara;Begoniaceae
Begonia chingipengii;Begoniaceae
Begonia chingipengii;Begoniaceae
Begonia chloroneura;Begoniaceae
Begonia involucrata;Begoniaceae
Begonia johnstonii;Begoniaceae
Begonia johnstonii;Begoniaceae
Begonia kisuluana;Begoniaceae
Begonia kuhlmannii;Begoniaceae
Begonia kui;Begoniaceae
Begonia limmingheiana;Begoniaceae
Begonia lindleyana;Begoniaceae
Begonia listada;Begoniaceae
Begonia longiciliata;Begoniaceae
Begonia loranthoides;Begoniaceae
Begonia lubbersii;Begoniaceae
Begonia ludwigii;Begoniaceae
Begonia lugonis;Begoniaceae
Begonia lukuana;Begoniaceae
Begonia luochengensis;Begoniaceae
Begonia luxurians;Begoniaceae
Begonia luzonensis;Begoniaceae
Begonia luzonensis;Begoniaceae
Begonia lyallii;Begoniaceae
Begonia lyallii;Begoniaceae
Begonia lyallii;Begoniaceae
Begonia lyman-smithii;Begoniaceae
Begonia madecassa;Begoniaceae
Begonia madecassa;Begoniaceae
Begonia majungaensis;Begoniaceae
Begonia majungaensis;Begoniaceae
Begonia majungaensis;Begoniaceae
Begonia malabarica;Begoniaceae
Begonia mananjebensis;Begoniaceae
Begonia mananjebensis <x> goudotii;Begoniaceae
Begonia manicata;Begoniaceae
Begonia manicata;Begoniaceae
Begonia masoniana;Begoniaceae
Begonia mexicana;Begoniaceae
Begonia microsperma;Begoniaceae
Begonia minor;Begoniaceae
Begonia minuscula;Begoniaceae
Begonia molleri;Begoniaceae
Begonia naumoniensis;Begoniaceae
Begonia nelumbiifolia;Begoniaceae
Begonia nelumbiifolia;Begoniaceae
Begonia nelumbiifolia;Begoniaceae
Begonia nelumbiifolia;Begoniaceae
Begonia nelumbiifolia;Begoniaceae
Begonia nelumbiifolia;Begoniaceae
Begonia nelumbiifolia;Begoniaceae
Begonia nosymangabensis;Begoniaceae
Begonia olsoniae;Begoniaceae
Begonia oxyanthera;Begoniaceae
Begonia oxysperma;Begoniaceae
Begonia oxysperma;Begoniaceae
Begonia ozotothrix;Begoniaceae
Begonia paranaensis;Begoniaceae
Begonia parilis;Begoniaceae
Begonia partita;Begoniaceae
Begonia pearcei;Begoniaceae
Begonia pinnatifida;Begoniaceae
Begonia platanifolia;Begoniaceae
Begonia poculifera;Begoniaceae
Begonia polygonoides;Begoniaceae
Begonia prismatocarpa;Begoniaceae
Begonia prismatocarpa;Begoniaceae
Begonia pseudolateralis;Begoniaceae
Begonia pteridoides;Begoniaceae
Begonia pulcherrima;Begoniaceae
Begonia pustulata;Begoniaceae
Begonia quadrialata;Begoniaceae
Begonia rex;Begoniaceae
Begonia rex;Begoniaceae
Begonia richardsiana;Begoniaceae
Begonia salaziensis;Begoniaceae
Begonia salaziensis;Begoniaceae
Begonia sanguinea;Begoniaceae
Begonia scapigera;Begoniaceae
Begonia scapigera;Begoniaceae
Begonia scutifolia;Begoniaceae
Begonia segregata;Begoniaceae
Begonia sericoneura;Begoniaceae
Begonia serratipetala;Begoniaceae
Begonia sizemoreae;Begoniaceae
Begonia sizemoreae;Begoniaceae
Begonia smithiana;Begoniaceae
Begonia socotrana;Begoniaceae
Begonia soli-mutata;Begoniaceae
Begonia soli-mutata;Begoniaceae
Begonia sonderiana;Begoniaceae
Begonia sp.;Begoniaceae
Begonia sp.;Begoniaceae
Begonia sp.;Begoniaceae
Begonia sp.;Begoniaceae
Begonia sp.;Begoniaceae
Begonia sp.;Begoniaceae
Begonia sp.;Begoniaceae
Begonia sp.;Begoniaceae
Begonia sp.;Begoniaceae
Begonia sp.;Begoniaceae
Begonia sp.;Begoniaceae
Begonia sp.;Begoniaceae
Begonia sp.;Begoniaceae
Begonia sp.;Begoniaceae
Begonia sp.;Begoniaceae
Begonia sp.;Begoniaceae
Begonia sp.;Begoniaceae
Begonia sp.;Begoniaceae
Begonia sp.;Begoniaceae
Begonia sp.;Begoniaceae
Begonia sp.;Begoniaceae
Begonia sp.;Begoniaceae
Begonia sp.;Begoniaceae
Begonia sp.;Begoniaceae
Begonia sp.;Begoniaceae
Begonia sp.;Begoniaceae
Begonia sp.;Begoniaceae
Begonia sp.;Begoniaceae
Begonia sp.;Begoniaceae
Begonia sp.;Begoniaceae
Begonia sp.;Begoniaceae
Begonia sp.;Begoniaceae
Begonia sp.;Begoniaceae
Begonia sp.;Begoniaceae
Begonia sp.;Begoniaceae
Begonia sp.;Begoniaceae
Begonia subnummulariifolia;Begoniaceae
Begonia suborbiculata;Begoniaceae
Begonia sutherlandii;Begoniaceae
Begonia sutherlandii;Begoniaceae
Begonia sutherlandii;Begoniaceae
Begonia thelmae;Begoniaceae
Begonia toledoana;Begoniaceae
Begonia trullaefolia;Begoniaceae
Begonia ulmifolia;Begoniaceae
Begonia undulata;Begoniaceae
Begonia vankerckhovenii;Begoniaceae
Begonia variegata;Begoniaceae
Begonia venosa;Begoniaceae
Begonia vittariifolia;Begoniaceae
Begonia vittariifolia;Begoniaceae
Begonia x albopicta;Begoniaceae
Begonia x marobogneri;Begoniaceae
Begonia x marobogneri;Begoniaceae
Begonia x marobogneri;Begoniaceae
Begonia x ricinifolia;Begoniaceae
Begonia x verschaffeltii;Begoniaceae
Beiselia mexicana;Burseraceae
Belamcanda sp.;Iridaceae
Bellevalia brevipedicellata;Hyacinthaceae
Bellevalia clusiana;Hyacinthaceae
Bellevalia flexuosa;Hyacinthaceae
Bellevalia gracilis;Hyacinthaceae
Bellevalia hackelii;Hyacinthaceae
Bellevalia kurdistanica;Hyacinthaceae
Bellevalia longipes;Hyacinthaceae
Bellevalia longistyla;Hyacinthaceae
Bellevalia mauritanica;Hyacinthaceae
Bellevalia modesta;Hyacinthaceae
Bellevalia nivalis;Hyacinthaceae
Bellevalia pycnantha;Hyacinthaceae
Bellevalia romana;Hyacinthaceae
Bellevalia sarmatica;Hyacinthaceae
Bellevalia trifoliata;Hyacinthaceae
Bellevalia weissii;Hyacinthaceae
Belvisia mucronata;Polypodiaceae
Belvisia mucronata;Polypodiaceae
Belvisia platyrhynchos;Polypodiaceae
Belvisia platyrhynchos;Polypodiaceae
Belvisia sp.;Polypodiaceae
Belvisia spicata;Polypodiaceae
Belvisia spicata;Polypodiaceae
Belvisia validinervis;Polypodiaceae
Bencomia sphaerocarpa;Rosaceae
Berberis amurensis;Berberidaceae
Berberis amurensis;Berberidaceae
Berberis brachypoda;Berberidaceae
Berberis brevipaniculata;Berberidaceae
Berberis buxifolia;Berberidaceae
Berberis circumserrata;Berberidaceae
Berberis crataegyna;Berberidaceae
Berberis crataegyna;Berberidaceae
Berberis cretica;Berberidaceae
Berberis darwinii;Berberidaceae
Berberis gagnepaini;Berberidaceae
Berberis gilgiana;Berberidaceae
Berberis chinensis;Berberidaceae
Berberis jaeschkeana;Berberidaceae
Berberis japonica;Berberidaceae
Berberis juliane;Berberidaceae
Berberis juliane;Berberidaceae
Berberis kashagarica;Berberidaceae
Berberis ottawensis;Berberidaceae
Berberis poiretii;Berberidaceae
Berberis poiretii;Berberidaceae
Berberis sp.;Berberidaceae
Berberis sp.;Berberidaceae
Berberis sp.;Berberidaceae
Berberis sp.;Berberidaceae
Berberis sp.;Berberidaceae
Berberis sp.;Berberidaceae
Berberis sp.;Berberidaceae
Berberis thunbergii;Berberidaceae
Berberis thunbergii;Berberidaceae
Berberis thunbergii;Berberidaceae
Berberis thunbergii;Berberidaceae
Berberis thunbergii;Berberidaceae
Berberis thunbergii;Berberidaceae
Berberis thunbergii;Berberidaceae
Berberis thunbergii;Berberidaceae
Berberis thunbergii;Berberidaceae
Berberis thunbergii;Berberidaceae
Berberis thunbergii;Berberidaceae
Berberis thunbergii;Berberidaceae
Berberis thunbergii;Berberidaceae
Berberis vernae;Berberidaceae
Berberis vulgaris;Berberidaceae
Berberis vulgaris;Berberidaceae
Berberis x bristolensis;Berberidaceae
Berberis x rubrostilla;Berberidaceae
Berberis x rubrostilla;Berberidaceae
Bergenia ciliata;Saxifragaceae
Bergenia ciliata;Saxifragaceae
Bergenia cordifolia;Saxifragaceae
Bergenia cordifolia;Saxifragaceae
Bergenia cordifolia;Saxifragaceae
Bergenia crassifolia;Saxifragaceae
Bergenia crassifolia;Saxifragaceae
Bergenia crassifolia;Saxifragaceae
Bergenia emeiensis;Saxifragaceae
Bergenia hybr.;Saxifragaceae
Bergenia hybr.;Saxifragaceae
Bergenia hybr.;Saxifragaceae
Bergenia hybr.;Saxifragaceae
Bergenia hybr.;Saxifragaceae
Bergenia hybr.;Saxifragaceae
Bergenia hybr.;Saxifragaceae
Bergenia hybr.;Saxifragaceae
Bergenia hybr.;Saxifragaceae
Bergenia hybr.;Saxifragaceae
Bergenia hybr.;Saxifragaceae
Bergenia hybr.;Saxifragaceae
Bergenia hybr.;Saxifragaceae
Bergenia hybr.;Saxifragaceae
Bergenia hybr.;Saxifragaceae
Bergenia hybr.;Saxifragaceae
Bergenia hybr.;Saxifragaceae
Bergenia hybr.;Saxifragaceae
Bergenia hybr.;Saxifragaceae
Bergenia hybr.;Saxifragaceae
Bergenia hybr.;Saxifragaceae
Bergenia hybr.;Saxifragaceae
Bergenia hybr.;Saxifragaceae
Bergenia hybr.;Saxifragaceae
Bergenia hybr.;Saxifragaceae
Bergenia hybr.;Saxifragaceae
Bergenia hybr.;Saxifragaceae
Bergenia hybr.;Saxifragaceae
Bergenia hybr.;Saxifragaceae
Bergenia hybr.;Saxifragaceae
Bergenia hybr.;Saxifragaceae
Bergenia hybr.;Saxifragaceae
Bergenia hybr.;Saxifragaceae
Bergenia hybr.;Saxifragaceae
Bergenia hybr.;Saxifragaceae
Bergenia hybr.;Saxifragaceae
Bergenia hybr.;Saxifragaceae
Bergenia pacifica;Saxifragaceae
Bergenia pacumbis;Saxifragaceae
Bergenia purpurascens;Saxifragaceae
Bergenia sp.;Saxifragaceae
Bergenia sp.;Saxifragaceae
Bergenia sp.;Saxifragaceae
Bergenia stracheyi;Saxifragaceae
Bergenia stracheyi;Saxifragaceae
Bergenia stracheyi;Saxifragaceae
Bergenia stracheyi-hybr.;Saxifragaceae
Bergenia stracheyi-hybr.;Saxifragaceae
Bergenia stracheyi-hybr.;Saxifragaceae
Bergeranthus jamesii;Aizoaceae
Bergeranthus scapiger;Aizoaceae
Berchemia scandens;Rhamnaceae
Berchemia scandens;Rhamnaceae
Berkheya cirsiifolia;Asteraceae
Berkheya cuneata;Asteraceae
Berkheya macrocephala;Asteraceae
Berkheya multijuga;Asteraceae
Berkheya multijuga;Asteraceae
Berkheya multijuga;Asteraceae
Berkheya purpurea;Asteraceae
Berkheya purpurea;Asteraceae
Berkheya purpurea;Asteraceae
Berkheya radula;Asteraceae
Berlandiera lyrata;Asteraceae
Berlandiera lyrata;Asteraceae
Berteroa incana;Brassicaceae
Bertolonia ovata;Melastomataceae
Bertolonia ovata;
Bertolonia sp.;Melastomataceae
Berula erecta;Apiaceae
Berula erecta;Apiaceae
Berzelia albiflora;Bruniaceae
Berzelia intermedia;Bruniaceae
Besleria sp.;Gesneriaceae
Betonica officinalis;Lamiaceae
Betula <x >jackii;Betulaceae
Betula costata;Betulaceae
Betula costata;Betulaceae
Betula ermanii;Betulaceae
Betula ermanii;Betulaceae
Betula ermanii;Betulaceae
Betula chichibuensis;Betulaceae
Betula jacquemontii;Betulaceae
Betula kamtschatica;Betulaceae
Betula lenta;Betulaceae
Betula nana;Betulaceae
Betula nana;Betulaceae
Betula nana;Betulaceae
Betula papyrifera;Betulaceae
Betula pendula;Betulaceae
Betula pendula;Betulaceae
Betula pendula;Betulaceae
Betula procurva;Betulaceae
Betula pubescens;Betulaceae
Betula pumila;Betulaceae
Betula rezniczenkoana;Betulaceae
Betula saposhnikovii;Betulaceae
Betula schmidtii;Betulaceae
Betula schmidtii;Betulaceae
Betula sp.;Betulaceae
Betula sp.;Betulaceae
Betula tianschanica;Betulaceae
Biancaea decapetala;
Bifrenaria harrisoniae;Orchidaceae
Bifrenaria harrisoniae;Orchidaceae
Bifrenaria verboonenii;Orchidaceae
Bifrenaria vitellina;Orchidaceae
Bifrenaria wittigii;Orchidaceae
Bigelowia nuttallii;Asteraceae
Bignonia capreolata;Bignoniaceae
Billardiera fusiformis;Pittosporaceae
Billbergia brasiliensis;Bromeliaceae
Billbergia decora;Bromeliaceae
Billbergia kuhlmannii;Bromeliaceae
Billbergia nutans;Bromeliaceae
Billbergia nutans;Bromeliaceae
Billbergia pyramidalis;Bromeliaceae
Billbergia viridiflora;Bromeliaceae
Billbergia zebrina;Bromeliaceae
Biophytum aeschynomenifolia;Oxalidaceae
Biophytum umbraculum;Oxalidaceae
Bistorta affinis;Polygonaceae
Bistorta affinis;Polygonaceae
Bistorta amplexicaulis;Polygonaceae
Bistorta amplexicaulis;Polygonaceae
Bistorta amplexicaulis;Polygonaceae
Bistorta amplexicaulis;Polygonaceae
Bistorta amplexicaulis;Polygonaceae
Bistorta amplexicaulis;Polygonaceae
Bistorta amplexicaulis;Polygonaceae
Bistorta amplexicaulis;Polygonaceae
Bistorta amplexicaulis;Polygonaceae
Bistorta amplexicaulis;Polygonaceae
Bistorta amplexicaulis;Polygonaceae
Bistorta amplexicaulis;Polygonaceae
Bistorta amplexicaulis;Polygonaceae
Bistorta major;Polygonaceae
Bistorta major;Polygonaceae
Bixa orellana;Bixaceae
Bixa orellana;Bixaceae
Blandfordia punicea;Blandfordiaceae
Blechnum auratum;Blechnaceae
Blechnum auratum;Blechnaceae
Blechnum brasiliense;Blechnaceae
Blechnum brasiliense;Blechnaceae
Blechnum cordatum;Blechnaceae
Blechnum discolor;Blechnaceae
Blechnum fluviatile;Blechnaceae
Blechnum gibbum;Blechnaceae
Blechnum chilense;Blechnaceae
Blechnum longicauda;Blechnaceae
Blechnum magellanicum;Blechnaceae
Blechnum minus;Blechnaceae
Blechnum nudum;Blechnaceae
Blechnum occidentale;Blechnaceae
Blechnum penna-marina;Blechnaceae
Blechnum penna-marina;Blechnaceae
Blechnum penna-marina;Blechnaceae
Blechnum punctulatum;Blechnaceae
Blechnum sp.;Blechnaceae
Blechnum sp.;Blechnaceae
Blechnum sp.;Blechnaceae
Blechnum sp.;Blechnaceae
Blechnum sp.;Blechnaceae
Blechnum sp.;Blechnaceae
Blechnum sp.;Blechnaceae
Blechnum spicant;Blechnaceae
Blechnum spicant;Blechnaceae
Blechnum tabulare;Blechnaceae
Blechnum wattsii;Blechnaceae
Blephilia ciliata;Lamiaceae
Bletia florida;Orchidaceae
Bletia purpurea;Orchidaceae
Bletia purpurea;Orchidaceae
Bletia purpurea;Orchidaceae
Bletilla hybr.;Orchidaceae
Bletilla ochracea;Orchidaceae
Bletilla ochracea;Orchidaceae
Bletilla sinensis;Orchidaceae
Bletilla sp.;Orchidaceae
Bletilla sp.;Orchidaceae
Bletilla striata;Orchidaceae
Bletilla striata;Orchidaceae
Bletilla striata;Orchidaceae
Bletilla striata;Orchidaceae
Blumenbachia hieronymi;Loasaceae
Blysmus compressus;Cyperaceae
Blysmus compressus;Cyperaceae
Blysmus compressus;Cyperaceae
Boehmeria biloba;Urticaceae
Boehmeria cylindrica;Urticaceae
Boehmeria japonica;Urticaceae
Boehmeria nivea;Urticaceae
Boehmeria platanifolia;Urticaceae
Boehmeria sieboldiana;Urticaceae
Boehmeria sp.;Urticaceae
Boehmeria spicata;Urticaceae
Boehmeria tricuspis;Urticaceae
Boesenbergia aurantiaca;Zingiberaceae
Boesenbergia rotunda;Zingiberaceae
Boesenbergia rotunda;Zingiberaceae
Boesenbergia sp.;Zingiberaceae
Bolbitis heteroclita;Dryopteridaceae
Bolboschoenus affinis;Cyperaceae
Bolboschoenus caldwellii;Cyperaceae
Bolboschoenus fluviatilis;Cyperaceae
Bolboschoenus fluviatilis;Cyperaceae
Bolboschoenus glaucus;Cyperaceae
Bolboschoenus glaucus;Cyperaceae
Bolboschoenus laticarpus;Cyperaceae
Bolboschoenus maritimus;Cyperaceae
Bolboschoenus maritimus;Cyperaceae
Bolboschoenus medianus;Cyperaceae
Bolboschoenus planiculmis;Cyperaceae
Bolboschoenus robustus;Cyperaceae
Bolboschoenus schmidii;Cyperaceae
Bollea coelestis;Orchidaceae
Boltonia asteroides;Asteraceae
Boltonia asteroides;Asteraceae
Boltonia asteroides;Asteraceae
Boltonia asteroides;Asteraceae
Boltonia decurrens;Asteraceae
Boltonia decurrens;Asteraceae
Boltonia decurrens;Asteraceae
Bolusanthus speciosus;Fabaceae (s.str.)
Bomarea acutifolia;Alstroemeriaceae
Bomarea frondea;Alstroemeriaceae
Bomarea multiflora;Alstroemeriaceae
Bombacopsis cubensis;Bombacaceae
Bombacopsis sp.;Bombacaceae
Bombacopsis sp.;Bombacaceae
Boophone disticha;Amaryllidaceae
Borago officinalis;Boraginaceae
Borago pygmaea;Boraginaceae
Boronia heterophylla;Rutaceae
Borzicactus icosagonus;
Boswellia dalzielii;Burseraceae
Boswellia dalzielii;Burseraceae
Boswellia dioscoridis;Burseraceae
Boswellia elongata;Burseraceae
Boswellia elongata;Burseraceae
Boswellia nana;Burseraceae
Boswellia neglecta;Burseraceae
Boswellia sacra;Burseraceae
Boswellia sacra;Burseraceae
Boswellia sacra;Burseraceae
Boswellia serrata;Burseraceae
Boswellia serrata;Burseraceae
Boswellia serrata;Burseraceae
Boswellia socotrana;Burseraceae
Bothriochloa ischaemum;Poaceae
Botryostege bracteata;Ericaceae
Bougainvillea hybr.;Nyctaginaceae
Boussingaultia sp.;Basellaceae
Bouteloua curtipendula;Poaceae
Bouteloua curtipendula;Poaceae
Bouteloua curtipendula;Poaceae
Bouteloua gracilis;Poaceae
Bouteloua gracilis;Poaceae
Bouvardia ternifolia;Rubiaceae
Bowenia serrulata;Stangeriaceae
Bowenia spectabilis;Stangeriaceae
Bowenia spectabilis;Stangeriaceae
Bowiea volubilis;Hyacinthaceae
Bowiea volubilis;Hyacinthaceae
Braemia vittata;Orchidaceae
Brahea aculeata;Arecaceae
Brahea armata;Arecaceae
Brahea calcarea;Arecaceae
Brahea decumbens;Arecaceae
Brahea dulcis;Arecaceae
Brahea dulcis;Arecaceae
Brahea edulis;Arecaceae
Brachycereus nesioticus;Cactaceae
Brachychiton australis;Malvaceae
Brachychiton bidwillii;Malvaceae
Brachychiton discolor;Malvaceae
Brachychiton populneus;Malvaceae
Brachychiton populneus;Malvaceae
Brachychiton rupestris;Malvaceae
Brachychiton sp.;Malvaceae
Brachypeza laotica;Orchidaceae
Brachypodium phoenicoides;Poaceae
Brachypodium rupestre;Poaceae
Brachypodium sylvaticum;Poaceae
Brachysema lanceolatum;Fabaceae (s.str.)
Brainea insignis;Blechnaceae
Brainea insignis;Blechnaceae
Brasenia schreberi;Cabombaceae
Brassavola acaulis;Orchidaceae
Brassavola cucullata;Orchidaceae
Brassavola cucullata;Orchidaceae
Brassavola flagellaris;Orchidaceae
Brassavola grandiflora;Orchidaceae
Brassavola nodosa;Orchidaceae
Brassavola nodosa;Orchidaceae
Brassavola nodosa;Orchidaceae
Brassavola nodosa;Orchidaceae
Brassavola perrinii;Orchidaceae
Brassavola perrinii;Orchidaceae
Brassavola sp.;Orchidaceae
Brassavola sp.;Orchidaceae
Brassavola subulifolia;Orchidaceae
Brassavola subulifolia;Orchidaceae
Brassavola subulifolia;Orchidaceae
Brassia arcuigera;Orchidaceae
Brassia hybr.;Orchidaceae
Brassia maculata;Orchidaceae
Brassia sp.;Orchidaceae
Brassia sp.;Orchidaceae
Brassiophoenix drymophloeoides;Arecaceae
Brassiophoenix schumannii;Arecaceae
Braunsia apiculata;Aizoaceae
Breynia disticha;Euphorbiaceae
Brighamia insignis;Campanulaceae
Brighamia insignis;Campanulaceae
Brillantaisia lamium;Acanthaceae
Brillantaisia nyanzarum;Acanthaceae
Briza maxima;Poaceae
Briza media;Poaceae
Briza media;Poaceae
Brocchinia acuminata;Bromeliaceae
Brocchinia hechtioides;Bromeliaceae
Brocchinia micrantha;Bromeliaceae
Brocchinia paniculata;Bromeliaceae
Brocchinia reducta;Bromeliaceae
Brocchinia tatei;Bromeliaceae
Brodiaea elegans;Asparagaceae (Themidaceae)
Brodiaea sp.;Asparagaceae (Themidaceae)
Brodiaea terrestris;Asparagaceae (Themidaceae)
Bromelia pinguin;Bromeliaceae
Bromheadia aporoides;Orchidaceae
Bromheadia brevifolia;Orchidaceae
Bromus benekenii;Poaceae
Broughtonia negrilensis;Orchidaceae
Broussonetia papyrifera;Moraceae
Broussonetia papyrifera;Moraceae
Broussonetia papyrifera;Moraceae
Browallia americana;Solanaceae
Browallia americana;Solanaceae
Brugmansia arborea;Solanaceae
Brugmansia sanguinea;Solanaceae
Brunfelsia grandiflora;Solanaceae
Brunfelsia grandiflora;Solanaceae
Brunia stokoei;Bruniaceae
Brunnera macrophylla;Boraginaceae
Brunnera macrophylla;Boraginaceae
Brunnera macrophylla;Boraginaceae
Brunnera macrophylla;Boraginaceae
Brunnera macrophylla;Boraginaceae
Brunnera macrophylla;Boraginaceae
Brunnera macrophylla;Boraginaceae
Brunnera macrophylla;Boraginaceae
Brunnera macrophylla;Boraginaceae
Brunnera macrophylla;Boraginaceae
Brunnera macrophylla;Boraginaceae
Brunnera macrophylla;Boraginaceae
Brunnera macrophylla;Boraginaceae
Brunnera macrophylla;Boraginaceae
Brunnera macrophylla;Boraginaceae
Brunnera macrophylla;Boraginaceae
Brunnera sibirica;Boraginaceae
Brunnera sibirica;Boraginaceae
Brunsvigia grandiflora;Amaryllidaceae
Bryonia dioica;Cucurbitaceae
Buddleja alternifolia;Scrophulariaceae ( s.str.)
Buddleja alternifolia;Scrophulariaceae ( s.str.)
Buddleja davidii;Scrophulariaceae ( s.str.)
Buddleja davidii;Scrophulariaceae ( s.str.)
Buddleja davidii;Scrophulariaceae ( s.str.)
Buddleja davidii;Scrophulariaceae ( s.str.)
Buddleja davidii;Scrophulariaceae ( s.str.)
Buddleja davidii;Scrophulariaceae ( s.str.)
Buddleja davidii;Scrophulariaceae ( s.str.)
Buddleja davidii;Scrophulariaceae ( s.str.)
Buddleja davidii;Scrophulariaceae ( s.str.)
Buddleja davidii;Scrophulariaceae ( s.str.)
Buddleja davidii;Scrophulariaceae ( s.str.)
Buddleja globosa;Scrophulariaceae ( s.str.)
Buddleja japonica;Scrophulariaceae ( s.str.)
Buddleja lindleyana;Scrophulariaceae ( s.str.)
Buddleja loricata;Scrophulariaceae ( s.str.)
Buddleja loricata;Scrophulariaceae ( s.str.)
Buddleja nanhoensis;Scrophulariaceae ( s.str.)
Buddleja nivea;Scrophulariaceae ( s.str.)
Buddleja nivea;Scrophulariaceae ( s.str.)
Buddleja salviifolia;Scrophulariaceae ( s.str.)
Buddleja venenifera;Scrophulariaceae ( s.str.)
Buddleja x lochinch;Scrophulariaceae ( s.str.)
Buddleja x pikei;Scrophulariaceae ( s.str.)
Buddleja x weyeriana;Scrophulariaceae ( s.str.)
Buddleja x weyeriana;Scrophulariaceae ( s.str.)
Buglossoides purpurocaerulea;Boraginaceae
Buglossoides purpurocaerulea;Boraginaceae
Bulbine abyssinica;Xanthorrhoeaceae
Bulbine alooides;Xanthorrhoeaceae
Bulbine annua;Xanthorrhoeaceae
Bulbine bulbosa;Xanthorrhoeaceae
Bulbine frutescens;Xanthorrhoeaceae
Bulbine latifolia;Xanthorrhoeaceae
Bulbine mesembryanthemoides;Xanthorrhoeaceae
Bulbocodium vernum;Colchicaceae
Bulbophyllum (phalaenopsis);Orchidaceae
Bulbophyllum agastor;Orchidaceae
Bulbophyllum alkmaarense;Orchidaceae
Bulbophyllum alticola;Orchidaceae
Bulbophyllum ambrosia;Orchidaceae
Bulbophyllum apetalum;Orchidaceae
Bulbophyllum apodum;Orchidaceae
Bulbophyllum baileyi;Orchidaceae
Bulbophyllum baronii;Orchidaceae
Bulbophyllum beccarii;Orchidaceae
Bulbophyllum bolsteri;Orchidaceae
Bulbophyllum careyanum;Orchidaceae
Bulbophyllum careyanum;Orchidaceae
Bulbophyllum carunculatum;Orchidaceae
Bulbophyllum carunculatum;Orchidaceae
Bulbophyllum catenulatum;Orchidaceae
Bulbophyllum corolliferum;Orchidaceae
Bulbophyllum costatum;Orchidaceae
Bulbophyllum coweniorum;Orchidaceae
Bulbophyllum coweniorum;Orchidaceae
Bulbophyllum crassipes;Orchidaceae
Bulbophyllum cumingii;Orchidaceae
Bulbophyllum cupreum;Orchidaceae
Bulbophyllum cylyptratum;Orchidaceae
Bulbophyllum davidii;Orchidaceae
Bulbophyllum dayanum;Orchidaceae
Bulbophyllum dearei;Orchidaceae
Bulbophyllum dolichoglottis;Orchidaceae
Bulbophyllum eberhardtii;Orchidaceae
Bulbophyllum eberhardtii;Orchidaceae
Bulbophyllum ecornutum;Orchidaceae
Bulbophyllum echinolabium;Orchidaceae
Bulbophyllum echinolabium;Orchidaceae
Bulbophyllum echinolabium;Orchidaceae
Bulbophyllum erectum;Orchidaceae
Bulbophyllum falcatum;Orchidaceae
Bulbophyllum fascinator;Orchidaceae
Bulbophyllum fischeri;Orchidaceae
Bulbophyllum flabellum-veneris;Orchidaceae
Bulbophyllum flabellum-veneris;Orchidaceae
Bulbophyllum frostii;Orchidaceae
Bulbophyllum frostii;Orchidaceae
Bulbophyllum fuscum;Orchidaceae
Bulbophyllum goviandianum;Orchidaceae
Bulbophyllum gracillimum;Orchidaceae
Bulbophyllum grandiflorum;Orchidaceae
Bulbophyllum grandiflorum;Orchidaceae
Bulbophyllum graveolens;Orchidaceae
Bulbophyllum hahlianum;Orchidaceae
Bulbophyllum hampeliae;Orchidaceae
Bulbophyllum haniffii;Orchidaceae
Bulbophyllum kanburiense;Orchidaceae
Bulbophyllum kubahense;Orchidaceae
Bulbophyllum kubahense;Orchidaceae
Bulbophyllum lasianthum;Orchidaceae
Bulbophyllum lasiochilum;Orchidaceae
Bulbophyllum lemniscatoides;Orchidaceae
Bulbophyllum levanae;Orchidaceae
Bulbophyllum lindleyanum;Orchidaceae
Bulbophyllum lobbii;Orchidaceae
Bulbophyllum longiflorum;Orchidaceae
Bulbophyllum longisepalum;Orchidaceae
Bulbophyllum longissimum;Orchidaceae
Bulbophyllum longissimum;Orchidaceae
Bulbophyllum macranthum;Orchidaceae
Bulbophyllum macranthum;Orchidaceae
Bulbophyllum macranthum;Orchidaceae
Bulbophyllum macrocoleum;Orchidaceae
Bulbophyllum macrocoleum;Orchidaceae
Bulbophyllum maxillare;Orchidaceae
Bulbophyllum maxillare;Orchidaceae
Bulbophyllum maximum;Orchidaceae
Bulbophyllum maximum;Orchidaceae
Bulbophyllum maximum;Orchidaceae
Bulbophyllum mearnsii;Orchidaceae
Bulbophyllum medusae;Orchidaceae
Bulbophyllum medusae;Orchidaceae
Bulbophyllum miniatum;Orchidaceae
Bulbophyllum moniliforme;Orchidaceae
Bulbophyllum moniliforme;Orchidaceae
Bulbophyllum morphologorum;Orchidaceae
Bulbophyllum nitens;Orchidaceae
Bulbophyllum nymphopolitanum;Orchidaceae
Bulbophyllum orbiculare;Orchidaceae
Bulbophyllum orthosepalum;Orchidaceae
Bulbophyllum papulosum;Orchidaceae
Bulbophyllum phalaenopsis;Orchidaceae
Bulbophyllum physometrum;Orchidaceae
Bulbophyllum pictum;Orchidaceae
Bulbophyllum pingtungense;Orchidaceae
Bulbophyllum pinicola;Orchidaceae
Bulbophyllum pinicola;Orchidaceae
Bulbophyllum pinicola;Orchidaceae
Bulbophyllum plumatum;Orchidaceae
Bulbophyllum protractum;Orchidaceae
Bulbophyllum pulchellum;Orchidaceae
Bulbophyllum purpurascens;Orchidaceae
Bulbophyllum putidum;Orchidaceae
Bulbophyllum reticulatum;Orchidaceae
Bulbophyllum reticulatum;Orchidaceae
Bulbophyllum retusiusculum;Orchidaceae
Bulbophyllum romyi;Orchidaceae
Bulbophyllum rufinum;Orchidaceae
Bulbophyllum saltatorium;Orchidaceae
Bulbophyllum saltatorium;Orchidaceae
Bulbophyllum saltatorium;Orchidaceae
Bulbophyllum sandersonii;Orchidaceae
Bulbophyllum saurocephalum;Orchidaceae
Bulbophyllum scaberulum;Orchidaceae
Bulbophyllum scaberulum;Orchidaceae
Bulbophyllum scotinochiton;Orchidaceae
Bulbophyllum schinzianum;Orchidaceae
Bulbophyllum schizantlum;Orchidaceae
Bulbophyllum sikkimense;Orchidaceae
Bulbophyllum sp.;Orchidaceae
Bulbophyllum sp.;Orchidaceae
Bulbophyllum sp.;Orchidaceae
Bulbophyllum sp.;Orchidaceae
Bulbophyllum sp.;Orchidaceae
Bulbophyllum sp.;Orchidaceae
Bulbophyllum sp.;Orchidaceae
Bulbophyllum sp.;Orchidaceae
Bulbophyllum sp.;Orchidaceae
Bulbophyllum sp.;Orchidaceae
Bulbophyllum sp.;Orchidaceae
Bulbophyllum sp.;Orchidaceae
Bulbophyllum sp.;Orchidaceae
Bulbophyllum sp.;Orchidaceae
Bulbophyllum sp.;Orchidaceae
Bulbophyllum sp.;Orchidaceae
Bulbophyllum sp.;Orchidaceae
Bulbophyllum sp.;Orchidaceae
Bulbophyllum sp.;Orchidaceae
Bulbophyllum sp.;Orchidaceae
Bulbophyllum sp.;Orchidaceae
Bulbophyllum sp.;Orchidaceae
Bulbophyllum sp.;Orchidaceae
Bulbophyllum sp. 10;Orchidaceae
Bulbophyllum spiesii;Orchidaceae
Bulbophyllum steyermarkii;Orchidaceae
Bulbophyllum stockeri;Orchidaceae
Bulbophyllum sumatranum;Orchidaceae
Bulbophyllum sutepense;Orchidaceae
Bulbophyllum taeniophyllum;Orchidaceae
Bulbophyllum umbellatum;Orchidaceae
Bulbophyllum umbellatum;Orchidaceae
Bulbophyllum vaginatum;Orchidaceae
Bulbophyllum vaginatum;Orchidaceae
Bulbophyllum woelfliae;Orchidaceae
Buphthalmum salicifolium;Asteraceae
Buphthalmum salicifolium;Asteraceae
Bupleurum baldense;Apiaceae
Bupleurum fruticosum;Apiaceae
Bupleurum gibraltaricum;Apiaceae
Bupleurum rotundifolium;Apiaceae
Bupleurum salicifolium;Apiaceae
Bupleurum spinosum;Apiaceae
Bupleurum tenuissimum;Apiaceae
Burbidgea nitida;Zingiberaceae
Burbidgea schizocheila;Zingiberaceae
Burbidgea sp.;Zingiberaceae
Burbidgea stenantha;Zingiberaceae
Burbidgea stenantha;Zingiberaceae
Burchellia bubalina;Rubiaceae
Burretiokentia hapala;Arecaceae
Bursera aptera;Burseraceae
Bursera ariensis;Burseraceae
Bursera bicolor;Burseraceae
Bursera biflora;Burseraceae
Bursera bipinnata;Burseraceae
Bursera bolivarii;Burseraceae
Bursera discolor;Burseraceae
Bursera fagaroides;Burseraceae
Bursera fagaroides;Burseraceae
Bursera fagaroides;Burseraceae
Bursera fagaroides;Burseraceae
Bursera fagaroides;Burseraceae
Bursera fagaroides x schlechtendalii;Burseraceae
Bursera lancifolia;Burseraceae
Bursera paradoxa;Burseraceae
Bursera schlechtendalii;Burseraceae
Bursera simaruba;Burseraceae
Butia archeri;Arecaceae
Butia eriospatha;Arecaceae
Butia paraguayensis;Arecaceae
Butomus umbellatus;Butomaceae
Butomus umbellatus;Butomaceae
Butomus umbellatus;Butomaceae
Buxus balearica;Buxaceae
Buxus balearica;Buxaceae
Buxus cochinchinensis;Buxaceae
Buxus colchica;Buxaceae
Buxus harlandii;Buxaceae
Buxus microphylla;Buxaceae
Buxus microphylla;Buxaceae
Buxus microphylla;Buxaceae
Buxus microphylla;Buxaceae
Buxus microphylla;Buxaceae
Buxus microphylla;Buxaceae
Buxus microphylla;Buxaceae
Buxus microphylla;Buxaceae
Buxus microphylla;Buxaceae
Buxus microphylla;Buxaceae
Buxus microphylla;Buxaceae
Buxus microphylla;Buxaceae
Buxus microphylla;Buxaceae
Buxus sempervirens;Buxaceae
Buxus sempervirens;Buxaceae
Buxus sempervirens;Buxaceae
Buxus sempervirens;Buxaceae
Buxus sempervirens;Buxaceae
Buxus sempervirens;Buxaceae
Buxus sempervirens;Buxaceae
Buxus sempervirens;Buxaceae
Buxus sempervirens;Buxaceae
Buxus sempervirens;Buxaceae
Buxus sempervirens;Buxaceae
Buxus sempervirens;Buxaceae
Buxus sempervirens;Buxaceae
Buxus sempervirens;Buxaceae
Buxus sempervirens;Buxaceae
Buxus sempervirens;Buxaceae
Buxus sempervirens;Buxaceae
Buxus sempervirens;Buxaceae
Buxus sempervirens;Buxaceae
Buxus sempervirens;Buxaceae
Buxus sempervirens;Buxaceae
Buxus sempervirens;Buxaceae
Buxus sempervirens;Buxaceae
Buxus sempervirens;Buxaceae
Buxus sempervirens;Buxaceae
Buxus sempervirens;Buxaceae
Buxus sempervirens;Buxaceae
Buxus sempervirens;Buxaceae
Buxus sempervirens;Buxaceae
Buxus sempervirens;Buxaceae
Buxus sempervirens;Buxaceae
Buxus sempervirens;Buxaceae
Buxus sempervirens;Buxaceae
Buxus sempervirens;Buxaceae
Buxus sempervirens;Buxaceae
Buxus sempervirens;Buxaceae
Buxus sempervirens;Buxaceae
Byblis gigantea;Byblidaceae
Cacalia atriplicifolia;Asteraceae
Caccinia glauca;Boraginaceae
Cadaba aphylla;Capparaceae
Caesalpinia bonduc;Fabaceae (Caesalpiniaceae)
Caesalpinia gilliesii;Fabaceae (Caesalpiniaceae)
Caesalpinia gilliesii;Fabaceae (Caesalpiniaceae)
Caesalpinia gilliesii;Fabaceae (Caesalpiniaceae)
Caesalpinia mexicana;Fabaceae (Caesalpiniaceae)
Caesalpinia mexicana;Fabaceae (Caesalpiniaceae)
Caesalpinia pulcherrima;Fabaceae (Caesalpiniaceae)
Caesalpinia spinosa;Fabaceae (Caesalpiniaceae)
Caesalpinia spinosa;Fabaceae (Caesalpiniaceae)
Caladenia hybr.;Orchidaceae
Caladium bicolor;Araceae
Caladium bicolor;Araceae
Caladium lindenii;Araceae
Caladium palacioanum;Araceae
Caladium palaciosii;Araceae
Caladium smaragdinum;Araceae
Caladium smaragdinum;Araceae
Caladium sp.;Araceae
Caladium steudnerifolium;Araceae
Calamagrostis <x >acutiflora;Poaceae
Calamagrostis acutiflora;Poaceae
Calamagrostis acutiflora;Poaceae
Calamagrostis arundinacea;Poaceae
Calamagrostis arundinacea;Poaceae
Calamagrostis arundinacea;Poaceae
Calamagrostis arundinacea;Poaceae
Calamagrostis arundinacea;Poaceae
Calamagrostis arundinacea;Poaceae
Calamagrostis phragmitoides;Poaceae
Calamagrostis rivalis;Poaceae
Calamagrostis sp.;Poaceae
Calamagrostis varia;Poaceae
Calamintha grandiflora;Lamiaceae
Calamintha grandiflora;Lamiaceae
Calamintha nepenthoides;Lamiaceae
Calamintha nepeta;Lamiaceae
Calamintha nepeta;Lamiaceae
Calamintha nepeta;Lamiaceae
Calamintha nepeta;Lamiaceae
Calamus caryotoides;Arecaceae
Calamus ciliaris;Arecaceae
Calamus sp.;Arecaceae
Calamus sp.;Arecaceae
Calamus sp.;Arecaceae
Calamus sp.;Arecaceae
Calamus sp.;Arecaceae
Calamus vestitus;Arecaceae
Calandrinia ciliata;Portulacaceae
Calandrinia compressa;Portulacaceae
Calanthe aristulifera;Orchidaceae
Calanthe discolor;Orchidaceae
Calanthe izu-insularis;Orchidaceae
Calanthe lamellosa;Orchidaceae
Calanthe lyroglossa;Orchidaceae
Calanthe madagascariensis;Orchidaceae
Calanthe mannii;Orchidaceae
Calanthe reflexa;Orchidaceae
Calanthe rosea;Orchidaceae
Calanthe striata;Orchidaceae
Calanthe sylvatica;Orchidaceae
Calanthe tricarinata;Orchidaceae
Calanthe triplicata;Orchidaceae
Calanthe triplicata;Orchidaceae
Calanthe triplicata;Orchidaceae
Calathea crotalifera;Marantaceae
Calathea makoyana;Marantaceae
Calathea orbifolia;Marantaceae
Calathea ornata;Marantaceae
Calathea sp.;Marantaceae
Calathea zebrina;Marantaceae
Calatola costaricensis;Icacinaceae
Calceolaria arachnoidea;Calceolariaceaae
Calceolaria cavanillesii;Calceolariaceaae
Caldesia parnassifolia;Alismataceae
Calea ternifolia;Asteraceae
Calendula officinalis;Asteraceae
Calibanus hookeri;Asparagaceae (Ruscaceae)
Calibanus hookeri;Asparagaceae (Ruscaceae)
Calibanus hookeri;Asparagaceae (Ruscaceae)
Calibanus hookeri;Asparagaceae (Ruscaceae)
Calicarpa sp.;Lamiaceae
Calicotome spinosa;Fabaceae (s.str.)
Calicotome spinosa;Fabaceae (s.str.)
Calliandra emarginata;Fabaceae
Calliandra eriophylla;Fabaceae
Callicarpa bodinieri;Lamiaceae
Callicarpa bodinieri;Lamiaceae
Callicarpa dichotoma;Lamiaceae
Callicarpa dichotoma;Lamiaceae
Callicarpa dichotoma;Lamiaceae
Callicarpa japonica;Lamiaceae
Callicarpa japonica;Lamiaceae
Callicarpa japonica;Lamiaceae
Callicarpa japonica;Lamiaceae
Callicarpa japonica;Lamiaceae
Callicarpa japonica;Lamiaceae
Callicarpa kwangtungensis;Lamiaceae
Callicarpa mollis;Lamiaceae
Callicarpa mollis;Lamiaceae
Callicarpa sp.;Lamiaceae
Callicarpa sp.;Lamiaceae
Callirhoe bushii;Malvaceae
Callirhoe digitata;Malvaceae
Callirhoe involucrata;Malvaceae
Callirhoe involucrata;Malvaceae
Callirhoe involucrata;Malvaceae
Callirhoe triangulata;Malvaceae
Callisia fragrans;Commelinaceae
Callisia navicularis;Commelinaceae
Callistemon citrinus;Myrtaceae
Callistemon citrinus;Myrtaceae
Callistemon citrinus;Myrtaceae
Callistemon citrinus;Myrtaceae
Callistemon laevis;Myrtaceae
Callistemon macropunctatus;Myrtaceae
Callistemon macropunctatus;Myrtaceae
Callistemon montanus;Myrtaceae
Callistemon pallidus;Myrtaceae
Callistemon pinifolius;Myrtaceae
Callistemon pityoides;Myrtaceae
Callistemon rigidus;Myrtaceae
Callistemon sp.;Myrtaceae
Callistemon sp.;Myrtaceae
Callistemon teretifolius;Myrtaceae
Callistemon viminalis;Myrtaceae
Callistemon viridiflorus;Myrtaceae
Callistemon viridiflorus;Myrtaceae
Callitriche hermaphroditica;Plantaginaceae (s.l.)
Callitris muelleri;Cupressaceae
Callitris oblonga;Cupressaceae
Callitris preissii;Cupressaceae
Callitris preissii;Cupressaceae
Callitris rhomboidea;Cupressaceae
Calluna vulgaris;Ericaceae
Calluna vulgaris;Ericaceae
Calluna vulgaris;Ericaceae
Calluna vulgaris;Ericaceae
Calluna vulgaris;Ericaceae
Calluna vulgaris;Ericaceae
Calluna vulgaris;Ericaceae
Calluna vulgaris;Ericaceae
Calluna vulgaris;Ericaceae
Calluna vulgaris;Ericaceae
Calluna vulgaris;Ericaceae
Calluna vulgaris;Ericaceae
Calluna vulgaris;Ericaceae
Calluna vulgaris;Ericaceae
Calluna vulgaris;Ericaceae
Calluna vulgaris;Ericaceae
Calluna vulgaris;Ericaceae
Calluna vulgaris;Ericaceae
Calluna vulgaris;Ericaceae
Calluna vulgaris;Ericaceae
Calluna vulgaris;Ericaceae
Calluna vulgaris;Ericaceae
Calluna vulgaris;Ericaceae
Calluna vulgaris;Ericaceae
Calluna vulgaris;Ericaceae
Calluna vulgaris;Ericaceae
Calluna vulgaris;Ericaceae
Calluna vulgaris;Ericaceae
Calluna vulgaris;Ericaceae
Calluna vulgaris;Ericaceae
Calluna vulgaris;Ericaceae
Calluna vulgaris;Ericaceae
Calluna vulgaris;Ericaceae
Calluna vulgaris;Ericaceae
Calluna vulgaris;Ericaceae
Calocedrus decurrens;Cupressaceae
Calocedrus decurrens;Cupressaceae
Calocedrus formosana;Cupressaceae
Calocedrus macrolepis;Cupressaceae
Calocedrus rupestris;Cupressaceae
Calopogon tuberosus;Orchidaceae
Calopsis paniculata;Restionaceae
Calothamnus quadrifidus;Myrtaceae
Caltha palustris;Ranunculaceae
Caltha palustris;Ranunculaceae
Calvoa orientalis;Melastomataceae
Calycanthus fertilis;Calycanthaceae
Calycanthus floridus;Calycanthaceae
Calycanthus floridus;Calycanthaceae
Calycanthus floridus;Calycanthaceae
Calycanthus floridus;Calycanthaceae
Calycanthus floridus;Calycanthaceae
Calycanthus occidentalis;Calycanthaceae
Calyptrocalyx awa;Arecaceae
Calyptrocalyx elegans;Arecaceae
Calyptrocalyx leptostachys;Arecaceae
Calyptrocalyx leptostachys;Arecaceae
Calyptrocalyx micholitzii;Arecaceae
Calyptrocalyx micholitzii;Arecaceae
Calyptrocalyx pachystachys;Arecaceae
Calyptrocalyx pachystachys;Arecaceae
Calyptrocalyx pachystachys;Arecaceae
Calyptrocalyx polyphyllus;Arecaceae
Calyptrocalyx stenoschista;Arecaceae
Calyptrochilum emarginatum;Orchidaceae
Calyptronoma plumeriana;Arecaceae
Calyptronoma rivalis;Arecaceae
Camellia caudata;Theaceae
Camellia cuspidata;Theaceae
Camellia grijsii;Theaceae
Camellia hiemalis;Theaceae
Camellia hybr.;Theaceae
Camellia hybr.;Theaceae
Camellia hybr.;Theaceae
Camellia hybr.;Theaceae
Camellia japonica;Theaceae
Camellia japonica;Theaceae
Camellia japonica;Theaceae
Camellia japonica;Theaceae
Camellia japonica;Theaceae
Camellia japonica;Theaceae
Camellia maliflora;Theaceae
Camellia miyagii;Theaceae
Camellia miyagii;Theaceae
Camellia rosiflora;Theaceae
Camellia rusticana;Theaceae
Camellia sinensis;Theaceae
Camellia sinensis;Theaceae
Camellia sinensis;Theaceae
Camellia tsaii;Theaceae
Campanula alliariifolia;Campanulaceae
Campanula alliariifolia;Campanulaceae
Campanula alliariifolia;Campanulaceae
Campanula americana;Campanulaceae
Campanula aucheri;Campanulaceae
Campanula betulifolia;Campanulaceae
Campanula betulifolia;Campanulaceae
Campanula betulifolia;Campanulaceae
Campanula bohemica;Campanulaceae
Campanula carpatha;Campanulaceae
Campanula carpatica;Campanulaceae
Campanula cervicaria;Campanulaceae
Campanula cervicaria;Campanulaceae
Campanula collina;Campanulaceae
Campanula coriacea;Campanulaceae
Campanula foliosa;Campanulaceae
Campanula formanekiana;Campanulaceae
Campanula garganica;Campanulaceae
Campanula garganica;Campanulaceae
Campanula gentilis;Campanulaceae
Campanula glomerata;Campanulaceae
Campanula glomerata;Campanulaceae
Campanula glomerata;Campanulaceae
Campanula glomerata;Campanulaceae
Campanula glomerata;Campanulaceae
Campanula grossekii;Campanulaceae
Campanula grossheimii;Campanulaceae
Campanula hybr.;Campanulaceae
Campanula hybr.;Campanulaceae
Campanula hybr.;Campanulaceae
Campanula hybr.;Campanulaceae
Campanula hybr.;Campanulaceae
Campanula choruhensis;Campanulaceae
Campanula kemulariae;Campanulaceae
Campanula kolenatiana;Campanulaceae
Campanula latifolia;Campanulaceae
Campanula latifolia;Campanulaceae
Campanula latifolia;Campanulaceae
Campanula latifolia;Campanulaceae
Campanula latifolia;Campanulaceae
Campanula latifolia;Campanulaceae
Campanula latifolia;Campanulaceae
Campanula ledebouriana;Campanulaceae
Campanula makaschvilii;Campanulaceae
Campanula mirabilis;Campanulaceae
Campanula myrtifolia;Campanulaceae
Campanula orphanidea;Campanulaceae
Campanula persicifolia;Campanulaceae
Campanula portenschlagiana;Campanulaceae
Campanula poscharskyana;Campanulaceae
Campanula poscharskyana;Campanulaceae
Campanula poscharskyana;Campanulaceae
Campanula poscharskyana;Campanulaceae
Campanula poscharskyana;Campanulaceae
Campanula poscharskyana;Campanulaceae
Campanula poscharskyana;Campanulaceae
Campanula punctata;Campanulaceae
Campanula punctata;Campanulaceae
Campanula punctata;Campanulaceae
Campanula punctata;Campanulaceae
Campanula punctata-hybrid;Campanulaceae
Campanula rotundifolia;Campanulaceae
Campanula sarmatica;Campanulaceae
Campanula sarmatica;Campanulaceae
Campanula sp.;Campanulaceae
Campanula takesimana;Campanulaceae
Campanula trachelium;Campanulaceae
Campanulorchis sp.;Orchidaceae
Campsis montana;Bignoniaceae
Campsis radicans;Bignoniaceae
Campsis radicans;Bignoniaceae
Campsis x tagliabuana;Bignoniaceae
Campsis x tagliabuana;Bignoniaceae
Camptandra ovata;Zingiberaceae
Camptosorus sibiricus;Aspleniaceae
Campyloneurum phyllitidis;Polypodiaceae
Cananga odorata;Annonaceae
Canella winterana;Canellaceae
Canna hybr.;Cannaceae
Canna hybr.;Cannaceae
Canna hybr.;Cannaceae
Canna hybr.;Cannaceae
Canna hybr.;Cannaceae
Canna hybr.;Cannaceae
Canna hybr.;Cannaceae
Canna hybr.;Cannaceae
Canna hybr.;Cannaceae
Canna hybr.;Cannaceae
Canna hybr.;Cannaceae
Canna hybr.;Cannaceae
Canna hybr.;Cannaceae
Canna hybr.;Cannaceae
Canna hybr.;Cannaceae
Canna hybr.;Cannaceae
Canna indica;Cannaceae
Canna tuerckheimii;Cannaceae
Capanemia micromera;Orchidaceae
Capanemia uliginosa;Orchidaceae
Capnoides sempervirens;Papaveraceae
Capparis spinosa;Capparaceae
Capparis spinosa;Capparaceae
Capsicum annuum;Solanaceae
Capsicum annuum;Solanaceae
Capsicum annuum;Solanaceae
Capsicum annuum;Solanaceae
Capsicum annuum;Solanaceae
Capsicum annuum;Solanaceae
Capsicum baccatum;Solanaceae
Capsicum frutescens;Solanaceae
Capsicum pubescens;Solanaceae
Caragana arborescens;Fabaceae (s.str.)
Caragana arborescens;Fabaceae (s.str.)
Caragana arborescens;Fabaceae (s.str.)
Caragana arborescens;Fabaceae (s.str.)
Caragana arborescens;Fabaceae (s.str.)
Caragana boisii;Fabaceae (s.str.)
Caragana brevispina;Fabaceae (s.str.)
Caragana decorticans;Fabaceae (s.str.)
Caragana intermedia;Fabaceae (s.str.)
Caragana jubata;Fabaceae (s.str.)
Caragana korshinskii;Fabaceae (s.str.)
Caragana laeta;Fabaceae (s.str.)
Caragana sp.;Fabaceae (s.str.)
Caragana spinosa;Fabaceae (s.str.)
Caragana spinosa;Fabaceae (s.str.)
Caragana turkestanica;Fabaceae (s.str.)
Caralluma frerei;Apocynaceae
Caralluma frerei;Apocynaceae
Caralluma retrospiciens;Apocynaceae
Caralluma sarkariae;Apocynaceae
Caralluma socotrana;Apocynaceae
Caralluma sp.;Apocynaceae
Caralluma sp.;Apocynaceae
Caralluma sp.;Apocynaceae
Caralluma sp.;Apocynaceae
Caralluma sp.;Apocynaceae
Caralluma sp.;Apocynaceae
Caralluma subulata;Apocynaceae
Carapichea ipecacuanha;Rubiaceae
Cardamine diphylla;Brassicaceae
Cardamine kitaibelii;Brassicaceae
Cardamine pentaphyllos;Brassicaceae
Cardamine trifolia;Brassicaceae
Cardamine waldsteinii;Brassicaceae
Cardamine waldsteinii;Brassicaceae
Cardaminopsis petraea;Brassicaceae
Cardiandra alternifolia;Hydrangeaceae
Cardiandra alternifolia;Hydrangeaceae
Cardiocrinum giganteum;Liliaceae
Carex <x >vratislaviensis;Cyperaceae
Carex acuta;Cyperaceae
Carex acuta;Cyperaceae
Carex acuta;Cyperaceae
Carex acutiformis;Cyperaceae
Carex acutiformis;Cyperaceae
Carex alba;Cyperaceae
Carex alba;Cyperaceae
Carex alba;Cyperaceae
Carex albolutescens;Cyperaceae
Carex annectens;Cyperaceae
Carex appalachica;Cyperaceae
Carex appalachica;Cyperaceae
Carex appropinquata;Cyperaceae
Carex aquatilis;Cyperaceae
Carex arctata;Cyperaceae
Carex arctata;Cyperaceae
Carex arenaria;Cyperaceae
Carex arenaria;Cyperaceae
Carex arenaria;Cyperaceae
Carex atherodes;Cyperaceae
Carex atrata;Cyperaceae
Carex atrata;Cyperaceae
Carex atrata;Cyperaceae
Carex atrosquama;Cyperaceae
Carex aurea;Cyperaceae
Carex baccans;Cyperaceae
Carex baldensis;Cyperaceae
Carex baldensis;Cyperaceae
Carex baldensis;Cyperaceae
Carex bebbii;Cyperaceae
Carex berggreni;Cyperaceae
Carex bicolor;Cyperaceae
Carex bigelowii;Cyperaceae
Carex binervis;Cyperaceae
Carex binervis;Cyperaceae
Carex bohemica;Cyperaceae
Carex bohemica;Cyperaceae
Carex brachystachys;Cyperaceae
Carex brevicollis;Cyperaceae
Carex brevior;Cyperaceae
Carex brizoides;Cyperaceae
Carex brizoides;Cyperaceae
Carex bromoides;Cyperaceae
Carex brunnea;Cyperaceae
Carex brunnescens;Cyperaceae
Carex brunnescens;Cyperaceae
Carex buekii;Cyperaceae
Carex buchananii;Cyperaceae
Carex canescens;Cyperaceae
Carex capillaris;Cyperaceae
Carex capillaris;Cyperaceae
Carex capitata;Cyperaceae
Carex caryophyllea;Cyperaceae
Carex caucasica;Cyperaceae
Carex cephalophora;Cyperaceae
Carex cespitosa;Cyperaceae
Carex cespitosa;Cyperaceae
Carex comans;Cyperaceae
Carex comans;Cyperaceae
Carex conica;Cyperaceae
Carex conica;Cyperaceae
Carex crinita;Cyperaceae
Carex crinita;Cyperaceae
Carex crus-corvi;Cyperaceae
Carex cuprina;Cyperaceae
Carex curvata;Cyperaceae
Carex curvata;Cyperaceae
Carex curvula;Cyperaceae
Carex dallii;Cyperaceae
Carex dallii;Cyperaceae
Carex davalliana;Cyperaceae
Carex demissa;Cyperaceae
Carex demissa;Cyperaceae
Carex demissa;Cyperaceae
Carex demissa;Cyperaceae
Carex demissa;Cyperaceae
Carex demissa;Cyperaceae
Carex depauperata;Cyperaceae
Carex depressa;Cyperaceae
Carex diandra;Cyperaceae
Carex diandra;Cyperaceae
Carex digitata;Cyperaceae
Carex digitata;Cyperaceae
Carex digitata;Cyperaceae
Carex digitata;Cyperaceae
Carex digitata;Cyperaceae
Carex diluta;Cyperaceae
Carex dioica;Cyperaceae
Carex distans;Cyperaceae
Carex distans;Cyperaceae
Carex disticha;Cyperaceae
Carex dolichostachya;Cyperaceae
Carex duthiei;Cyperaceae
Carex eburnea;Cyperaceae
Carex echinata;Cyperaceae
Carex elata;Cyperaceae
Carex elongata;Cyperaceae
Carex elongata;Cyperaceae
Carex elongata;Cyperaceae
Carex ericetorum;Cyperaceae
Carex extensa;Cyperaceae
Carex ferruginea;Cyperaceae
Carex firma;Cyperaceae
Carex firma;Cyperaceae
Carex flacca;Cyperaceae
Carex flacca;Cyperaceae
Carex flacca;Cyperaceae
Carex flacca;Cyperaceae
Carex flava;Cyperaceae
Carex flavella;Cyperaceae
Carex foetida;Cyperaceae
Carex foliosissima;Cyperaceae
Carex foliosissima;Cyperaceae
Carex frankii;Cyperaceae
Carex frankii;Cyperaceae
Carex fraseri;Cyperaceae
Carex frigida;Cyperaceae
Carex frigida;Cyperaceae
Carex fritschii;Cyperaceae
Carex fuscula;Cyperaceae
Carex glaucescens;Cyperaceae
Carex glaucodea;Cyperaceae
Carex glaucoidea;Cyperaceae
Carex globularis;Cyperaceae
Carex gracillima;Cyperaceae
Carex grayi;Cyperaceae
Carex grayi;Cyperaceae
Carex grayi;Cyperaceae
Carex guestphalica;Cyperaceae
Carex hachijoensis;Cyperaceae
Carex halleriana;Cyperaceae
Carex hartmanii;Cyperaceae
Carex heleonastes;Cyperaceae
Carex hirta;Cyperaceae
Carex hispida;Cyperaceae
Carex humilis;Cyperaceae
Carex humilis;Cyperaceae
Carex humilis;Cyperaceae
Carex humilis;Cyperaceae
Carex chathamica;Cyperaceae
Carex cherokeensis;Cyperaceae
Carex kaloides;Cyperaceae
Carex kitaibeliana;Cyperaceae
Carex kobomugi;Cyperaceae
Carex laevigata;Cyperaceae
Carex lepidocarpa;Cyperaceae
Carex limosa;Cyperaceae
Carex lucida;Cyperaceae
Carex lupulina;Cyperaceae
Carex lupulina;Cyperaceae
Carex lyngbyei;Cyperaceae
Carex macrocephala;Cyperaceae
Carex macrocephala;Cyperaceae
Carex macrolepis;Cyperaceae
Carex maorica;Cyperaceae
Carex medwedewii;Cyperaceae
Carex mertensii;Cyperaceae
Carex microcarpa;Cyperaceae
Carex michelii;Cyperaceae
Carex michelii;Cyperaceae
Carex mimosa;Cyperaceae
Carex montana;Cyperaceae
Carex montana;Cyperaceae
Carex montana;Cyperaceae
Carex morrowii;Cyperaceae
Carex morrowii;Cyperaceae
Carex morrowii;Cyperaceae
Carex morrowii;Cyperaceae
Carex morrowii;Cyperaceae
Carex morrowii;Cyperaceae
Carex morrowii;Cyperaceae
Carex morrowii;Cyperaceae
Carex morrowii;Cyperaceae
Carex morrowii;Cyperaceae
Carex mucronata;Cyperaceae
Carex muhlenbergii;Cyperaceae
Carex muricata;Cyperaceae
Carex muricata;Cyperaceae
Carex muricata;Cyperaceae
Carex muricata;Cyperaceae
Carex muskingumensis;Cyperaceae
Carex muskingumensis;Cyperaceae
Carex muskingumensis;Cyperaceae
Carex nigra;Cyperaceae
Carex nigra;Cyperaceae
Carex nigra;Cyperaceae
Carex norvegica;Cyperaceae
Carex ornithopoda;Cyperaceae
Carex ornithopoda;Cyperaceae
Carex oshimensis;Cyperaceae
Carex oshimensis;Cyperaceae
Carex otomana;Cyperaceae
Carex otrubae;Cyperaceae
Carex otrubae;Cyperaceae
Carex pairae;Cyperaceae
Carex pairae;Cyperaceae
Carex pairae;Cyperaceae
Carex pairae;Cyperaceae
Carex pallescens;Cyperaceae
Carex panicea;Cyperaceae
Carex panicea;Cyperaceae
Carex paniculata;Cyperaceae
Carex paniculata;Cyperaceae
Carex paniculata x remota;Cyperaceae
Carex parviflora;Cyperaceae
Carex parviflora;Cyperaceae
Carex paupercula;Cyperaceae
Carex pediformis;Cyperaceae
Carex pediformis;Cyperaceae
Carex pediformis;Cyperaceae
Carex pendula;Cyperaceae
Carex pendula;Cyperaceae
Carex pendula;Cyperaceae
Carex pendula;Cyperaceae
Carex pensylvanica;Cyperaceae
Carex phyllocephala;Cyperaceae
Carex phyllocephala;Cyperaceae
Carex pilosa;Cyperaceae
Carex pilulifera;Cyperaceae
Carex pilulifera;Cyperaceae
Carex plantaginea;Cyperaceae
Carex plantaginea;Cyperaceae
Carex plantaginea;Cyperaceae
Carex plantaginea;Cyperaceae
Carex platyphylla;Cyperaceae
Carex podocarpa;Cyperaceae
Carex praecox;Cyperaceae
Carex praegracilis;Cyperaceae
Carex pseudobrizoides;Cyperaceae
Carex pseudocyperus;Cyperaceae
Carex pseudocyperus;Cyperaceae
Carex pulicaris;Cyperaceae
Carex punctata;Cyperaceae
Carex punctata;Cyperaceae
Carex radiata;Cyperaceae
Carex rariflora;Cyperaceae
Carex remota;Cyperaceae
Carex remota;Cyperaceae
Carex remota;Cyperaceae
Carex remota;Cyperaceae
Carex remota;Cyperaceae
Carex retroflexa;Cyperaceae
Carex riparia;Cyperaceae
Carex riparia;Cyperaceae
Carex riparia;Cyperaceae
Carex riparia;Cyperaceae
Carex riparia;Cyperaceae
Carex rostrata;Cyperaceae
Carex rostrata x vesicaria;Cyperaceae
Carex rostrata x vesicaria;Cyperaceae
Carex rotundata;Cyperaceae
Carex rupestris;Cyperaceae
Carex salina;Cyperaceae
Carex saxatilis;Cyperaceae
Carex secalina;Cyperaceae
Carex secalina;Cyperaceae
Carex secalina;Cyperaceae
Carex sempervirens;Cyperaceae
Carex serotina;Cyperaceae
Carex shimidzensis;Cyperaceae
Carex shortiana;Cyperaceae
Carex siderosticta;Cyperaceae
Carex siderosticta;Cyperaceae
Carex siderosticta;Cyperaceae
Carex siderosticta;Cyperaceae
Carex siderosticta;Cyperaceae
Carex sp.;Cyperaceae
Carex sp.;Cyperaceae
Carex sp.;Cyperaceae
Carex sp.;Cyperaceae
Carex sparganioides;Cyperaceae
Carex spicata;Cyperaceae
Carex spicata;Cyperaceae
Carex squarrosa;Cyperaceae
Carex strigosa;Cyperaceae
Carex supina;Cyperaceae
Carex sylvatica;Cyperaceae
Carex sylvatica;Cyperaceae
Carex sylvatica;Cyperaceae
Carex testacea;Cyperaceae
Carex testacea;Cyperaceae
Carex testacea;Cyperaceae
Carex testacea;Cyperaceae
Carex tomentosa;Cyperaceae
Carex trifida;Cyperaceae
Carex tuckermanii;Cyperaceae
Carex tumulicola;Cyperaceae
Carex typhina;Cyperaceae
Carex umbrosa;Cyperaceae
Carex umbrosa;Cyperaceae
Carex vaginata;Cyperaceae
Carex vaginata;Cyperaceae
Carex vesicaria;Cyperaceae
Carex viridula;Cyperaceae
Carex viridula;Cyperaceae
Carex vulpina;Cyperaceae
Carex vulpinoidea;Cyperaceae
Carex vulpinoidea;Cyperaceae
Carica papaya;Caricaceae
Carissa macrocarpa;Apocynaceae
Carlina acaulis;Asteraceae
Carlina biebersteinii;Asteraceae
Carlina pygmaea;Asteraceae
Carludovica drudei;Cyclantaceae
Carludovica palmata;Cyclantaceae
Carmichaelia aligera;Fabaceae (s.str.)
Carmichaelia aligera;Fabaceae (s.str.)
Carmichaelia aligera;Fabaceae (s.str.)
Carmichaelia australis;Fabaceae (s.str.)
Carmichaelia enysii;Fabaceae (s.str.)
Carmichaelia flagelliformis;Fabaceae (s.str.)
Carmichaelia flagelliformis;Fabaceae (s.str.)
Carmichaelia hybr.;Fabaceae (s.str.)
Carmichaelia hybr.;Fabaceae (s.str.)
Carmichaelia hybr.;Fabaceae (s.str.)
Carmichaelia kirkii;Fabaceae (s.str.)
Carmichaelia kirkii;Fabaceae (s.str.)
Carmichaelia kirkii;Fabaceae (s.str.)
Carmichaelia kirkii x astonii;Fabaceae (s.str.)
Carmichaelia monroi;Fabaceae (s.str.)
Carmichaelia monroi;Fabaceae (s.str.)
Carmichaelia monroi;Fabaceae (s.str.)
Carmichaelia odorata;Fabaceae (s.str.)
Carmichaelia odorata;Fabaceae (s.str.)
Carmichaelia rivulata;Fabaceae (s.str.)
Carmichaelia rivulata;Fabaceae (s.str.)
Carmichaelia williamsii;Fabaceae (s.str.)
Carnegiea gigantea;Cactaceae
Carpanthea pomeridiana;Aizoaceae
Carpenteria californica;Hydrangeaceae
Carpinus caroliniana;Betulaceae
Carpinus cordata;Betulaceae
Carpinus cordata;Betulaceae
Carpinus cordata;Betulaceae
Carpinus coreana;Betulaceae
Carpinus hupeana;Betulaceae
Carpinus laxiflora;Betulaceae
Carpinus mollicoma;Betulaceae
Carpinus monbeigiana;Betulaceae
Carpinus orientalis;Betulaceae
Carpinus shensiensis;Betulaceae
Carpinus sp.;Betulaceae
Carpobrotus edulis;Aizoaceae
Carpobrotus chilensis;Aizoaceae
Carpodetus serratus;Escalloniaceae
Carpoxylon macrospermum;Arecaceae
Carya tomentosa;Juglandaceae
Caryodendron orinocense;Euphorbiaceae
Caryopteris divaricata;Lamiaceae
Caryopteris mongholica;Lamiaceae
Caryopteris x clandonensis;Lamiaceae
Caryota cumingii;Arecaceae
Caryota cumingii;Arecaceae
Caryota mitis;Arecaceae
Caryota mitis;Liliopsida
Caryota monostachya;Arecaceae
Caryota monostachya;Arecaceae
Caryota ophiopellis;Arecaceae
Caryota sp.;Arecaceae
Caryota urens;Arecaceae
Caryota zebrina;Arecaceae
Caryota zebrina;Arecaceae
Cassia didymobotrya;Fabaceae (Caesalpiniaceae)
Cassia eremophila;Fabaceae
Cassia grandis;Fabaceae
Cassia hebecarpa;Fabaceae
Cassia marylandica;Fabaceae
Cassia pumila;Fabaceae
Cassinia fulvida;Asteraceae
Cassinia fulvida;Asteraceae
Castanea dentata;Fagaceae
Castanea sativa;Fagaceae
Castanea sativa;Fagaceae
Castanea sativa;Fagaceae
Castanea sativa;Fagaceae
Castanea sp.;Fagaceae
Castanopsis cuspidata;Fagaceae
Castanopsis fargesii;Fagaceae
Castanospermum australe;Fabaceae (s.str.)
Casuarina collina;Casuarinaceae
Casuarina equisetifolia;Casuarinaceae
Casuarina equisetifolia;Casuarinaceae
Casuarina monilifera;Casuarinaceae
Catalpa bignonioides;Bignoniaceae
Catalpa bignonioides;Bignoniaceae
Catalpa bignonioides;Bignoniaceae
Catalpa erubescens;Bignoniaceae
Catalpa erubescens;Bignoniaceae
Catalpa ovata;Bignoniaceae
Catananche caerulea;Asteraceae
Catananche caerulea;Asteraceae
Catasetum sp.;Orchidaceae
Catasetum sp.;Orchidaceae
Catha edulis;Celastraceae
Catharanthus roseus;Apocynaceae
Catophractes alexandri;Bignoniaceae
Catopsis sp.;Bromeliaceae
Catopsis sp.;Bromeliaceae
Catopsis sp.;Bromeliaceae
Cattleya  jongheana;Orchidaceae
Cattleya × dolosa;Orchidaceae
Cattleya aclandiae;Orchidaceae
Cattleya amethystoglossa;Orchidaceae
Cattleya amethystoglossa;Orchidaceae
Cattleya amethystoglossa;Orchidaceae
Cattleya amethystoglossa;Orchidaceae
Cattleya amethystoglossa;Orchidaceae
Cattleya araguaiensis;Orchidaceae
Cattleya aurantiaca;Orchidaceae
Cattleya aurantiaca;Orchidaceae
Cattleya aurantiaca;Orchidaceae
Cattleya aurea;Orchidaceae
Cattleya bicolor;Orchidaceae
Cattleya bicolor;Orchidaceae
Cattleya bicolor;Orchidaceae
Cattleya bowringiana;Orchidaceae
Cattleya candida;Orchidaceae
Cattleya dolosa;Orchidaceae
Cattleya dolosa;Orchidaceae
Cattleya dolosa;Orchidaceae
Cattleya dormaniana;Orchidaceae
Cattleya dormaniana;Orchidaceae
Cattleya dowiana;Orchidaceae
Cattleya dowiana;Orchidaceae
Cattleya dowiana;Orchidaceae
Cattleya dowiana;Orchidaceae
Cattleya dowiana;Orchidaceae
Cattleya dowiana;Orchidaceae
Cattleya dowiana;Orchidaceae
Cattleya elongata;Orchidaceae
Cattleya elongata;Orchidaceae
Cattleya elongata;Orchidaceae
Cattleya elongata;Orchidaceae
Cattleya elongata;Orchidaceae
Cattleya esalqueana;Orchidaceae
Cattleya forbesii;Orchidaceae
Cattleya gaskelliana;Orchidaceae
Cattleya gaskelliana;Orchidaceae
Cattleya granulosa;Orchidaceae
Cattleya granulosa;Orchidaceae
Cattleya guttata;Orchidaceae
Cattleya harrisoniana;Orchidaceae
Cattleya harrisoniana;Orchidaceae
Cattleya hybr.;Orchidaceae
Cattleya hybr.;Orchidaceae
Cattleya intermedia;Orchidaceae
Cattleya intermedia;Orchidaceae
Cattleya iricolor;Orchidaceae
Cattleya jenmanii;Orchidaceae
Cattleya jenmanii;Orchidaceae
Cattleya kautskyi;Orchidaceae
Cattleya kerrii;Orchidaceae
Cattleya labiata;Orchidaceae
Cattleya labiata;Orchidaceae
Cattleya labiata;Orchidaceae
Cattleya lawrenceana;Orchidaceae
Cattleya lawrenceana;Orchidaceae
Cattleya leopoldii;Orchidaceae
Cattleya leopoldii;Orchidaceae
Cattleya lobata;Orchidaceae
Cattleya loddigesii;Orchidaceae
Cattleya loddigesii;Orchidaceae
Cattleya luddemanniana;Orchidaceae
Cattleya luteola;Orchidaceae
Cattleya luteola;Orchidaceae
Cattleya maxima;Orchidaceae
Cattleya maxima;Orchidaceae
Cattleya maxima;Orchidaceae
Cattleya maxima;Orchidaceae
Cattleya milleri;Orchidaceae
Cattleya mossiae;Orchidaceae
Cattleya mossiae;Orchidaceae
Cattleya mossiae;Orchidaceae
Cattleya mossiae;Orchidaceae
Cattleya mossiae;Orchidaceae
Cattleya mossiae;Orchidaceae
Cattleya nobilior;Orchidaceae
Cattleya percivaliana;Orchidaceae
Cattleya percivalliana;Orchidaceae
Cattleya percivalliana;Orchidaceae
Cattleya porphyroglossa;Orchidaceae
Cattleya purpurata;Orchidaceae
Cattleya quadricolor;Orchidaceae
Cattleya rex;Orchidaceae
Cattleya sanguiloba;Orchidaceae
Cattleya schilleriana;Orchidaceae
Cattleya schilleriana;Orchidaceae
Cattleya schilleriana;Orchidaceae
Cattleya schilleriana;Orchidaceae
Cattleya schilleriana;Orchidaceae
Cattleya schilleriana;Orchidaceae
Cattleya schofieldiana;Orchidaceae
Cattleya skinneri;Orchidaceae
Cattleya skinnerii;Orchidaceae
Cattleya skinnerii;Orchidaceae
Cattleya sp.;Orchidaceae
Cattleya sp.;Orchidaceae
Cattleya sp.;Orchidaceae
Cattleya sp.;Orchidaceae
Cattleya tigrina;Orchidaceae
Cattleya tigrina;Orchidaceae
Cattleya tigrina;Orchidaceae
Cattleya trianae;Orchidaceae
Cattleya trianae;Orchidaceae
Cattleya trianae;Orchidaceae
Cattleya trianae;Orchidaceae
Cattleya trianae;Orchidaceae
Cattleya trianae;Orchidaceae
Cattleya trianae;Orchidaceae
Cattleya velutina;Orchidaceae
Cattleya velutina;Orchidaceae
Cattleya violacea;Orchidaceae
Cattleya violacea;Orchidaceae
Cattleya violacea;Orchidaceae
Cattleya violacea;Orchidaceae
Cattleya violacea;Orchidaceae
Cattleya walkeriana;Orchidaceae
Cattleya walkeriana;Orchidaceae
Cattleya walkeriana;Orchidaceae
Cattleya walkeriana;Orchidaceae
Cattleya walkeriana;Orchidaceae
Cattleya walkeriana;Orchidaceae
Cattleya walkeriana;Orchidaceae
Cattleya walkeriana x Sophronitis coccinea;Orchidaceae
Cattleya wallisii;Orchidaceae
Cattleya wallisii;Orchidaceae
Cattleya warscewiczii;Orchidaceae
Cattleya warscewiczii;Orchidaceae
Cattleya warscewiczii;Orchidaceae
Cattleya warscewiczii;Orchidaceae
Caularthron bicornutum;Orchidaceae
Caularthron bilamellatum;Orchidaceae
Caulokaempferia petelotii;Zingiberaceae
Caulophyllum robustum;Berberidaceae
Caulophyllum robustum;Berberidaceae
Caulophyllum robustum;Berberidaceae
Caulophyllum thalictroides;Berberidaceae
Caulophyllum thalictroides;Berberidaceae
Cautleya gracilis;Zingiberaceae
Cautleya gracilis;Zingiberaceae
Cautleya spicata;Zingiberaceae
Cavendishia allenii;Ericaceae
Cavendishia bracteata;Ericaceae
Cavendishia callista;Ericaceae
Ceanothus americanus;Rhamnaceae
Ceanothus americanus;Rhamnaceae
Ceanothus americanus;Rhamnaceae
Ceanothus dillenianus;Rhamnaceae
Ceanothus pallidus;Rhamnaceae
Ceanothus sanguineus;Rhamnaceae
Ceanothus x delilianus;Rhamnaceae
Ceanothus x delilianus;Rhamnaceae
Cecropia sp.;Urticaceae
Cedrus atlantica;Pinaceae
Cedrus atlantica;Pinaceae
Cedrus deodara;Pinaceae
Cedrus libani;Pinaceae
Cedrus libani;Pinaceae
Ceiba rubriflora;Malvaceae
Celastrus orbicularis;Celastraceae
Celastrus orbicularis;Celastraceae
Celastrus orbiculatus;Celastraceae
Celastrus scandens;Celastraceae
Celosia huttonii;Amaranthaceae
Celtis australis;Cannabaceae
Celtis australis;Cannabaceae
Celtis australis;Cannabaceae
Celtis australis;Cannabaceae
Celtis biondii;Cannabaceae
Celtis caucasica;Cannabaceae
Celtis jessoensis;Cannabaceae
Celtis julianae;Cannabaceae
Celtis laevigata;Cannabaceae
Celtis missouriensis;Cannabaceae
Celtis occidentalis;Cannabaceae
Celtis occidentalis;Cannabaceae
Celtis reticulata;Cannabaceae
Celtis reticulata;Cannabaceae
Celtis sinensis;Cannabaceae
Celtis sp.;Cannabaceae
Celtis tenuifolia;Cannabaceae
Centaurea akamantis;Asteraceae
Centaurea arenaria;Asteraceae
Centaurea arenaria;Asteraceae
Centaurea atropurpurea;Asteraceae
Centaurea atropurpurea;Asteraceae
Centaurea atropurpurea;Asteraceae
Centaurea atropurpurea;Asteraceae
Centaurea bella;Asteraceae
Centaurea cineraria;Asteraceae
Centaurea dealbata;Asteraceae
Centaurea debeauxii;Asteraceae
Centaurea debeauxii;Asteraceae
Centaurea drabifolia;Asteraceae
Centaurea drabifolia;Asteraceae
Centaurea kotschyi;Asteraceae
Centaurea kotschyi;Asteraceae
Centaurea macrocephala;Asteraceae
Centaurea montana;Asteraceae
Centaurea montana;Asteraceae
Centaurea montana;Asteraceae
Centaurea nervosa;Asteraceae
Centaurea nigrescens;Asteraceae
Centaurea odyssei;Asteraceae
Centaurea orientalis;Asteraceae
Centaurea pambakensis;Asteraceae
Centaurea pindicola;Asteraceae
Centaurea pulcherrima;Asteraceae
Centaurea pumilio;Asteraceae
Centaurea pumilio;Asteraceae
Centaurea ragusina;Asteraceae
Centaurea rupestris;Asteraceae
Centaurea scabiosa;Asteraceae
Centaurea scabiosa;Asteraceae
Centaurea simplicicaulis;Asteraceae
Centaurea stoebe;Asteraceae
Centaurea urvillei;Asteraceae
Centella asiatica;Apiaceae
Centotheca lappacea;Poaceae
Centranthus angustifolius;Valerianaceae
Centranthus lecoqii;Valerianaceae
Centranthus lecoqii;Valerianaceae
Centranthus ruber;Valerianaceae
Centranthus ruber;Valerianaceae
Centunculus minimus;Primulaceae (Myrsinaceae)
Cephalanthera damasonium;Orchidaceae
Cephalanthera falcata;Orchidaceae
Cephalaria gigantea;Dipsacaceae
Cephalaria gigantea;Dipsacaceae
Cephalopentandra ecirrhosa;Cucurbitaceae
Cephalophora aromatica;Asteraceae
Cephalotaxus fortunei;Taxaceae
Cephalotaxus harringtonia;Taxaceae
Cephalotaxus harringtonia;Taxaceae
Cephalotaxus koreana;Taxaceae
Cephalotaxus sinensis;Taxaceae
Cephalotaxus wilsoniana;Taxaceae
Cephalotus follicularis;Cephalotaceae
Cephalotus follicularis;Cephalotaceae
Cephalotus follicularis;Cephalotaceae
Cephalotus follicularis;Cephalotaceae
Cephalotus follicularis;Cephalotaceae
Cephalotus follicularis;Cephalotaceae
Ceraria namaquensis;Didieraceae
Ceraria namaquensis;Didieraceae
Cerastium alsinifolium;Caryophyllaceae
Cerastium boissierianum;Caryophyllaceae
Cerastium candidissimum;Caryophyllaceae
Cerastium semidecandrum;Caryophyllaceae
Cerastium tomentosum;Caryophyllaceae
Cerastium tomentosum;Caryophyllaceae
Cerastium tomentosum;Caryophyllaceae
Cerasus besseyi;Rosaceae
Ceratonia siliqua;Fabaceae (Caesalpiniaceae)
Ceratophyllum submersum;Ceratophyllaceae
Ceratostema callistum;Ericaceae
Ceratostema rauhii;Ericaceae
Ceratostigma plumbaginoides;Plumbaginaceae
Ceratostylis evrardii;Orchidaceae
Ceratostylis evrardii;Orchidaceae
Ceratostylis retisquama;Orchidaceae
Ceratostylis retisquama;Orchidaceae
Ceratostylis sp.;Orchidaceae
Ceratostylis subulata;Orchidaceae
Ceratotheca triloba;Pedaliaceae
Ceratotheca triloba;Pedaliaceae
Ceratozamia kuesteriana;Zamiaceae
Ceratozamia kuesteriana;Zamiaceae
Ceratozamia latifolia;Zamiaceae
Ceratozamia latifolia;Zamiaceae
Ceratozamia latifolia;Zamiaceae
Ceratozamia mexicana;Zamiaceae
Ceratozamia mexicana;Zamiaceae
Ceratozamia mexicana;Zamiaceae
Ceratozamia microstrobila;Zamiaceae
Ceratozamia miqueliana;Zamiaceae
Cerbera odollam;Apocynaceae
Cercestis mirabilis;Araceae
Cercestis mirabilis;Araceae
Cercidiphyllum japonicum;Cercidiphyllaceae
Cercidiphyllum japonicum;Cercidiphyllaceae
Cercidiphyllum japonicum;Cercidiphyllaceae
Cercidiphyllum japonicum;Cercidiphyllaceae
Cercidiphyllum japonicum;Cercidiphyllaceae
Cercidiphyllum japonicum;Cercidiphyllaceae
Cercidiphyllum japonicum;Cercidiphyllaceae
Cercis canadensis;Fabaceae (Caesalpiniaceae)
Cercis canadensis;Fabaceae (Caesalpiniaceae)
Cercis canadensis;Fabaceae (Caesalpiniaceae)
Cercis canadensis;Fabaceae (Caesalpiniaceae)
Cercis canadensis;Fabaceae (Caesalpiniaceae)
Cercis canadensis;Fabaceae (Caesalpiniaceae)
Cercis canadensis;Fabaceae (Caesalpiniaceae)
Cercis canadensis;Fabaceae (Caesalpiniaceae)
Cercis glabra;Fabaceae (Caesalpiniaceae)
Cercis chinensis;Fabaceae (Caesalpiniaceae)
Cercis chinensis;Fabaceae (Caesalpiniaceae)
Cercis chingii;Fabaceae (Caesalpiniaceae)
Cercis siliquastrum;Fabaceae (Caesalpiniaceae)
Cercis siliquastrum;Fabaceae (Caesalpiniaceae)
Cercocarpus betuloides;Rosaceae
Cercocarpus ledifolius;Rosaceae
Cercocarpus montanus;Rosaceae
Cereus aethiops;Cactaceae
Cereus sp.;Cactaceae
Cerinthe major;Boraginaceae
Cerinthe minor;Boraginaceae
Ceropegia affinis;Apocynaceae
Ceropegia ampliata;Apocynaceae
Ceropegia bosseri;Apocynaceae
Ceropegia bosseri;Apocynaceae
Ceropegia cimiciodora;Apocynaceae
Ceropegia crassifolia;Apocynaceae
Ceropegia dimorpha;Apocynaceae
Ceropegia fusca;Apocynaceae
Ceropegia gracilipes;Apocynaceae
Ceropegia inornata;Apocynaceae
Ceropegia linearis;Apocynaceae
Ceropegia meyeri;Apocynaceae
Ceropegia petignatii;Apocynaceae
Ceropegia petignatii;Apocynaceae
Ceropegia radicans;Apocynaceae
Ceropegia razafindratsirana;Apocynaceae
Ceropegia razafindratsirana;Apocynaceae
Ceropegia ringoetii;Apocynaceae
Ceropegia rupicola;Apocynaceae
Ceropegia rupicola;Apocynaceae
Ceropegia sandersonii;Apocynaceae
Ceropegia sp.;Apocynaceae
Ceropegia sp.;Apocynaceae
Ceropegia sp.;Apocynaceae
Ceropegia stapeliiformis;Apocynaceae
Ceropegia stapeliiformis;Apocynaceae
Ceropegia stapeliiformis;Apocynaceae
Ceroxylon alpinum;Arecaceae
Cestrum elegans;Solanaceae
Cestrum elegans;Solanaceae
Cestrum parqui;Solanaceae
Cibirhiza albersiana;Apocynaceae
Cibotium barometz;Cibotiaceae
Cibotium schiedei;Cibotiaceae
Cibotium schiedei;Cibotiaceae
Cicuta maculata;Apiaceae
Cichorium intybus;Asteraceae
Cichorium intybus;Asteraceae
Cimicifuga simplex;Ranunculaceae
Cimicifuga sp.;Ranunculaceae
Cimicifuga sp.;Ranunculaceae
Cimicifuga sp.;Ranunculaceae
Cimicifuga sp.;Ranunculaceae
Cimicifuga sp.;Ranunculaceae
Cinchona pubescens;Rubiaceae
Cinnamomum camphora;Lauraceae
Cinnamomum tamala;Lauraceae
Cinnamomum verum;Lauraceae
Circaea sp.;Onagraceae
Cirrhaea fuscolutea;
Cirrhaea loddigesii;
Cirrhopetalum lepidum;Orchidaceae
Cirrhopetalum rothschildianum;Orchidaceae
Cirsium oleraceum;Asteraceae
Cirsium pannonicum;Asteraceae
Cirsium purpuratum;Asteraceae
Cischweinfia dasyandra;Orchidaceae
Cissus cactiformis;Vitaceae
Cissus hexangularis;Vitaceae
Cissus sp.;Vitaceae
Cissus sp.;Vitaceae
Cissus sp.;Vitaceae
Cissus sp.;Vitaceae
Cissus sp.;Vitaceae
Cissus sp.;Vitaceae
Cissus sp.;Vitaceae
Cissus sp.;Vitaceae
Cissus tiliacea;Vitaceae
Cistanthe grandiflora;Portulacaceae
Cistus albanicus;Cistaceae
Cistus albanicus;Cistaceae
Cistus albidus;Cistaceae
Cistus clusii;Cistaceae
Cistus creticus;Cistaceae
Cistus creticus;Cistaceae
Cistus crispus;Cistaceae
Cistus heterophyllus;Cistaceae
Cistus hybr.;Cistaceae
Cistus hybr.;Cistaceae
Cistus hybr.;Cistaceae
Cistus incanus;Cistaceae
Cistus incanus;Cistaceae
Cistus ladanifer;Cistaceae
Cistus laurifolius;Cistaceae
Cistus laurifolius;Cistaceae
Cistus libanotis;Cistaceae
Cistus monspeliensis;Cistaceae
Cistus monspeliensis;Cistaceae
Cistus osbeckiifolius;Cistaceae
Cistus parviflorus;Cistaceae
Cistus populifolius;Cistaceae
Cistus populifolius;Cistaceae
Cistus psilosepalus;Cistaceae
Cistus salviifolius;Cistaceae
Cistus salviifolius;Cistaceae
Cistus salviifolius;Cistaceae
Cistus symphytifolius;Cistaceae
Cistus x aguilari;Cistaceae
Cistus x argenteus;Cistaceae
Cistus x argenteus;Cistaceae
Cistus x argenteus;Cistaceae
Cistus x argenteus;Cistaceae
Cistus x canescens;Cistaceae
Cistus x crispatus;Cistaceae
Cistus x curvaticus;Cistaceae
Cistus x cyprius;Cistaceae
Cistus x cyprius;Cistaceae
Cistus x dansereaui;Cistaceae
Cistus x dubius;Cistaceae
Cistus x florentinus;Cistaceae
Cistus x florentinus;Cistaceae
Cistus x florentinus;Cistaceae
Cistus x hybridus;Cistaceae
Cistus x ledon;Cistaceae
Cistus x lenis;Cistaceae
Cistus x mesoensis;Cistaceae
Cistus x nigricans;Cistaceae
Cistus x oblongifolius;Cistaceae
Cistus x pagei;Cistaceae
Cistus x pauranthus;Cistaceae
Cistus x picardianus;Cistaceae
Cistus x pulverulentus;Cistaceae
Cistus x pulverulentus;Cistaceae
Cistus x pulverulentus;Cistaceae
Cistus x purpureus;Cistaceae
Cistus x skanbergii;Cistaceae
Cistus x stenophyllus;Cistaceae
Cistus x verguinii;Cistaceae
Citrus grandis;Rutaceae
Citrus hystrix;Rutaceae
Citrus medica;Rutaceae
Cladanthus scariosus;Asteraceae
Cladium chinense;Cyperaceae
Cladium mariscus;Cyperaceae
Cladogelonium madagascariense;Euphorbiaceae
Cladothamnus pyrolaeflorus;Ericaceae
Cladrastis kentukea;Fabaceae (s.str.)
Clarkia tenella;Onagraceae
Cleisocentron merrillianum;Orchidaceae
Cleisostoma arietinum;Orchidaceae
Cleisostoma birmanicum;Orchidaceae
Cleisostoma discolor;Orchidaceae
Cleisostoma duplicilobum;Orchidaceae
Cleisostoma paniculatum;Orchidaceae
Cleisostoma racemiferum;Orchidaceae
Cleisostoma racemiferum;Orchidaceae
Cleisostoma sp.;Orchidaceae
Cleisostoma striatum;Orchidaceae
Cleisostoma subulatum;Orchidaceae
Cleisostoma yersinii;Orchidaceae
Cleistocactus baumannii;Cactaceae
Cleistocactus luribayensis;Cactaceae
Cleistocactus strausii;Cactaceae
Cleistocactus winteri;Cactaceae
Cleistogenes serotina;Poaceae
Clematis;Ranunculaceae
Clematis;Ranunculaceae
Clematis brachiata;Ranunculaceae
Clematis brevicaudata;Ranunculaceae
Clematis campaniflora;Ranunculaceae
Clematis fremontii;Ranunculaceae
Clematis fusca;Ranunculaceae
Clematis glauca;Ranunculaceae
Clematis heracleifolia;Ranunculaceae
Clematis heracleifolia;Ranunculaceae
Clematis heracleifolia;Ranunculaceae
Clematis heracleifolia;Ranunculaceae
Clematis heracleifolia;Ranunculaceae
Clematis heracleifolia;Ranunculaceae
Clematis integrifolia;Ranunculaceae
Clematis marmoraria;Ranunculaceae
Clematis nannophylla;Ranunculaceae
Clematis ochotensis;Ranunculaceae
Clematis orientalis;Ranunculaceae
Clematis orientalis;Ranunculaceae
Clematis recta;Ranunculaceae
Clematis recta;Ranunculaceae
Clematis recta;Ranunculaceae
Clematis recta;Ranunculaceae
Clematis recta;Ranunculaceae
Clematis smilacifolia;Ranunculaceae
Clematis songorica;Ranunculaceae
Clematis songorica;Ranunculaceae
Clematis songorica;Ranunculaceae
Clematis songorica;Ranunculaceae
Clematis sp.;Ranunculaceae
Clematis sp.;Ranunculaceae
Clematis sp.;Ranunculaceae
Clematis sp.;Ranunculaceae
Clematis sp.;Ranunculaceae
Clematis sp.;Ranunculaceae
Clematis sp.;Ranunculaceae
Clematis sp.;Ranunculaceae
Clematis sp.;Ranunculaceae
Clematis sp.;Ranunculaceae
Clematis sp.;Ranunculaceae
Clematis sp.;Ranunculaceae
Clematis sp.;Ranunculaceae
Clematis sp.;Ranunculaceae
Clematis sp.;Ranunculaceae
Clematis sp.;Ranunculaceae
Clematis sp.;Ranunculaceae
Clematis sp.;Ranunculaceae
Clematis sp.;Ranunculaceae
Clematis sp.;Ranunculaceae
Clematis sp.;Ranunculaceae
Clematis sp.;Ranunculaceae
Clematis sp.;Ranunculaceae
Clematis sp.;Ranunculaceae
Clematis sp.;Ranunculaceae
Clematis sp.;Ranunculaceae
Clematis sp.;Ranunculaceae
Clematis sp.;Ranunculaceae
Clematis sp.;Ranunculaceae
Clematis sp.;Ranunculaceae
Clematis sp.;Ranunculaceae
Clematis sp.;Ranunculaceae
Clematis sp.;Ranunculaceae
Clematis tangutica;Ranunculaceae
Clematis tangutica;Ranunculaceae
Clematis tangutica;Ranunculaceae
Clematis terniflora;Ranunculaceae
Clematis tibetana;Ranunculaceae
Clematis tibetana;Ranunculaceae
Clematis virginiana;Ranunculaceae
Cleretum apetalum;Aizoaceae
Clerodendrum bungei;Lamiaceae
Clerodendrum glabrum;Lamiaceae
Clerodendrum philippinense;Verbenaceae (s.str.)
Clerodendrum sp.;Lamiaceae
Clerodendrum speciosissimum;Lamiaceae
Clerodendrum splendens;Lamiaceae
Clerodendrum trichotomum;Lamiaceae
Clerodendrum trichotomum;Verbenaceae (s.str.)
Clerodendrum viscosum;Lamiaceae
Clethra alnifolia;Clethraceae
Clethra alnifolia;Clethraceae
Clethra alnifolia;Clethraceae
Clethra alnifolia;Clethraceae
Clethra alnifolia;Clethraceae
Clethra alnifolia;Clethraceae
Clethra alnifolia;Clethraceae
Clethra fargesii;Clethraceae
Clianthus formosus;Fabaceae (s.str.)
Clinopodium vulgare;Lamiaceae
Clinosperma bracteale;Arecaceae
Clinostigma harlandii;Arecaceae
Clinostigma ponapense;Arecaceae
Clintonia umbellata;Liliaceae
Clitoria ternatea;Fabaceae (s.str.)
Clitoria ternatea;Fabaceae (s.str.)
Clivia caulescens;Amaryllidaceae
Clivia gardenii;Amaryllidaceae
Clivia miniata;Amaryllidaceae
Clivia nobilis;Amaryllidaceae
Clivia robusta;Amaryllidaceae
Clusia conferta;Clusiaceae
Clusia flava;Clusiaceae
Clusia guatemalensis;Clusiaceae
Clusia mexicana;Clusiaceae
Clusia sp.;Clusiaceae
Clusia sp.;Clusiaceae
Clusia sp.;Clusiaceae
Clusia sp.;Clusiaceae
Clusia sp.;Clusiaceae
Clusia sp.;Clusiaceae
Clusia sp.;Clusiaceae
Clusia sp.;Clusiaceae
Clytostoma callistegioides;Bignoniaceae
Cneorum pulverulentum;Rutaceae
Cneorum tricoccon;Rutaceae
Cneorum tricocum;Rutaceae
Cnidium dubium;Apiaceae
Cnidium dubium;Apiaceae
Cnidoscolus aconitifolius;Euphorbiaceae
Cnidoscolus sp.;Euphorbiaceae
Cnidoscolus sp.;Euphorbiaceae
Cobananthus calochlamys;Gesneriaceae
Coccinia grandis;Cucurbitaceae
Coccinia rehmannii;Cucurbitaceae
Coccinia sessilifolia;Cucurbitaceae
Coccinia trilobata;Cucurbitaceae
Coccoloba uvifera;Polygonaceae
Coccothrinax borhidiana;Arecaceae
Coccothrinax concolor;Arecaceae
Coccothrinax crinita;Arecaceae
Coccothrinax ekmanii;Arecaceae
Coccothrinax macroglossa;Arecaceae
Coccothrinax moaensis;Arecaceae
Coccothrinax pauciramosa;Arecaceae
Coccothrinax pseudorigida;Arecaceae
Coccothrinax spissa;Arecaceae
Cocculus balfourii;Menispermaceae
Cocculus caroliniana;Menispermaceae
Cocculus orbiculatus;Menispermaceae
Cocculus trilobus;Menispermaceae
Cocculus trilobus;Menispermaceae
Codariocalyx motorius;Fabaceae (s.str.)
Codon schenkii;Boraginaceae
Codonanthe devosiana;Gesneriaceae
Codonanthe gracilis;Gesneriaceae
Codonanthe sp.;Gesneriaceae
Codonatanthus sp.;Gesneriaceae
Codonopsis affinis;Campanulaceae
Codonopsis bhutanica;Campanulaceae
Codonopsis convolvulacea;Campanulaceae
Codonopsis kawakamii;Campanulaceae
Codonopsis lanceolata;Campanulaceae
Codonopsis meleagris;Campanulaceae
Codonopsis ovata;Campanulaceae
Codonopsis ovata;Campanulaceae
Codonopsis pilosula;Campanulaceae
Codonopsis pilosula;Campanulaceae
Codonopsis rotundifolia;Campanulaceae
Codonopsis subscaposa;Campanulaceae
Codonopsis tangshen;Campanulaceae
Codonopsis tangshen;Campanulaceae
Codonopsis tubulosa;Campanulaceae
Codonopsis ussuriensis;Campanulaceae
Coelia bella;Orchidaceae
Coelia macrostachya;Orchidaceae
Coelogyne asperata;Orchidaceae
Coelogyne assamica;Orchidaceae
Coelogyne barbata;Orchidaceae
Coelogyne brachyptera;Orchidaceae
Coelogyne burfordiense;Orchidaceae
Coelogyne cristata;Orchidaceae
Coelogyne cristata;Orchidaceae
Coelogyne cristata;Orchidaceae
Coelogyne cristata;Orchidaceae
Coelogyne eberhardtii;Orchidaceae
Coelogyne ecarinata;Orchidaceae
Coelogyne exalata;Orchidaceae
Coelogyne fimbriata;Orchidaceae
Coelogyne fimbriata;Orchidaceae
Coelogyne flaccida;Orchidaceae
Coelogyne flaccida;Orchidaceae
Coelogyne fonstenebrarum;Orchidaceae
Coelogyne fragrans;Orchidaceae
Coelogyne huettneriana;Orchidaceae
Coelogyne lactea;Orchidaceae
Coelogyne lawrenceana;Orchidaceae
Coelogyne lawrenceana;Orchidaceae
Coelogyne lentiginosa;Orchidaceae
Coelogyne massangeana;Orchidaceae
Coelogyne massangeana;Orchidaceae
Coelogyne mayeriana;Orchidaceae
Coelogyne odoardi;Orchidaceae
Coelogyne ovalis;Orchidaceae
Coelogyne pandurata;Orchidaceae
Coelogyne pulverula;Orchidaceae
Coelogyne pulverula;Orchidaceae
Coelogyne punctulata;Orchidaceae
Coelogyne radiosa;Orchidaceae
Coelogyne rochusseni;Orchidaceae
Coelogyne rochusseni;Orchidaceae
Coelogyne rumphii;Orchidaceae
Coelogyne rumphii;Orchidaceae
Coelogyne salvaneraniana;Orchidaceae
Coelogyne salvaneraniana;Orchidaceae
Coelogyne sanderiana;Orchidaceae
Coelogyne schilleriana;Orchidaceae
Coelogyne sp.;Orchidaceae
Coelogyne speciosa;Orchidaceae
Coelogyne speciosa;Orchidaceae
Coelogyne swaniana;Orchidaceae
Coelogyne tomentosa;Orchidaceae
Coelogyne trinervis;Orchidaceae
Coelogyne usitana;Orchidaceae
Coelogyne viscosa;Orchidaceae
Coelogyne xyrekes;Orchidaceae
Coffea arabica;Rubiaceae
Coffea arabica;Rubiaceae
Coffea arabica;Rubiaceae
Coffea arabica;Rubiaceae
Coffea stenophylla;Rubiaceae
Cochemiea wrightii;
Cochemiea wrightii;
Cochleanthes amazonica;Orchidaceae
Cochleanthes discolor;Orchidaceae
Cochlearia bavarica;Brassicaceae
Cochlearia officinalis;Brassicaceae
Cochlioda noezliana;Orchidaceae
Cochlioda vulcanica;Orchidaceae
Cochliostema odoratissimum;Commelinaceae
Cochliostema odoratissimum;Commelinaceae
Coilostylis ciliaris;Orchidaceae
Coilostylis parkinsoniana;Orchidaceae
Coix lacryma-jobi;Poaceae
Cola anomala;Malvaceae
Coleonema pulchrum;Rutaceae
Colchicum agrippinum;Colchicaceae
Colchicum autumnale;Colchicaceae
Colchicum autumnale;Colchicaceae
Colchicum baytophiorum;Colchicaceae
Colchicum burttii;Colchicaceae
Colchicum byzantinum;Colchicaceae
Colchicum byzantinum;Colchicaceae
Colchicum cilicicum;Colchicaceae
Colchicum corsicum;Colchicaceae
Colchicum cupanii;Colchicaceae
Colchicum cupanii;Colchicaceae
Colchicum falcifolium;Colchicaceae
Colchicum heynaldii;Colchicaceae
Colchicum hybr.;Colchicaceae
Colchicum hybr.;Colchicaceae
Colchicum kesselringii;Colchicaceae
Colchicum kotschyi;Colchicaceae
Colchicum laetum;Colchicaceae
Colchicum lusitanum;Colchicaceae
Colchicum macrophyllum;Colchicaceae
Colchicum minutum;Colchicaceae
Colchicum neapolitanum;Colchicaceae
Colchicum parnassicum;Colchicaceae
Colchicum pusillum;Colchicaceae
Colchicum sp.;Colchicaceae
Colchicum speciosum;Colchicaceae
Colchicum speciosum;Colchicaceae
Colchicum szovitsii;Colchicaceae
Colchicum szovitsii;Colchicaceae
Colchicum triphyllum;Colchicaceae
Colchicum variegatum;Colchicaceae
Colchicum wendelboi;Colchicaceae
Colignonia ovalifolia;Nyctaginaceae
Colletia armata;Rhamnaceae
Colletia hystrix;Rhamnaceae
Colletia spinosissima;Rhamnaceae
Colletia spinosissima;Rhamnaceae
Colletogyne perrieri;Araceae
Colliguaja integerrima;Euphorbiaceae
Colliguaja integerrima;Euphorbiaceae
Collinsonia canadensis;Lamiaceae
Collinsonia canadensis;Lamiaceae
Collinsonia sp.;Lamiaceae
Colobogynium variegatum;
Colocasia esculenta;Araceae
Colocasia esculenta;Araceae
Colocasia esculenta;Araceae
Colocasia fallax;Araceae
Colocasia sp.;Araceae
Colophospermum mopane;Fabaceae (Caesalpiniaceae)
Colpoon compressum;Santalaceae
Colpothrinax wrightii;Arecaceae
Colpothrinax wrightii;Arecaceae
Colquhounia coccinea;Lamiaceae
Colquhounia coccinea;Lamiaceae
Colquhounia coccinea;Lamiaceae
Colquhounia mollis;Lamiaceae
Colquhounia mollis;Lamiaceae
Columnea arguta;Gesneriaceae
Columnea ericae;Gesneriaceae
Columnea flava;Gesneriaceae
Columnea glabra;Gesneriaceae
Columnea gloriosa;Gesneriaceae
Columnea gloriosa;Gesneriaceae
Columnea gloriosa;Gesneriaceae
Columnea gloriosa x nicaraguensis;Gesneriaceae
Columnea hirsuta;Gesneriaceae
Columnea hirsutissima;Gesneriaceae
Columnea lepidocaula;Gesneriaceae
Columnea lepidocaula;Gesneriaceae
Columnea lepidocaulis;Gesneriaceae
Columnea linearis;Gesneriaceae
Columnea linearis;Gesneriaceae
Columnea linearis;Gesneriaceae
Columnea magnifica;Gesneriaceae
Columnea microphylla;Gesneriaceae
Columnea microphylla;Gesneriaceae
Columnea microphylla;Gesneriaceae
Columnea mortonii;Gesneriaceae
Columnea nicaraguensis;Gesneriaceae
Columnea oerstediana;Gesneriaceae
Columnea purpurimarginata;Gesneriaceae
Columnea rubricaulis;Gesneriaceae
Columnea schiedeana;Gesneriaceae
Columnea schiedeana;Gesneriaceae
Columnea sp.;Gesneriaceae
Columnea sp.;Gesneriaceae
Columnea sp.;Gesneriaceae
Columnea tulae;Gesneriaceae
Columnea x kewensis;Gesneriaceae
Colutea arborescens;Fabaceae (s.str.)
Colutea brevialata;Fabaceae (s.str.)
Colutea brevialata;Fabaceae (s.str.)
Colutea buhsei;Fabaceae (s.str.)
Colutea gracilis;Fabaceae (s.str.)
Colutea gracilis;Fabaceae (s.str.)
Colutea orbiculata;Fabaceae (s.str.)
Colutea orbiculata;Fabaceae (s.str.)
Colutea x media;Fabaceae (s.str.)
Coluteocarpus vesicaria;Brassicaceae
Colysis elliptica;Polypodiaceae
Colysis sp.;Polypodiaceae
Colysis wrightii;Polypodiaceae
Combretum bracteosum;Combretaceae
Combretum farinosum;Combretaceae
Combretum sp.;Combretaceae
Commelina forskaolii;Commelinaceae
Commelina ramulosa;Commelinaceae
Commelina sp.;Commelinaceae
Commiphora africana;Burseraceae
Commiphora brevicalyx;Burseraceae
Commiphora dulcis;Burseraceae
Commiphora gileadensis;Burseraceae
Commiphora guillaumini;Burseraceae
Commiphora habessinica;Burseraceae
Commiphora habessinica;Burseraceae
Commiphora humbertii;Burseraceae
Commiphora kataf;Burseraceae
Commiphora kraeuseliana;Burseraceae
Commiphora kraeuseliana;Burseraceae
Commiphora leptophloeos;Burseraceae
Commiphora leptophloeos;Burseraceae
Commiphora mildbraedii;Burseraceae
Commiphora mildbraedii;Burseraceae
Commiphora mollis;Burseraceae
Commiphora mollis;Burseraceae
Commiphora monstruosa;Burseraceae
Commiphora orbicularis;Burseraceae
Commiphora ornifolia;Burseraceae
Commiphora parvifolia;Burseraceae
Commiphora pervilleana;Burseraceae
Commiphora pervilleana;Burseraceae
Commiphora pseudopaolii;Burseraceae
Commiphora pyracanthoides;Burseraceae
Commiphora saxicola;Burseraceae
Commiphora simplicifolia;Burseraceae
Commiphora sp.;Burseraceae
Commiphora sp.;Burseraceae
Commiphora sp.;Burseraceae
Commiphora sp.;Burseraceae
Commiphora sp.;Burseraceae
Commiphora sp.;Burseraceae
Commiphora sp.;Burseraceae
Commiphora unilobata;Burseraceae
Comparettia falcata;
Comptonia peregrina;Myricaceae
Condylago rodrigoi;Orchidaceae
Congea sp.;Lamiaceae
Conicosia pugioniformis;Aizoaceae
Coniogramme emeiensis;Pteridaceae
Coniogramme sp.;Pteridaceae
Coniogramme sp.;Pteridaceae
Conoclinium coelestinum;Asteraceae
Conoclinium coelestinum;Asteraceae
Conophytum reconditum;Aizoaceae
Consolida regalis;Ranunculaceae
Convallaria keiskei;Asparagaceae (Ruscaceae)
Convallaria keiskei;Asparagaceae (Ruscaceae)
Convallaria majalis;Asparagaceae (Ruscaceae)
Convallaria majalis;Asparagaceae (Ruscaceae)
Convallaria majalis;Asparagaceae (Ruscaceae)
Convallaria majalis;Asparagaceae (Ruscaceae)
Convallaria majalis;Asparagaceae (Ruscaceae)
Convallaria majalis;Asparagaceae (Ruscaceae)
Convallaria majalis;Asparagaceae (Ruscaceae)
Convallaria majalis;Asparagaceae (Ruscaceae)
Convallaria majalis;Asparagaceae (Ruscaceae)
Convallaria majalis;Asparagaceae (Ruscaceae)
Convallaria majalis;Asparagaceae (Ruscaceae)
Convallaria majalis;Asparagaceae (Ruscaceae)
Convallaria majalis;Asparagaceae (Ruscaceae)
Convallaria majalis;Asparagaceae (Ruscaceae)
Convallaria majalis;Asparagaceae (Ruscaceae)
Convallaria majalis;Asparagaceae (Ruscaceae)
Convallaria majalis;Asparagaceae (Ruscaceae)
Convallaria montana;Asparagaceae (Ruscaceae)
Convallaria transcaucasica;Asparagaceae (Ruscaceae)
Convolvulus althaeoides;Convolvulaceae
Convolvulus floridus;Convolvulaceae
Convolvulus lineatus;Convolvulaceae
Copernicia cowellii;Arecaceae
Copernicia macroglossa;Arecaceae
Copernicia prunifera;Arecaceae
Coprosma hybr.;Rubiaceae
Coprosma hybr.;Rubiaceae
Coprosma cheesemanii;Rubiaceae
Coprosma intertexta;Rubiaceae
Coprosma intertexta;Rubiaceae
Coprosma macrocarpa;Rubiaceae
Coprosma macrocarpa;Rubiaceae
Coprosma macrocarpa x cunninghamii;Rubiaceae
Coprosma macrocarpa x cunninghamii;Rubiaceae
Coprosma repens;Rubiaceae
Coprosma repens;Rubiaceae
Coprosma repens;Rubiaceae
Coprosma repens;Rubiaceae
Coprosma rugosa;Rubiaceae
Coprosma rugosa;Rubiaceae
Coprosma rugosa;Rubiaceae
Coprosma sp.;Rubiaceae
Coprosma sp.;Rubiaceae
Coprosma sp.;Rubiaceae
Coprosma sp.;Rubiaceae
Coptis japonica;Ranunculaceae
Coptis japonica;Ranunculaceae
Coptis quinquefolia;Ranunculaceae
Corallocarpus bainesii;Cucurbitaceae
Corallocarpus boehmii;Cucurbitaceae
Corallocarpus grevei;Cucurbitaceae
Cordia caffra;Boraginaceae (Cordiaceae)
Cordia decandra;Boraginaceae (Cordiaceae)
Cordia obovata;Boraginaceae (Cordiaceae)
Cordia sebestena;Boraginaceae (Cordiaceae)
Cordyline banksii;Asparagaceae (Laxmanniaceae)
Cordyline banksii;Asparagaceae (Laxmanniaceae)
Cordyline congesta;Asparagaceae (Laxmanniaceae)
Cordyline kaspar;Asparagaceae (Laxmanniaceae)
Cordyline kaspar;Asparagaceae (Laxmanniaceae)
Cordyline kaspar;Asparagaceae (Laxmanniaceae)
Cordyline pumilio;Asparagaceae (Laxmanniaceae)
Coreopsis auriculata;Asteraceae
Coreopsis auriculata;Asteraceae
Coreopsis grandiflora;Asteraceae
Coreopsis grandiflora;Asteraceae
Coreopsis grandiflora;Asteraceae
Coreopsis grandiflora;Asteraceae
Coreopsis grandiflora;Asteraceae
Coreopsis hybr.;Asteraceae
Coreopsis hybr.;Asteraceae
Coreopsis hybr.;Asteraceae
Coreopsis hybr.;Asteraceae
Coreopsis hybr.;Asteraceae
Coreopsis lanceolata;Asteraceae
Coreopsis lanceolata;Asteraceae
Coreopsis lanceolata;Asteraceae
Coreopsis lanceolata;Asteraceae
Coreopsis major;Asteraceae
Coreopsis palmata;Asteraceae
Coreopsis palmata;Asteraceae
Coreopsis tripteris;Asteraceae
Coreopsis tripteris;Asteraceae
Coreopsis tripteris;Asteraceae
Coreopsis tripteris;Asteraceae
Coreopsis tripteris;Asteraceae
Coreopsis verticillata;Asteraceae
Coreopsis verticillata;Asteraceae
Coreopsis verticillata;Asteraceae
Coreopsis verticillata;Asteraceae
Coreopsis verticillata;Asteraceae
Coreopsis verticillata;Asteraceae
Corchorus olitorius;Malvaceae
Corchorus olitorius;Malvaceae
Coriaria angustissima;Coriariaceae
Coriaria japonica;Coriariaceae
Coriaria myrtifolia;Coriariaceae
Coriaria myrtifolia;Coriariaceae
Coriaria myrtifolia;Coriariaceae
Coridothymus capitatus;Lamiaceae
Cornukaempferia aurantiflora;Zingiberaceae
Cornus alba;Cornaceae
Cornus alba;Cornaceae
Cornus alba;Cornaceae
Cornus alba;Cornaceae
Cornus alba;Cornaceae
Cornus alba;Cornaceae
Cornus alternifolia;Cornaceae
Cornus amomum;Cornaceae
Cornus angustata;Cornaceae
Cornus angustata;Cornaceae
Cornus canadensis;Cornaceae
Cornus canadensis;Cornaceae
Cornus canadensis;Cornaceae
Cornus controversa;Cornaceae
Cornus florida;Cornaceae
Cornus florida;Cornaceae
Cornus florida;Cornaceae
Cornus florida;Cornaceae
Cornus florida x kousa;Cornaceae
Cornus florida x kousa;Cornaceae
Cornus florida x kousa;Cornaceae
Cornus florida x kousa;Cornaceae
Cornus kousa;Cornaceae
Cornus kousa;Cornaceae
Cornus kousa;Cornaceae
Cornus kousa;Cornaceae
Cornus kousa;Cornaceae
Cornus kousa;Cornaceae
Cornus macrophylla;Cornaceae
Cornus macrophylla;Cornaceae
Cornus macrophylla;Cornaceae
Cornus mas;Cornaceae
Cornus mas;Cornaceae
Cornus mas;Cornaceae
Cornus mas;Cornaceae
Cornus mas;Cornaceae
Cornus mas;Cornaceae
Cornus mas;Cornaceae
Cornus mas;Cornaceae
Cornus mas;Cornaceae
Cornus officinalis;Cornaceae
Cornus officinalis;Cornaceae
Cornus omeiense;Cornaceae
Cornus rugosa;Cornaceae
Cornus sanguinea;Cornaceae
Cornus sanguinea;Cornaceae
Cornus sanguinea;Cornaceae
Cornus sericea;Cornaceae
Cornus sericea;Cornaceae
Cornus sericea;Cornaceae
Cornus sericea;Cornaceae
Cornus sericea;Cornaceae
Cornus sp.;Cornaceae
Cornus suecica;Cornaceae
Corokia buddleoides;Escalloniaceae
Corokia cotoneaster;Escalloniaceae
Corokia cotoneaster;Escalloniaceae
Corokia cotoneaster;Escalloniaceae
Corokia cotoneaster;Escalloniaceae
Corokia cotoneaster;Escalloniaceae
Corokia sp.;Escalloniaceae
Corokia x virgata;Escalloniaceae
Corokia x virgata;Escalloniaceae
Corokia x virgata;Escalloniaceae
Coronilla glauca;Fabaceae (s.str.)
Coronilla juncea;Fabaceae (s.str.)
Coronilla minima;Fabaceae (s.str.)
Coronilla vaginalis;Fabaceae (s.str.)
Coronilla vaginalis;Fabaceae (s.str.)
Coronilla valentina;Fabaceae (s.str.)
Corpuscularia lehmannii;Aizoaceae
Corpuscularia sp.;Aizoaceae
Correa alba;Rutaceae
Correa alba;Rutaceae
Correa backhousiana;Rutaceae
Correa backhousiana x reflexa;Rutaceae
Correa decumbens;Rutaceae
Correa glabra;Rutaceae
Correa hybr.;Rutaceae
Correa hybr.;Rutaceae
Correa hybr.;Rutaceae
Correa lawrenciana;Rutaceae
Correa lawrenciana;Rutaceae
Correa pulchella;Rutaceae
Correa sp.;Rutaceae
Correa speciosa;Rutaceae
Corrigiola litoralis;Molluginaceae
Cortusa caucasica;Primulaceae
Cortusa matthioli;Primulaceae
Coryanthes albertinae;Orchidaceae
Coryanthes alborosea;Orchidaceae
Coryanthes feildingii;Orchidaceae
Coryanthes feildingii;Orchidaceae
Coryanthes horichiana;Orchidaceae
Coryanthes hunteriana;Orchidaceae
Coryanthes macrantha;Orchidaceae
Coryanthes mastersiana;Orchidaceae
Coryanthes misasii;Orchidaceae
Coryanthes panamensis;Orchidaceae
Coryanthes punctata;Orchidaceae
Coryanthes thivii;Orchidaceae
Corybas sp.;Orchidaceae
Corybas sp.;Orchidaceae
Corydalis <x >allenii;Papaveraceae
Corydalis <x >allenii;Papaveraceae
Corydalis buschii;Papaveraceae
Corydalis caucasica;Papaveraceae
Corydalis cava;Papaveraceae
Corydalis elata;Papaveraceae
Corydalis gracilis;Papaveraceae
Corydalis hybr.;Papaveraceae
Corydalis hybr.;Papaveraceae
Corydalis hybr.;Papaveraceae
Corydalis cheilanthifolia;Papaveraceae
Corydalis intermedia;Papaveraceae
Corydalis kusnetzovii;Papaveraceae
Corydalis nobilis;Papaveraceae
Corydalis ophiocarpa;Papaveraceae
Corydalis pallida;Papaveraceae
Corydalis pumila;Papaveraceae
Corydalis schanginii;Papaveraceae
Corydalis solida;Papaveraceae
Corydalis solida;Papaveraceae
Corydalis solida;Papaveraceae
Corydalis solida;Papaveraceae
Corydalis solida;Papaveraceae
Corydalis solida;Papaveraceae
Corydalis solida;Papaveraceae
Corydalis solida;Papaveraceae
Corydalis solida;Papaveraceae
Corydalis solida;Papaveraceae
Corydalis solida;Papaveraceae
Corydalis solida;Papaveraceae
Corydalis solida;Papaveraceae
Corydalis solida;Papaveraceae
Corydalis solida;Papaveraceae
Corydalis solida;Papaveraceae
Corydalis solida;Papaveraceae
Corydalis solida;Papaveraceae
Corydalis solida;Papaveraceae
Corydalis sp.;Papaveraceae
Corydalis vittae;Papaveraceae
Corylopsis sinensis;Hamamelidaceae
Corylopsis sinensis;Hamamelidaceae
Corylopsis sinensis;Hamamelidaceae
Corylopsis spicata;Hamamelidaceae
Corylus americana;Betulaceae
Corylus avellana;Betulaceae
Corylus avellana;Betulaceae
Corylus avellana;Betulaceae
Corylus avellana;Betulaceae
Corylus hybr.;Betulaceae
Corylus hybr.;Betulaceae
Corylus hybr.;Betulaceae
Corylus maxima;Betulaceae
Corylus sieboldiana;Betulaceae
Corylus sieboldiana;Betulaceae
Corylus yunnanensis;Betulaceae
Corynephorus canescens;Poaceae
Corynocarpus laevigatus;Corynocarpaceae
Corynocarpus laevigatus;Corynocarpaceae
Corypha umbraculifera;Arecaceae
Coryphantha cornifera;Cactaceae
Coryphantha echinus;Cactaceae
Coryphantha echinus;Cactaceae
Corytoplectus capitatus;Gesneriaceae
Corytoplectus cutucuensis;Gesneriaceae
Corytoplectus speciosus;Gesneriaceae
Cosmos diversifolius;Asteraceae
Costus;Costaceae
Costus asplundii;Costaceae
Costus comosus;Costaceae
Costus comosus;Costaceae
Costus comosus;Costaceae
Costus comosus;Costaceae
Costus comosus;Costaceae
Costus curvibracteatus;Costaceae
Costus dinklangei;Costaceae
Costus dubius;Costaceae
Costus dubius;Costaceae
Costus dubius;Costaceae
Costus elegans;Costaceae
Costus fenestralis;Costaceae
Costus gabonensis;Costaceae
Costus gracillimus;Costaceae
Costus lateriflorus;Costaceae
Costus letestui;Costaceae
Costus ligularis;Costaceae
Costus loangensis;Costaceae
Costus lucanusianus;Costaceae
Costus osae;Costaceae
Costus phyllocephalus;Costaceae
Costus pictus;Costaceae
Costus plicatus;Costaceae
Costus pulverulentus;Costaceae
Costus sanguineus;Costaceae
Costus sanguineus;Costaceae
Costus sanguineus;Costaceae
Costus scaber;Costaceae
Costus scaber;Costaceae
Costus scaber;Costaceae
Costus scaber;Costaceae
Costus scaber;Costaceae
Costus scaber;Costaceae
Costus scaber;Costaceae
Costus scaber;Costaceae
Costus scaber;Costaceae
Costus sp.;Costaceae
Costus sp.;Costaceae
Costus sp.;Costaceae
Costus sp.;Costaceae
Costus sp.;Costaceae
Costus spiralis;Costaceae
Costus stenophyllus;Costaceae
Costus tappenbeckianus;Costaceae
Costus tonkinensis;Costaceae
Costus villosissimus;Costaceae
Costus villosissimus;Costaceae
Costus villosissimus;Costaceae
Costus zingiberoides;Costaceae
Cotinus coggygria;Anacardiaceae
Cotinus coggygria;Anacardiaceae
Cotinus coggygria;Anacardiaceae
Cotinus coggygria;Anacardiaceae
Cotinus coggygria x obovatus;Anacardiaceae
Cotinus obovatus;Anacardiaceae
Cotinus sp.;Anacardiaceae
Cotoneaster adpressus;Rosaceae
Cotoneaster adpressus;Rosaceae
Cotoneaster ascendens;Rosaceae
Cotoneaster cashmiriensis;Rosaceae
Cotoneaster cochleatus;Rosaceae
Cotoneaster cochleatus;Rosaceae
Cotoneaster conspicuus;Rosaceae
Cotoneaster dammeri;Rosaceae
Cotoneaster delavayanus;Rosaceae
Cotoneaster franchetii;Rosaceae
Cotoneaster glabratus;Rosaceae
Cotoneaster glacialis;Rosaceae
Cotoneaster hissaricus;Rosaceae
Cotoneaster integerrimus;Rosaceae
Cotoneaster microphyllus;Rosaceae
Cotoneaster microphyllus;Rosaceae
Cotoneaster mongolicus;Rosaceae
Cotoneaster nanus;Rosaceae
Cotoneaster nummularius;Rosaceae
Cotoneaster perpusillus;Rosaceae
Cotoneaster procumbens;Rosaceae
Cotoneaster roseus;Rosaceae
Cotoneaster salicifolius;Rosaceae
Cotoneaster salicifolius;Rosaceae
Cotoneaster salicifolius;Rosaceae
Cotoneaster salicifolius;Rosaceae
Cotoneaster salicifolius;Rosaceae
Cotoneaster sherriffii;Rosaceae
Cotoneaster sp.;Rosaceae
Cotoneaster sp.;Rosaceae
Cotoneaster sp.;Rosaceae
Cotoneaster sp.;Rosaceae
Cotoneaster sp.;Rosaceae
Cotoneaster sp.;Rosaceae
Cotoneaster sp.;Rosaceae
Cotoneaster sp.;Rosaceae
Cotoneaster sp.;Rosaceae
Cotoneaster sp.;Rosaceae
Cotoneaster sp.;Rosaceae
Cotoneaster sp.;Rosaceae
Cotoneaster sp.;Rosaceae
Cotoneaster x suecicus;Rosaceae
Cotula bipinnata;Asteraceae
Cotula duckittiae;Asteraceae
Cotula lineariloba;Asteraceae
Cotula microglossa;Asteraceae
Cotula sericea;Asteraceae
Cotula socialis;Asteraceae
Cotula sp.;Asteraceae
Cotula squalida;Asteraceae
Cotyledon barbeyi;Crassulaceae
Cotyledon eliseae;Crassulaceae
Cotyledon hybr.;Crassulaceae
Cotyledon orbiculata;Crassulaceae
Cotyledon orbiculata;Crassulaceae
Cotyledon orbiculata;Crassulaceae
Couroupita guianensis;Lecythidaceae
Crabbea velutina;Acanthaceae
Crambe maritima;Brassicaceae
Crambe strigosa;Brassicaceae
Crambe tataria;Brassicaceae
Crassula arborescens;Crassulaceae
Crassula ausensis;Crassulaceae
Crassula ausensis;Crassulaceae
Crassula brevifolia;Crassulaceae
Crassula brevifolia;Crassulaceae
Crassula capitella;Crassulaceae
Crassula coccinea;Crassulaceae
Crassula coccinea;Crassulaceae
Crassula deceptor;Crassulaceae
Crassula dependens;Crassulaceae
Crassula exilis;Crassulaceae
Crassula expansa;Crassulaceae
Crassula gillii;Crassulaceae
Crassula hemisphaerica;Crassulaceae
Crassula hirtipes;Crassulaceae
Crassula hybr.;Crassulaceae
Crassula lanuginosa;Crassulaceae
Crassula lanuginosa;Crassulaceae
Crassula mesembryanthoides;Crassulaceae
Crassula multicava;Crassulaceae
Crassula multicava;Crassulaceae
Crassula muscosa;Crassulaceae
Crassula namaquensis;Crassulaceae
Crassula orbicularis;Crassulaceae
Crassula orbicularis;Crassulaceae
Crassula ovata;Crassulaceae
Crassula perfoliata;Crassulaceae
Crassula perforata;Crassulaceae
Crassula plegmatoides;Crassulaceae
Crassula pruinosa;Crassulaceae
Crassula pyramidalis;Crassulaceae
Crassula rupestris;Crassulaceae
Crassula rupestris;Crassulaceae
Crassula sarcocaulis;Crassulaceae
Crassula sarcocaulis;Crassulaceae
Crassula sarmentosa;Crassulaceae
Crassula tetragona;Crassulaceae
Crataegus ambiqua;Rosaceae
Crataegus columbiana;Rosaceae
Crataegus conspicuus;Rosaceae
Crataegus cuneata;Rosaceae
Crataegus douglasii;Rosaceae
Crataegus flabellata;Rosaceae
Crataegus hajastana;Rosaceae
Crataegus chlorosarca;Rosaceae
Crataegus irrasa;Rosaceae
Crataegus lavalei;Rosaceae
Crataegus monogyna;Rosaceae
Crataegus monogyna;Rosaceae
Crataegus punctatata;Rosaceae
Crataegus robesoniana;Rosaceae
Crataegus sp.;Rosaceae
Crataegus sp.;Rosaceae
Crataegus sp.;Rosaceae
Crataegus sp.;Rosaceae
Crataegus sp.;Rosaceae
Crataegus sp.;Rosaceae
Crataegus sp.;Rosaceae
Crataegus submollis;Rosaceae
Crataegus turkestanica;Rosaceae
Crataegus turkestanica;Rosaceae
Crateaegus monogyna;Rosaceae
Craterostigma wilmsii;Linderniaceae
Cremastra appendiculata;Orchidaceae
Crepidium commelinifolium;Orchidaceae
Crepis mollis;Asteraceae
Crescentia cujete;Bignoniaceae
Crinodendron patagua;Elaeocarpaceae
Crinum album;Amaryllidaceae
Crinum amabile;Amaryllidaceae
Crinum americanum;Amaryllidaceae
Crinum asiaticum;Amaryllidaceae
Crinum asiaticum;Amaryllidaceae
Crinum boophanoides;Amaryllidaceae
Crinum ensifolium;Amaryllidaceae
Crinum ensifolium;Amaryllidaceae
Crinum erubescens;Amaryllidaceae
Crinum firmifolium;Amaryllidaceae
Crinum firmifolium;Amaryllidaceae
Crinum mccoyi;Amaryllidaceae
Crinum modestum;Amaryllidaceae
Crinum moorei;Amaryllidaceae
Crinum pedunculatum;Amaryllidaceae
Crinum razafindratsiraea;Amaryllidaceae
Crinum scabrum;Amaryllidaceae
Crinum sp.;Amaryllidaceae
Crinum stuhlmannii;Amaryllidaceae
Crinum variabile;Amaryllidaceae
Crithmum maritimum;Apiaceae
Crithmum maritimum;Apiaceae
Crocanthemum canadense;Cistaceae
Crocosmia aurea;Iridaceae
Crocosmia sp.;Iridaceae
Crocus alatavicus;Iridaceae
Crocus ancyrensis;Iridaceae
Crocus asumaniae;Iridaceae
Crocus biflorus;Iridaceae
Crocus biflorus;Iridaceae
Crocus biflorus;Iridaceae
Crocus biflorus;Iridaceae
Crocus biflorus;Iridaceae
Crocus biflorus;Iridaceae
Crocus biflorus;Iridaceae
Crocus boryi;Iridaceae
Crocus cambessedesii;Iridaceae
Crocus cancellatus;Iridaceae
Crocus candidus;Iridaceae
Crocus cartwrightianus;Iridaceae
Crocus cyprius;Iridaceae
Crocus danfordiae;Iridaceae
Crocus etruscus;Iridaceae
Crocus flavus;Iridaceae
Crocus fleischeri;Iridaceae
Crocus gargaricus;Iridaceae
Crocus goulimyi;Iridaceae
Crocus goulimyi;Iridaceae
Crocus goulimyi;Iridaceae
Crocus graveolens;Iridaceae
Crocus hadriaticus;Iridaceae
Crocus heuffelianus;Iridaceae
Crocus hybr.;Iridaceae
Crocus hybr.;Iridaceae
Crocus hybr.;Iridaceae
Crocus hybr.;Iridaceae
Crocus hybr.;Iridaceae
Crocus hybr.;Iridaceae
Crocus chrysanthus;Iridaceae
Crocus chrysanthus;Iridaceae
Crocus chrysanthus;Iridaceae
Crocus chrysanthus;Iridaceae
Crocus chrysanthus;Iridaceae
Crocus chrysanthus;Iridaceae
Crocus chrysanthus;Iridaceae
Crocus chrysanthus;Iridaceae
Crocus chrysanthus;Iridaceae
Crocus chrysanthus;Iridaceae
Crocus chrysanthus;Iridaceae
Crocus chrysanthus;Iridaceae
Crocus korolkowi;Iridaceae
Crocus korolkowi;Iridaceae
Crocus korolkowi;Iridaceae
Crocus korolkowi;Iridaceae
Crocus korolkowi;Iridaceae
Crocus kosaninii;Iridaceae
Crocus kotschyanus;Iridaceae
Crocus laevigatus;Iridaceae
Crocus leichtlinii;Iridaceae
Crocus michelsonii;Iridaceae
Crocus nevadensis;Iridaceae
Crocus niveus;Iridaceae
Crocus olivieri;Iridaceae
Crocus oreocreticus;Iridaceae
Crocus pallasii;Iridaceae
Crocus pulchellus;Iridaceae
Crocus pulchellus;Iridaceae
Crocus reticulatus;Iridaceae
Crocus robertianus;Iridaceae
Crocus salzmannii;Iridaceae
Crocus sativus;Iridaceae
Crocus sieberi;Iridaceae
Crocus sieberi;Iridaceae
Crocus speciosus;Iridaceae
Crocus speciosus;Iridaceae
Crocus speciosus;Iridaceae
Crocus speciosus;Iridaceae
Crocus tommasinianus;Iridaceae
Crocus tommasinianus;Iridaceae
Crocus tournefortii;Iridaceae
Crocus vernus;Iridaceae
Crocus vitellinus;Iridaceae
Crossandra flava;Acanthaceae
Crossandra massaica;Acanthaceae
Croton socotranus;Euphorbiaceae
Cryosophila stauracantha;Arecaceae
Cryosophila stauracantha;Arecaceae
Crypsis aculeata;Poaceae
Crypsis alopecuroides;Poaceae
Cryptanthus  microglazioui;Bromeliaceae
Cryptanthus argyrophyllus;Bromeliaceae
Cryptanthus beuckeri;Bromeliaceae
Cryptanthus beuckeri;Bromeliaceae
Cryptanthus fosterianus;Bromeliaceae
Cryptanthus sp.;Bromeliaceae
Cryptanthus zonatus;Bromeliaceae
Cryptocoryne albida;Araceae
Cryptocoryne beckettii;Araceae
Cryptocoryne beckettii;Araceae
Cryptocoryne cordata;Araceae
Cryptocoryne cordata;Araceae
Cryptocoryne crispatula;Araceae
Cryptocoryne decus-silvae;Araceae
Cryptocoryne decus-silvae;Araceae
Cryptocoryne hudoroi;Araceae
Cryptocoryne lucens;Araceae
Cryptocoryne lutea;Araceae
Cryptocoryne matakensis;Araceae
Cryptocoryne minima;Araceae
Cryptocoryne minima;Araceae
Cryptocoryne nevilli;Araceae
Cryptocoryne parva;Araceae
Cryptocoryne petchii;Araceae
Cryptocoryne petchii;Araceae
Cryptocoryne pontederiifolia;Araceae
Cryptocoryne pontederiifolia;Araceae
Cryptocoryne pygmea;Araceae
Cryptocoryne regina;Araceae
Cryptocoryne retrospiralis;Araceae
Cryptocoryne spiralis;Araceae
Cryptocoryne Tropica;Araceae
Cryptocoryne undulata;Araceae
Cryptocoryne undulata;Araceae
Cryptocoryne undulata;Araceae
Cryptocoryne undulata;Araceae
Cryptocoryne vaseri;Araceae
Cryptocoryne versteegii;Araceae
Cryptocoryne walkeri;Araceae
Cryptocoryne walkeri;Araceae
Cryptocoryne waseri;Araceae
Cryptocoryne wendtii;Araceae
Cryptocoryne wendtii;Araceae
Cryptocoryne wendtii;Araceae
Cryptocoryne wendtii;Araceae
Cryptocoryne willisii;Araceae
Cryptocoryne x nakamotoi;Araceae
Cryptocoryne zaidiana;Araceae
Cryptochilus sanguinea;Orchidaceae
Cryptomeria japonica;Cupressaceae
Cryptomeria japonica;Cupressaceae
Cryptomeria japonica;Cupressaceae
Cryptomeria japonica;Cupressaceae
Cryptomeria japonica;Cupressaceae
Cryptomeria japonica;Cupressaceae
Cryptomeria japonica;Cupressaceae
Cryptomeria japonica;Cupressaceae
Cryptomeria japonica;Cupressaceae
Cryptomeria japonica;Cupressaceae
Cryptomeria japonica;Cupressaceae
Cryptophragmium langbianense;Acanthaceae
Cryptostephanus vansonii;Amaryllidaceae
Cryptotaenia japonica;Apiaceae
Cryptotaenia japonica;Apiaceae
Ctenitis maximowicziana;Dryopteridaceae
Ctenitis membranifolia;Dryopteridaceae
Cucumis africanus;Cucurbitaceae
Cucumis anguria;Cucurbitaceae
Cucumis dipsaceus;Cucurbitaceae
Cucumis myriocarpus;Cucurbitaceae
Cucumis zeyheri;Cucurbitaceae
Cucurbita andreana;Cucurbitaceae
Cudrania tricuspidata;Moraceae
Culcasia mannii;Araceae
Culcasia mannii;Araceae
Cunila origanoides;Lamiaceae
Cunninghamia lanceolata;Cupressaceae
Cunninghamia lanceolata;Cupressaceae
Cuphea llavea;Lythraceae
Cuphea micropetala;Lythraceae
Cuphea procumbens;Lythraceae
Cuphea sp.;Lythraceae
Cuphea subuligera;Lythraceae
Cuphea viscosissima;Lythraceae
Cupressus arizonica;Cupressaceae
Cupressus arizonica;Cupressaceae
Cupressus atlantica;Cupressaceae
Cupressus atlantica;Cupressaceae
Cupressus atlantica;Cupressaceae
Cupressus cashmeriana;Cupressaceae
Cupressus dupreziana;Cupressaceae
Cupressus dupreziana;Cupressaceae
Cupressus dupreziana;Cupressaceae
Cupressus lusitanica;Cupressaceae
Cupressus macrocarpa;Cupressaceae
Cupressus macrocarpa;Cupressaceae
Cupressus sempervirens;Cupressaceae
Cupressus sempervirens;Cupressaceae
Cupressus sp.;Cupressaceae
Cupressus vietnamensis;Cupressaceae
Curculigo gracilis;Amaryllidaceae
Curculigo sp.;Amaryllidaceae
Curculigo sp.;Amaryllidaceae
Curculigo sp.;Amaryllidaceae
Curculigo sp.;Amaryllidaceae
Curcuma aeruginosa;Zingiberaceae
Curcuma amada;Zingiberaceae
Curcuma aromatica;Zingiberaceae
Curcuma aromatica;Zingiberaceae
Curcuma aromatica;Zingiberaceae
Curcuma aromatica;Zingiberaceae
Curcuma aromatica;Zingiberaceae
Curcuma aromatica;Zingiberaceae
Curcuma aromatica;Zingiberaceae
Curcuma aurantiaca;Zingiberaceae
Curcuma caesia;Zingiberaceae
Curcuma cannanorensis;Zingiberaceae
Curcuma caulina;Zingiberaceae
Curcuma codonantha;Zingiberaceae
Curcuma codonantha;Zingiberaceae
Curcuma colorata;Zingiberaceae
Curcuma elata;Zingiberaceae
Curcuma euchroma;Zingiberaceae
Curcuma euchroma;Zingiberaceae
Curcuma ferruginea;Zingiberaceae
Curcuma ferruginea;Zingiberaceae
Curcuma ferruginea;Zingiberaceae
Curcuma ferruginea;Zingiberaceae
Curcuma hybr.;Zingiberaceae
Curcuma kwangsiensis;Zingiberaceae
Curcuma latifolia;Zingiberaceae
Curcuma longa;Zingiberaceae
Curcuma longa;Zingiberaceae
Curcuma longa;Zingiberaceae
Curcuma mangga;Zingiberaceae
Curcuma mangga;Zingiberaceae
Curcuma mangga;Zingiberaceae
Curcuma mangga;Zingiberaceae
Curcuma montana;Zingiberaceae
Curcuma parviflora;Zingiberaceae
Curcuma parviflora;Zingiberaceae
Curcuma parviflora;Zingiberaceae
Curcuma parviflora;Zingiberaceae
Curcuma petiolata;Zingiberaceae
Curcuma petiolata;Zingiberaceae
Curcuma picta;Zingiberaceae
Curcuma prakasha;Zingiberaceae
Curcuma prakasha;Zingiberaceae
Curcuma prakasha;Zingiberaceae
Curcuma roscoeana;Zingiberaceae
Curcuma rubescens;Zingiberaceae
Curcuma rubrobracteata;Zingiberaceae
Curcuma rubrobracteata;Zingiberaceae
Curcuma rubrobracteata;Zingiberaceae
Curcuma soloensis;Zingiberaceae
Curcuma sp.;Zingiberaceae
Curcuma sp.;Zingiberaceae
Curcuma sp.;Zingiberaceae
Curcuma sp.;Zingiberaceae
Curcuma sp.;Zingiberaceae
Curcuma sp.;Zingiberaceae
Curcuma sp.;Zingiberaceae
Curcuma sp.;Zingiberaceae
Curcuma sp.;Zingiberaceae
Curcuma sp.;Zingiberaceae
Curcuma sp.;Zingiberaceae
Curcuma sp.;Zingiberaceae
Curcuma sp.;Zingiberaceae
Curcuma sp.;Zingiberaceae
Curcuma sp.;Zingiberaceae
Curcuma sp.;Zingiberaceae
Curcuma sp.;Zingiberaceae
Curcuma sp.;Zingiberaceae
Curcuma sp.;Zingiberaceae
Curcuma sp.;Zingiberaceae
Curcuma sp.;Zingiberaceae
Curcuma sp.;Zingiberaceae
Curcuma sp.;Zingiberaceae
Curcuma sp.;Zingiberaceae
Curcuma sp.;Zingiberaceae
Curcuma sp.;Zingiberaceae
Curcuma sp.;Zingiberaceae
Curcuma sp.;Zingiberaceae
Curcuma sp.;Zingiberaceae
Curcuma sp.;Zingiberaceae
Curcuma sp.;Zingiberaceae
Curcuma sp.;Zingiberaceae
Curcuma sp.;Zingiberaceae
Curcuma sp.;Zingiberaceae
Curcuma sp.;Zingiberaceae
Curcuma thorelii;Zingiberaceae
Curcuma viridiflora;Zingiberaceae
Curcuma zanthorrhiza;Zingiberaceae
Curcuma zanthorrhiza;Zingiberaceae
Curcuma zanthorrhiza;Zingiberaceae
Curcuma zanthorrhiza;Zingiberaceae
Curcuma zedoaria;Zingiberaceae
Curcuma zedoaria;Zingiberaceae
Curcuma zedoaria;Zingiberaceae
Curtisia dentata;Cornaceae
Cussonia paniculata;Araliaceae
Cussonia paniculata;Araliaceae
Cussonia transvaalensis;Araliaceae
Cyanastrum cordifolium;Tecophilaeaceae
Cyanotis kewensis;Commelinaceae
Cyanotis sp.;Commelinaceae
Cyanotis speciosa;Commelinaceae
Cyathea australis;Cyatheaceae
Cyathea celebica;Cyatheaceae
Cyathea contaminans;Cyatheaceae
Cyathea dealbata;Cyatheaceae
Cyathea delgadii;Cyatheaceae
Cyathea dregei;Cyatheaceae
Cyathea dregei;Cyatheaceae
Cyathea gigantea;Cyatheaceae
Cyathea gleichenioides;Cyatheaceae
Cyathea latebrosa;Cyatheaceae
Cyathea lunulata;Cyatheaceae
Cyathea milnei;Cyatheaceae
Cyathea schanschin;Cyatheaceae
Cyathea sibuyanensis;Cyatheaceae
Cyathea smithii;Cyatheaceae
Cyathea sp.;Cyatheaceae
Cyathea sp.;Cyatheaceae
Cyathea sp.;Cyatheaceae
Cyathea sp.;Cyatheaceae
Cyathea sp.;Cyatheaceae
Cyathea sp.;Cyatheaceae
Cyathea sp.;Cyatheaceae
Cyathea tomentosissima;Cyatheaceae
Cycas armstrongii;Cycadaceae
Cycas armstrongii;Cycadaceae
Cycas bifida;Cycadaceae
Cycas cairnsiana;Cycadaceae
Cycas cairnsiana;Cycadaceae
Cycas cairnsiana;Cycadaceae
Cycas calcicola;Cycadaceae
Cycas condaoensis;Cycadaceae
Cycas debaoensis;Cycadaceae
Cycas diannanensis;Cycadaceae
Cycas elephantipes;Cycadaceae
Cycas elongata;Cycadaceae
Cycas hongheensis;Cycadaceae
Cycas changjiangensis;Cycadaceae
Cycas changjiangensis;Cycadaceae
Cycas lindstromii;Cycadaceae
Cycas lindstromii;Cycadaceae
Cycas media;Cycadaceae
Cycas megacarpa;Cycadaceae
Cycas micholitzii;Cycadaceae
Cycas micholitzii;Cycadaceae
Cycas multipinnata;Cycadaceae
Cycas nongnoochiae;Cycadaceae
Cycas pachypoda;Cycadaceae
Cycas panzhihuaensis;Cycadaceae
Cycas panzhihuaensis;Cycadaceae
Cycas panzhihuaensis;Cycadaceae
Cycas petraea;Cycadaceae
Cycas petraea;Cycadaceae
Cycas platyphylla;Cycadaceae
Cycas pranburiensis;Cycadaceae
Cycas revoluta;Cycadaceae
Cycas revoluta;Cycadaceae
Cycas revoluta;Cycadaceae
Cycas revoluta;Cycadaceae
Cycas revoluta;Cycadaceae
Cycas rumphii;Cycadaceae
Cycas semota;Cycadaceae
Cycas sexseminifera;Cycadaceae
Cycas sexseminifera;Cycadaceae
Cycas siamensis;Cycadaceae
Cycas siamensis;Cycadaceae
Cycas siamensis;Cycadaceae
Cycas silvestris;Cycadaceae
Cycas simplicipinna;Cycadaceae
Cycas simplicipinna;Cycadaceae
Cycas sp.;Cycadaceae
Cycas sp.;Cycadaceae
Cycas taitungensis;Cycadaceae
Cycas thouarsii;Cycadaceae
Cycas thouarsii;Cycadaceae
Cycas wadei;Cycadaceae
Cycas wadei;Cycadaceae
Cyclamen africanum;Primulaceae
Cyclamen cilicium;Primulaceae
Cyclamen cilicium;Primulaceae
Cyclamen colchicum;Primulaceae
Cyclamen coum;Primulaceae
Cyclamen coum;Primulaceae
Cyclamen coum;Primulaceae
Cyclamen coum;Primulaceae
Cyclamen coum;Primulaceae
Cyclamen coum;Primulaceae
Cyclamen coum;Primulaceae
Cyclamen coum;Primulaceae
Cyclamen coum;Primulaceae
Cyclamen cyprium;Primulaceae
Cyclamen graecum;Primulaceae
Cyclamen graecum;Primulaceae
Cyclamen graecum;Primulaceae
Cyclamen hederifolium;Primulaceae
Cyclamen hederifolium;Primulaceae
Cyclamen hederifolium;Primulaceae
Cyclamen hederifolium;Primulaceae
Cyclamen hederifolium;Primulaceae
Cyclamen intaminatum;Primulaceae
Cyclamen libanoticum;Primulaceae
Cyclamen mirabile;Primulaceae
Cyclamen mirabile;Primulaceae
Cyclamen neapolitanum;Primulaceae
Cyclamen persicum;Primulaceae
Cyclamen pseudibericum;Primulaceae
Cyclamen repandum;Primulaceae
Cyclamen rohlfsianum;Primulaceae
Cyclamen sp.;Primulaceae
Cyclamen trochopteranthum;Primulaceae
Cyclamen x wellensiekii;Primulaceae
Cyclamen x whitei;Primulaceae
Cyclea polypetala;Menispermaceae
Cyclocarya paliurus;Juglandaceae
Cyclophorus albicans;Polypodiaceae
Cyclopogon elatus;Orchidaceae
Cyclosorus acuminatus;Thelypteridaceae
Cyclosorus acuminatus;Thelypteridaceae
Cycnoches sp.;Orchidaceae
Cydonia oblonga;Rosaceae
Cylindropuntia echinocarpa;Cactaceae
Cylindropuntia echinocarpa;Cactaceae
Cylindropuntia imbricata;Cactaceae
Cylindropuntia imbricata;Cactaceae
Cylindropuntia ramosissima;Cactaceae
Cylindropuntia whipplei;Cactaceae
Cymbalaria muralis;Plantaginaceae (s.l.)
Cymbidiella falcigera;Orchidaceae
Cymbidiella falcigera;Orchidaceae
Cymbidiella flabellata;Orchidaceae
Cymbidiella pardalina;Orchidaceae
Cymbidiella rhodochila;Orchidaceae
Cymbidium aloifolium;Orchidaceae
Cymbidium aloifolium;Orchidaceae
Cymbidium atropurpureum;Orchidaceae
Cymbidium bicolor;Orchidaceae
Cymbidium cyperifolium;Orchidaceae
Cymbidium dayanum;Orchidaceae
Cymbidium dayanum;Orchidaceae
Cymbidium devonianum;Orchidaceae
Cymbidium devonianum;Orchidaceae
Cymbidium eburneum;Orchidaceae
Cymbidium eburneum;Orchidaceae
Cymbidium ensifolium;Orchidaceae
Cymbidium ensifolium;Orchidaceae
Cymbidium ensifolium;Orchidaceae
Cymbidium ensifolium;Orchidaceae
Cymbidium ensifolium;Orchidaceae
Cymbidium ensifolium;Orchidaceae
Cymbidium erythraeum;Orchidaceae
Cymbidium erythrostylum;Orchidaceae
Cymbidium erythrostylum;Orchidaceae
Cymbidium finlaysonianum;Orchidaceae
Cymbidium floribundum;Orchidaceae
Cymbidium goeringii;Orchidaceae
Cymbidium goeringii;Orchidaceae
Cymbidium goeringii;Orchidaceae
Cymbidium goeringii;Orchidaceae
Cymbidium goeringii;Orchidaceae
Cymbidium hybr.;Orchidaceae
Cymbidium hybr.;Orchidaceae
Cymbidium kanran;Orchidaceae
Cymbidium lancifolium;Orchidaceae
Cymbidium lowianum;Orchidaceae
Cymbidium lowianum;Orchidaceae
Cymbidium mastersii;Orchidaceae
Cymbidium omeiense;Orchidaceae
Cymbidium sanderae;Orchidaceae
Cymbidium sichuanicum;Orchidaceae
Cymbidium sp.;Orchidaceae
Cymbidium sp.;Orchidaceae
Cymbidium sp.;Orchidaceae
Cymbidium sp.;Orchidaceae
Cymbidium sp.;Orchidaceae
Cymbidium tigrinum;Orchidaceae
Cymbopogon citratus;Poaceae
Cymbopogon martini;Poaceae
Cynanchum macrolobum;Apocynaceae
Cynanchum pachycladon;Apocynaceae
Cynanchum rossii;Apocynaceae
Cynanchum sp.;Apocynaceae
Cynanchum sp.;Apocynaceae
Cynanchum sp.;Apocynaceae
Cynanchum vanlessenii;Apocynaceae
Cynanchum vincetoxicum;Apocynaceae
Cynara scolymus;Asteraceae
Cynara scolymus;Asteraceae
Cynorkis angustipetala;Orchidaceae
Cynorkis gibbosa;Orchidaceae
Cynorkis guttata;Orchidaceae
Cynorkis sp.;Orchidaceae
Cynorkis sp.;Orchidaceae
Cynorkis uniflora;Orchidaceae
Cynorkis villosa;Orchidaceae
Cyperus alternifolius;Cyperaceae
Cyperus esculentus;Cyperaceae
Cyperus flavescens;Cyperaceae
Cyperus fuscus;Cyperaceae
Cyperus obtusiflorus;Cyperaceae
Cyperus sp.;Cyperaceae
Cyperus textilis;Cyperaceae
Cyphia linarioides;Campanulaceae
Cyphophoenix elegans;Arecaceae
Cyphosperma balansae;Arecaceae
Cyphosperma naboutinense;Arecaceae
Cyphostemma bainesii;Vitaceae
Cyphostemma cirrhosum;Vitaceae
Cyphostemma cirrhosum;Vitaceae
Cyphostemma cirrhosum;Vitaceae
Cyphostemma currorii;Vitaceae
Cyphostemma juttae;Vitaceae
Cyphostemma laza;Vitaceae
Cyphostemma montagnacii;Vitaceae
Cyphostemma montagnacii;Vitaceae
Cyphostemma pachypus;Vitaceae
Cyphostemma pachypus;Vitaceae
Cyphostemma quinatum;Vitaceae
Cyphostemma roseiglandulosum;Vitaceae
Cyphostemma sakalavensis;Vitaceae
Cyphostemma sakalavensis;Vitaceae
Cyphostemma sp.;Vitaceae
Cypripedium bardolphianum;Orchidaceae
Cypripedium calceolus;Orchidaceae
Cypripedium californicum;Orchidaceae
Cypripedium cordigerum;Orchidaceae
Cypripedium fargesii;Orchidaceae
Cypripedium fasciolatum;Orchidaceae
Cypripedium flavum;Orchidaceae
Cypripedium franchetii;Orchidaceae
Cypripedium guttatum;Orchidaceae
Cypripedium henryi;Orchidaceae
Cypripedium hybr.;Orchidaceae
Cypripedium hybr.;Orchidaceae
Cypripedium irapeanum;Orchidaceae
Cypripedium japonicum;Orchidaceae
Cypripedium kentuckiense;Orchidaceae
Cypripedium kentuckiense;Orchidaceae
Cypripedium lichiangense;Orchidaceae
Cypripedium macranthos;Orchidaceae
Cypripedium macranthos;Orchidaceae
Cypripedium plectrochilum;Orchidaceae
Cypripedium pubescens;Orchidaceae
Cypripedium reginae;Orchidaceae
Cypripedium segawai;Orchidaceae
Cypripedium sp.;Orchidaceae
Cypripedium subtropicum;Orchidaceae
Cypripedium subtropicum;Orchidaceae
Cypripedium subtropicum;Orchidaceae
Cypripedium tibeticum;Orchidaceae
Cypripedium yunnanense;Orchidaceae
Cyrtandra sp.;Gesneriaceae
Cyrtandra sp.;Gesneriaceae
Cyrtanthus brachyscyphus;Amaryllidaceae
Cyrtanthus clavatus;Amaryllidaceae
Cyrtanthus epiphyticus;Amaryllidaceae
Cyrtanthus obliquus;Amaryllidaceae
Cyrtochilum macranthum;Orchidaceae
Cyrtochilum pastasae;Orchidaceae
Cyrtochilum trifurcatum;Orchidaceae
Cyrtomium caryotideum;Dryopteridaceae
Cyrtomium caryotideum;Dryopteridaceae
Cyrtomium caryotideum;Dryopteridaceae
Cyrtomium caryotideum;Dryopteridaceae
Cyrtomium falcatum;Dryopteridaceae
Cyrtomium falcatum x caryotideum;Dryopteridaceae
Cyrtomium fortunei;Dryopteridaceae
Cyrtomium fortunei;Dryopteridaceae
Cyrtomium fortunei;Dryopteridaceae
Cyrtomium fortunei;Dryopteridaceae
Cyrtomium fortunei;Dryopteridaceae
Cyrtomium lonchitoides;Dryopteridaceae
Cyrtomium macrophyllum;Dryopteridaceae
Cyrtomium omeiense;Dryopteridaceae
Cyrtomium sp.;Dryopteridaceae
Cyrtomium sp.;Dryopteridaceae
Cyrtopodium andersonii;Orchidaceae
Cyrtorchis crassifolia;Orchidaceae
Cyrtosperma johnstonii;Araceae
Cyrtostachys elegans;Arecaceae
Cyrtostachys renda;Arecaceae
Cyrtostachys renda;Arecaceae
Cysticapnos vesicaria;Papaveraceae
Cysticapnos vesicaria;Papaveraceae
Cystopteris sp.;Cystopteridaceae
Cytisus emeriflorus;Fabaceae (s.str.)
Cytisus emeriflorus;Fabaceae (s.str.)
Cytisus hirsutus;Fabaceae (s.str.)
Cytisus leucotrichus;Fabaceae (s.str.)
Cytisus scoparius;Fabaceae (s.str.)
Cytisus scoparius;Fabaceae (s.str.)
Cytisus scoparius;Fabaceae (s.str.)
Cytisus scoparius;Fabaceae (s.str.)
Cytisus scoparius;Fabaceae (s.str.)
Cytisus scoparius;Fabaceae (s.str.)
Cytisus scoparius;Fabaceae (s.str.)
Cytisus scoparius;Fabaceae (s.str.)
Cytisus scoparius;Fabaceae (s.str.)
Cytisus scoparius;Fabaceae (s.str.)
Cytisus scoparius;Fabaceae (s.str.)
Cytisus scoparius;Fabaceae (s.str.)
Cytisus x praecox;Fabaceae (s.str.)
Cytisus x praecox;Fabaceae (s.str.)
Cytisus x versicolor;Fabaceae (s.str.)
Daboecia cantabrica;Ericaceae
Daboecia cantabrica;Ericaceae
Daboecia cantabrica;Ericaceae
Daboecia cantabrica;Ericaceae
Dacrycarpus dacrydioides;Podocarpaceae
Dacrycarpus imbricatus;Podocarpaceae
Dacrycarpus imbricatus;Podocarpaceae
Dacrydium balansae;Podocarpaceae
Dacrydium beccarii;Podocarpaceae
Dacrydium cupressinum;Podocarpaceae
Dacrydium elatum;Podocarpaceae
Dacrydium sp.;Podocarpaceae
Dactylorhiza majalis;Orchidaceae
Dactylorhiza russowii;Orchidaceae
Dactylorhiza sp.;Orchidaceae
Dactylorhiza sphagnicola;Orchidaceae
Daemonorops schmidtiana;Arecaceae
Dahlia hybr.;Asteraceae
Dahlia hybr.;Asteraceae
Dahlia hybr.;Asteraceae
Dahlia hybr.;Asteraceae
Dahlia hybr.;Asteraceae
Dahlia hybr.;Asteraceae
Dahlia hybr.;Asteraceae
Dahlia hybr.;Asteraceae
Dahlia hybr.;Asteraceae
Dahlia hybr.;Asteraceae
Dahlia hybr.;Asteraceae
Dahlia hybr.;Asteraceae
Dahlia hybr.;Asteraceae
Dahlia hybr.;Asteraceae
Dahlia hybr.;Asteraceae
Dahlia imperialis;Asteraceae
Dahlia pinnata;Asteraceae
Dais cotinifolia;Thymelaeaceae
Dalea candida;Fabaceae (s.str.)
Dalea candida;Fabaceae (s.str.)
Dalea candida;Fabaceae (s.str.)
Dalea candida;Fabaceae (s.str.)
Dalea candida;Fabaceae (s.str.)
Dalea ornata;Fabaceae (s.str.)
Dalea pulchra;Fabaceae (s.str.)
Dalea purpurea;Fabaceae (s.str.)
Dalea purpurea;Fabaceae (s.str.)
Dalechampia spathulata;Euphorbiaceae
Daphne alpina;Thymelaeaceae
Daphne altaica;Thymelaeaceae
Daphne arbuscula;Thymelaeaceae
Daphne blagayana;Thymelaeaceae
Daphne burkwoodii;Thymelaeaceae
Daphne burkwoodii;Thymelaeaceae
Daphne cneorum;Thymelaeaceae
Daphne mezereum;Thymelaeaceae
Daphne mezereum;Thymelaeaceae
Daphne oleoides;Thymelaeaceae
Daphne pontica;Thymelaeaceae
Daphne sp.;Thymelaeaceae
Daphne sp.;Thymelaeaceae
Daphne x hendersonii;Thymelaeaceae
Daphniphyllum inciopedum;Daphniphyllaceae
Daphniphyllum macropodum;Daphniphyllaceae
Darlingtonia californica;Sarraceniaceae
Darlingtonia californica;Sarraceniaceae
Darlingtonia californica;Sarraceniaceae
Darlingtonia californica;Sarraceniaceae
Darlingtonia californica;Sarraceniaceae
Darlingtonia californica;Sarraceniaceae
Darlingtonia californica;Sarraceniaceae
Darmera peltata;Saxifragaceae
Dasylirion sp.;Asparagaceae (Ruscaceae)
Dasylirion sp.;Asparagaceae (Ruscaceae)
Dasylirion wheeleri;Asparagaceae (Ruscaceae)
Datisca cannabina;Datiscaceae
Datisca cannabina;Datiscaceae
Datura sp.;Solanaceae
Dauphinea brevilabra;Lamiaceae
Dauphinea brevilabra;Lamiaceae
Davallia clarkei;Davalliaceae
Davallia denticulata;Davalliaceae
Davallia embolostegia;Davalliaceae
Davallia griffithiana;Davalliaceae
Davallia heterophylla;Davalliaceae
Davallia heterophylla;Davalliaceae
Davallia mariesii;Davalliaceae
Davallia mariesii;Davalliaceae
Davallia pentaphylla;Davalliaceae
Davallia perdurans;Davalliaceae
Davallia solida;Davalliaceae
Davallia sp.;Davalliaceae
Davallia trichomanioides;Davalliaceae
Davallia trichomanoides;Davalliaceae
Davallia trichomanoides;Davalliaceae
Davallodes novoguineensis;Davalliaceae
Davallodes pulchra;Davalliaceae
Davidia involucrata;Cornaceae
Debregeasia edulis;Urticaceae
Decaisnea fargesii;Lardizabalaceae
Decarya madagascariensis;Didiereaceae
Deckenia nobilis;Arecaceae
Decodon verticillatus;Lythraceae
Decostea scandens;Cornaceae
Decussocarpus fleuryi;Podocarpaceae
Deinanthe bifida;Hydrangeaceae
Deinanthe bifida;Hydrangeaceae
Deinanthe bifida;Hydrangeaceae
Deinanthe bifida;Hydrangeaceae
Deinanthe caerulea;Hydrangeaceae
Deinanthe caerulea;Hydrangeaceae
Delarbrea paradoxa;Araliaceae
Delonix decaryi;Fabaceae (Caesalpiniaceae)
Delonix floribunda;Fabaceae (Caesalpiniaceae)
Delonix floribunda;Fabaceae (Caesalpiniaceae)
Delonix floribunda;Fabaceae (Caesalpiniaceae)
Delonix pumila;Fabaceae (Caesalpiniaceae)
Delonix pumila;Fabaceae (Caesalpiniaceae)
Delonix sp.;Fabaceae (Caesalpiniaceae)
Delonix sp.;Fabaceae (Caesalpiniaceae)
Delosperma alpinum;Aizoaceae
Delosperma ashtonii;Aizoaceae
Delosperma basuticum;Aizoaceae
Delosperma basuticum;Aizoaceae
Delosperma basuticum;Aizoaceae
Delosperma bosseranum;Aizoaceae
Delosperma bosseranum;Aizoaceae
Delosperma bosseranum;Aizoaceae
Delosperma bosseranum;Aizoaceae
Delosperma brunnthaleri;Aizoaceae
Delosperma congestum;Aizoaceae
Delosperma congestum;Aizoaceae
Delosperma cooperi;Aizoaceae
Delosperma cooperi;Aizoaceae
Delosperma davyi;Aizoaceae
Delosperma deschampsii;Aizoaceae
Delosperma dyeri;Aizoaceae
Delosperma ecklonis;Aizoaceae
Delosperma floribundum;Aizoaceae
Delosperma floribundum;Aizoaceae
Delosperma harazianum;Aizoaceae
Delosperma herbeum;Aizoaceae
Delosperma hybr.;Aizoaceae
Delosperma lavisiae;Aizoaceae
Delosperma lavisiae;Aizoaceae
Delosperma lydenburgense;Aizoaceae
Delosperma napiforme;Aizoaceae
Delosperma nubigenum;Aizoaceae
Delosperma nubigenum;Aizoaceae
Delosperma sp.;Aizoaceae
Delosperma sp.;Aizoaceae
Delosperma sp.;Aizoaceae
Delosperma sp.;Aizoaceae
Delosperma sp.;Aizoaceae
Delosperma sp.;Aizoaceae
Delosperma sp.;Aizoaceae
Delosperma sp.;Aizoaceae
Delosperma sp.;Aizoaceae
Delosperma sp.;Aizoaceae
Delosperma sp.;Aizoaceae
Delosperma sp.;Aizoaceae
Delosperma sp.;Aizoaceae
Delosperma subincanum;Aizoaceae
Delosperma sutherlandii;Aizoaceae
Delosperma uncinatum;Aizoaceae
Delphinium <x >cultorum;Ranunculaceae
Delphinium grandiflorum;Ranunculaceae
Delphinium grandiflorum;Ranunculaceae
Delphinium mirabile;Ranunculaceae
Dendranthemum indicum;
Dendrobium aduncum;Orchidaceae
Dendrobium alexandrae;Orchidaceae
Dendrobium aloefolium;Orchidaceae
Dendrobium amethystoglossum;Orchidaceae
Dendrobium anosmum;Orchidaceae
Dendrobium anosmum;Orchidaceae
Dendrobium antennatum;Orchidaceae
Dendrobium antennatum;Orchidaceae
Dendrobium aphyllum;Orchidaceae
Dendrobium atroviolaceum;Orchidaceae
Dendrobium aurantiflammeum;Orchidaceae
Dendrobium bellatulum;Orchidaceae
Dendrobium bigibbum;Orchidaceae
Dendrobium brassii;Orchidaceae
Dendrobium brymerianum;Orchidaceae
Dendrobium bullenianum;Orchidaceae
Dendrobium bullenianum;Orchidaceae
Dendrobium butchcamposii;Orchidaceae
Dendrobium capituliflorum;Orchidaceae
Dendrobium cinnabarinum;Orchidaceae
Dendrobium cinnabarinum;Orchidaceae
Dendrobium convolutum;Orchidaceae
Dendrobium crepidatum;Orchidaceae
Dendrobium crumenatum;Orchidaceae
Dendrobium crumenatum;Orchidaceae
Dendrobium crumenatum;Orchidaceae
Dendrobium crumenatum;Orchidaceae
Dendrobium crumenatum;Orchidaceae
Dendrobium crumenatum;Orchidaceae
Dendrobium crumenatum;Orchidaceae
Dendrobium crystallinum;Orchidaceae
Dendrobium crystallinum;Orchidaceae
Dendrobium cucullatum;Orchidaceae
Dendrobium cucumerinum;Orchidaceae
Dendrobium cucumerinum;Orchidaceae
Dendrobium cuneilabrum;Orchidaceae
Dendrobium cuthbertsonii;Orchidaceae
Dendrobium cuthbertsonii;Orchidaceae
Dendrobium cyanocentrum;Orchidaceae
Dendrobium densiflorum;Orchidaceae
Dendrobium discolor;Orchidaceae
Dendrobium distichum;Orchidaceae
Dendrobium draconis;Orchidaceae
Dendrobium draconis;Orchidaceae
Dendrobium eximium;Orchidaceae
Dendrobium eximium;Orchidaceae
Dendrobium faciferum;Orchidaceae
Dendrobium falconeri;Orchidaceae
Dendrobium farmeri;Orchidaceae
Dendrobium farmeri;Orchidaceae
Dendrobium fimbriatum;Orchidaceae
Dendrobium fimbriatum;Orchidaceae
Dendrobium fimbriatum;Orchidaceae
Dendrobium fimbriatum;Orchidaceae
Dendrobium finisterrae;Orchidaceae
Dendrobium finisterrae;Orchidaceae
Dendrobium formosum;Orchidaceae
Dendrobium formosum;Orchidaceae
Dendrobium hancockii;Orchidaceae
Dendrobium harveyanum;Orchidaceae
Dendrobium hekouense;Orchidaceae
Dendrobium hekouense;Orchidaceae
Dendrobium hekouense;Orchidaceae
Dendrobium hercoglossum;Orchidaceae
Dendrobium chrysocrepis;Orchidaceae
Dendrobium chrysotoxum;Orchidaceae
Dendrobium indivisum;Orchidaceae
Dendrobium khanhoaense;Orchidaceae
Dendrobium kiauense;Orchidaceae
Dendrobium kingianum;Orchidaceae
Dendrobium kingianum;Orchidaceae
Dendrobium laevifolium;Orchidaceae
Dendrobium lasianthera;Orchidaceae
Dendrobium lawesii;Orchidaceae
Dendrobium leonis;Orchidaceae
Dendrobium leporinum;Orchidaceae
Dendrobium lichenastrum;Orchidaceae
Dendrobium lichenastrum;Orchidaceae
Dendrobium lindleyi;Orchidaceae
Dendrobium lindleyi;Orchidaceae
Dendrobium lindleyi;Orchidaceae
Dendrobium linguella;Orchidaceae
Dendrobium linguella;Orchidaceae
Dendrobium loddigesii;Orchidaceae
Dendrobium maccarthiae;Orchidaceae
Dendrobium microbulbon;Orchidaceae
Dendrobium mirbelianum;Orchidaceae
Dendrobium miyasakii;Orchidaceae
Dendrobium mohlianum;Orchidaceae
Dendrobium moniliforme;Orchidaceae
Dendrobium moniliforme;Orchidaceae
Dendrobium moschatum;Orchidaceae
Dendrobium mutabile;Orchidaceae
Dendrobium nobile;Orchidaceae
Dendrobium pachyphyllum;Orchidaceae
Dendrobium parishii;Orchidaceae
Dendrobium pendulum;Orchidaceae
Dendrobium phalaenopsis;Orchidaceae
Dendrobium platycaulon;Orchidaceae
Dendrobium polysema;Orchidaceae
Dendrobium polysema;Orchidaceae
Dendrobium primulinum;Orchidaceae
Dendrobium pseudocalceolum;Orchidaceae
Dendrobium pseudoglomeratum;Orchidaceae
Dendrobium pugioniforme;Orchidaceae
Dendrobium reflexitepalum;Orchidaceae
Dendrobium reflexitepalum;Orchidaceae
Dendrobium regium;Orchidaceae
Dendrobium rhodostictum;Orchidaceae
Dendrobium rosellum;Orchidaceae
Dendrobium sanderae;Orchidaceae
Dendrobium secundum;Orchidaceae
Dendrobium secundum;Orchidaceae
Dendrobium secundum;Orchidaceae
Dendrobium senile;Orchidaceae
Dendrobium serratilabium;Orchidaceae
Dendrobium signatum;Orchidaceae
Dendrobium smilliae;Orchidaceae
Dendrobium sp.;Orchidaceae
Dendrobium sp.;Orchidaceae
Dendrobium sp.;Orchidaceae
Dendrobium sp.;Orchidaceae
Dendrobium sp.;Orchidaceae
Dendrobium sp.;Orchidaceae
Dendrobium sp.;Orchidaceae
Dendrobium sp.;Orchidaceae
Dendrobium sp.;Orchidaceae
Dendrobium sp.;Orchidaceae
Dendrobium sp.;Orchidaceae
Dendrobium spatella;Orchidaceae
Dendrobium speciosum;Orchidaceae
Dendrobium speciosum;Orchidaceae
Dendrobium spectabile;Orchidaceae
Dendrobium spectabile;Orchidaceae
Dendrobium spectabile;Orchidaceae
Dendrobium subuliferum;Orchidaceae
Dendrobium sukhakulii;Orchidaceae
Dendrobium sulawesiense;Orchidaceae
Dendrobium sulawesiense;Orchidaceae
Dendrobium sulcatum;Orchidaceae
Dendrobium sulcatum;Orchidaceae
Dendrobium suzukii;Orchidaceae
Dendrobium tangerinum;Orchidaceae
Dendrobium tangerinum;Orchidaceae
Dendrobium terengganuensis;Orchidaceae
Dendrobium tetragonum;Orchidaceae
Dendrobium thyrsiflorum;Orchidaceae
Dendrobium thyrsiflorum;Orchidaceae
Dendrobium tobaense;Orchidaceae
Dendrobium tobaense;Orchidaceae
Dendrobium toressae;Orchidaceae
Dendrobium trankimianum;Orchidaceae
Dendrobium trantuanii;Orchidaceae
Dendrobium vexillarius;Orchidaceae
Dendrobium victoriae-reginae;Orchidaceae
Dendrobium vietnamense;Orchidaceae
Dendrobium violaceum;Orchidaceae
Dendrobium violaceum;Orchidaceae
Dendrobium Walter Oumae x D. discolor;Orchidaceae
Dendrobium wangliangii;Orchidaceae
Dendrobium wassellii;Orchidaceae
Dendrobium wassellii;Orchidaceae
Dendrobium wattii;Orchidaceae
Dendrobium x delicatum;Orchidaceae
Dendrocalamus hamiltonii;Poaceae
Dendrochilum cobbianum;Orchidaceae
Dendrochilum filiforme;Orchidaceae
Dendrochilum hampelii;Orchidaceae
Dendrochilum magnum;Orchidaceae
Dendrochilum pangasinanense;Orchidaceae
Dendrochilum tenellum;Orchidaceae
Dendrochilum wenzelii;Orchidaceae
Dendroseris litoralis;Asteraceae
Dendrosicyos socotrana;Cucurbitaceae
Dendrosicyos socotrana;Cucurbitaceae
Dendrosicyos socotrana;Cucurbitaceae
Denmoza rhodacantha;Cactaceae
Dentaria sp.;Brassicaceae
Dermatobotrys saundersii;Scrophulariaceae ( s.str.)
Dermatobotrys saundersii;Scrophulariaceae ( s.str.)
Derwentia derwentiana;Scrophulariaceae ( s.str.)
Descurainia millefolia;Brassicaceae
Desfontainia spinosa;Loganiaceae
Deschampsia caespitosa;Poaceae
Deschampsia caespitosa;Poaceae
Deschampsia caespitosa;Poaceae
Deschampsia caespitosa;Poaceae
Deschampsia caespitosa;Poaceae
Deschampsia cespitosa;Poaceae
Deschampsia cespitosa;Poaceae
Deschampsia cespitosa;Poaceae
Deschampsia cespitosa;Poaceae
Deschampsia cespitosa;Poaceae
Desmanthus illinoensis;Fabaceae
Desmodium canadense;Fabaceae (s.str.)
Desmodium gangeticum;Fabaceae (s.str.)
Desmodium glutinosum;Fabaceae (s.str.)
Desmodium glutinosum;Fabaceae (s.str.)
Desmodium podocarpum;Fabaceae (s.str.)
Desmoncus horridus;Arecaceae
Deuterocohnia brevifolia;Bromeliaceae
Deuterocohnia brevifolia;Bromeliaceae
Deuterocohnia brevifolia;Bromeliaceae
Deuterocohnia meziana;Bromeliaceae
Deutzia baroniana;Hydrangeaceae
Deutzia baroniana;Hydrangeaceae
Deutzia calycosa;Hydrangeaceae
Deutzia coreana;Hydrangeaceae
Deutzia corymbosa;Hydrangeaceae
Deutzia crenata;Hydrangeaceae
Deutzia glauca;Hydrangeaceae
Deutzia gracilis;Hydrangeaceae
Deutzia gracilis;Hydrangeaceae
Deutzia grandiflora;Hydrangeaceae
Deutzia grandiflora;Hydrangeaceae
Deutzia hookeriana;Hydrangeaceae
Deutzia hookeriana;Hydrangeaceae
Deutzia hybr.;Hydrangeaceae
Deutzia longifolia;Hydrangeaceae
Deutzia maximowicziana;Hydrangeaceae
Deutzia myriantha;Hydrangeaceae
Deutzia ningpoensis;Hydrangeaceae
Deutzia parviflora;Hydrangeaceae
Deutzia pekinensis;Hydrangeaceae
Deutzia purpurascens;Hydrangeaceae
Deutzia scabra;Hydrangeaceae
Deutzia scabra;Hydrangeaceae
Deutzia scabra;Hydrangeaceae
Deutzia scabra;Hydrangeaceae
Deutzia scabra;Hydrangeaceae
Deutzia scabra;Hydrangeaceae
Deutzia setchuenensis;Hydrangeaceae
Deutzia setchuenensis;Hydrangeaceae
Deutzia schneideriana;Hydrangeaceae
Deutzia sp.;Hydrangeaceae
Deutzia sp.;Hydrangeaceae
Deutzia sp.;Hydrangeaceae
Deutzia sp.;Hydrangeaceae
Deutzia sp.;Hydrangeaceae
Deutzia sp.;Hydrangeaceae
Deutzia sp.;Hydrangeaceae
Deutzia sp.;Hydrangeaceae
Deutzia staminea;Hydrangeaceae
Deutzia staminea;Hydrangeaceae
Deutzia wilsonii;Hydrangeaceae
Deutzia x elegantissima;Hydrangeaceae
Deutzia x hybrida;Hydrangeaceae
Deutzia x kalmiiflora;Hydrangeaceae
Deutzia x lemoinei;Hydrangeaceae
Deutzia x rosea;Hydrangeaceae
Deutzia x rosea;Hydrangeaceae
Dianella caerulea;Xanthorrhoeaceae
Dianella nemorosa;Xanthorrhoeaceae
Dianella sp.;Xanthorrhoeaceae
Dianella sp.;Xanthorrhoeaceae
Dianella sp.;Xanthorrhoeaceae
Dianella sp.;Xanthorrhoeaceae
Dianella sp.;Xanthorrhoeaceae
Dianella sp.;Xanthorrhoeaceae
Dianella tasmanica;Xanthorrhoeaceae
Dianella tasmanica;Xanthorrhoeaceae
Dianella tasmanica;Xanthorrhoeaceae
Dianella tasmanica;Xanthorrhoeaceae
Dianthus alpinus;Caryophyllaceae
Dianthus amurensis;Caryophyllaceae
Dianthus amurensis;Caryophyllaceae
Dianthus anatolicus;Caryophyllaceae
Dianthus anatolicus;Caryophyllaceae
Dianthus arenarius;Caryophyllaceae
Dianthus arenarius;Caryophyllaceae
Dianthus arenarius;Caryophyllaceae
Dianthus arenarius;Caryophyllaceae
Dianthus arenarius;Caryophyllaceae
Dianthus arenarius;Caryophyllaceae
Dianthus arenarius;Caryophyllaceae
Dianthus arpadianus;Caryophyllaceae
Dianthus balbisii;Caryophyllaceae
Dianthus basuticus;Caryophyllaceae
Dianthus capitatus;Caryophyllaceae
Dianthus carthusianorum;Caryophyllaceae
Dianthus carthusianorum;Caryophyllaceae
Dianthus cruentus;Caryophyllaceae
Dianthus cruentus;Caryophyllaceae
Dianthus deltoides;Caryophyllaceae
Dianthus deltoides;Caryophyllaceae
Dianthus deltoides;Caryophyllaceae
Dianthus deltoides;Caryophyllaceae
Dianthus diffusus;Caryophyllaceae
Dianthus diffusus;Caryophyllaceae
Dianthus erinaceus;Caryophyllaceae
Dianthus freynii;Caryophyllaceae
Dianthus freynii;Caryophyllaceae
Dianthus fruticosus;Caryophyllaceae
Dianthus furcatus;Caryophyllaceae
Dianthus giganteiformis;Caryophyllaceae
Dianthus giganteus;Caryophyllaceae
Dianthus gratianopolitanus;Caryophyllaceae
Dianthus gratianopolitanus;Caryophyllaceae
Dianthus gratianopolitanus;Caryophyllaceae
Dianthus gratianopolitanus;Caryophyllaceae
Dianthus gratianopolitanus;Caryophyllaceae
Dianthus gratianopolitanus-hybrid;Caryophyllaceae
Dianthus gratianopolitanus-hybrid;Caryophyllaceae
Dianthus gratianopolitanus-hybrid;Caryophyllaceae
Dianthus gratianopolitanus-hybrid;Caryophyllaceae
Dianthus gratianopolitanus-hybrid;Caryophyllaceae
Dianthus gratianopolitanus-hybrid;Caryophyllaceae
Dianthus gratianopolitanus-hybrid;Caryophyllaceae
Dianthus gratianopolitanus-hybrid;Caryophyllaceae
Dianthus gratianopolitanus-hybrid;Caryophyllaceae
Dianthus haematocalyx;Caryophyllaceae
Dianthus henteri;Caryophyllaceae
Dianthus hybr.;Caryophyllaceae
Dianthus hybr.;Caryophyllaceae
Dianthus hybr.;Caryophyllaceae
Dianthus hybr.;Caryophyllaceae
Dianthus hybr.;Caryophyllaceae
Dianthus hybr.;Caryophyllaceae
Dianthus hybr.;Caryophyllaceae
Dianthus hybr.;Caryophyllaceae
Dianthus hybr.;Caryophyllaceae
Dianthus hybr.;Caryophyllaceae
Dianthus hybr.;Caryophyllaceae
Dianthus hybr.;Caryophyllaceae
Dianthus hybr.;Caryophyllaceae
Dianthus hybr.;Caryophyllaceae
Dianthus hybr.;Caryophyllaceae
Dianthus hybr.;Caryophyllaceae
Dianthus hybr.;Caryophyllaceae
Dianthus hybr.;Caryophyllaceae
Dianthus hybr.;Caryophyllaceae
Dianthus hybr.;Caryophyllaceae
Dianthus hybr.;Caryophyllaceae
Dianthus hybr.;Caryophyllaceae
Dianthus hybr.;Caryophyllaceae
Dianthus hybr.;Caryophyllaceae
Dianthus hybr.;Caryophyllaceae
Dianthus hybr.;Caryophyllaceae
Dianthus hybr.;Caryophyllaceae
Dianthus hybr.;Caryophyllaceae
Dianthus hybr.;Caryophyllaceae
Dianthus hybr.;Caryophyllaceae
Dianthus hybr.;Caryophyllaceae
Dianthus hybr.;Caryophyllaceae
Dianthus hybr.;Caryophyllaceae
Dianthus hybr.;Caryophyllaceae
Dianthus hybr.;Caryophyllaceae
Dianthus hybr.;Caryophyllaceae
Dianthus hybr.;Caryophyllaceae
Dianthus hybr.;Caryophyllaceae
Dianthus hybr.;Caryophyllaceae
Dianthus hybr.;Caryophyllaceae
Dianthus kitaibelii;Caryophyllaceae
Dianthus leucophaeus;Caryophyllaceae
Dianthus lumnitzeri;Caryophyllaceae
Dianthus lusitanus;Caryophyllaceae
Dianthus lusitanus;Caryophyllaceae
Dianthus myrtinervius;Caryophyllaceae
Dianthus myrtinervius;Caryophyllaceae
Dianthus namaensis;Caryophyllaceae
Dianthus nardiformis;Caryophyllaceae
Dianthus orientalis;Caryophyllaceae
Dianthus pancicii;Caryophyllaceae
Dianthus pinifolius;Caryophyllaceae
Dianthus plumarius-hybrid;Caryophyllaceae
Dianthus plumarius-hybrid;Caryophyllaceae
Dianthus plumarius-hybrid;Caryophyllaceae
Dianthus pontederae;Caryophyllaceae
Dianthus pontederae;Caryophyllaceae
Dianthus pubescens;Caryophyllaceae
Dianthus pygmaeus;Caryophyllaceae
Dianthus pyrenaicus;Caryophyllaceae
Dianthus pyrenaicus;Caryophyllaceae
Dianthus repens;Caryophyllaceae
Dianthus rupicola;Caryophyllaceae
Dianthus sanguineus;Caryophyllaceae
Dianthus sp.;Caryophyllaceae
Dianthus sp.;Caryophyllaceae
Dianthus sp.;Caryophyllaceae
Dianthus squarrosus;Caryophyllaceae
Dianthus sternbergii;Caryophyllaceae
Dianthus strictus;Caryophyllaceae
Dianthus subacaulis;Caryophyllaceae
Dianthus subacaulis;Caryophyllaceae
Dianthus webbianus;Caryophyllaceae
Dianthus webbianus;Caryophyllaceae
Dianthus zonatus;Caryophyllaceae
Diaphananthe pellucida;
Diascia barberae;Scrophulariaceae ( s.str.)
Dicentra canadensis;Papaveraceae
Dicentra cucullaria;Papaveraceae
Dicentra eximia;Papaveraceae
Dicentra formosa;Papaveraceae
Dicentra formosa;Papaveraceae
Dicentra formosa;Papaveraceae
Dicentra formosa;Papaveraceae
Dicentra hybr.;Papaveraceae
Dicentra spectabilis;Papaveraceae
Dicentra spectabilis;Papaveraceae
Dicentra spectabilis;Papaveraceae
Dicentra spectabilis;Papaveraceae
Dicentra spectabilis;Papaveraceae
Dicentra spectabilis;Papaveraceae
Dicentra spectabilis;Papaveraceae
Dicksonia antarctica;Dicksoniaceae
Dicksonia antarctica;Dicksoniaceae
Dicksonia herbertii;Dicksoniaceae
Dicksonia sellowiana;Dicksoniaceae
Dicksonia sellowiana;Dicksoniaceae
Dicksonia squarrosa;Dicksoniaceae
Dicksonia squarrosa;Dicksoniaceae
Dicksonia youngiae;Dicksoniaceae
Dicliptera suberecta;Acanthaceae
Dicranopygium sp.;Cyclanthaceae
Dictamnus albus;Rutaceae
Dictamnus albus;Rutaceae
Dictamnus turkestanicus;Rutaceae
Dictyosperma album;Arecaceae
Didierea madagascariensis;Didiereaceae
Didierea madagascariensis;Didiereaceae
Didierea madagascariensis;Didiereaceae
Didierea madagascariensis;Didiereaceae
Didierea sp.;Didiereaceae
Didierea trollii;Didiereaceae
Didymiandrum stellatum;Cyperaceae
Didymochlaena truncatula;Hypodematiaceae
Didymoplexis pallens;Orchidaceae
Dieffenbachia humilis;Araceae
Dieffenbachia longispatha;Araceae
Dieffenbachia macrophylla;Araceae
Dieffenbachia oerstedtii;Araceae
Dieffenbachia oerstedtii;Araceae
Dieffenbachia oerstedtii;Araceae
Dieffenbachia seguine;Araceae
Dieffenbachia sp.;Araceae
Dieffenbachia sp.;Araceae
Dieffenbachia sp.;Araceae
Dieffenbachia sp.;Araceae
Dieffenbachia sp.;Araceae
Dieffenbachia sp.;Araceae
Dieffenbachia sp.;Araceae
Dierama atrum;Iridaceae
Dierama erectum;Iridaceae
Dierama igneum;Iridaceae
Dierama pendulum;Iridaceae
Dierama pulcherrimum;Iridaceae
Dierama pulcherrimum;Iridaceae
Dierama robustum;Iridaceae
Diervilla hybr.;Diervillaceae
Diervilla lonicera;Diervillaceae
Diervilla rivularis;Diervillaceae
Diervilla sessilifolia;Diervillaceae
Dieteria canescens;
Dietes iridoides;Iridaceae
Digitalis ciliata;Plantaginaceae (s.l.)
Digitalis ferruginea;Plantaginaceae (s.l.)
Digitalis ferruginea;Plantaginaceae (s.l.)
Digitalis ferruginea;Plantaginaceae (s.l.)
Digitalis grandiflora;Plantaginaceae (s.l.)
Digitalis hybr.;Plantaginaceae (s.l.)
Digitalis laevigata;Plantaginaceae (s.l.)
Digitalis laevigata;Plantaginaceae (s.l.)
Digitalis lamarckii;Plantaginaceae (s.l.)
Digitalis lanata;Plantaginaceae (s.l.)
Digitalis lutea;Plantaginaceae (s.l.)
Digitalis lutea;Plantaginaceae (s.l.)
Digitalis lutea;Plantaginaceae (s.l.)
Digitalis obscura;Plantaginaceae (s.l.)
Digitalis parviflora;Plantaginaceae (s.l.)
Digitalis sibirica;Plantaginaceae (s.l.)
Digitalis trojana;Plantaginaceae (s.l.)
Digitalis viridiflora;Plantaginaceae (s.l.)
Dichaea glauca;Orchidaceae
Dichaea neglecta;Orchidaceae
Dichaea neglecta;Orchidaceae
Dichaetanthera cordifolia;Melastomataceae
Dichaetanthera sp.;Melastomataceae
Dichelostemma capitatum;Asparagaceae (Themidaceae)
Dichorisandra penduliflora;Commelinaceae
Dillenia philippinensis;Dilleniaceae
Dimerandra latipetala;Orchidaceae
Dimerocostus strobilaceus;Costaceae
Dimerocostus strobilaceus;Costaceae
Dimocarpus longan;Sapindaceae
Dimorphorchis rossii;Orchidaceae
Dimorphorchis rossii;Orchidaceae
Dimorphotheca acutifolia;Asteraceae
Dimorphotheca cuneata;Asteraceae
Dimorphotheca pluvialis;Asteraceae
Dimorphotheca sinuata;Asteraceae
Dionaea muscipula;Droseraceae
Dionaea muscipula;Droseraceae
Dionaea muscipula;Droseraceae
Dionaea muscipula;Droseraceae
Dionaea muscipula;Droseraceae
Dionaea muscipula;Droseraceae
Dionaea muscipula;Droseraceae
Dionaea muscipula;Droseraceae
Dionaea muscipula;Droseraceae
Dionaea muscipula;Droseraceae
Dionaea muscipula;Droseraceae
Dionaea muscipula;Droseraceae
Dionaea muscipula;Droseraceae
Dionysia tapetodes;Primulaceae
Dioon angustifolium;Zamiaceae
Dioon califanoi;Zamiaceae
Dioon califanoi;Zamiaceae
Dioon caputoi;Zamiaceae
Dioon edule;Zamiaceae
Dioon edule;Zamiaceae
Dioon holmgrenii;Zamiaceae
Dioon mejiae;Zamiaceae
Dioon merolae;Zamiaceae
Dioon rzedowskii;Zamiaceae
Dioon spinulosum;Zamiaceae
Dioon stevensonii;Zamiaceae
Dioon tomasellii;Zamiaceae
Dioscorea caucasica;Dioscoreaceae
Dioscorea dodecaneura;Dioscoreaceae
Dioscorea dregeana;Dioscoreaceae
Dioscorea elephantipes;Dioscoreaceae
Dioscorea elephantipes;Dioscoreaceae
Dioscorea hemicrypta;Dioscoreaceae
Dioscorea japonica;Dioscoreaceae
Dioscorea mexicana;Dioscoreaceae
Dioscorea mexicana;Dioscoreaceae
Dioscorea multicolor;Dioscoreaceae
Dioscorea nipponica;Dioscoreaceae
Dioscorea sansibariensis;Dioscoreaceae
Dioscorea sp.;Dioscoreaceae
Dioscorea sp.;Dioscoreaceae
Dioscorea sp.;Dioscoreaceae
Dioscorea sp.;Dioscoreaceae
Dioscorea sp.;Dioscoreaceae
Dioscorea sp.;Dioscoreaceae
Dioscorea spiculiflora;Dioscoreaceae
Dioscorea sylvatica;Dioscoreaceae
Dioscorea sylvatica;Dioscoreaceae
Dioscorea tokoro;Dioscoreaceae
Dioscorea villosa;Dioscoreaceae
Diospyros egrettarum;Ebenaceae
Diospyros lotus;Ebenaceae
Diospyros lotus;Ebenaceae
Diospyros sp.;Ebenaceae
Diospyros sp.;Ebenaceae
Diospyros virginiana;Ebenaceae
Diospyros virginiana;Ebenaceae
Diospyros virginiana;Ebenaceae
Dipcadi fulvum;Asparagaceae (Hyacinthaceae)
Dipcadi serotinum;Asparagaceae (Hyacinthaceae)
Dipcadi sp.;Asparagaceae (Hyacinthaceae)
Dipelta sp.;Linnaeaceae
Dipelta ventricosa;Linnaeaceae
Diphylleia cymosa;Berberidaceae
Dipladenia hybr.;Apocynaceae
Dipladenia hybr.;Apocynaceae
Diplazium caudatum;Athyriaceae
Diplazium latifolium;Athyriaceae
Diplazium proliferum;Athyriaceae
Diplazium pycnocarpon;Athyriaceae
Diplazium sp.;Athyriaceae
Diplocaulobium arachnoideum;Orchidaceae
Diplocaulobium arachnoideum;Orchidaceae
Diplocaulobium arachnoideum;Orchidaceae
Diplocaulobium compressicolle;Orchidaceae
Diplocaulobium lageniforme;Orchidaceae
Diplocaulobium nitidicolle;Orchidaceae
Diplocaulobium nitidicolle;Orchidaceae
Diplocaulobium nitidissimum;Orchidaceae
Diplocaulobium obyrnei;Orchidaceae
Diplocaulobium phalangium;Orchidaceae
Diplocaulobium tipuliferum;Orchidaceae
Diplocyclos palmatus;Cucurbitaceae
Diplospora dubia;Rubiaceae
Dipodium paludosum;Orchidaceae
Dipteris conjugata;Dipteridaceae
Dipteris lobbiana;Dipteridaceae
Disa Auratkew;Orchidaceae
Disa cernua;Orchidaceae
Disa hybr.;Orchidaceae
Disa incarnata;Orchidaceae
Disa sagittalis;Orchidaceae
Disa thodei;Orchidaceae
Disa tripetaloides;Orchidaceae
Disa uncinata;Orchidaceae
Diselma archeri;Cupressaceae
Diselma archeri;Cupressaceae
Diselma archeri;Cupressaceae
Diselma archeri;Cupressaceae
Dischidia ?merrillii;Apocynaceae
Dischidia astephana;Apocynaceae
Dischidia astephana;Apocynaceae
Dischidia bengalensis;Apocynaceae
Dischidia bengalensis;Apocynaceae
Dischidia bengalensis;Apocynaceae
Dischidia bengalensis;Apocynaceae
Dischidia bengalensis;Apocynaceae
Dischidia bengalensis;Apocynaceae
Dischidia bengalensis;Apocynaceae
Dischidia collyris;Apocynaceae
Dischidia hirsuta;Apocynaceae
Dischidia hirsuta;Apocynaceae
Dischidia hirsuta;Apocynaceae
Dischidia imbricata;Apocynaceae
Dischidia imbricata;Apocynaceae
Dischidia imbricata;Apocynaceae
Dischidia imbricata;Apocynaceae
Dischidia littoralis;Apocynaceae
Dischidia livida;Apocynaceae
Dischidia major;Apocynaceae
Dischidia major;Apocynaceae
Dischidia major;Apocynaceae
Dischidia nummularia;Apocynaceae
Dischidia nummularia;Apocynaceae
Dischidia nummularia;Apocynaceae
Dischidia nummularia;Apocynaceae
Dischidia nummularia;Apocynaceae
Dischidia nummularia;Apocynaceae
Dischidia nummularia;Apocynaceae
Dischidia nummularia;Apocynaceae
Dischidia oiantha;Apocynaceae
Dischidia oiantha;Apocynaceae
Dischidia ovata;Apocynaceae
Dischidia ovata;Apocynaceae
Dischidia ovata;Apocynaceae
Dischidia ovata;Apocynaceae
Dischidia ovata;Apocynaceae
Dischidia pectenoides;Apocynaceae
Dischidia pseudo-benghalensis;Apocynaceae
Dischidia ruscifolia;Apocynaceae
Dischidia ruscifolia;Apocynaceae
Dischidia ruscifolia;Apocynaceae
Dischidia sp.;Apocynaceae
Dischidia sp.;Apocynaceae
Dischidia sp.;Apocynaceae
Dischidia sp.;Apocynaceae
Dischidia sp.;Apocynaceae
Dischidia sp.;Apocynaceae
Dischidia sp.;Apocynaceae
Dischidia sp.;Apocynaceae
Dischidia sp.;Apocynaceae
Dischidia sp.;Apocynaceae
Dischidia sp.;Apocynaceae
Dischidia sp.;Apocynaceae
Dischidia sp.;Apocynaceae
Dischidiopsis pseudoparasitica;Apocynaceae
Disocactus ackermannii;Cactaceae
Disocactus flagelliformis;Cactaceae
Disperis similis;Orchidaceae
Disphyma crassifolium;Aizoaceae
Disporopsis fuscopicta;Asparagaceae (Ruscaceae)
Disporopsis fuscopicta;Asparagaceae (Ruscaceae)
Disporopsis pernyi;Asparagaceae (Ruscaceae)
Disporum cantoniense;Colchicaceae
Disporum cantoniense;Colchicaceae
Disporum cantoniense;Colchicaceae
Disporum cantoniense;Colchicaceae
Disporum cantoniense;Colchicaceae
Disporum flavens;Colchicaceae
Disporum flavens;Colchicaceae
Disporum maculatum;Colchicaceae
Disporum megalanthum;Colchicaceae
Disporum sessile;Colchicaceae
Disporum sessile;Colchicaceae
Disporum smithii;Colchicaceae
Disporum smithii;Colchicaceae
Disporum smithii;Colchicaceae
Disporum sp.;Colchicaceae
Disporum sp.;Colchicaceae
Disporum uniflorum;Colchicaceae
Disporum uniflorum;Colchicaceae
Dissotis canescens;Melastomataceae
Dissotis princeps;Melastomataceae
Distichochlamys orlowii;Zingiberaceae
Distichochlamys rubrostriata;Zingiberaceae
Distichochlamys rubrostriata;Zingiberaceae
Distichochlamys sp.;Zingiberaceae
Distylium myricoides;Hamamelidaceae
Diuris amplissima;Orchidaceae
Diuris longifolia;Orchidaceae
Diuris magnifica;Orchidaceae
Dockrillia casuarinae;Orchidaceae
Dockrillia cucumerina;Orchidaceae
Dodecatheon clevelandii;Primulaceae
Dodecatheon clevelandii;Primulaceae
Dodecatheon conjugens;Primulaceae
Dodecatheon cusickii;Primulaceae
Dodecatheon dentatum;Primulaceae
Dodecatheon hendersonii;Primulaceae
Dodecatheon jeffreyi;Primulaceae
Dodecatheon meadia;Primulaceae
Dodecatheon meadia;Primulaceae
Dodecatheon meadia;Primulaceae
Dodecatheon poeticus;Primulaceae
Dodecatheon pulchellum;Primulaceae
Dodecatheon pulchellum;Primulaceae
Dodonaea triquetra;Sapindaceae
Dodonaea viscosa;Sapindaceae
Dolichos kilimandscharicus;Fabaceae (s.str.)
Dolichos sp.;Fabaceae (s.str.)
Dombeya burgessiae;Malvaceae
Dombeya cacuminum;Malvaceae
Dombeya rotundifolia;Malvaceae
Donax canniformis;Marantaceae
Doodia aspera;Blechnaceae
Doodia australis;Blechnaceae
Doodia dives;Blechnaceae
Doodia maxima;Blechnaceae
Doodia media;Blechnaceae
Doodia media;Blechnaceae
Doodia squarrosa;Blechnaceae
Doritis pulcherrima;Orchidaceae
Doronicum austriacum;Asteraceae
Doronicum columnae;Asteraceae
Doronicum corsicum;Asteraceae
Doronicum orientale;Asteraceae
Doronicum orientale;Asteraceae
Doronicum sp.;Asteraceae
Dorotheanthus apelatus;Aizoaceae
Dorotheanthus bellidiformis;Aizoaceae
Dorstenia barnimiana;Moraceae
Dorstenia barnimiana;Moraceae
Dorstenia benguellensis;Moraceae
Dorstenia cuspidata;Moraceae
Dorstenia drakena;Moraceae
Dorstenia ellenbeckiana;Moraceae
Dorstenia ellenbeckiana;Moraceae
Dorstenia foetida;Moraceae
Dorstenia foetida;Moraceae
Dorstenia foetida;Moraceae
Dorstenia gigas;Moraceae
Dorstenia hildebrandtii;Moraceae
Dorstenia lavrani;Moraceae
Dorstenia sp.;Moraceae
Dorstenia sp.;Moraceae
Dorstenia sp.;Moraceae
Dorstenia zanzibarica;Moraceae
Doryanthes palmeri;Doryanthaceae
Dorycnium broussonetii;Fabaceae (s.str.)
Dorycnium germanicum;Fabaceae (s.str.)
Dorycnium hirsutum;Fabaceae (s.str.)
Dorycnium hirsutum;Fabaceae (s.str.)
Dorycnium pentaphyllum;Fabaceae (s.str.)
Dorycnium pentaphyllum;Fabaceae (s.str.)
Dorycnium spectabile;Fabaceae (s.str.)
Dorystaechas hastata;Lamiaceae
Dovyalis caffra;Salicaceae
Dovyalis caffra;Salicaceae
Dovyalis monbazae;Salicaceae
Draba bryoides;Brassicaceae
Dracaena aubryana;Asparagaceae (Ruscaceae)
Dracaena cambodiana;Asparagaceae (Ruscaceae)
Dracaena cinnabari;Asparagaceae (Ruscaceae)
Dracaena cinnabari;Asparagaceae (Ruscaceae)
Dracaena cochinchinensis;Asparagaceae (Ruscaceae)
Dracaena draco;Asparagaceae (Ruscaceae)
Dracaena elliptica;Asparagaceae (Ruscaceae)
Dracaena longifolia;Asparagaceae (Ruscaceae)
Dracaena ombet;Asparagaceae (Ruscaceae)
Dracaena phrynioides;Asparagaceae (Ruscaceae)
Dracaena reflexa;Asparagaceae (Ruscaceae)
Dracaena serrulata;Asparagaceae (Ruscaceae)
Dracaena serrulata;Asparagaceae (Ruscaceae)
Dracaena serrulata;Asparagaceae (Ruscaceae)
Dracaena sp.;Asparagaceae (Ruscaceae)
Dracaena sp.;Asparagaceae (Ruscaceae)
Dracaena sp.;Asparagaceae (Ruscaceae)
Dracaena sp.;Asparagaceae (Ruscaceae)
Dracaena sp.;Asparagaceae (Ruscaceae)
Dracaena sp.;Asparagaceae (Ruscaceae)
Dracaena sp.;Asparagaceae (Ruscaceae)
Dracaena sp.;Asparagaceae (Ruscaceae)
Dracaena sp.;Asparagaceae (Ruscaceae)
Dracaena surculosa;Asparagaceae (Ruscaceae)
Dracaena surculosa;Asparagaceae (Ruscaceae)
Dracocephalum argunense;Lamiaceae
Dracocephalum austriacum;Lamiaceae
Dracocephalum bipinnatum;Lamiaceae
Dracocephalum bullatum;Lamiaceae
Dracocephalum forrestii;Lamiaceae
Dracocephalum komarovii;Lamiaceae
Dracocephalum mairei;Lamiaceae
Dracocephalum nodulosum;Lamiaceae
Dracocephalum nutans;Lamiaceae
Dracocephalum origanoides;Lamiaceae
Dracocephalum paulsenii;Lamiaceae
Dracocephalum sp.;Lamiaceae
Dracontium bogneri;Araceae
Dracontium gigas;Araceae
Dracontium spruceanum;Araceae
Dracontium spruceanum;Araceae
Dracula amaliae;Orchidaceae
Dracula anthracina;Orchidaceae
Dracula antonii;Orchidaceae
Dracula astuta;Orchidaceae
Dracula astuta;Orchidaceae
Dracula barrowii;Orchidaceae
Dracula bella;Orchidaceae
Dracula bella;Orchidaceae
Dracula carderi;Orchidaceae
Dracula carlueri;Orchidaceae
Dracula cordobae;Orchidaceae
Dracula cordobae;Orchidaceae
Dracula cordobae;Orchidaceae
Dracula deltoidea;Orchidaceae
Dracula diabola;Orchidaceae
Dracula diana;Orchidaceae
Dracula erythrochaete;Orchidaceae
Dracula erythrochaete;Orchidaceae
Dracula felix;Orchidaceae
Dracula gorgona;Orchidaceae
Dracula houtteana;Orchidaceae
Dracula chiroptera;Orchidaceae
Dracula inaequalis;Orchidaceae
Dracula lemurella;Orchidaceae
Dracula lemurella;Orchidaceae
Dracula mantissa;Orchidaceae
Dracula mopsus;Orchidaceae
Dracula nycterina;Orchidaceae
Dracula ophioceps;Orchidaceae
Dracula orientalis;Orchidaceae
Dracula pholeodytes;Orchidaceae
Dracula psittacina;Orchidaceae
Dracula pubescens;Orchidaceae
Dracula roezlii;Orchidaceae
Dracula severa;Orchidaceae
Dracula sibundoyensis;Orchidaceae
Dracula simia;Orchidaceae
Dracula sp.;Orchidaceae
Dracula sp.;Orchidaceae
Dracula venosa;Orchidaceae
Dracula vespertilio;Orchidaceae
Dracula vlad-tepes;Orchidaceae
Dracula vlad-tepes;Orchidaceae
Dracula wallisii;Orchidaceae
Dracunculus canariensis;Araceae
Dracunculus vulgaris;Araceae
Dracunculus vulgaris;Araceae
Dracunculus vulgaris;Araceae
Dracunculus vulgaris;Araceae
Dracunculus vulgaris;Araceae
Dresslerella lasiocampa;Orchidaceae
Drimia haworthioides;Asparagaceae (Hyacinthaceae)
Drimia intricata;Asparagaceae (Hyacinthaceae)
Drimia pusilla;Asparagaceae (Hyacinthaceae)
Drimia sp.;Asparagaceae (Hyacinthaceae)
Drimiopsis botryoides;Asparagaceae (Hyacinthaceae)
Drimiopsis botryoides;Asparagaceae (Hyacinthaceae)
Drimiopsis maculata;Asparagaceae (Hyacinthaceae)
Drimys lanceolata;Winteraceae
Drimys winteri;Winteraceae
Drimys winteri;Winteraceae
Drosanthemum floribundum;Aizoaceae
Drosanthemum speciosum;Aizoaceae
Drosera adelae;Droseraceae
Drosera admirabilis;Droseraceae
Drosera affinis;Droseraceae
Drosera andersoniana;Droseraceae
Drosera anglica;Droseraceae
Drosera arcturi;Droseraceae
Drosera arcturi;Droseraceae
Drosera arcturi;Droseraceae
Drosera arenicola;Droseraceae
Drosera binata;Droseraceae
Drosera binata;Droseraceae
Drosera binata;Droseraceae
Drosera binata;Droseraceae
Drosera binata;Droseraceae
Drosera bulbosa;Droseraceae
Drosera bulbosa;Droseraceae
Drosera bulbosa;Droseraceae
Drosera bulbosa;Droseraceae
Drosera caduca;Droseraceae
Drosera callistos;Droseraceae
Drosera callistos;Droseraceae
Drosera capensis;Droseraceae
Drosera capensis;Droseraceae
Drosera capensis;Droseraceae
Drosera capensis;Droseraceae
Drosera capensis;Droseraceae
Drosera capensis;Droseraceae
Drosera capensis;Droseraceae
Drosera capensis;Droseraceae
Drosera capillaris;Droseraceae
Drosera closterostigma;Droseraceae
Drosera closterostigma;Droseraceae
Drosera collinsiae;Droseraceae
Drosera cuneifolia;Droseraceae
Drosera dielsiana;Droseraceae
Drosera dichrosepala;Droseraceae
Drosera echinoblastus;Droseraceae
Drosera echinoblastus;Droseraceae
Drosera ericksoniae;Droseraceae
Drosera ericksoniae;Droseraceae
Drosera erythrogyne;Droseraceae
Drosera erythrorhiza;Droseraceae
Drosera erythrorhiza;Droseraceae
Drosera erythrorhiza;Droseraceae
Drosera erythrorhiza;Droseraceae
Drosera erythrorhiza;Droseraceae
Drosera erythrorhiza;Droseraceae
Drosera erythrorhiza;Droseraceae
Drosera erythrorhiza;Droseraceae
Drosera erythrorhiza;Droseraceae
Drosera esmeraldae;Droseraceae
Drosera falconeri;Droseraceae
Drosera felix;Droseraceae
Drosera filiformis;Droseraceae
Drosera filiformis;Droseraceae
Drosera flexicaulis;Droseraceae
Drosera fulva;Droseraceae
Drosera gigantea;Droseraceae
Drosera gigantea;Droseraceae
Drosera gigantea;Droseraceae
Drosera gracilis;Droseraceae
Drosera graomogolensis;Droseraceae
Drosera grievei;Droseraceae
Drosera hamiltonii;Droseraceae
Drosera helodes;Droseraceae
Drosera helodes;Droseraceae
Drosera hilaris;Droseraceae
Drosera hirticalyx;Droseraceae
Drosera hookeri;Droseraceae
Drosera hyperostigma;Droseraceae
Drosera intermedia;Droseraceae
Drosera intermedia;Droseraceae
Drosera kaieteurensis;Droseraceae
Drosera kaieteurensis;Droseraceae
Drosera lanata;Droseraceae
Drosera leucoblasta;Droseraceae
Drosera leucoblasta;Droseraceae
Drosera lowriei;Droseraceae
Drosera macrantha;Droseraceae
Drosera macrantha;Droseraceae
Drosera macrantha;Droseraceae
Drosera macrantha;Droseraceae
Drosera macrophylla;Droseraceae
Drosera macrophylla;Droseraceae
Drosera magnifica;Droseraceae
Drosera mannii;Droseraceae
Drosera mannii;Droseraceae
Drosera marchantii;Droseraceae
Drosera marchantii;Droseraceae
Drosera menziesii;Droseraceae
Drosera meristocaulis;Droseraceae
Drosera microscapa;Droseraceae
Drosera miniata;Droseraceae
Drosera miniata;Droseraceae
Drosera miniata;Droseraceae
Drosera miniata;Droseraceae
Drosera modesta;Droseraceae
Drosera montana;Droseraceae
Drosera murfetii;Droseraceae
Drosera natalensis;Droseraceae
Drosera natalensis;Droseraceae
Drosera neesii;Droseraceae
Drosera neocaledonica;Droseraceae
Drosera nitidula;Droseraceae
Drosera nitidula;Droseraceae
Drosera nitidula;Droseraceae
Drosera nitidula;Droseraceae
Drosera nitidula;Droseraceae
Drosera nitidula;Droseraceae
Drosera nivea;Droseraceae
Drosera oblanceolata;Droseraceae
Drosera occidentalis;Droseraceae
Drosera occidentalis;Droseraceae
Drosera occidentalis;Droseraceae
Drosera occidentalis;Droseraceae
Drosera oreopodion;Droseraceae
Drosera paleacea;Droseraceae
Drosera pallida;Droseraceae
Drosera paradoxa;Droseraceae
Drosera parvula;Droseraceae
Drosera peltata;Droseraceae
Drosera peltata;Droseraceae
Drosera peltata;Droseraceae
Drosera platypoda;Droseraceae
Drosera prolifera;Droseraceae
Drosera prolifera;Droseraceae
Drosera prolifera x schizandra;Droseraceae
Drosera prolifera x schizandra;Droseraceae
Drosera pulchella;Droseraceae
Drosera pulchella;Droseraceae
Drosera pulchella;Droseraceae
Drosera pulchella;Droseraceae
Drosera pulchella;Droseraceae
Drosera pulchella;Droseraceae
Drosera pygmaea;Droseraceae
Drosera pygmaea;Droseraceae
Drosera ramellosa;Droseraceae
Drosera regia;Droseraceae
Drosera regia;Droseraceae
Drosera regia;Droseraceae
Drosera regia;Droseraceae
Drosera regia;Droseraceae
Drosera regia;Droseraceae
Drosera roraimae;Droseraceae
Drosera roraimae;Droseraceae
Drosera roraimae;Droseraceae
Drosera roraimae;Droseraceae
Drosera roseana;Droseraceae
Drosera rosulata;Droseraceae
Drosera rotundifolia;Droseraceae
Drosera rubrifolia;Droseraceae
Drosera rupicola;Droseraceae
Drosera sargentii;Droseraceae
Drosera sargentii;Droseraceae
Drosera sargentii;Droseraceae
Drosera scorpioides;Droseraceae
Drosera scorpioides;Droseraceae
Drosera scorpioides;Droseraceae
Drosera sewelliae;Droseraceae
Drosera sewelliae;Droseraceae
Drosera sewelliae;Droseraceae
Drosera schizandra;Droseraceae
Drosera schizandra;Droseraceae
Drosera slackii;Droseraceae
Drosera solaris;Droseraceae
Drosera spatulata;Droseraceae
Drosera spatulata;Droseraceae
Drosera spatulata;Droseraceae
Drosera spilos;Droseraceae
Drosera spilos;Droseraceae
Drosera stelliflora;Droseraceae
Drosera stenopetala;Droseraceae
Drosera stolonifera;Droseraceae
Drosera stolonifera;Droseraceae
Drosera stolonifera;Droseraceae
Drosera stolonifera;Droseraceae
Drosera tubaestylis;Droseraceae
Drosera ultramafica;Droseraceae
Drosera uniflora;Droseraceae
Drosera zonaria;Droseraceae
Drosera zonaria;Droseraceae
Drosera zonaria;Droseraceae
Drosophyllum lusitanicum;Drosophyllaceae
Drosophyllum lusitanicum;Drosophyllaceae
Dryadella lilliputiana;Orchidaceae
Dryas octopetala;Rosaceae
Dryas x suendermanni;Rosaceae
Dryas x suendermanni;Rosaceae
Drymocallis arguta;Rosaceae
Drymoglossum heterophyllum;Polypodiaceae
Drymonia affinis;Gesneriaceae
Drymonia conchocalyx;Gesneriaceae
Drymonia hoppii;Gesneriaceae
Drymonia chiribogana;Gesneriaceae
Drymonia serrulata;Gesneriaceae
Drymonia sp.;Gesneriaceae
Drymonia stenophylla;Gesneriaceae
Drymonia strigosa;Gesneriaceae
Drynaria bonii;Polypodiaceae
Drynaria descensa;Polypodiaceae
Drynaria fortunei;Polypodiaceae
Drynaria laurentii;Polypodiaceae
Drynaria pleuridioides;Polypodiaceae
Drynaria quercifolia;Polypodiaceae
Drynaria quercifolia;Polypodiaceae
Drynaria rigidula;Polypodiaceae
Drynaria rigidula;Polypodiaceae
Drynaria sinica;Polypodiaceae
Drynaria sinica;Polypodiaceae
Drynaria sinica;Polypodiaceae
Drynaria sp.;Polypodiaceae
Drynaria sparsisora;Polypodiaceae
Drynaria sparsisora;Polypodiaceae
Drynaria willdenowii;Polypodiaceae
Dryopteris abbreviata;Dryopteridaceae
Dryopteris affinis;Dryopteridaceae
Dryopteris affinis;Dryopteridaceae
Dryopteris affinis;Dryopteridaceae
Dryopteris affinis;Dryopteridaceae
Dryopteris affinis;Dryopteridaceae
Dryopteris affinis;Dryopteridaceae
Dryopteris affinis;Dryopteridaceae
Dryopteris affinis;Dryopteridaceae
Dryopteris affinis;Dryopteridaceae
Dryopteris affinis;Dryopteridaceae
Dryopteris affinis;Dryopteridaceae
Dryopteris affinis x filix-mas;Dryopteridaceae
Dryopteris ardechensis;Dryopteridaceae
Dryopteris arguta;Dryopteridaceae
Dryopteris basisora;Dryopteridaceae
Dryopteris bissetiana;Dryopteridaceae
Dryopteris blanfordii;Dryopteridaceae
Dryopteris borreri;Dryopteridaceae
Dryopteris cambrensis;Dryopteridaceae
Dryopteris carthusiana;Dryopteridaceae
Dryopteris celsa;Dryopteridaceae
Dryopteris celsa;Dryopteridaceae
Dryopteris crassirhizoma;Dryopteridaceae
Dryopteris cristata;Dryopteridaceae
Dryopteris cristata;Dryopteridaceae
Dryopteris cycadina;Dryopteridaceae
Dryopteris cycadina;Dryopteridaceae
Dryopteris cycadina;Dryopteridaceae
Dryopteris dilatata;Dryopteridaceae
Dryopteris dilatata;Dryopteridaceae
Dryopteris dilatata;Dryopteridaceae
Dryopteris dilatata;Dryopteridaceae
Dryopteris erythrosa;Dryopteridaceae
Dryopteris erythrosora;Dryopteridaceae
Dryopteris erythrosora;Dryopteridaceae
Dryopteris expansa;Dryopteridaceae
Dryopteris filix-mas;Dryopteridaceae
Dryopteris filix-mas;Dryopteridaceae
Dryopteris filix-mas;Dryopteridaceae
Dryopteris filix-mas;Dryopteridaceae
Dryopteris filix-mas;Dryopteridaceae
Dryopteris filix-mas;Dryopteridaceae
Dryopteris filix-mas;Dryopteridaceae
Dryopteris filix-mas;Dryopteridaceae
Dryopteris filix-mas;Dryopteridaceae
Dryopteris filix-mas;Dryopteridaceae
Dryopteris fructuosa;Dryopteridaceae
Dryopteris goeringiana;Dryopteridaceae
Dryopteris goeringiana;Dryopteridaceae
Dryopteris goeringiana;Dryopteridaceae
Dryopteris chinensis;Dryopteridaceae
Dryopteris intermedia;Dryopteridaceae
Dryopteris namegatae;Dryopteridaceae
Dryopteris oreades;Dryopteridaceae
Dryopteris oreades;Dryopteridaceae
Dryopteris redactopinnata;Dryopteridaceae
Dryopteris scottii;Dryopteridaceae
Dryopteris sieboldii;Dryopteridaceae
Dryopteris sp.;Dryopteridaceae
Dryopteris sp.;Dryopteridaceae
Dryopteris sp.;Dryopteridaceae
Dryopteris sp.;Dryopteridaceae
Dryopteris sp.;Dryopteridaceae
Dryopteris sp.;
Dryopteris stewartii;Dryopteridaceae
Dryopteris sublaeta;Dryopteridaceae
Dryopteris tokyoensis;Dryopteridaceae
Dryopteris uniformis;Dryopteridaceae
Dryopteris x australis;Dryopteridaceae
Dryopteris x australis;Dryopteridaceae
Dryopteris x boottii;Dryopteridaceae
Dryopteris x tavelii;Dryopteridaceae
Dudleya candida;Crassulaceae
Dudleya collomiae;Crassulaceae
Dudleya cymosa;Crassulaceae
Dudleya farinosa;Crassulaceae
Duchesnea indica;Rosaceae
Duchesnea indica;Rosaceae
Duranta plumieri;Verbenaceae (s.str.)
Duranta repens;Verbenaceae (s.str.)
Duranta repens;Verbenaceae (s.str.)
Duranta repens;Verbenaceae (s.str.)
Durio zibethinus;Malvaceae
Duvalia caespitosa;Apocynaceae
Duvalia corderoyi;Apocynaceae
Duvalia corderoyi;Apocynaceae
Duvalia corderoyi;Apocynaceae
Dyckia encholirioides;Bromeliaceae
Dyckia marnier-lapostollei;Bromeliaceae
Dyckia niederleinii;Bromeliaceae
Dyckia niederleinii;Bromeliaceae
Dyckia sulphurea;Bromeliaceae
Dypsis albofarinosa;Arecaceae
Dypsis ambositrae;Arecaceae
Dypsis ambositrae;Arecaceae
Dypsis ambositrae;Arecaceae
Dypsis angustifolia;Arecaceae
Dypsis arenarum;Arecaceae
Dypsis baronii;Arecaceae
Dypsis baronii;Arecaceae
Dypsis basilonga;Arecaceae
Dypsis betsimisarakae;Arecaceae
Dypsis bosseri;Arecaceae
Dypsis brevicaulis;Arecaceae
Dypsis brevicaulis;Arecaceae
Dypsis brevicaulis;Arecaceae
Dypsis carlsmithii;Arecaceae
Dypsis concinna;Arecaceae
Dypsis coriacea;Arecaceae
Dypsis corniculata;Arecaceae
Dypsis crinita;Arecaceae
Dypsis decaryi;Arecaceae
Dypsis faneva;Arecaceae
Dypsis florencei;Arecaceae
Dypsis heteromorpha;Arecaceae
Dypsis heterophylla;Arecaceae
Dypsis hiarakae;Arecaceae
Dypsis hovomantsina;Arecaceae
Dypsis lanuginosa;Arecaceae
Dypsis lastelliana;Arecaceae
Dypsis leptocheilos;Arecaceae
Dypsis ligulata;Arecaceae
Dypsis linearis;Arecaceae
Dypsis lutea;Arecaceae
Dypsis mananjarensis;Arecaceae
Dypsis mcdonaldiana;Arecaceae
Dypsis minuta;Arecaceae
Dypsis mocquerysiana;Arecaceae
Dypsis monostachya;Arecaceae
Dypsis nauseosa;Arecaceae
Dypsis nodifera;Arecaceae
Dypsis onilahensis;Arecaceae
Dypsis oropedionis;Arecaceae
Dypsis paludosa;Arecaceae
Dypsis pilulifera;Arecaceae
Dypsis pinnatifrons;Arecaceae
Dypsis poivreana;Arecaceae
Dypsis pusilla;Arecaceae
Dypsis pusilla;Arecaceae
Dypsis rivularis;Arecaceae
Dypsis scottiana;Arecaceae
Dypsis schatzii;Arecaceae
Dypsis sp.;Arecaceae
Dypsis sp.;Arecaceae
Dypsis sp.;Arecaceae
Dypsis tsaravoasira;Arecaceae
Dysosma difformis;Berberidaceae
Dysosma pleiantha;Berberidaceae
Dysosma pleianthum x versipellis;Berberidaceae
Dysosma veitchii;Berberidaceae
Dysosma versipellis;Berberidaceae
Dysosma versipellis;Berberidaceae
Ebenus cretica;Fabaceae (s.str.)
Edgeworthia chrysantha;Thymelaeaceae
Edithcolea grandis;Apocynaceae
Edithcolea grandis;Apocynaceae
Edithcolea grandis;Apocynaceae
Edmondia sesamoides;Asteraceae
Echeandia reflexa;Anthericaceae
Echeveria affinis;Crassulaceae
Echeveria agavoides;Crassulaceae
Echeveria agavoides;Crassulaceae
Echeveria agavoides;Crassulaceae
Echeveria agavoides;Crassulaceae
Echeveria agavoides;Crassulaceae
Echeveria brachetii;Crassulaceae
Echeveria cante;Crassulaceae
Echeveria carnicolor;Crassulaceae
Echeveria colorata;Crassulaceae
Echeveria elegans;Crassulaceae
Echeveria fulgens;Crassulaceae
Echeveria gigantea;Crassulaceae
Echeveria hookeri;Crassulaceae
Echeveria hybr.;Crassulaceae
Echeveria hybr.;Crassulaceae
Echeveria laui;Crassulaceae
Echeveria laui;Crassulaceae
Echeveria lutea;Crassulaceae
Echeveria macdougallii;Crassulaceae
Echeveria maxonii;Crassulaceae
Echeveria nodulosa;Crassulaceae
Echeveria pallida;Crassulaceae
Echeveria pulidonis;Crassulaceae
Echeveria pulvinata;Crassulaceae
Echeveria purpusorum;Crassulaceae
Echeveria purpusorum;Crassulaceae
Echeveria rodolfoi;Crassulaceae
Echeveria rosea;Crassulaceae
Echeveria rosea;Crassulaceae
Echeveria runyonii;Crassulaceae
Echeveria setosa;Crassulaceae
Echeveria setosa;Crassulaceae
Echeveria setosa;Crassulaceae
Echeveria sp.;Crassulaceae
Echeveria sp.;Crassulaceae
Echeveria sp.;Crassulaceae
Echeveria sp.;Crassulaceae
Echeveria whitei;Crassulaceae
Echeveria whitei;Crassulaceae
Echidnopsis cereiformis;Apocynaceae
Echidnopsis dammanniana;Apocynaceae
Echidnopsis montana;Apocynaceae
Echidnopsis sp.;Apocynaceae
Echinacea  hybrid;Asteraceae
Echinacea angustifolia;Asteraceae
Echinacea angustifolia;Asteraceae
Echinacea hybr.;Asteraceae
Echinacea hybr.;Asteraceae
Echinacea hybr.;Asteraceae
Echinacea hybr.;Asteraceae
Echinacea hybr.;Asteraceae
Echinacea hybr.;Asteraceae
Echinacea hybr.;Asteraceae
Echinacea hybr.;Asteraceae
Echinacea hybr.;Asteraceae
Echinacea hybr.;Asteraceae
Echinacea pallida;Asteraceae
Echinacea pallida;Asteraceae
Echinacea paradoxa;Asteraceae
Echinacea purpurea;Asteraceae
Echinacea purpurea;Asteraceae
Echinacea purpurea;Asteraceae
Echinacea purpurea;Asteraceae
Echinacea purpurea;Asteraceae
Echinacea purpurea;Asteraceae
Echinacea purpurea;Asteraceae
Echinacea purpurea;Asteraceae
Echinacea purpurea;Asteraceae
Echinacea purpurea;Asteraceae
Echinacea purpurea;Asteraceae
Echinacea purpurea;Asteraceae
Echinacea purpurea;Asteraceae
Echinacea purpurea;Asteraceae
Echinacea purpurea;Asteraceae
Echinacea purpurea;Asteraceae
Echinacea purpurea;Asteraceae
Echinacea purpurea;Asteraceae
Echinacea simulata;Asteraceae
Echinacea tennesseensis;Asteraceae
Echinacea tennesseensis;Asteraceae
Echinocactus grusonii;Cactaceae
Echinocactus grusonii;Cactaceae
Echinocereus acifer;Cactaceae
Echinocereus coccineus;Cactaceae
Echinocereus coccineus;Cactaceae
Echinocereus coccineus;Cactaceae
Echinocereus coccineus;Cactaceae
Echinocereus dasyacanthus;Cactaceae
Echinocereus engelmannii;Cactaceae
Echinocereus engelmannii;Cactaceae
Echinocereus engelmannii;Cactaceae
Echinocereus engelmannii;Cactaceae
Echinocereus engelmannii;Cactaceae
Echinocereus fendleri;Cactaceae
Echinocereus fendleri;Cactaceae
Echinocereus fendleri;Cactaceae
Echinocereus fendleri;Cactaceae
Echinocereus mapimiensis;Cactaceae
Echinocereus nicholii;Cactaceae
Echinocereus pentalophus;Cactaceae
Echinocereus reichenbachii;Cactaceae
Echinocereus reichenbachii;Cactaceae
Echinocereus reichenbachii;Cactaceae
Echinocereus reichenbachii;Cactaceae
Echinocereus reichenbachii;Cactaceae
Echinocereus stramineus;Cactaceae
Echinocereus subinermis;Cactaceae
Echinocereus triglochidiatus;Cactaceae
Echinocereus triglochidiatus;Cactaceae
Echinocereus triglochidiatus;Cactaceae
Echinocereus triglochidiatus;Cactaceae
Echinocereus viridiflorus;Cactaceae
Echinocereus viridiflorus;Cactaceae
Echinocereus viridiflorus;Cactaceae
Echinocereus viridiflorus;Cactaceae
Echinocereus x roetteri;Cactaceae
Echinocereus x roetteri;Cactaceae
Echinodorus;Alismataceae
Echinodorus;Alismataceae
Echinodorus;Alismataceae
Echinodorus;Alismataceae
Echinodorus;Alismataceae
Echinodorus;Alismataceae
Echinodorus;Alismataceae
Echinodorus;Alismataceae
Echinodorus;Alismataceae
Echinodorus argentinensis;Alismataceae
Echinodorus berteroi;Alismataceae
Echinodorus cordifolius;Alismataceae
Echinodorus glaucus;Alismataceae
Echinodorus grandiflorus;Alismataceae
Echinodorus griesbachii;Alismataceae
Echinodorus horizontalis;Alismataceae
Echinodorus horizontalis;Alismataceae
Echinodorus Indian Red;Alismataceae
Echinodorus inpai;Alismataceae
Echinodorus longiscapus;Alismataceae
Echinodorus major;Alismataceae
"Echinodorus opacus ""Iguazu 2009""";Alismataceae
Echinodorus portoalegrensis;Alismataceae
Echinodorus subalatus;Alismataceae
Echinodorus veronikae;Alismataceae
Echinops bannaticus;Asteraceae
Echinops gmelinii;Asteraceae
Echinops maracandicus;Asteraceae
Echinops microcephalus;Asteraceae
Echinops nanus;Asteraceae
Echinops ritro;Asteraceae
Echinops ritro;Asteraceae
Echinops sp.;Asteraceae
Echinops sphaerocephalus;Asteraceae
Echinopsis scopulicola;Cactaceae
Echinospartum horridum;Fabaceae (s.str.)
Echium maculatum;Boraginaceae
Echium pininana;Boraginaceae
Echium simplex;Boraginaceae
Echium simplex;Boraginaceae
Echium virescens;Boraginaceae
Echium vulgare;Boraginaceae
Echium wildpretii;Boraginaceae
Echium wildpretii;Boraginaceae
Echium wildpretii;Boraginaceae
Elaeagnus argentea;Elaeagnaceae
Elaeagnus meortroftii;Elaeagnaceae
Elaeagnus montana;Elaeagnaceae
Elaeagnus oxycarpa;Elaeagnaceae
Elaeagnus pungens;Elaeagnaceae
Elaeagnus pungens;Elaeagnaceae
Elaeagnus pungens;Elaeagnaceae
Elaeagnus sp.;Elaeagnaceae
Elaeagnus sp.;Elaeagnaceae
Elaeagnus umbellata;Elaeagnaceae
Elaeagnus x ebbingei;Elaeagnaceae
Elaeis oleifera;Arecaceae
Elaeocarpus speciosus;Elaeocarpaceae
Elaphoglossum annamense;Dryopteridaceae
Elaphoglossum crinitum;Dryopteridaceae
Elaphoglossum eximium;Dryopteridaceae
Elaphoglossum glabellum;Dryopteridaceae
Elaphoglossum luzonicum;Dryopteridaceae
Elaphoglossum metallicum;Dryopteridaceae
Elaphoglossum metallicum;Dryopteridaceae
Elaphoglossum peltatum;Dryopteridaceae
Elaphoglossum peltatum;Dryopteridaceae
Elaphoglossum peltatum;Dryopteridaceae
Elaphoglossum plumosum;Dryopteridaceae
Elaphoglossum sp.;Dryopteridaceae
Elaphoglossum sp.;Dryopteridaceae
Elaphoglossum sp.;Dryopteridaceae
Elaphoglossum wurdackii;Dryopteridaceae
Elatine alsinastrum;Elatinaceae
Elatostema sp.;Urticaceae
Elegia tectorum;Restionaceae
Eleiodoxa conferta;Arecaceae
Eleocharis mamillata;Cyperaceae
Eleocharis multicaulis;Cyperaceae
Eleocharis ovata;Cyperaceae
Eleocharis palustris;Cyperaceae
Eleocharis palustris;Cyperaceae
Eleocharis palustris;Cyperaceae
Eleocharis uniglumis;Cyperaceae
Eleocharis vulgaris;Cyperaceae
Elettaria cardamomum;Zingiberaceae
Elettariopsis sp.;Zingiberaceae
Eleusine coracana;Poaceae
Eleutherine bulbosa;Iridaceae
Elleanthus aureus;Orchidaceae
Elleanthus blatteus;Orchidaceae
Elleanthus capitatus;Orchidaceae
Elleanthus longibracteatus;Orchidaceae
Elleanthus longibracteatus;Orchidaceae
Elleanthus oliganthus;Orchidaceae
Elsholtzia ciliata;Lamiaceae
Elsholtzia ciliata;Lamiaceae
Elsholtzia ciliata;Lamiaceae
Elsholtzia ciliata;Lamiaceae
Elsholtzia fruticosa;Lamiaceae
Elsholtzia fruticosa;Lamiaceae
Elsholtzia stauntonii;Lamiaceae
Elytropappus rhinocerotis;Asteraceae
Embothrium coccineum;Proteaceae
Embreea rodigasiana;Orchidaceae
Emilia coccinea;Asteraceae
Eminium sp.;Araceae
Emmenopterys henryi;Rubiaceae
Empetrum asiaticum;Ericaceae
Empetrum eamesii;Ericaceae
Empetrum hermaphroditum;Ericaceae
Empetrum nigrum;Ericaceae
Empetrum nigrum;Ericaceae
Empetrum nigrum;Ericaceae
Empetrum sibiricum;Ericaceae
Empetrum sp.;Ericaceae
Encephalartos aemulans;Zamiaceae
Encephalartos cerinus;Zamiaceae
Encephalartos concinnus;Zamiaceae
Encephalartos cupidus;Zamiaceae
Encephalartos cycadifolius;Zamiaceae
Encephalartos delucanus;Zamiaceae
Encephalartos dolomiticus;Zamiaceae
Encephalartos ferox;Zamiaceae
Encephalartos hirsutus;Zamiaceae
Encephalartos horridus;Zamiaceae
Encephalartos chimanimaniensis;Zamiaceae
Encephalartos inopinus;Zamiaceae
Encephalartos laevifolius;Zamiaceae
Encephalartos lanatus;Zamiaceae
Encephalartos latifrons;Zamiaceae
Encephalartos manikensis;Zamiaceae
Encephalartos munchii;Zamiaceae
Encephalartos pterogonus;Zamiaceae
Encephalartos schaijesii;Zamiaceae
Encyclia adenocaula;Orchidaceae
Encyclia alata;Orchidaceae
Encyclia ambigua;Orchidaceae
Encyclia cordigera;Orchidaceae
Encyclia diota;Orchidaceae
Encyclia diurna;Orchidaceae
Encyclia garciae-esquivelii;Orchidaceae
Encyclia hanburyi;Orchidaceae
Encyclia mooreana;Orchidaceae
Encyclia mooreana;Orchidaceae
Encyclia osmantha;Orchidaceae
Encyclia pollardiana;Orchidaceae
Encyclia replicata;Orchidaceae
Encyclia sp.;Orchidaceae
Encyclia tampensis;Orchidaceae
Encyclia tampensis;Orchidaceae
Engelmannia peristenia;Asteraceae
Engelmannia peristenia;Asteraceae
Englerarum hypnosum;
Enkianthus campanulatus;Ericaceae
Enkianthus campanulatus;Ericaceae
Enkianthus campanulatus;Ericaceae
Enkianthus campanulatus;Ericaceae
Enkianthus campanulatus;Ericaceae
Ensete ventricosum;Musaceae
Entada leptostachya;Fabaceae
Entada rheedii;Fabaceae
Entandrophragma caudatum;Meliaceae
Enterolobium cyclocarpum;Fabaceae
Enterolobium cyclocarpum;Fabaceae
Eomecon chionantha;Papaveraceae
Eparmatostigma dives;Orchidaceae
Ephedra altissima;Ephedraceae
Ephedra aphylla;Ephedraceae
Ephedra breana;Ephedraceae
Ephedra equisetina;Ephedraceae
Ephedra equisetina;Ephedraceae
Ephedra fedtschenkoae;Ephedraceae
Ephedra foeminea;Ephedraceae
Ephedra fragilis;Ephedraceae
Ephedra fragilis;Ephedraceae
Ephedra chilensis;Ephedraceae
Ephedra intermedia;Ephedraceae
Ephedra major;Ephedraceae
Ephedra minima;Ephedraceae
Ephedra nevadensis;Ephedraceae
Ephedra przewalskii;Ephedraceae
Ephedra sp.;Ephedraceae
Ephedra sp.;Ephedraceae
Ephedra viridis;Ephedraceae
Epidendrum amphistomum;Orchidaceae
Epidendrum atacazoicum;Orchidaceae
Epidendrum bracteolatum;Orchidaceae
Epidendrum corymbosum;Orchidaceae
Epidendrum difforme;Orchidaceae
Epidendrum embreei;Orchidaceae
Epidendrum goodspeedianum;Orchidaceae
Epidendrum ilense;Orchidaceae
Epidendrum lacustre;Orchidaceae
Epidendrum magnoliae;Orchidaceae
Epidendrum nocturnum;Orchidaceae
Epidendrum nocturnum;Orchidaceae
Epidendrum nocturnum;Orchidaceae
Epidendrum oerstedii;Orchidaceae
Epidendrum oerstedii;Orchidaceae
Epidendrum paniculatum;Orchidaceae
Epidendrum parkinsonianum;Orchidaceae
Epidendrum peperomia;Orchidaceae
Epidendrum peperomia;Orchidaceae
Epidendrum pseudepidendrum;Orchidaceae
Epidendrum radicans;Orchidaceae
Epidendrum rigidum;Orchidaceae
Epidendrum sp.;Orchidaceae
Epidendrum sp.;Orchidaceae
Epidendrum sp.;Orchidaceae
Epidendrum stamfordianum;Orchidaceae
Epidendrum stamfordianum;Orchidaceae
Epidendrum stamfordianum;Orchidaceae
Epidendrum stangeanum;Orchidaceae
Epidendrum vesicatum;Orchidaceae
Epigeneium cymbidioides;Orchidaceae
Epigeneium chapaense;Orchidaceae
Epigeneium chapaense;Orchidaceae
Epigeneium lyonii;Orchidaceae
Epilobium angustifolium;Onagraceae
Epilobium angustifolium;Onagraceae
Epilobium coloratum;Onagraceae
Epilobium dodonaei;Onagraceae
Epimedium acuminatum;Berberidaceae
Epimedium alpinum;Berberidaceae
Epimedium brachyrrhizum;Berberidaceae
Epimedium brevicornu;Berberidaceae
Epimedium brevicornu;Berberidaceae
Epimedium davidii;Berberidaceae
Epimedium diphyllum;Berberidaceae
Epimedium diphyllum;Berberidaceae
Epimedium diphyllum;Berberidaceae
Epimedium dolichostemon;Berberidaceae
Epimedium dolichostemon x acuminatum;Berberidaceae
Epimedium dolichostemon x leptorrhizum;Berberidaceae
Epimedium elongatum;Berberidaceae
Epimedium epsteinii;Berberidaceae
Epimedium fangii;Berberidaceae
Epimedium fargesii;Berberidaceae
Epimedium fargesii;Berberidaceae
Epimedium franchetii;Berberidaceae
Epimedium franchetii;Berberidaceae
Epimedium grandiflorum;Berberidaceae
Epimedium grandiflorum;Berberidaceae
Epimedium grandiflorum;Berberidaceae
Epimedium grandiflorum;Berberidaceae
Epimedium grandiflorum;Berberidaceae
Epimedium grandiflorum;Berberidaceae
Epimedium grandiflorum;Berberidaceae
Epimedium grandiflorum;Berberidaceae
Epimedium grandiflorum;Berberidaceae
Epimedium grandiflorum;Berberidaceae
Epimedium grandiflorum;Berberidaceae
Epimedium grandiflorum;Berberidaceae
Epimedium grandiflorum;Berberidaceae
Epimedium grandiflorum;Berberidaceae
Epimedium grandiflorum;Berberidaceae
Epimedium grandiflorum;Berberidaceae
Epimedium grandiflorum;Berberidaceae
Epimedium hybr.;Berberidaceae
Epimedium hybr.;Berberidaceae
Epimedium hybr.;Berberidaceae
Epimedium hybr.;Berberidaceae
Epimedium hybr.;Berberidaceae
Epimedium hybr.;Berberidaceae
Epimedium hybr.;Berberidaceae
Epimedium hybr.;Berberidaceae
Epimedium hybr.;Berberidaceae
Epimedium hybr.;Berberidaceae
Epimedium hybr.;Berberidaceae
Epimedium hybr.;Berberidaceae
Epimedium hybr.;Berberidaceae
Epimedium hybr.;Berberidaceae
Epimedium hybr.;Berberidaceae
Epimedium hybr.;Berberidaceae
Epimedium chlorandrum;Berberidaceae
Epimedium koreanum;Berberidaceae
Epimedium latisepalum;Berberidaceae
Epimedium leptorrhizum;Berberidaceae
Epimedium lishihchenii;Berberidaceae
Epimedium membranaceum;Berberidaceae
Epimedium mikinorii;Berberidaceae
Epimedium ogisui;Berberidaceae
Epimedium pauciflorum;Berberidaceae
Epimedium pauciflorum x platypetalum;Berberidaceae
Epimedium perralderianum;Berberidaceae
Epimedium pinnatum;Berberidaceae
Epimedium pinnatum;Berberidaceae
Epimedium platypetalum;Berberidaceae
Epimedium platypetalum;Berberidaceae
Epimedium pubescens;Berberidaceae
Epimedium pubigerum;Berberidaceae
Epimedium rhizomatosum;Berberidaceae
Epimedium sagittatum;Berberidaceae
Epimedium sempervirens;Berberidaceae
Epimedium sempervirens;Berberidaceae
Epimedium sempervirens;Berberidaceae
Epimedium sp.;Berberidaceae
Epimedium sp.;Berberidaceae
Epimedium sp.;Berberidaceae
Epimedium stellulatum;Berberidaceae
Epimedium stellulatum;Berberidaceae
Epimedium trifoliolatobinatum;Berberidaceae
Epimedium wushanense;Berberidaceae
Epimedium wushanense;Berberidaceae
Epimedium x cantabrigiense;Berberidaceae
Epimedium x omeiense;Berberidaceae
Epimedium x omeiense;Berberidaceae
Epimedium x perralchicum;Berberidaceae
Epimedium x perralchicum;Berberidaceae
Epimedium x perralchicum;Berberidaceae
Epimedium x rubrum;Berberidaceae
Epimedium x rubrum;Berberidaceae
Epimedium x setosum;Berberidaceae
Epimedium x versicolor;Berberidaceae
Epimedium x versicolor;Berberidaceae
Epimedium x warleyense;Berberidaceae
Epimedium x warleyense;Berberidaceae
Epimedium x warleyense;Berberidaceae
Epimedium x warleyense;Berberidaceae
Epimedium x warleyense;Berberidaceae
Epimedium x youngianum;Berberidaceae
Epimedium x youngianum;Berberidaceae
Epimedium x youngianum;Berberidaceae
Epimedium x youngianum;Berberidaceae
Epimedium x youngianum;Berberidaceae
Epimedium x youngianum;Berberidaceae
Epimedium x youngianum;Berberidaceae
Epimedium x youngianum;Berberidaceae
Epimedium x youngianum;Berberidaceae
Epimedium x youngianum;Berberidaceae
Epimedium x youngianum;Berberidaceae
Epipactis gigantea;Orchidaceae
Epipactis gigantea;Orchidaceae
Epipactis hybr.;Orchidaceae
Epipactis hybr.;Orchidaceae
Epipactis palustris;Orchidaceae
Epipactis royleana;Orchidaceae
Epipactis thunbergii;Orchidaceae
Epipactis veratrifolia;Orchidaceae
Epiphyllum crenatum;Cactaceae
Epiphyllum hookeri;Cactaceae
Epiphyllum chrysocardium;Cactaceae
Epiphyllum phyllanthus;Cactaceae
Epiphyllum sp.;Cactaceae
Epiphyllum sp.;Cactaceae
Epiphyllum sp.;Cactaceae
Epiphyllum sp.;Cactaceae
Epipremnum amplissimum;Araceae
Epipremnum giganteum;Araceae
Epipremnum pinnatum;Araceae
Epipremnum pinnatum;Araceae
Epipremnum pinnatum;Araceae
Epipremnum pinnatum;Araceae
Epipremnum sp.;Araceae
Episcia cupreata-hybrid;Gesneriaceae
Episcia fimbriata;Gesneriaceae
Episcia lilacina;Gesneriaceae
Episcia punctata;Gesneriaceae
Episcia sp.;Gesneriaceae
Episcia sphalera;Gesneriaceae
Equisetum arvense;Equisetaceae
Equisetum bogotense;Equisetaceae
Equisetum bogotense;Equisetaceae
Equisetum diffusum;Equisetaceae
Equisetum diffusum;Equisetaceae
Equisetum fluviatile;Equisetaceae
Equisetum giganteum;Equisetaceae
Equisetum giganteum;Equisetaceae
Equisetum giganteum;Equisetaceae
Equisetum giganteum;Equisetaceae
Equisetum hyemale;Equisetaceae
Equisetum hyemale;Equisetaceae
Equisetum hyemale;Equisetaceae
Equisetum laevigatum;Equisetaceae
Equisetum myriochaetum;Equisetaceae
Equisetum myriochaetum;Equisetaceae
Equisetum myriochaetum;Equisetaceae
Equisetum palustre;Equisetaceae
Equisetum palustre;Equisetaceae
Equisetum pratense;Equisetaceae
Equisetum ramosissimum;Equisetaceae
Equisetum ramosissimum;Equisetaceae
Equisetum ramosissimum;Equisetaceae
Equisetum scirpoides;Equisetaceae
Equisetum scirpoides;Equisetaceae
Equisetum sylvaticum;Equisetaceae
Equisetum telmateia;Equisetaceae
Equisetum telmateia;Equisetaceae
Equisetum variegatum;Equisetaceae
Equisetum variegatum;Equisetaceae
Equisetum x litorale;Equisetaceae
Equisetum x meridionale;Equisetaceae
Equisetum x moorei;Equisetaceae
Equisetum x moorei;Equisetaceae
Equisetum x moorei;Equisetaceae
Equisetum x schaffneri;Equisetaceae
Equisetum x trachyodon;Equisetaceae
Equisetum x trachyodon;Equisetaceae
Eragrostis curtipedicellata;Poaceae
Eragrostis curvula;Poaceae
Eragrostis curvula;Poaceae
Eragrostis elliottii;Poaceae
Eragrostis gummiflua;Poaceae
Eragrostis spectabilis;Poaceae
Eragrostis spectabilis;Poaceae
Eragrostis spectabilis;Poaceae
Eragrostis splendens;Poaceae
Eragrostis tef;Poaceae
Eragrostis trichodes;Poaceae
Eranthemum pulchellum;Acanthaceae
Eranthis cilicica;Ranunculaceae
Eranthis hyemalis;Ranunculaceae
Eremurus himalaicus;Xanthorrhoeaceae
Eremurus hybr.;Xanthorrhoeaceae
Eremurus hybr.;Xanthorrhoeaceae
Eremurus hybr.;Xanthorrhoeaceae
Eremurus hybr.;Xanthorrhoeaceae
Eremurus hybr.;Xanthorrhoeaceae
Eremurus hybr.;Xanthorrhoeaceae
Eremurus hybr.;Xanthorrhoeaceae
Eremurus hybr.;Xanthorrhoeaceae
Eremurus hybr.;Xanthorrhoeaceae
Eremurus hybr.;Xanthorrhoeaceae
Eremurus hybr.;Xanthorrhoeaceae
Eremurus olgae;Xanthorrhoeaceae
Eremurus robustus;Xanthorrhoeaceae
Eremurus sp.;Xanthorrhoeaceae
Eremurus stenophyllus;Xanthorrhoeaceae
Eria dacrydium;Orchidaceae
Eria gagnepainii;Orchidaceae
Eria globifera;Orchidaceae
Eria hyacinthoides;Orchidaceae
Eria porteri;Orchidaceae
Eria pulverulenta;Orchidaceae
Eria punctata;Orchidaceae
Erica arborea;Ericaceae
Erica arborea;Ericaceae
Erica arborea;Ericaceae
Erica baccans;Ericaceae
Erica bauera;Ericaceae
Erica brachialis;Ericaceae
Erica caffra;Ericaceae
Erica carnea;Ericaceae
Erica carnea;Ericaceae
Erica carnea;Ericaceae
Erica carnea;Ericaceae
Erica carnea;Ericaceae
Erica carnea;Ericaceae
Erica carnea;Ericaceae
Erica carnea;Ericaceae
Erica carnea;Ericaceae
Erica carnea;Ericaceae
Erica ciliaris;Ericaceae
Erica cinerea;Ericaceae
Erica cinerea;Ericaceae
Erica coccinea;Ericaceae
Erica copiosa;Ericaceae
Erica curviflora;Ericaceae
Erica curviflora;Ericaceae
Erica formosa;Ericaceae
Erica gilva;Ericaceae
Erica hybr.;Ericaceae
Erica hybr.;Ericaceae
Erica mammosa;Ericaceae
Erica manipuliflora;Ericaceae
Erica multiflora;Ericaceae
Erica scoparia;Ericaceae
Erica scoparia;Ericaceae
Erica sessiliflora;Ericaceae
Erica sessiliflora;Ericaceae
Erica spiculifolia;Ericaceae
Erica spiculifolia;Ericaceae
Erica tetralix;Ericaceae
Erica tetralix;Ericaceae
Erica tetralix;Ericaceae
Erica vagans;Ericaceae
Erica vagans;Ericaceae
Erica vagans;Ericaceae
Erica versicolor;Ericaceae
Erica verticillata;Ericaceae
Erica viridescens;Ericaceae
Erica x darleyensis;Ericaceae
Erica x williamsii;Ericaceae
Ericameria linearifolia;Asteraceae
Ericameria nauseosa;Asteraceae
Ericameria sp.;Asteraceae
Erigeron acris;Asteraceae
Erigeron flabellifolius;Asteraceae
Erigeron glaucus;Asteraceae
Erigeron hybr.;Asteraceae
Erigeron hybr.;Asteraceae
Erigeron hybr.;Asteraceae
Erigeron hybr.;Asteraceae
Erigeron hybr.;Asteraceae
Erigeron hybr.;Asteraceae
Erigeron hybr.;Asteraceae
Erigeron hybr.;Asteraceae
Erigeron hybr.;Asteraceae
Erigeron hybr.;Asteraceae
Erigeron hybr.;Asteraceae
Erigeron hybr.;Asteraceae
Erigeron scopulinus;Asteraceae
Erigeron speciosus;Asteraceae
Erigeron ursinus;Asteraceae
Erigeron venustus;Asteraceae
Erinacea anthyllis;Fabaceae (s.str.)
Eriobotrya japonica;Rosaceae
Eriobotrya japonica;Rosaceae
Eriocapitella hupehensis;Ranunculaceae
Eriocapitella hupehensis;Ranunculaceae
Eriocapitella hupehensis;Ranunculaceae
Eriocapitella hupehensis;Ranunculaceae
Eriocapitella hupehensis;Ranunculaceae
Eriocapitella hupehensis;Ranunculaceae
Eriocapitella hupehensis;Ranunculaceae
Eriocapitella hupehensis;Ranunculaceae
Eriocapitella hupehensis;Ranunculaceae
Eriocapitella hupehensis;Ranunculaceae
Eriocapitella japonica;Ranunculaceae
Eriocapitella rivularis;Ranunculaceae
Eriocapitella rivularis;
Eriocapitella tomentosa;Ranunculaceae
Eriocaulon megapotamicum;Eriocaulaceae
Eriocaulon sp.;Eriocaulaceae
Eriogonum allenii;Polygonaceae
Eriogonum brevicaule;Polygonaceae
Eriogonum caespitosum;Polygonaceae
Eriogonum crocatum;Polygonaceae
Eriogonum flavum;Polygonaceae
Eriogonum gracilipes;Polygonaceae
Eriogonum heermannii;Polygonaceae
Eriogonum heracleoides;Polygonaceae
Eriogonum incanum;Polygonaceae
Eriogonum jamesii;Polygonaceae
Eriogonum kennedyi;Polygonaceae
Eriogonum kingii;Polygonaceae
Eriogonum latifolium;Polygonaceae
Eriogonum marifolium;Polygonaceae
Eriogonum ovalifolium;Polygonaceae
Eriogonum ovalifolium;Polygonaceae
Eriogonum ovalifolium;Polygonaceae
Eriogonum ovalifolium;Polygonaceae
Eriogonum ovalifolium;Polygonaceae
Eriogonum saxatile;Polygonaceae
Eriogonum soredium;Polygonaceae
Eriogonum sphaerocephalum;Polygonaceae
Eriogonum strictum;Polygonaceae
Eriogonum strictum;Polygonaceae
Eriogonum strictum;Polygonaceae
Eriogonum thymoides;Polygonaceae
Eriogonum tumulosum;Polygonaceae
Eriogonum umbellatum;Polygonaceae
Eriogonum umbellatum;Polygonaceae
Eriogonum umbellatum;Polygonaceae
Eriogonum umbellatum;Polygonaceae
Eriogonum umbellatum;Polygonaceae
Eriogonum umbellatum;Polygonaceae
Eriogonum umbellatum;Polygonaceae
Eriogonum umbellatum;Polygonaceae
Eriogonum umbellatum;Polygonaceae
Eriogonum umbellatum;Polygonaceae
Eriogonum umbellatum;Polygonaceae
Eriogonum ursinum;Polygonaceae
Eriophorum angustifolium;Cyperaceae
Eriophorum gracile;Cyperaceae
Eriophorum russeolum;Cyperaceae
Eriophorum scheuchzeri;Cyperaceae
Eriophorum virginicum;Cyperaceae
Eriophyllum lanatum;Asteraceae
Eriophyllum lanatum;Asteraceae
Eriospermum abyssinicum;Asparagaceae (Ruscaceae)
Eriospermum dregei;Asparagaceae (Ruscaceae)
Eriospermum dregei;Asparagaceae (Ruscaceae)
Eriospermum mackenii;Asparagaceae (Ruscaceae)
Erodium guicciardii;Geraniaceae
Erodium hybr.;Geraniaceae
Erodium hybr.;Geraniaceae
Erodium hybr.;Geraniaceae
Erodium hybr.;Geraniaceae
Erodium hybr.;Geraniaceae
Erodium chrysanthum;Geraniaceae
Erodium manescavi;Geraniaceae
Erodium pelargoniflorum;Geraniaceae
Erodium petraeum;Geraniaceae
Erodium x kolbianum;Geraniaceae
Erodium x kolbianum;Geraniaceae
Erophaca baetica;
Eruca sativa;Brassicaceae
Erycina diaphana;Orchidaceae
Eryngium agavifolium;Apiaceae
Eryngium alpinum;Apiaceae
Eryngium bourgatii;Apiaceae
Eryngium caeruleum;Apiaceae
Eryngium campestre;Apiaceae
Eryngium caucasicum;Apiaceae
Eryngium foetidum;Apiaceae
Eryngium giganteum;Apiaceae
Eryngium planum;Apiaceae
Eryngium yuccifolium;Apiaceae
Erysimum crepidifolium;Brassicaceae
Erysimum hybr.;Brassicaceae
Erysimum pulchellum;Brassicaceae
Erythrina caffra;Fabaceae (s.str.)
Erythrina crista-galli;Fabaceae (s.str.)
Erythrina herbacea;Fabaceae (s.str.)
Erythrina lysistemon;Fabaceae (s.str.)
Erythrina madagascariensis;Fabaceae (s.str.)
Erythrina melanacantha;Fabaceae (s.str.)
Erythrina sandwicensis;Fabaceae (s.str.)
Erythrina sp.;Fabaceae (s.str.)
Erythrina sp.;Fabaceae (s.str.)
Erythrina sp.;Fabaceae (s.str.)
Erythrina sp.;Fabaceae (s.str.)
Erythronium dens-canis;Liliaceae
Erythronium dens-canis;Liliaceae
Erythronium dens-canis;Liliaceae
Erythronium dens-canis;Liliaceae
Erythronium dens-canis;Liliaceae
Erythronium dens-canis;Liliaceae
Erythronium hybr.;Liliaceae
Erythronium revolutum;Liliaceae
Erythrophysa alata;Sapindaceae
Erythrophysa alata;Sapindaceae
Erythrophysa sp.;Sapindaceae
Erythrophysa sp.;Sapindaceae
Erythrophysa transvaalensis;Sapindaceae
Erythrorhipsalis pilocarpa;Cactaceae
Erythroxylum coca;Erythroxylaceae
Escallonia hybr.;Escalloniaceae
Escallonia hybr.;Escalloniaceae
Escallonia hybr.;Escalloniaceae
Escallonia hybr.;Escalloniaceae
Escallonia hybr.;Escalloniaceae
Escallonia myrtilloides;Escalloniaceae
Escobaria dasyacantha;Cactaceae
Escobaria missouriensis;Cactaceae
Escobaria missouriensis;Cactaceae
Escobaria sneedii;Cactaceae
Escobaria sneedii;Cactaceae
Escobaria strobiliformis;Cactaceae
Escobaria vivipara;Cactaceae
Escobaria vivipara;Cactaceae
Escobaria vivipara;Cactaceae
Escobaria vivipara;Cactaceae
Escobaria vivipara;Cactaceae
Escobaria vivipara;Cactaceae
Eschscholzia caespitosa;Papaveraceae
Eschscholzia californica;Papaveraceae
Eschscholzia lobbii;Papaveraceae
Espostoa melanostele;Cactaceae
Etlingera elatior;Zingiberaceae
Etlingera venusta;Zingiberaceae
Eucalyptus alpina;Myrtaceae
Eucalyptus archeri;Myrtaceae
Eucalyptus coccifera;Myrtaceae
Eucalyptus coccifera;Myrtaceae
Eucalyptus coccifera;Myrtaceae
Eucalyptus erythrocorys;Myrtaceae
Eucalyptus glaucescens;Myrtaceae
Eucalyptus gunnii;Myrtaceae
Eucalyptus gunnii;Myrtaceae
Eucalyptus parvula;Myrtaceae
Eucalyptus pauciflora;Myrtaceae
Eucalyptus pauciflora;Myrtaceae
Eucalyptus sp.;Myrtaceae
Eucalyptus sp.;Myrtaceae
Eucalyptus sp.;Myrtaceae
Eucalyptus urnigera;Myrtaceae
Euclea divinorum;Ebenaceae
Euclinia suavissima;Rubiaceae
Eucnide aurea;Loasaceae
Eucodonia hybr.;Gesneriaceae
Eucodonia hybr.;Gesneriaceae
Eucodonia hybr.;Gesneriaceae
Eucomis amaryllidifolia;Hyacinthaceae
Eucomis autumnalis;Hyacinthaceae
Eucomis autumnalis;Hyacinthaceae
Eucomis bicolor;Hyacinthaceae
Eucomis comosa;Hyacinthaceae
Eucomis comosa;Hyacinthaceae
Eucomis hybr.;Hyacinthaceae
Eucomis hybr.;Hyacinthaceae
Eucomis hybr.;Hyacinthaceae
Eucomis hybr.;Hyacinthaceae
Eucomis montana;Hyacinthaceae
Eucomis pallidiflora;Hyacinthaceae
Eucomis regia;Hyacinthaceae
Eucomis schijffii;Hyacinthaceae
Eucomis vandermerwei;Hyacinthaceae
Eucomis zambesiaca;Hyacinthaceae
Eucommia ulmoides;Eucommiaceae
Eucryphia cordifolia;Cunoniaceae
Eugeissona triste;Arecaceae
Eugenia sp.;Myrtaceae
Eugenia stipitata;Myrtaceae
Eugenia uniflora;Myrtaceae
Eugenia uniflora;Myrtaceae
Eucharis amazonica;Amaryllidaceae
Eucharis grandiflora;Amaryllidaceae
Eucharis sanderi;Amaryllidaceae
Euchile citrina;Orchidaceae
Euchile mariae;Orchidaceae
Eulophia bosseriana;Orchidaceae
Eulophia foliosa;Orchidaceae
Eulophia grandidieri;Orchidaceae
Eulophia grandidieri;Orchidaceae
Eulophia hebdingiana;Orchidaceae
Eulophia hians;Orchidaceae
Eulophia macowanii;Orchidaceae
Eulophia petersii;Orchidaceae
Eulophia pileata;Orchidaceae
Eulophia plantaginea;Orchidaceae
Eulophia plantaginea;Orchidaceae
Eulophia reticulata;Orchidaceae
Eulophia reticulata;Orchidaceae
Eulophia speciosa;Orchidaceae
Eulophia speciosa;Orchidaceae
Eulophia spectabilis;Orchidaceae
Eulophia spectabilis;Orchidaceae
Eulophia taitensis;Orchidaceae
Eulophiella elisabethae;Orchidaceae
Eulophiella roempleriana;Orchidaceae
Eumorphia prostrata;Asteraceae
Eumorphia sericea;Asteraceae
Eumorphia sericea;Asteraceae
Euodia enryi;Rutaceae
Euonymus alatus;Celastraceae
Euonymus alatus;Celastraceae
Euonymus alatus;Celastraceae
Euonymus alatus;Celastraceae
Euonymus atropurpureus;Celastraceae
Euonymus europaeus;Celastraceae
Euonymus europaeus;Celastraceae
Euonymus europaeus;Celastraceae
Euonymus europaeus;Celastraceae
Euonymus fortunei;Celastraceae
Euonymus fortunei;Celastraceae
Euonymus fortunei;Celastraceae
Euonymus fortunei;Celastraceae
Euonymus fortunei;Celastraceae
Euonymus fortunei;Celastraceae
Euonymus fortunei;Celastraceae
Euonymus fortunei;Celastraceae
Euonymus fortunei;Celastraceae
Euonymus fortunei;Celastraceae
Euonymus fortunei;Celastraceae
Euonymus fortunei;Celastraceae
Euonymus fortunei;Celastraceae
Euonymus fortunei;Celastraceae
Euonymus fortunei;Celastraceae
Euonymus fortunei;Celastraceae
Euonymus fortunei;Celastraceae
Euonymus hamiltonianus;Celastraceae
Euonymus hamiltonianus;Celastraceae
Euonymus hamiltonianus;Celastraceae
Euonymus japonicus;Celastraceae
Euonymus japonicus;Celastraceae
Euonymus kiautschovicus;Celastraceae
Euonymus kiautschovicus;Celastraceae
Euonymus kiautschovicus;Celastraceae
Euonymus latifolius;Celastraceae
Euonymus latifolius;Celastraceae
Euonymus oxyphyllus;Celastraceae
Euonymus phellomanus;Celastraceae
Euonymus phellomanus;Celastraceae
Euonymus sanguineus;Celastraceae
Euonymus sieboldianus;Celastraceae
Euonymus sp.;Celastraceae
Euonymus sp.;Celastraceae
Euonymus sp.;Celastraceae
Euonymus sp.;Celastraceae
Euonymus sp.;Celastraceae
Euonymus sp.;Celastraceae
Euonymus sp.;Celastraceae
Eupatorium cannabinum;Asteraceae
Eupatorium hybr.;Asteraceae
Eupatorium perfoliatum;
Eupatorium sp.;Asteraceae
Euphorbia <x >martinii;Euphorbiaceae
Euphorbia <x >zanahariensis;Euphorbiaceae
Euphorbia acanthothamnos;Euphorbiaceae
Euphorbia actinoclada;Euphorbiaceae
Euphorbia actinoclada;Euphorbiaceae
Euphorbia actinoclada;Euphorbiaceae
Euphorbia aeruginosa;Euphorbiaceae
Euphorbia aeruginosa;Euphorbiaceae
Euphorbia alfredii;Euphorbiaceae
Euphorbia alluaudii;Euphorbiaceae
Euphorbia ambovombensis;Euphorbiaceae
Euphorbia amygdaloides;Euphorbiaceae
Euphorbia amygdaloides;Euphorbiaceae
Euphorbia analavelonensis;Euphorbiaceae
Euphorbia analavelonensis;Euphorbiaceae
Euphorbia angulata;Euphorbiaceae
Euphorbia angustiflora;Euphorbiaceae
Euphorbia ankarensis;Euphorbiaceae
Euphorbia ankarensis;Euphorbiaceae
Euphorbia annamarieae;Euphorbiaceae
Euphorbia antafikiensis;Euphorbiaceae
Euphorbia antafikiensis;Euphorbiaceae
Euphorbia antso;Euphorbiaceae
Euphorbia aphylla;Euphorbiaceae
Euphorbia atropurpurea;Euphorbiaceae
Euphorbia baioensis;Euphorbiaceae
Euphorbia baioensis;Euphorbiaceae
Euphorbia balsamifera;Euphorbiaceae
Euphorbia banae;Euphorbiaceae
Euphorbia beharensis;Euphorbiaceae
Euphorbia bemarahaensis;Euphorbiaceae
Euphorbia bemarahaensis;Euphorbiaceae
Euphorbia bitataensis;Euphorbiaceae
Euphorbia bitataensis;Euphorbiaceae
Euphorbia bitataensis;Euphorbiaceae
Euphorbia brachyphylla;Euphorbiaceae
Euphorbia brachyphylla;Euphorbiaceae
Euphorbia bubalina;Euphorbiaceae
Euphorbia buruana;Euphorbiaceae
Euphorbia buruana;Euphorbiaceae
Euphorbia buruana;Euphorbiaceae
Euphorbia caerulescens;Euphorbiaceae
Euphorbia canariensis;Euphorbiaceae
Euphorbia capmanambatoensis;Euphorbiaceae
Euphorbia cap-saintemariensis;Euphorbiaceae
Euphorbia caput-medusae;Euphorbiaceae
Euphorbia carniolica;Euphorbiaceae
Euphorbia clandestina;Euphorbiaceae
Euphorbia clavarioides;Euphorbiaceae
Euphorbia clavigera;Euphorbiaceae
Euphorbia clavigera;Euphorbiaceae
Euphorbia cooperi;Euphorbiaceae
Euphorbia corallioides;Euphorbiaceae
Euphorbia corollata;Euphorbiaceae
Euphorbia corollata;Euphorbiaceae
Euphorbia corollata;Euphorbiaceae
Euphorbia corollata;Euphorbiaceae
Euphorbia corollata;Euphorbiaceae
Euphorbia cremersii;Euphorbiaceae
Euphorbia croizatii;Euphorbiaceae
Euphorbia croizatii;Euphorbiaceae
Euphorbia cryptospinosa;Euphorbiaceae
Euphorbia cuneata;Euphorbiaceae
Euphorbia cylindrifolia;Euphorbiaceae
Euphorbia cylindrifolia;Euphorbiaceae
Euphorbia cyparissias;Euphorbiaceae
Euphorbia cyparissias;Euphorbiaceae
Euphorbia damarana;Euphorbiaceae
Euphorbia damarana;Euphorbiaceae
Euphorbia debilispina;Euphorbiaceae
Euphorbia decaryi;Euphorbiaceae
Euphorbia decaryi;Euphorbiaceae
Euphorbia dendroides;Euphorbiaceae
Euphorbia dendroides;Euphorbiaceae
Euphorbia denisii;Euphorbiaceae
Euphorbia didiereoides;Euphorbiaceae
Euphorbia didiereoides;Euphorbiaceae
Euphorbia didiereoides;Euphorbiaceae
Euphorbia dulcis;Euphorbiaceae
Euphorbia dulcis;Euphorbiaceae
Euphorbia dulcis;Euphorbiaceae
Euphorbia duranii;Euphorbiaceae
Euphorbia duranii;Euphorbiaceae
Euphorbia duranii;Euphorbiaceae
Euphorbia duranii;Euphorbiaceae
Euphorbia duranii;Euphorbiaceae
Euphorbia echinus;Euphorbiaceae
Euphorbia enopla;Euphorbiaceae
Euphorbia enormis;Euphorbiaceae
Euphorbia enterophora;Euphorbiaceae
Euphorbia enterophora;Euphorbiaceae
Euphorbia epithymoides;Euphorbiaceae
Euphorbia epithymoides;Euphorbiaceae
Euphorbia epithymoides;Euphorbiaceae
Euphorbia epithymoides;Euphorbiaceae
Euphorbia erythrocucullata;Euphorbiaceae
Euphorbia fasciculata;Euphorbiaceae
Euphorbia fianarantsoae;Euphorbiaceae
Euphorbia flanaganii;Euphorbiaceae
Euphorbia fragifera;Euphorbiaceae
Euphorbia francoisii;Euphorbiaceae
Euphorbia francoisii;Euphorbiaceae
Euphorbia francoisii;Euphorbiaceae
Euphorbia fruticosa;Euphorbiaceae
Euphorbia fruticosa;Euphorbiaceae
Euphorbia galgalana;Euphorbiaceae
Euphorbia gemmea;Euphorbiaceae
Euphorbia genoudiana;Euphorbiaceae
Euphorbia genoudiana;Euphorbiaceae
Euphorbia geroldii;Euphorbiaceae
Euphorbia geroldii;Euphorbiaceae
Euphorbia geroldii;Euphorbiaceae
Euphorbia gigantea;Euphorbiaceae
Euphorbia globosa;Euphorbiaceae
Euphorbia globosa;Euphorbiaceae
Euphorbia glochidiata;Euphorbiaceae
Euphorbia glochidiata;Euphorbiaceae
Euphorbia goetzei;Euphorbiaceae
Euphorbia golisana;Euphorbiaceae
Euphorbia gottlebei;Euphorbiaceae
Euphorbia gottlebei;Euphorbiaceae
Euphorbia graciliramea;Euphorbiaceae
Euphorbia grandicornis;Euphorbiaceae
Euphorbia greenwayi;Euphorbiaceae
Euphorbia greenwayi;Euphorbiaceae
Euphorbia greenwayi;Euphorbiaceae
Euphorbia griffithii;Euphorbiaceae
Euphorbia griseola;Euphorbiaceae
Euphorbia griseola;Euphorbiaceae
Euphorbia guerichiana;Euphorbiaceae
Euphorbia guerichiana;Euphorbiaceae
Euphorbia guillauminiana;Euphorbiaceae
Euphorbia guillemetii;Euphorbiaceae
Euphorbia gymnocalycioides;Euphorbiaceae
Euphorbia gymnocalycioides;Euphorbiaceae
Euphorbia hedyotoides;Euphorbiaceae
Euphorbia hedyotoides;Euphorbiaceae
Euphorbia hedyotoides;Euphorbiaceae
Euphorbia hedyotoides;Euphorbiaceae
Euphorbia heterophylla;Euphorbiaceae
Euphorbia hofstaetteri;Euphorbiaceae
Euphorbia hofstaetteri;Euphorbiaceae
Euphorbia hofstaetteri;Euphorbiaceae
Euphorbia hofstaetteri;Euphorbiaceae
Euphorbia horombensis;Euphorbiaceae
Euphorbia horrida;Euphorbiaceae
Euphorbia horrida;Euphorbiaceae
Euphorbia hybr.;Euphorbiaceae
Euphorbia characias;Euphorbiaceae
Euphorbia characias;Euphorbiaceae
Euphorbia characias;Euphorbiaceae
Euphorbia characias;Euphorbiaceae
Euphorbia characias x robbiae;Euphorbiaceae
Euphorbia iharanae;Euphorbiaceae
Euphorbia inermis;Euphorbiaceae
Euphorbia inermis;Euphorbiaceae
Euphorbia ingens;Euphorbiaceae
Euphorbia ingens;Euphorbiaceae
Euphorbia itremensis;Euphorbiaceae
Euphorbia itremensis;Euphorbiaceae
Euphorbia knobelii;Euphorbiaceae
Euphorbia knobelii;Euphorbiaceae
Euphorbia knuthii;Euphorbiaceae
Euphorbia labatii;Euphorbiaceae
Euphorbia lactea;Euphorbiaceae
Euphorbia leandriana;Euphorbiaceae
Euphorbia leucocephala;Euphorbiaceae
Euphorbia leucodendron;Euphorbiaceae
Euphorbia leucodendron;Euphorbiaceae
Euphorbia leucodendron;Euphorbiaceae
Euphorbia leuconeura;Euphorbiaceae
Euphorbia leuconeura;Euphorbiaceae
Euphorbia lomelii;Euphorbiaceae
Euphorbia lophogona;Euphorbiaceae
Euphorbia mahabobokensis;Euphorbiaceae
Euphorbia mainty;Euphorbiaceae
Euphorbia mammillaris;Euphorbiaceae
Euphorbia mangelsdorffii;Euphorbiaceae
Euphorbia mangelsdorffii;Euphorbiaceae
Euphorbia marginata;Euphorbiaceae
Euphorbia mellifera;Euphorbiaceae
Euphorbia meloformis;Euphorbiaceae
Euphorbia meridionalis;Euphorbiaceae
Euphorbia meridionalis;Euphorbiaceae
Euphorbia milii;Euphorbiaceae
Euphorbia milii;Euphorbiaceae
Euphorbia milii;Euphorbiaceae
Euphorbia milii;Euphorbiaceae
Euphorbia milii;Euphorbiaceae
Euphorbia milii;Euphorbiaceae
Euphorbia milii;Euphorbiaceae
Euphorbia milii;Euphorbiaceae
Euphorbia milii;Euphorbiaceae
Euphorbia milii;Euphorbiaceae
Euphorbia milii;Euphorbiaceae
Euphorbia milii;Euphorbiaceae
Euphorbia milii;Euphorbiaceae
Euphorbia milii;Euphorbiaceae
Euphorbia mitriformis;Euphorbiaceae
Euphorbia monacantha;Euphorbiaceae
Euphorbia monacantha;Euphorbiaceae
Euphorbia monteiroi;Euphorbiaceae
Euphorbia monteiroi;Euphorbiaceae
Euphorbia moratii;Euphorbiaceae
Euphorbia moratii;Euphorbiaceae
Euphorbia myrsinites;Euphorbiaceae
Euphorbia myrsinites;Euphorbiaceae
Euphorbia neoarborescens;Euphorbiaceae
Euphorbia neohumbertii;Euphorbiaceae
Euphorbia neohumbertii;Euphorbiaceae
Euphorbia neohumbertii;Euphorbiaceae
Euphorbia neopedunculata;Euphorbiaceae
Euphorbia neoreflexa;Euphorbiaceae
Euphorbia nesemannii;Euphorbiaceae
Euphorbia nicaeensis;Euphorbiaceae
Euphorbia nyassae;Euphorbiaceae
Euphorbia obesa;Euphorbiaceae
Euphorbia obesa;Euphorbiaceae
Euphorbia obesa;Euphorbiaceae
Euphorbia pachypodioides;Euphorbiaceae
Euphorbia palustris;Euphorbiaceae
Euphorbia parvicyathophora;Euphorbiaceae
Euphorbia paulianii;Euphorbiaceae
Euphorbia pedilanthoides;Euphorbiaceae
Euphorbia pedilanthoides;Euphorbiaceae
Euphorbia pedilanthoides;Euphorbiaceae
Euphorbia pedroi;Euphorbiaceae
Euphorbia pentops;Euphorbiaceae
Euphorbia perangusta;Euphorbiaceae
Euphorbia perrieri;Euphorbiaceae
Euphorbia perrieri;Euphorbiaceae
Euphorbia petricola;Euphorbiaceae
Euphorbia phillipsioides;Euphorbiaceae
Euphorbia piscatoria;Euphorbiaceae
Euphorbia piscidermis;Euphorbiaceae
Euphorbia platyclada;Euphorbiaceae
Euphorbia platyclada;Euphorbiaceae
Euphorbia polygona;Euphorbiaceae
Euphorbia polygona;Euphorbiaceae
Euphorbia polygona;Euphorbiaceae
Euphorbia polygona;Euphorbiaceae
Euphorbia polygona;Euphorbiaceae
Euphorbia polygona;Euphorbiaceae
Euphorbia polygona;Euphorbiaceae
Euphorbia polygona;Euphorbiaceae
Euphorbia polygona;Euphorbiaceae
Euphorbia primulifolia;Euphorbiaceae
Euphorbia primulifolia;Euphorbiaceae
Euphorbia primulifolia;Euphorbiaceae
Euphorbia primulifolia;Euphorbiaceae
Euphorbia primulifolia;Euphorbiaceae
Euphorbia primulifolia;Euphorbiaceae
Euphorbia primulifolia;Euphorbiaceae
Euphorbia primulifolia;Euphorbiaceae
Euphorbia primulifolia;Euphorbiaceae
Euphorbia primulifolia;Euphorbiaceae
Euphorbia primulifolia;Euphorbiaceae
Euphorbia primulifolia;Euphorbiaceae
Euphorbia primulifolia;Euphorbiaceae
Euphorbia primulifolia;Euphorbiaceae
Euphorbia primulifolia;Euphorbiaceae
Euphorbia primulifolia;Euphorbiaceae
Euphorbia primulifolia;Euphorbiaceae
Euphorbia primulifolia;Euphorbiaceae
Euphorbia primulifolia;Euphorbiaceae
Euphorbia primulifolia;Euphorbiaceae
Euphorbia pseudoglobosa;Euphorbiaceae
Euphorbia pteroneura;Euphorbiaceae
Euphorbia quadrilatera;Euphorbiaceae
Euphorbia ramena;Euphorbiaceae
Euphorbia razafindratsirae;Euphorbiaceae
Euphorbia razafindratsirae;Euphorbiaceae
Euphorbia razafindratsirae;Euphorbiaceae
Euphorbia razafindratsirae;Euphorbiaceae
Euphorbia resinifera;Euphorbiaceae
Euphorbia retrospina;Euphorbiaceae
Euphorbia rhizophora;Euphorbiaceae
Euphorbia rigida;Euphorbiaceae
Euphorbia ritchiei;Euphorbiaceae
Euphorbia robivelonae;Euphorbiaceae
Euphorbia robivelonae;Euphorbiaceae
Euphorbia rossii;Euphorbiaceae
Euphorbia royleana;Euphorbiaceae
Euphorbia rubromarginata;Euphorbiaceae
Euphorbia sakarahaensis;Euphorbiaceae
Euphorbia sakarahaensis;Euphorbiaceae
Euphorbia samburuensis;Euphorbiaceae
Euphorbia sapinii;Euphorbiaceae
Euphorbia sarawschanica;Euphorbiaceae
Euphorbia sarcostemmoides;Euphorbiaceae
Euphorbia saxorum;Euphorbiaceae
Euphorbia saxorum;Euphorbiaceae
Euphorbia sebsebei;Euphorbiaceae
Euphorbia seguieriana;Euphorbiaceae
Euphorbia sekukuniensis;Euphorbiaceae
Euphorbia schizacantha;Euphorbiaceae
Euphorbia schoenlandii;Euphorbiaceae
Euphorbia schoenlandii;Euphorbiaceae
Euphorbia silenifolia;Euphorbiaceae
Euphorbia silenifolia;Euphorbiaceae
Euphorbia similiramea;Euphorbiaceae
Euphorbia sp.;Euphorbiaceae
Euphorbia sp.;Euphorbiaceae
Euphorbia sp.;Euphorbiaceae
Euphorbia sp.;Euphorbiaceae
Euphorbia sp.;Euphorbiaceae
Euphorbia sp.;Euphorbiaceae
Euphorbia sp.;Euphorbiaceae
Euphorbia sp.;Euphorbiaceae
Euphorbia sp.;Euphorbiaceae
Euphorbia sp.;Euphorbiaceae
Euphorbia sp.;Euphorbiaceae
Euphorbia sp.;Euphorbiaceae
Euphorbia sp. mkuziensis;Euphorbiaceae
Euphorbia sp. nova;Euphorbiaceae
Euphorbia sp. nova;Euphorbiaceae
Euphorbia sp. nova;Euphorbiaceae
Euphorbia spectabilis;Euphorbiaceae
Euphorbia spectabilis;Euphorbiaceae
Euphorbia spinosa;Euphorbiaceae
Euphorbia squarrosa;Euphorbiaceae
Euphorbia stellata;Euphorbiaceae
Euphorbia stenoclada;Euphorbiaceae
Euphorbia stenoclada;Euphorbiaceae
Euphorbia stenoclada;Euphorbiaceae
Euphorbia stygiana;Euphorbiaceae
Euphorbia subapoda;Euphorbiaceae
Euphorbia succulenta;Euphorbiaceae
Euphorbia susannae;Euphorbiaceae
Euphorbia susannae;Euphorbiaceae
Euphorbia susannae;Euphorbiaceae
Euphorbia susannae;Euphorbiaceae
Euphorbia tannensis;Euphorbiaceae
Euphorbia tardieuana;Euphorbiaceae
Euphorbia tenuispinosa;Euphorbiaceae
Euphorbia tirucalli;Euphorbiaceae
Euphorbia tirucalli;Euphorbiaceae
Euphorbia tirucalli;Euphorbiaceae
Euphorbia tirucalli;Euphorbiaceae
Euphorbia tortirama;Euphorbiaceae
Euphorbia tortirama;Euphorbiaceae
Euphorbia trichadenia;Euphorbiaceae
Euphorbia tuckeyana;Euphorbiaceae
Euphorbia tuckeyana;Euphorbiaceae
Euphorbia tulearensis;Euphorbiaceae
Euphorbia tulearensis;Euphorbiaceae
Euphorbia turbiniformis;Euphorbiaceae
Euphorbia uhligiana;Euphorbiaceae
Euphorbia uhligiana;Euphorbiaceae
Euphorbia umbellata;Euphorbiaceae
Euphorbia undulatifolia;Euphorbiaceae
Euphorbia valida;Euphorbiaceae
Euphorbia viguieri;Euphorbiaceae
Euphorbia viguieri;Euphorbiaceae
Euphorbia viguieri;Euphorbiaceae
Euphorbia viguieri;Euphorbiaceae
Euphorbia viguieri;Euphorbiaceae
Euphorbia viguieri;Euphorbiaceae
Euphorbia viguieri;Euphorbiaceae
Euphorbia viguieri;Euphorbiaceae
Euphorbia viguieri;Euphorbiaceae
Euphorbia viguieri;Euphorbiaceae
Euphorbia viguieri;Euphorbiaceae
Euphorbia villosa;Euphorbiaceae
Euphorbia villosa;Euphorbiaceae
Euphorbia weberbaueri;Euphorbiaceae
Euphorbia x japonica;Euphorbiaceae
Euphorbia xylacantha;Euphorbiaceae
Eupomatia bennettii;Eupomatiaceae
Euptelea franchetii;Eupteleaceae
Euptelea pleiosperma;Eupteleaceae
Euptelea polyandra;Eupteleaceae
Euptelea polyandra;Eupteleaceae
Euptelea polyandra;Eupteleaceae
Eurybia divaricata;Asteraceae
Eurybia divaricata;Asteraceae
Eurybia divaricata;Asteraceae
Eurybia divaricata;Asteraceae
Eurybia divaricata;Asteraceae
Eurybia macrophylla;Asteraceae
Eurybia macrophylla;Asteraceae
Eurybia macrophylla;Asteraceae
Eurybia schreberi;Asteraceae
Eurybia sibirica;Asteraceae
Eurybia spectabilis;Asteraceae
Eurybia spectabilis;Asteraceae
Euryops abrotanifolius;Asteraceae
Euryops lateriflorus;Asteraceae
Euryops multifidus;Asteraceae
Euryops spathaceus;Asteraceae
Euryops speciosissimus;Asteraceae
Euryops tysonii;Asteraceae
Euryops virgineus;Asteraceae
Eustrephus latifolius;Asparagaceae (Laxmanniaceae)
Euterpe edulis;Arecaceae
Eutrochium dubium;Asteraceae
Eutrochium dubium;
Eutrochium fistulosum;Asteraceae
Eutrochium fistulosum;Asteraceae
Eutrochium fistulosum;Asteraceae
Eutrochium maculatum;Asteraceae
Eutrochium maculatum;Asteraceae
Eutrochium maculatum;
Eutrochium maculatum;
Eutrochium maculatum;Asteraceae
Eutrochium maculatum;Asteraceae
Eutrochium maculatum;
Eutrochium purpureum;Asteraceae
Exochorda korolkowi;Rosaceae
Exochorda racemosa;Rosaceae
Exochorda seratifolia;Rosaceae
Exochorda tianschanica;Rosaceae
Fadyenia hookeri;Tectariaceae
Fagus crenata;Fagaceae
Fagus grandifolia;Fagaceae
Fagus lucida;Fagaceae
Fagus sylvatica;Fagaceae
Fagus sylvatica;Fagaceae
Fagus sylvatica;Fagaceae
Fagus sylvatica;Fagaceae
Fagus sylvatica;Fagaceae
Fagus sylvatica;Fagaceae
Fagus sylvatica;Fagaceae
Fagus sylvatica;Fagaceae
Fagus sylvatica;Fagaceae
Fagus sylvatica;Fagaceae
Fagus sylvatica;Fagaceae
Fagus sylvatica;Fagaceae
Fagus sylvatica;Fagaceae
Fagus sylvatica;Fagaceae
Fagus sylvatica;Fagaceae
Fagus sylvatica;Fagaceae
Fagus sylvatica;Fagaceae
Fagus sylvatica;Fagaceae
Fagus sylvatica;Fagaceae
Fagus sylvatica;Fagaceae
Fagus sylvatica;Fagaceae
Fagus sylvatica;Fagaceae
Fagus sylvatica;Fagaceae
Fagus sylvatica;Fagaceae
Fagus sylvatica;Fagaceae
Fagus sylvatica;Fagaceae
Fagus sylvatica;Fagaceae
Fagus sylvatica;Fagaceae
Fagus sylvatica;Fagaceae
Fagus sylvatica;Fagaceae
Fagus sylvatica;Fagaceae
Fagus sylvatica;Fagaceae
Fagus sylvatica;Fagaceae
Fagus sylvatica;Fagaceae
Fagus sylvatica;Fagaceae
Fagus sylvatica;Fagaceae
Fagus sylvatica;Fagaceae
Fagus sylvatica;Fagaceae
Fagus sylvatica;Fagaceae
Fagus sylvatica;Fagaceae
Fagus sylvatica;Fagaceae
Fagus sylvatica;Fagaceae
Fagus sylvatica;Fagaceae
Fagus sylvatica;Fagaceae
Fagus sylvatica;Fagaceae
Fagus sylvatica;Fagaceae
Fagus sylvatica;Fagaceae
Fagus sylvatica;Fagaceae
Fagus sylvatica;Fagaceae
Fagus sylvatica;Fagaceae
Fagus sylvatica;Fagaceae
Fagus sylvatica;Fagaceae
Falcatifolium gruezoi;Podocarpaceae
Falcatifolium papuanum;Podocarpaceae
Falcatifolium taxoides;Podocarpaceae
Farfugium japonicum;Asteraceae
Farfugium japonicum;Asteraceae
Farfugium japonicum;Asteraceae
Farfugium japonicum;Asteraceae
Fargesia demmisa;Poaceae
Fargesia denudata;Poaceae
Fargesia denudata;Poaceae
Fargesia nitida;Poaceae
Fargesia rufa;Poaceae
Fargesia rufa;Poaceae
Fargesia sp.;Poaceae
Fascicularia bicolor;Bromeliaceae
Fascicularia pitcairniifolia;Bromeliaceae
Faucaria bosscheana;Aizoaceae
Faucaria bosscheana;Aizoaceae
Faucaria felina;Aizoaceae
Faucaria felina;Aizoaceae
Faucaria felina;Aizoaceae
Faucaria subintegra;Aizoaceae
Faucaria tuberculosa;Aizoaceae
Felicia aethiopica;Asteraceae
Felicia bergeriana;Asteraceae
Felicia heterophylla;Asteraceae
Felicia hyssopifolia;Asteraceae
Felicia muricata;Asteraceae
Felicia rosulata;Asteraceae
Felicia tenella;Asteraceae
Fernandoa madagascariensis;Bignoniaceae
Ferocactus glaucescens;Cactaceae
Ferraria divaricata;Iridaceae
Ferula assa-foetida;Apiaceae
Ferula communis;Apiaceae
Ferula gummosa;Apiaceae
Festuca alpina;Poaceae
Festuca alpina;Poaceae
Festuca altissima;Poaceae
Festuca amethystina;Poaceae
Festuca breistrofferi;Poaceae
Festuca cinerea;Poaceae
Festuca cinerea;Poaceae
Festuca circummediterranea;Poaceae
Festuca dalmatica;Poaceae
Festuca flavescens;Poaceae
Festuca gautieri;Poaceae
Festuca gautieri;Poaceae
Festuca glauca;Poaceae
Festuca glauca;Poaceae
Festuca glauca;Poaceae
Festuca glauca;Poaceae
Festuca glauca;Poaceae
Festuca glauca;Poaceae
Festuca heterophylla;Poaceae
Festuca huonii;Poaceae
Festuca hybr.;Poaceae
Festuca hybr.;Poaceae
Festuca hybr.;Poaceae
Festuca hybr.;Poaceae
Festuca hybr.;Poaceae
Festuca hybr.;Poaceae
Festuca hybr.;Poaceae
Festuca hybr.;Poaceae
Festuca inops;Poaceae
Festuca juncifolia;Poaceae
Festuca mairiei;Poaceae
Festuca ovina;Poaceae
Festuca ovina;Poaceae
Festuca ovina;Poaceae
Festuca pallens;Poaceae
Festuca pallens;Poaceae
Festuca psammophila;Poaceae
Festuca punctoria;Poaceae
Festuca quadriflora;Poaceae
Festuca rochelli;Poaceae
Festuca sp.;Poaceae
Festuca sp.;Poaceae
Festuca sp.;Poaceae
Festuca sp.;Poaceae
Festuca trichophylla;Poaceae
Festuca valesiaca;Poaceae
Festuca valesiaca;Poaceae
Festuca valesiaca;Poaceae
Festuca vasconcensis;Poaceae
Festuca violacea;Poaceae
Festuca vivipara;Poaceae
Festuca yvesii;Poaceae
Ficaria ficarioides;Ranunculaceae
Ficaria verna;Ranunculaceae
Ficaria verna;Ranunculaceae
Ficaria verna;Ranunculaceae
Ficaria verna;Ranunculaceae
Ficaria verna;Ranunculaceae
Ficaria verna;Ranunculaceae
Ficaria verna;Ranunculaceae
Ficaria verna;Ranunculaceae
Ficaria verna;Ranunculaceae
Ficaria verna;Ranunculaceae
Ficaria verna;Ranunculaceae
Ficaria verna;Ranunculaceae
Ficaria verna;Ranunculaceae
Ficaria verna;Ranunculaceae
Ficaria verna;Ranunculaceae
Ficaria verna;Ranunculaceae
Ficaria verna;Ranunculaceae
Ficaria verna;Ranunculaceae
Ficaria verna;Ranunculaceae
Ficaria verna;Ranunculaceae
Ficaria verna;Ranunculaceae
Ficaria verna;Ranunculaceae
Ficaria verna;Ranunculaceae
Ficaria verna;Ranunculaceae
Ficaria verna;Ranunculaceae
Ficaria verna;Ranunculaceae
Ficaria verna;Ranunculaceae
Ficaria verna;Ranunculaceae
Ficaria verna;Ranunculaceae
Ficaria verna;Ranunculaceae
Ficaria verna;Ranunculaceae
Ficaria verna;Ranunculaceae
Ficaria verna;Ranunculaceae
Ficaria verna;Ranunculaceae
Ficaria verna;Ranunculaceae
Ficaria verna;Ranunculaceae
Ficaria verna;Ranunculaceae
Ficaria verna;Ranunculaceae
Ficaria verna;Ranunculaceae
Ficaria verna;Ranunculaceae
Ficaria verna;Ranunculaceae
Ficaria verna;Ranunculaceae
Ficaria verna;Ranunculaceae
Ficaria verna;Ranunculaceae
Ficaria verna;Ranunculaceae
Ficaria verna;Ranunculaceae
Ficaria verna;Ranunculaceae
Ficaria verna;Ranunculaceae
Ficaria verna;Ranunculaceae
Ficaria verna;Ranunculaceae
Ficaria verna;Ranunculaceae
Ficaria verna;Ranunculaceae
Ficaria verna;Ranunculaceae
Ficaria verna;Ranunculaceae
Ficaria verna;Ranunculaceae
Ficaria verna;Ranunculaceae
Ficus abutilifolia;Moraceae
Ficus arnottiana;Moraceae
Ficus aurea;Moraceae
Ficus burtt-davyi;Moraceae
Ficus carica;Moraceae
Ficus cordata;Moraceae
Ficus cyathistipula;Moraceae
Ficus glumosa;Moraceae
Ficus habrophylla;Moraceae
Ficus heterophylla;Moraceae
Ficus ingens;Moraceae
Ficus neriifolia;Moraceae
Ficus pandurata;Moraceae
Ficus pandurata;Moraceae
Ficus petiolaris;Moraceae
Ficus pumila;Moraceae
Ficus pumila;Moraceae
Ficus quercifolia;Moraceae
Ficus religiosa;Moraceae
Ficus sarmentosa;Moraceae
Ficus septica;Moraceae
Ficus sp.;Moraceae
Ficus sp.;Moraceae
Ficus sp.;Moraceae
Ficus sp.;Moraceae
Ficus sp.;Moraceae
Ficus sp.;Moraceae
Ficus sp.;Moraceae
Ficus sp.;Moraceae
Ficus sp.;Moraceae
Ficus sp.;Moraceae
Ficus sp.;Moraceae
Ficus sp.;Moraceae
Ficus sur;Moraceae
Ficus ticoua;Moraceae
Ficus tinctoria;Moraceae
Ficus trichopoda;Moraceae
Ficus vaccinioides;Moraceae
Ficus villosa;Moraceae
Ficus villosa;Moraceae
Ficus villosa;Moraceae
Ficus wightiana;Moraceae
Filago arvensis;Asteraceae
Filago arvensis;Asteraceae
Filago lutescens;Asteraceae
Filago vulgaris;Asteraceae
Filipendula camtschatica;Rosaceae
Filipendula camtschatica;Rosaceae
Filipendula hybr.;Rosaceae
Filipendula kiraishiensis;Rosaceae
Filipendula palmata;Rosaceae
Filipendula palmata;Rosaceae
Filipendula palmata;Rosaceae
Filipendula palmata;Rosaceae
Filipendula purpurea;Rosaceae
Filipendula rubra;Rosaceae
Filipendula sp.;Rosaceae
Filipendula ulmaria;Rosaceae
Filipendula ulmaria;Rosaceae
Filipendula vulgaris;Rosaceae
Filipendula vulgaris;Rosaceae
Fimbristylis dichotoma;Cyperaceae
Fimbristylis nutans;Cyperaceae
Firmiana colorata;Malvaceae
Firmiana colorata;Malvaceae
Fittonia albivenis;Acanthaceae
Fittonia argyroneura;Acanthaceae
Fittonia gigantea;Acanthaceae
Fitzroya cupressoides;Cupressaceae
Fitzroya cupressoides;Cupressaceae
Flacourtia rukam;Salicaceae
Flickingeria fimbriata;Orchidaceae
Flickingeria fimbriata;Orchidaceae
Flickingeria luxurians;Orchidaceae
Flickingeria luxurians;Orchidaceae
Flickingeria luxurians;Orchidaceae
Flickingeria sp.;Orchidaceae
Flickingeria sp.;Orchidaceae
Flickingeria vietnamensis;Orchidaceae
Flueggea virosa;Euphorbiaceae
Fockea capensis;Apocynaceae
Fockea edulis;Apocynaceae
Fockea edulis;Apocynaceae
Fockea edulis;Apocynaceae
Foeniculum vulgare;Apiaceae
Fokienia hodginsii;Cupressaceae
Folotsia sp.;Apocynaceae
Fontanesia fortunei;Oleaceae
Fontanesia fortunei;Oleaceae
Fontanesia phillyreoides;Oleaceae
Forestiera neomexicana;Oleaceae
Forestiera pubescens;Oleaceae
Forestiera segregata;Oleaceae
Forsythia <x >intermedia;Rosopsida
Forsythia <x >intermedia;Oleaceae
Forsythia <x >intermedia;Oleaceae
Forsythia <x >intermedia;Oleaceae
Forsythia <x >intermedia;Oleaceae
Forsythia <x >intermedia;Oleaceae
Forsythia <x >intermedia;Oleaceae
Forsythia <x >intermedia;Oleaceae
Forsythia <x >intermedia;Oleaceae
Forsythia <x >intermedia;Oleaceae
Forsythia <x >intermedia;Oleaceae
Forsythia <x >intermedia;Oleaceae
Forsythia <x >intermedia;Oleaceae
Forsythia <x >intermedia;Oleaceae
Forsythia <x >intermedia;Oleaceae
Forsythia <x >intermedia;Oleaceae
Forsythia <x >intermedia;Oleaceae
Forsythia europaea;Oleaceae
Forsythia giraldiana;Oleaceae
Forsythia japonica;Oleaceae
Forsythia japonica;Oleaceae
Forsythia japonica;Oleaceae
Forsythia ovata;Oleaceae
Forsythia ovata;Oleaceae
Forsythia suspensa;Oleaceae
Forsythia suspensa;Oleaceae
Forsythia suspensa;Oleaceae
Forsythia viridissima;Oleaceae
Forsythia viridissima;Oleaceae
Fortunearia sinensis;Hamamelidaceae
Fortunella crassifolia;Rutaceae
Fortunella sp.;Rutaceae
Fosterella penduliflora;Bromeliaceae
Fosterella villosula;Bromeliaceae
Fothergilla gardenii;Hamamelidaceae
Fothergilla gardenii;Hamamelidaceae
Fothergilla gardenii;Hamamelidaceae
Fothergilla major;Hamamelidaceae
Fothergilla major;Hamamelidaceae
Fothergilla monticola;Hamamelidaceae
Fothergilla monticola;Hamamelidaceae
Fouquieria burragei;Fouquieriaceae
Fouquieria columnaris;Fouquieriaceae
Fouquieria columnaris;Fouquieriaceae
Fouquieria diguetii;Fouquieriaceae
Fouquieria leonilae;Fouquieriaceae
Fouquieria purpusii;Fouquieriaceae
Fouquieria sp.;Fouquieriaceae
Fouquieria sp.;Fouquieriaceae
Fouquieria splendens;Fouquieriaceae
Fragaria hybr.;Rosaceae
Fragaria chiloensis;Rosaceae
Fragaria moschata;Rosaceae
Fragaria vesca;Rosaceae
Fragaria vesca;Rosaceae
Fragaria vesca;Rosaceae
Fragaria vesca;Rosaceae
Fragaria vesca;Rosaceae
Fragaria vesca;Rosaceae
Fragaria vesca;Rosaceae
Fragaria vesca;Rosaceae
Fragaria vesca;Rosaceae
Fragaria vesca;Rosaceae
Fragaria vesca;Rosaceae
Fragaria vesca;Rosaceae
Fragaria vesca;Rosaceae
Fragaria vesca;Rosaceae
Fragaria virginiana;Rosaceae
Fragaria virginiana;Rosaceae
Fragaria virginiana;Rosaceae
Fragaria viridis;Rosaceae
Frailea zapicanensis;Cactaceae
Francoa appendiculata;Saxifragaceae
Frangula alnus;Rhamnaceae
Frangula alnus;Rhamnaceae
Frangula alnus;Rhamnaceae
Frankenia laevis;Frankeniaceae
Franklinia alatamaha;Theaceae
Fraxinus americana;Oleaceae
Fraxinus angustifolia;Oleaceae
Fraxinus angustifolia;Oleaceae
Fraxinus anomala;Oleaceae
Fraxinus dipetala;Oleaceae
Fraxinus excelsior;Oleaceae
Fraxinus excelsior;Oleaceae
Fraxinus excelsior;Oleaceae
Fraxinus excelsior;Oleaceae
Fraxinus excelsior;Oleaceae
Fraxinus excelsior;Oleaceae
Fraxinus excelsior;Oleaceae
Fraxinus excelsior;Oleaceae
Fraxinus excelsior;Oleaceae
Fraxinus latifolia;Oleaceae
Fraxinus latifolia;Oleaceae
Fraxinus longicuspis;Oleaceae
Fraxinus mandshurica;Oleaceae
Fraxinus ornus;Oleaceae
Fraxinus ornus;Oleaceae
Fraxinus ornus;Oleaceae
Fraxinus pennsylvanica;Oleaceae
Fraxinus quadrangulata;Oleaceae
Fraxinus rhynchophylla;Oleaceae
Fraxinus rotundifolia;Oleaceae
Fraxinus sieboldiana;Oleaceae
Fraxinus sieboldiana;Oleaceae
Fraxinus sikkimensis;Oleaceae
Fraxinus sp.;Oleaceae
Fraxinus sp.;Oleaceae
Fraxinus sp.;Oleaceae
Fraxinus sp.;Oleaceae
Fraxinus sp.;Oleaceae
Fraxinus tomentosa;Oleaceae
Fremontodendron californicum;Malvaceae
Freycinetia cumingiana;Pandanaceae
Freycinetia elliptica;Pandanaceae
Freycinetia sp.;Pandanaceae
Freycinetia sp.;Pandanaceae
Freycinetia sp.;Pandanaceae
Fritillaria acmopetala;Liliaceae
Fritillaria acmopetala;Liliaceae
Fritillaria bucharica;Liliaceae
Fritillaria elwesii;Liliaceae
Fritillaria glauca;Liliaceae
Fritillaria imperialis;Liliaceae
Fritillaria imperialis;Liliaceae
Fritillaria imperialis;Liliaceae
Fritillaria imperialis;Liliaceae
Fritillaria imperialis;Liliaceae
Fritillaria imperialis;Liliaceae
Fritillaria meleagris;Liliaceae
Fritillaria meleagris;Liliaceae
Fritillaria messanensis;Liliaceae
Fritillaria montana;Liliaceae
Fritillaria olivieri;Liliaceae
Fritillaria persica;Liliaceae
Fritillaria pontica;Liliaceae
Fritillaria pyrenaica;Liliaceae
Fritillaria raddeana;Liliaceae
Fritillaria rhodocanakis;Liliaceae
Fritillaria sewerzowi;Liliaceae
Fritillaria schliemanni;Liliaceae
Fuchsia boliviana;Onagraceae
Fuchsia campos-portoi;Onagraceae
Fuchsia corymbiflora;Onagraceae
Fuchsia excorticata;Onagraceae
Fuchsia excorticata;Onagraceae
Fuchsia hatschbachii;Onagraceae
Fuchsia lycioides;Onagraceae
Fuchsia magellanica;Onagraceae
Fuchsia michoacanensis;Onagraceae
Fuchsia obconica;Onagraceae
Fuchsia paniculata;Onagraceae
Fuchsia procumbens;Onagraceae
Fuchsia regia;Onagraceae
Fuchsia sp.;Onagraceae
Fuchsia sp.;Onagraceae
Fuchsia sp.;Onagraceae
Fuchsia thymifolia;Onagraceae
Fuchsia thymifolia;Onagraceae
Fumana aciphylla;Cistaceae
Fumana procumbens;Cistaceae
Fumana thymifolia;Cistaceae
Furcraea bedinghausii;Asparagaceae (Agavaceae)
Furcraea sp.;Asparagaceae (Agavaceae)
Furcraea sp.;Asparagaceae (Agavaceae)
Gagea bohemica;Liliaceae
Gagea lutea;Liliaceae
Gagea transversalis;Liliaceae
Gagnepainia harmandii;Zingiberaceae
Gaillardia aristata;Asteraceae
Gaillardia pulchella;Asteraceae
Galanthus fosteri;Amaryllidaceae
Galanthus hybr.;Amaryllidaceae
Galanthus hybr.;Amaryllidaceae
Galanthus hybr.;Amaryllidaceae
Galanthus hybr.;Amaryllidaceae
Galanthus hybr.;Amaryllidaceae
Galanthus hybr.;Amaryllidaceae
Galanthus nivalis;Amaryllidaceae
Galanthus nivalis;Amaryllidaceae
Galanthus nivalis;Amaryllidaceae
Galanthus nivalis;Amaryllidaceae
Galanthus nivalis;Amaryllidaceae
Galanthus nivalis;Amaryllidaceae
Galanthus nivalis;Amaryllidaceae
Galanthus nivalis;Amaryllidaceae
Galanthus nivalis;Amaryllidaceae
Galanthus rizehensis;Amaryllidaceae
Galanthus sp.;Amaryllidaceae
Galatella cana;Asteraceae
Galatella cana;Asteraceae
Galega hybr.;Fabaceae (s.str.)
Galega officinalis;Fabaceae (s.str.)
Galega orientalis;Fabaceae (s.str.)
Galega x hartlandii;Fabaceae (s.str.)
Galeobdolon luteum;Lamiaceae
Galeobdolon luteum;Lamiaceae
Galeobdolon luteum;Lamiaceae
Galium arenarium;Rubiaceae
Galium arenarium;Rubiaceae
Galium elongatum;Rubiaceae
Galium fissurense;Rubiaceae
Galium glaucum;Rubiaceae
Galium odoratum;Rubiaceae
Galium palustre;Rubiaceae
Galium verum;Rubiaceae
Galium verum;Rubiaceae
Galium verum;Rubiaceae
Galium wirtgenii;Rubiaceae
Garcinia mangostana;Clusiaceae
Gardenia aubryi;Rubiaceae
Gardenia resiniflua;Rubiaceae
Gardenia thunbergia;Rubiaceae
Gardenia thunbergia;Rubiaceae
Gardenia urvillei;Rubiaceae
Gardenia volkensii;Rubiaceae
Garrya elliptica;Garryaceae
Gasteria acinacifolia;Xanthorrhoeaceae
Gasteria acinacifolia;Xanthorrhoeaceae
Gasteria batesiana;Xanthorrhoeaceae
Gasteria batesiana;Xanthorrhoeaceae
Gasteria brachyphylla;Xanthorrhoeaceae
Gasteria carinata;Xanthorrhoeaceae
Gasteria carinata;Xanthorrhoeaceae
Gasteria carinata;Xanthorrhoeaceae
Gasteria croucheri;Xanthorrhoeaceae
Gasteria disticha;Xanthorrhoeaceae
Gasteria nitida;Xanthorrhoeaceae
Gasteria obliqua;Xanthorrhoeaceae
Gasteria obliqua;Xanthorrhoeaceae
Gasteria pillansii;Xanthorrhoeaceae
Gasteria pulchra;Xanthorrhoeaceae
Gasteria rawlinsonii;Xanthorrhoeaceae
Gastrochilus calceolaris;Orchidaceae
Gastrochilus japonicus;Orchidaceae
Gastrolobium bilobum;Fabaceae (s.str.)
Gastrorchis humblotii;Orchidaceae
Gaultheria borneensis;Ericaceae
Gaultheria cuneata;Ericaceae
Gaultheria cuneata;Ericaceae
Gaultheria macrostigma;Ericaceae
Gaultheria procumbens;Ericaceae
Gaultheria procumbens;Ericaceae
Gaultheria procumbens;Ericaceae
Gaultheria procumbens;Ericaceae
Gaura lindheimeri;Onagraceae
Gaura lindheimeri;Onagraceae
Gaura lindheimeri;Onagraceae
Gaura lindheimeri;Onagraceae
Gaura lindheimeri;Onagraceae
Gaura lindheimeri;Onagraceae
Gaura lindheimeri;Onagraceae
Gaura lindheimeri;Onagraceae
Gaura lindheimeri;Onagraceae
Gaura lindheimeri;Onagraceae
Gaura lindheimeri;Onagraceae
Gaussia maya;Arecaceae
Gaylussacia baccata;Ericaceae
Gaylussacia brachycera;Ericaceae
Gazania jurineifolia;Asteraceae
Gazania krebsiana;Asteraceae
Gazania lichtensteinii;Asteraceae
Gazania linearis;Asteraceae
Gazania rigens;Asteraceae
Gazania sp.;Asteraceae
Gelsemium rankinii;Loganiaceae
Gelsemium sempervirens;Loganiaceae
Genipa americana;Rubiaceae
Genista albida;Fabaceae (s.str.)
Genista aspalathoides;Fabaceae (s.str.)
Genista cinerea;Fabaceae (s.str.)
Genista dorycnifolia;Fabaceae (s.str.)
Genista fasselata;Fabaceae (s.str.)
Genista horrida;Fabaceae (s.str.)
Genista januensis;Fabaceae (s.str.)
Genista lydia;Fabaceae (s.str.)
Genista lydia;Fabaceae (s.str.)
Genista pilosa;Fabaceae (s.str.)
Genista pilosa;Fabaceae (s.str.)
Genista pilosa;Fabaceae (s.str.)
Genista radiata;Fabaceae (s.str.)
Genista tinctoria;Fabaceae (s.str.)
Genistella sagittalis;Fabaceae (s.str.)
Genistella sagittalis;Fabaceae (s.str.)
Genistella sagittalis;Fabaceae (s.str.)
Genistella sagittalis;Fabaceae (s.str.)
Genlisea africana;Lentibulariaceae
Genlisea aurea;Lentibulariaceae
Genlisea aurea;Lentibulariaceae
Genlisea aurea;Lentibulariaceae
Genlisea aurea;Lentibulariaceae
Genlisea exhibitionista;Lentibulariaceae
Genlisea filiformis;Lentibulariaceae
Genlisea glandulosissima;Lentibulariaceae
Genlisea hispidula;Lentibulariaceae
Genlisea hispidula;Lentibulariaceae
Genlisea hispidula;Lentibulariaceae
Genlisea hispidula;Lentibulariaceae
Genlisea lobata;Lentibulariaceae
Genlisea margaretae;Lentibulariaceae
Genlisea margaretae;Lentibulariaceae
Genlisea metallica;Lentibulariaceae
Genlisea metallica;Lentibulariaceae
Genlisea nebulicola;Lentibulariaceae
Genlisea oligophylla;Lentibulariaceae
Genlisea pulchella;Lentibulariaceae
Genlisea pygmaea;Lentibulariaceae
Genlisea pygmaea;Lentibulariaceae
Genlisea repens;Lentibulariaceae
Genlisea roraimensis;Lentibulariaceae
Genlisea roraimensis;Lentibulariaceae
Genlisea sp.;Lentibulariaceae
Genlisea sp.;Lentibulariaceae
Genlisea subglabra;Lentibulariaceae
Genlisea uncinata;Lentibulariaceae
Genlisea violacea;Lentibulariaceae
Genlisea violacea;Lentibulariaceae
Genlisea violacea;Lentibulariaceae
Gennaria diphylla;Orchidaceae
Gentiana acaulis;Gentianaceae
Gentiana asclepiadea;Gentianaceae
Gentiana hybr.;Gentianaceae
Gentiana lutea;Gentianaceae
Gentiana lutea;Gentianaceae
Gentiana punctata;Gentianaceae
Gentiana septemfida;Gentianaceae
Gentiana septemfida;Gentianaceae
Gentiana sp.;Gentianaceae
Gentiana triflora;Gentianaceae
Gentiana verna;Gentianaceae
Geogenanthus ciliatus;Commelinaceae
Geogenanthus poeppigii;Commelinaceae
Geogenanthus sp.;Commelinaceae
Geogenanthus sp.;Commelinaceae
Geonoma atrovirens;Arecaceae
Geonoma interrupta;Arecaceae
Geonoma interrupta;Arecaceae
Geonoma longe-vaginata;Arecaceae
Geranium <x >cantabrigiense;Geraniaceae
Geranium <x >monacense;Geraniaceae
Geranium <x >oxonianum;Geraniaceae
Geranium <x >oxonianum;Geraniaceae
Geranium <x >oxonianum;Geraniaceae
Geranium <x >oxonianum;Geraniaceae
Geranium <x >oxonianum;Geraniaceae
Geranium <x >oxonianum;Geraniaceae
Geranium albanum;Geraniaceae
Geranium aristatum;Geraniaceae
Geranium asphodeloides;Geraniaceae
Geranium bohemicum;Geraniaceae
Geranium brycei;Geraniaceae
Geranium caffrum;Geraniaceae
Geranium canariense;Geraniaceae
Geranium cinereum;Geraniaceae
Geranium cinereum;Geraniaceae
Geranium cinereum;Geraniaceae
Geranium cinereum;Geraniaceae
Geranium cinereum;Geraniaceae
Geranium cinereum;Geraniaceae
Geranium cinereum;Geraniaceae
Geranium cinereum;Geraniaceae
Geranium clarkei;Geraniaceae
Geranium clarkei;Geraniaceae
Geranium clarkei;Geraniaceae
Geranium clarkei;Geraniaceae
Geranium clarum;Geraniaceae
Geranium collinum;Geraniaceae
Geranium dalmaticum;Geraniaceae
Geranium dalmaticum;Geraniaceae
Geranium dalmaticum;Geraniaceae
Geranium dalmaticum;Geraniaceae
Geranium endressii;Geraniaceae
Geranium endressii;Geraniaceae
Geranium endressii;Geraniaceae
Geranium gracile;Geraniaceae
Geranium gymnocaulon;Geraniaceae
Geranium himalayense;Geraniaceae
Geranium himalayense;Geraniaceae
Geranium himalayense;Geraniaceae
Geranium himalayense;Geraniaceae
Geranium himalayense;Geraniaceae
Geranium himalayense;Geraniaceae
Geranium hybr.;Geraniaceae
Geranium hybr.;Geraniaceae
Geranium hybr.;Geraniaceae
Geranium hybr.;Geraniaceae
Geranium hybr.;Geraniaceae
Geranium hybr.;Geraniaceae
Geranium hybr.;Geraniaceae
Geranium hybr.;Geraniaceae
Geranium hybr.;Geraniaceae
Geranium hybr.;Geraniaceae
Geranium hybr.;Geraniaceae
Geranium hybr.;Geraniaceae
Geranium hybr.;Geraniaceae
Geranium hybr.;Geraniaceae
Geranium hybr.;Geraniaceae
Geranium hybr.;Geraniaceae
Geranium hybr.;Geraniaceae
Geranium hybr.;Geraniaceae
Geranium hybr.;Geraniaceae
Geranium hybr.;Geraniaceae
Geranium hybr.;Geraniaceae
Geranium hybr.;Geraniaceae
Geranium hybr.;Geraniaceae
Geranium hybr.;Geraniaceae
Geranium hybr.;Geraniaceae
Geranium hybr.;Geraniaceae
Geranium hybr.;Geraniaceae
Geranium hybr.;Geraniaceae
Geranium hybr.;Geraniaceae
Geranium hybr.;Geraniaceae
Geranium christensenianum;Geraniaceae
Geranium ibericum;Geraniaceae
Geranium ibericum;Geraniaceae
Geranium ibericum;Geraniaceae
Geranium ibericum;Geraniaceae
Geranium ibericum;Geraniaceae
Geranium incanum;Geraniaceae
Geranium kishtvariense;Geraniaceae
Geranium koraiense;Geraniaceae
Geranium koreanum;Geraniaceae
Geranium krameri;Geraniaceae
Geranium lucidum;Geraniaceae
Geranium macrorrhizum;Geraniaceae
Geranium macrorrhizum;Geraniaceae
Geranium macrorrhizum;Geraniaceae
Geranium macrorrhizum;Geraniaceae
Geranium macrorrhizum;Geraniaceae
Geranium macrorrhizum;Geraniaceae
Geranium macrorrhizum;Geraniaceae
Geranium macrorrhizum;Geraniaceae
Geranium macrorrhizum;Geraniaceae
Geranium macrorrhizum;Geraniaceae
Geranium macrorrhizum;Geraniaceae
Geranium macrorrhizum;Geraniaceae
Geranium macrorrhizum;Geraniaceae
Geranium macrorrhizum;Geraniaceae
Geranium macrorrhizum;Geraniaceae
Geranium macrorrhizum;Geraniaceae
Geranium macrorrhizum;Geraniaceae
Geranium macrorrhizum;Geraniaceae
Geranium macrorrhizum;Geraniaceae
Geranium macrostylum;Geraniaceae
Geranium maculatum;Geraniaceae
Geranium maculatum;Geraniaceae
Geranium maculatum;Geraniaceae
Geranium maculatum;Geraniaceae
Geranium multisectum;Geraniaceae
Geranium nepalense;Geraniaceae
Geranium nodosum;Geraniaceae
Geranium nodosum;Geraniaceae
Geranium nodosum;Geraniaceae
Geranium nodosum;Geraniaceae
Geranium oxydendrum;Geraniaceae
Geranium phaeum;Geraniaceae
Geranium phaeum;Geraniaceae
Geranium phaeum;Geraniaceae
Geranium phaeum;Geraniaceae
Geranium platypetalum;Geraniaceae
Geranium platypetalum;Geraniaceae
Geranium pratense;Geraniaceae
Geranium pratense;Geraniaceae
Geranium pratense;Geraniaceae
Geranium pratense;Geraniaceae
Geranium pratense;Geraniaceae
Geranium pratense;Geraniaceae
Geranium pratense;Geraniaceae
Geranium pratense;Geraniaceae
Geranium pratense;Geraniaceae
Geranium pratense;Geraniaceae
Geranium pratense;Geraniaceae
Geranium pratense;Geraniaceae
Geranium procurrens;Geraniaceae
Geranium psilostemon;Geraniaceae
Geranium psilostemon;Geraniaceae
Geranium psilostemon;Geraniaceae
Geranium pyrenaicum;Geraniaceae
Geranium rectum;Geraniaceae
Geranium rectum;Geraniaceae
Geranium renardii;Geraniaceae
Geranium renardii;Geraniaceae
Geranium renardii;Geraniaceae
Geranium ruprechtii;Geraniaceae
Geranium sanguineum;Geraniaceae
Geranium sanguineum;Geraniaceae
Geranium sanguineum;Geraniaceae
Geranium sanguineum;Geraniaceae
Geranium sanguineum;Geraniaceae
Geranium sanguineum;Geraniaceae
Geranium sanguineum;Geraniaceae
Geranium sanguineum;Geraniaceae
Geranium sanguineum;Geraniaceae
Geranium sanguineum;Geraniaceae
Geranium sanguineum;Geraniaceae
Geranium sanguineum;Geraniaceae
Geranium sanguineum;Geraniaceae
Geranium sanguineum;Geraniaceae
Geranium sanguineum;Geraniaceae
Geranium sanguineum;Geraniaceae
Geranium sanguineum;Geraniaceae
Geranium sanguineum;Geraniaceae
Geranium sanguineum;Geraniaceae
Geranium sanguineum;Geraniaceae
Geranium sanguineum;Geraniaceae
Geranium sanguineum;Geraniaceae
Geranium sanguineum;Geraniaceae
Geranium sanguineum;Geraniaceae
Geranium sanguineum-hybrid;Geraniaceae
Geranium saxatile;Geraniaceae
Geranium shikokianum;Geraniaceae
Geranium shikokianum;Geraniaceae
Geranium schlechteri;Geraniaceae
Geranium soboliferum;Geraniaceae
Geranium sp.;Geraniaceae
Geranium subcaulescens;Geraniaceae
Geranium subcaulescens;Geraniaceae
Geranium subcaulescens;Geraniaceae
Geranium subcaulescens;Geraniaceae
Geranium subcaulescens;Geraniaceae
Geranium swatense;Geraniaceae
Geranium sylvaticum;Geraniaceae
Geranium sylvaticum;Geraniaceae
Geranium sylvaticum;Geraniaceae
Geranium sylvaticum;Geraniaceae
Geranium sylvaticum;Geraniaceae
Geranium sylvaticum;Geraniaceae
Geranium thunbergii;Geraniaceae
Geranium thunbergii;Geraniaceae
Geranium thunbergii;Geraniaceae
Geranium thunbergii;Geraniaceae
Geranium thunbergii;Geraniaceae
Geranium thunbergii;Geraniaceae
Geranium versicolor;Geraniaceae
Geranium viscosissimum;Geraniaceae
Geranium wallichianum;Geraniaceae
Geranium wlassovianum;Geraniaceae
Geranium wlassovianum;Geraniaceae
Geranium wlassovianum;Geraniaceae
Geranium wlassovianum;Geraniaceae
Geranium wlassovianum;Geraniaceae
Geranium wlassovianum;Geraniaceae
Geranium wlassovianum;Geraniaceae
Geranium x cantabrigiense;Geraniaceae
Geranium x cantabrigiense;Geraniaceae
Geranium x cantabrigiense;Geraniaceae
Geranium x cantabrigiense;Geraniaceae
Geranium x cantabrigiense;Geraniaceae
Geranium x cantabrigiense;Geraniaceae
Geranium x cantabrigiense;Geraniaceae
Geranium x cantabrigiense;Geraniaceae
Geranium x cantabrigiense;Geraniaceae
Geranium x cantabrigiense;Geraniaceae
Geranium x cantabrigiense;Geraniaceae
Geranium x lindavicum;Geraniaceae
Geranium x magnificum;Geraniaceae
Geranium x magnificum;Geraniaceae
Geranium x magnificum;Geraniaceae
Geranium x magnificum;Geraniaceae
Geranium x oxonianum;Geraniaceae
Geranium x oxonianum;Geraniaceae
Geranium x oxonianum;Geraniaceae
Geranium x oxonianum;Geraniaceae
Geranium x oxonianum;Geraniaceae
Geranium x oxonianum;Geraniaceae
Geranium x oxonianum;Geraniaceae
Geranium x oxonianum;Geraniaceae
Geranium x oxonianum;Geraniaceae
Geranium x oxonianum;Geraniaceae
Geranium x oxonianum;Geraniaceae
Geranium x riversleaianum;Geraniaceae
Geranium x riversleaianum;Geraniaceae
Geranium yoshinoi;Geraniaceae
Gerrardanthus macrorhizus;Cucurbitaceae
Gesneria celsioides;Gesneriaceae
Gesneria citrina;Gesneriaceae
Gesneria cuneifolia;Gesneriaceae
Gesneria christii;Gesneriaceae
Gesneria libanensis;Gesneriaceae
Gesneria pedunculosa;Gesneriaceae
Gesneria reticulata;Gesneriaceae
Gesneria rupincola;Gesneriaceae
Gesneria sp.;Gesneriaceae
Gesneria ventricosa;Gesneriaceae
Geum <x >heldreichii;Rosaceae
Geum canadense;Rosaceae
Geum capense;Rosaceae
Geum coccineum;Rosaceae
Geum heterocarpum;Rosaceae
Geum hybr.;Rosaceae
Geum hybr.;Rosaceae
Geum hybr.;Rosaceae
Geum hybr.;Rosaceae
Geum hybr.;Rosaceae
Geum hybr.;Rosaceae
Geum chiloense;Rosaceae
Geum chiloense;Rosaceae
Geum chiloense;Rosaceae
Geum chiloense hybr.;Rosaceae
Geum magellanicum;Rosaceae
Geum quellyon;Rosaceae
Geum rivale;Rosaceae
Geum rivale;Rosaceae
Geum sp.;Rosaceae
Geum sp.;Rosaceae
Geum triflorum;Rosaceae
Geum triflorum;Rosaceae
Geum urbanum;Rosaceae
Gibbaeum shandii;Aizoaceae
Gillenia stipulata;Rosaceae
Gillenia trifoliata;Rosaceae
Gillenia trifoliata;Rosaceae
Ginkgo biloba;Ginkgoaceae
Ginkgo biloba;Ginkgoaceae
Ginkgo biloba;Ginkgoaceae
Ginkgo biloba;Ginkgoaceae
Ginkgo biloba;Ginkgoaceae
Ginkgo biloba;Ginkgoaceae
Ginkgo biloba;Ginkgoaceae
Ginkgo biloba;Ginkgoaceae
Ginkgo biloba;Ginkgoaceae
Ginkgo biloba;Ginkgoaceae
Ginkgo biloba;Ginkgoaceae
Ginkgo biloba;Ginkgoaceae
Ginkgo biloba;Ginkgoaceae
Gladiolus anatolicus;Iridaceae
Gladiolus angustus;Iridaceae
Gladiolus antandroyi;Iridaceae
Gladiolus atroviolaceus;Iridaceae
Gladiolus carmineus;Iridaceae
Gladiolus cunonius;Iridaceae
Gladiolus dalenii;Iridaceae
Gladiolus hybr.;Iridaceae
Gladiolus hybr.;Iridaceae
Gladiolus hybr.;Iridaceae
Gladiolus hybr.;Iridaceae
Gladiolus hybr.;Iridaceae
Gladiolus hybr.;Iridaceae
Gladiolus italicus;Iridaceae
Gladiolus maculatus;Iridaceae
Gladiolus orchidiflorus;Iridaceae
Gladiolus palustris;Iridaceae
Gladiolus priorii;Iridaceae
Gladiolus sp.;Iridaceae
Gladiolus splendens;Iridaceae
Glaucium flavum;Papaveraceae
Glaucium sp.;Papaveraceae
Glaux maritima;Primulaceae (Myrsinaceae)
Glebionis coronaria;Asteraceae
Gleditsia caspica;Fabaceae (Caesalpiniaceae)
Gleditsia triacanthos;Fabaceae (Caesalpiniaceae)
Gleditsia triacanthos;Fabaceae (Caesalpiniaceae)
Gleditsia triacanthos;Fabaceae (Caesalpiniaceae)
Gleditsia triacanthos;Fabaceae (Caesalpiniaceae)
Gleditsia triacanthos;Fabaceae (Caesalpiniaceae)
Gleditsia triacanthos;Fabaceae (Caesalpiniaceae)
Gleditsia triacanthos;Fabaceae (Caesalpiniaceae)
Glechoma hederacea;Lamiaceae
Glechoma hirsuta;Lamiaceae
Gleichenia dicarpa;Gleicheniaceae
Gleichenia sp.;Gleicheniaceae
Gleichenia sp.;Gleicheniaceae
Globba kingii;Zingiberaceae
Globba leucantha;Zingiberaceae
Globba marantina;Zingiberaceae
Globba marantina;Zingiberaceae
Globba sessiliflora;Zingiberaceae
Globba schomburgkii;Zingiberaceae
Globba schomburgkii;Zingiberaceae
Globba sp.;Zingiberaceae
Globba sp.;Zingiberaceae
Globba winitii;Zingiberaceae
Globularia alypum;Plantaginaceae (s.l.)
Globularia amygdalifolia;Plantaginaceae (s.l.)
Globularia bisnagarica;Plantaginaceae (s.l.)
Globularia bisnagarica;Plantaginaceae (s.l.)
Globularia cambessedesii;Plantaginaceae (s.l.)
Globularia cordifolia;Plantaginaceae (s.l.)
Globularia cordifolia;Plantaginaceae (s.l.)
Globularia meridionalis;Plantaginaceae (s.l.)
Globularia nudicaulis;Plantaginaceae (s.l.)
Globularia orientalis;Plantaginaceae (s.l.)
Globularia punctata;Plantaginaceae (s.l.)
Globularia punctata;Plantaginaceae (s.l.)
Globularia repens;Plantaginaceae (s.l.)
Globularia sp.;Plantaginaceae (s.l.)
Globularia stygia;Plantaginaceae (s.l.)
Globularia trichosantha;Plantaginaceae (s.l.)
Globularia valentina;Plantaginaceae (s.l.)
Globularia vulgaris;Plantaginaceae (s.l.)
Gloriosa carsonii;Colchicaceae
Gloriosa superba;Colchicaceae
Glottiphyllum grandiflorum;Aizoaceae
Glottiphyllum oligocarpum;Aizoaceae
Glottiphyllum peersii;Aizoaceae
Gloxinella lindeniana;
Gloxinella lindeniana;
Gloxinia lindeniana;Gesneriaceae
Gloxiniopsis racemosa;
Glumicalyx nutans;Scrophulariaceae ( s.str.)
Glycyrrhiza echinata;Fabaceae (s.str.)
Glycyrrhiza glabra;Fabaceae (s.str.)
Glycyrrhiza lepidota;Fabaceae (s.str.)
Glycyrrhiza macedonica;Fabaceae (s.str.)
Glycyrrhiza macedonica;Fabaceae (s.str.)
Glycyrrhiza uralensis;Fabaceae (s.str.)
Glycyrrhiza yunnanensis;Fabaceae (s.str.)
Glycyrrhiza yunnanensis;Fabaceae (s.str.)
Glyptostrobus pensilis;Cupressaceae
Gmelina philippensis;Lamiaceae
Gnaphalium sp.;Asteraceae
Gnaphalium sp.;Asteraceae
Gnetum gnemon;Gnetaceae
Gnetum gnemon;Gnetaceae
Gnetum sp.;Gnetaceae
Gnidia daphnifolia;Thymelaeaceae
Goethea cauliflora;Malvaceae
Goethea strictiflora;Malvaceae
Gomphrena celosioides;Amaranthaceae
Gonatanthus pumilus;Araceae
Gonatopus angustus;Araceae
Gonatopus boivini;Araceae
Gonatopus boivini;Araceae
Gongora colombiana;Orchidaceae
Gongora galeata;Orchidaceae
Gongora horichiana;Orchidaceae
Gongora chocoensis;Orchidaceae
Gongora chocoensis;Orchidaceae
Gongora irrorata;Orchidaceae
Gongora quinquenervis;Orchidaceae
Goniolimon incanum;Plumbaginaceae
Goniophlebium benguetense;Polypodiaceae
Goniophlebium percusum;Polypodiaceae
Goniophlebium persicifolium;Polypodiaceae
Goniophlebium subauriculatum;Polypodiaceae
Goodyera procera;Orchidaceae
Gorteria diffusa;Asteraceae
Gossypium herbaceum;Malvaceae
Gossypium hirsutum;Malvaceae
Goudaea chrysostachys;Bromeliaceae
Grahamia australiana;Anacampserotaceae
Grammangis ellisii;Orchidaceae
Grammangis ellisii;Orchidaceae
Grammangis spectabilis;Orchidaceae
Grammangis spectabilis;Orchidaceae
Grammatophyllum scriptum;Orchidaceae
Grammatophyllum speciosum;Orchidaceae
Grammatophyllum stapeliiflorum;Orchidaceae
Grammatophyllum stapeliiflorum;Orchidaceae
Graphorkis concolor;Orchidaceae
Graphorkis medemiae;Orchidaceae
Graphorkis medemiae;Orchidaceae
Graptopetalum bellum;Crassulaceae
Graptopetalum bellum;Crassulaceae
Graptopetalum bellum;Crassulaceae
Graptopetalum hybr.;Crassulaceae
Gratiola officinalis;Plantaginaceae (s.l.)
Gratiola officinalis;Plantaginaceae (s.l.)
Gratiola officinalis;Plantaginaceae (s.l.)
Gravesia guttata;Melastomataceae
Greenovia dodrantalis;Crassulaceae
Greigia sphacelata;Bromeliaceae
Grevillea barklyana;Proteaceae
Grevillea hybr.;Proteaceae
Grevillea robusta;Proteaceae
Grevillea sp.;Proteaceae
Grewia biloba;Malvaceae
Grewia biloba;Malvaceae
Grewia occidentalis;Malvaceae
Greyia sutherlandii;Melianthaceae
Grias peruviana;Lecythidaceae
Grielum grandiflorum;Neuradaceae
Grielum humifusum;Neuradaceae
Griffinia espiritensis;Amaryllidaceae
Grindelia chiloensis;Asteraceae
Grindelia lanceolata;Asteraceae
Grindelia robusta;Asteraceae
Griselinia littoralis;Griseliniaceae
Griselinia littoralis;Griseliniaceae
Griselinia scandens;Griseliniaceae
Grobya amherstiae;Orchidaceae
Grosourdya appendiculata;Orchidaceae
Grusonia clavata;
Guarianthe bowringiana;Orchidaceae
Guihaia argyrata;Arecaceae
Guihaia grossefibrosa;Arecaceae
Guichenotia ledifolia;Malvaceae
Gunnera cordifolia;Gunneraceae
Gunnera flavida;Gunneraceae
Gunnera hamiltonii;Gunneraceae
Gunnera killipiana;Gunneraceae
Gunnera magellanica;Gunneraceae
Gunnera manicata;Gunneraceae
Gunnera manicata;Gunneraceae
Gunnera masafuerae;Gunneraceae
Gunnera perpensa;Gunneraceae
Gunnera prorepens;Gunneraceae
Guzmania conifera;Bromeliaceae
Guzmania hybr.;Bromeliaceae
Guzmania lingulata;Bromeliaceae
Guzmania monostachia;Bromeliaceae
Guzmania musaica;Bromeliaceae
Guzmania nicaraguensis;Bromeliaceae
Guzmania sp.;Bromeliaceae
Guzmania sp.;Bromeliaceae
Guzmania squarrosa;Bromeliaceae
Guzmania wittmackii;Bromeliaceae
Gymnocalycium  bruchii;Cactaceae
Gymnocalycium  calochlorum;Cactaceae
Gymnocalycium  hossei;Cactaceae
Gymnocalycium  mazanense;Cactaceae
Gymnocalycium  pugionacanthum;Cactaceae
Gymnocalycium ochoterenae;Cactaceae
Gymnocalycium saglionis;Cactaceae
Gymnocalycium spegazzinii;Cactaceae
Gymnocarpium sp.;Cystopteridaceae
Gymnocladus dioicus;Fabaceae (Caesalpiniaceae)
Gymnostoma deplancheanum;Casuarinaceae
Gynura barbareifolia;Asteraceae
Gynura pseudochina;Asteraceae
Gypsophila cerastioides;Caryophyllaceae
Gypsophila fastigiata;Caryophyllaceae
Gypsophila paniculata;Caryophyllaceae
Gypsophila paniculata;Caryophyllaceae
Gypsophila perfoliata;Caryophyllaceae
Gypsophila petraea;Caryophyllaceae
Gypsophila repens;Caryophyllaceae
Gypsophila repens;Caryophyllaceae
Gypsophila repens;Caryophyllaceae
Gypsophila repens;Caryophyllaceae
Gypsophila repens;Caryophyllaceae
Gypsophila sp.;Caryophyllaceae
Gypsophila sphaerocephala;Caryophyllaceae
Gyrocarpus mocinoi;Hernandiaceae
Haageocereus pseudomelanostele;Cactaceae
Habranthus tubispathus;Amaryllidaceae
Hacquetia epipactis;Apiaceae
Hacquetia epipactis;Apiaceae
Hacquetia epipactis;Apiaceae
Haematoxylum campechianum;Fabaceae (Caesalpiniaceae)
Hakea laurina;Proteaceae
Hakea lissocarpha;Proteaceae
Hakea lissosperma;Proteaceae
Hakea sp.;Proteaceae
Hakonechloa macra;Poaceae
Hakonechloa macra;Poaceae
Hakonechloa macra;Poaceae
Halesia carolina;Styraceceae
Halesia carolina;Styraceceae
Halesia monticola;Styraceceae
Halesia monticola;Styraceceae
Halimium lasianthum;Cistaceae
Halimodendron halodendron;Fabaceae (s.str.)
Halimodendron halodendron;Fabaceae (s.str.)
Halimodendron halodendron;Fabaceae (s.str.)
Halleria lucida;Scrophulariaceae ( s.str.)
Halocarpus bidwillii;Podocarpaceae
Halopegia perrieri;Marantaceae
Hamamelis japonica;Hamamelidaceae
Hamamelis japonica;Hamamelidaceae
Hamamelis japonica;Hamamelidaceae
Hamamelis mollis;Hamamelidaceae
Hamamelis mollis;Hamamelidaceae
Hamamelis mollis;Hamamelidaceae
Hamamelis vernalis;Hamamelidaceae
Hamamelis vernalis;Hamamelidaceae
Hamamelis virginiana;Hamamelidaceae
Hamamelis x intermedia;Hamamelidaceae
Hamamelis x intermedia;Hamamelidaceae
Hamamelis x intermedia;Hamamelidaceae
Hamamelis x intermedia;Hamamelidaceae
Hamamelis x intermedia;Hamamelidaceae
Hamamelis x intermedia;Hamamelidaceae
Hamamelis x intermedia;Hamamelidaceae
Hamatocactus hamatacanthus;
Hamelia patens;Rubiaceae
Hamelia patens;Rubiaceae
Hamelia patens;Rubiaceae
Hanguana neglecta;Hanguanaceae
Hanguana rubinea;Hanguanaceae
Hapaline appendiculata;Araceae
Hapaline celatrix;Araceae
Haplopappus acaulis;Asteraceae
Haplopteris sp.;Pteridaceae
Haraella retrocalla;Orchidaceae
Hardenbergia comptoniana;Fabaceae (s.str.)
Hardenbergia violacea;Fabaceae (s.str.)
Hatiora herminiae;Cactaceae
Hatiora salicornioides;Cactaceae
Hauya elegans;Onagraceae
Haworthia <x> attenuata;Xanthorrhoeaceae
Haworthia arachnoidea;Xanthorrhoeaceae
Haworthia attenuata;Xanthorrhoeaceae
Haworthia bolusii;Xanthorrhoeaceae
Haworthia coarctata;Xanthorrhoeaceae
Haworthia coarctata;Xanthorrhoeaceae
Haworthia cooperi;Xanthorrhoeaceae
Haworthia cymbiformis;Xanthorrhoeaceae
Haworthia cymbiformis;Xanthorrhoeaceae
Haworthia cymbiformis;Xanthorrhoeaceae
Haworthia decipiens;Xanthorrhoeaceae
Haworthia emelyae;Xanthorrhoeaceae
Haworthia glabrata;Xanthorrhoeaceae
Haworthia glauca;Xanthorrhoeaceae
Haworthia gracilis;Xanthorrhoeaceae
Haworthia herbacea;Xanthorrhoeaceae
Haworthia hybr.;Xanthorrhoeaceae
Haworthia hybr.;Xanthorrhoeaceae
Haworthia chloracantha;Xanthorrhoeaceae
Haworthia integra;Xanthorrhoeaceae
Haworthia kemari;Xanthorrhoeaceae
Haworthia kingiana;Xanthorrhoeaceae
Haworthia limifolia;Xanthorrhoeaceae
Haworthia maculata;Xanthorrhoeaceae
Haworthia magnifica;Xanthorrhoeaceae
Haworthia maxima;Xanthorrhoeaceae
Haworthia mirabilis;Xanthorrhoeaceae
Haworthia mirabilis;Xanthorrhoeaceae
Haworthia monticola;Xanthorrhoeaceae
Haworthia monticola;Xanthorrhoeaceae
Haworthia pygmaea;Xanthorrhoeaceae
Haworthia reinwardtii;Xanthorrhoeaceae
Haworthia retusa;Xanthorrhoeaceae
Haworthia tenera;Xanthorrhoeaceae
Haworthia truncata;Xanthorrhoeaceae
Haworthia truncata;Xanthorrhoeaceae
Haworthia truncata;Xanthorrhoeaceae
Haworthia turgida;Xanthorrhoeaceae
Haworthia turgida;Xanthorrhoeaceae
Haworthia venosa;Xanthorrhoeaceae
Haworthia viscosa;Xanthorrhoeaceae
Haworthia viscosa;Xanthorrhoeaceae
Hebe albicans;Plantaginaceae (s.l.)
Hebe albicans;Plantaginaceae (s.l.)
Hebe albicans;Plantaginaceae (s.l.)
Hebe amplexicaulis;Plantaginaceae (s.l.)
Hebe armstrongii;Plantaginaceae (s.l.)
Hebe brachysiphon;Plantaginaceae (s.l.)
Hebe buchananii;Plantaginaceae (s.l.)
Hebe carnosula;Plantaginaceae (s.l.)
Hebe coarctata;Plantaginaceae (s.l.)
Hebe cupressoides;Plantaginaceae (s.l.)
Hebe divaricata;Plantaginaceae (s.l.)
Hebe divaricata;Plantaginaceae (s.l.)
Hebe elliptica;Plantaginaceae (s.l.)
Hebe glaucophylla;Plantaginaceae (s.l.)
Hebe glaucophylla;Plantaginaceae (s.l.)
Hebe gracillima;Plantaginaceae (s.l.)
Hebe gracillima;Plantaginaceae (s.l.)
Hebe hectori;Plantaginaceae (s.l.)
Hebe hybr.;Plantaginaceae (s.l.)
Hebe hybr.;Plantaginaceae (s.l.)
Hebe hybr.;Plantaginaceae (s.l.)
Hebe hybr.;Plantaginaceae (s.l.)
Hebe hybr.;Plantaginaceae (s.l.)
Hebe hybr.;Plantaginaceae (s.l.)
Hebe hybr.;Plantaginaceae (s.l.)
Hebe hybr.;Plantaginaceae (s.l.)
Hebe hybr.;Plantaginaceae (s.l.)
Hebe hybr.;Plantaginaceae (s.l.)
Hebe hybr.;Plantaginaceae (s.l.)
Hebe hybr.;Plantaginaceae (s.l.)
Hebe hybr.;Plantaginaceae (s.l.)
Hebe hybr.;Plantaginaceae (s.l.)
Hebe hybr.;Plantaginaceae (s.l.)
Hebe hybr.;Plantaginaceae (s.l.)
Hebe hybr.;Plantaginaceae (s.l.)
Hebe hybr.;Plantaginaceae (s.l.)
Hebe hybr.;Plantaginaceae (s.l.)
Hebe hybr.;Plantaginaceae (s.l.)
Hebe hybr.;Plantaginaceae (s.l.)
Hebe hybr.;Plantaginaceae (s.l.)
Hebe hybr.;Plantaginaceae (s.l.)
Hebe hybr.;Plantaginaceae (s.l.)
Hebe hybr.;Plantaginaceae (s.l.)
Hebe hybr.;Plantaginaceae (s.l.)
Hebe langii;Plantaginaceae (s.l.)
Hebe macrocarpa;Plantaginaceae (s.l.)
Hebe macrocarpa;Plantaginaceae (s.l.)
Hebe macrocarpa;Plantaginaceae (s.l.)
Hebe macrocarpa;Plantaginaceae (s.l.)
Hebe odora;Plantaginaceae (s.l.)
Hebe odora;Plantaginaceae (s.l.)
Hebe ochracea;Plantaginaceae (s.l.)
Hebe ochracea;Plantaginaceae (s.l.)
Hebe parviflora;Plantaginaceae (s.l.)
Hebe parviflora;Plantaginaceae (s.l.)
Hebe pauciramosa;Plantaginaceae (s.l.)
Hebe pauciramosa;Plantaginaceae (s.l.)
Hebe pimeleoides;Plantaginaceae (s.l.)
Hebe pimeleoides;Plantaginaceae (s.l.)
Hebe pinguifolia;Plantaginaceae (s.l.)
Hebe pinguifolia;Plantaginaceae (s.l.)
Hebe pubescens;Plantaginaceae (s.l.)
Hebe recurva;Plantaginaceae (s.l.)
Hebe salicifolia;Plantaginaceae (s.l.)
Hebe salicornioides;Plantaginaceae (s.l.)
Hebe sp.;Plantaginaceae (s.l.)
Hebe sp.;Plantaginaceae (s.l.)
Hebe sp.;Plantaginaceae (s.l.)
Hebe stricta;Plantaginaceae (s.l.)
Hebe subalpina;Plantaginaceae (s.l.)
Hebe subalpina;Plantaginaceae (s.l.)
Hebe topiaria;Plantaginaceae (s.l.)
Hebe townsonii;Plantaginaceae (s.l.)
Hebe venustula;Plantaginaceae (s.l.)
Hebe venustula;Plantaginaceae (s.l.)
Hebenstretia dentata;Scrophulariaceae ( s.str.)
Hedeoma nana;Lamiaceae
Hedeoma pulegioides;Lamiaceae
Hedeoma sp.;Lamiaceae
Hedera colchica;Araliaceae
Hedera colchica;Araliaceae
Hedera colchica;Araliaceae
Hedera colchica;Araliaceae
Hedera colchica;Araliaceae
Hedera helix;Araliaceae
Hedera helix;Araliaceae
Hedera helix;Araliaceae
Hedera helix;Araliaceae
Hedera helix;Araliaceae
Hedera helix;Araliaceae
Hedera helix;Araliaceae
Hedera helix;Araliaceae
Hedera helix;Araliaceae
Hedera helix;Araliaceae
Hedera helix;Araliaceae
Hedera helix;Araliaceae
Hedera helix;Araliaceae
Hedera helix;Araliaceae
Hedera helix;Araliaceae
Hedera helix;Araliaceae
Hedera helix;Araliaceae
Hedera helix;Araliaceae
Hedera helix;Araliaceae
Hedera helix;Araliaceae
Hedera helix;Araliaceae
Hedera helix;Araliaceae
Hedera helix;Araliaceae
Hedera helix;Araliaceae
Hedera helix;Araliaceae
Hedera helix;Araliaceae
Hedera helix;Araliaceae
Hedera helix;Araliaceae
Hedera helix;Araliaceae
Hedera helix;Araliaceae
Hedera helix;Araliaceae
Hedera helix;Araliaceae
Hedera helix;Araliaceae
Hedera helix;Araliaceae
Hedera helix;Araliaceae
Hedera helix;Araliaceae
Hedera helix;Araliaceae
Hedera helix;Araliaceae
Hedera helix;Araliaceae
Hedera helix;Araliaceae
Hedera helix;Araliaceae
Hedera helix;Araliaceae
Hedera helix;Araliaceae
Hedera helix;Araliaceae
Hedera helix;Araliaceae
Hedera helix;Araliaceae
Hedera helix;Araliaceae
Hedera helix;Araliaceae
Hedera helix;Araliaceae
Hedera helix;Araliaceae
Hedera helix;Araliaceae
Hedera helix;Araliaceae
Hedera helix;Araliaceae
Hedera helix;Araliaceae
Hedera helix;Araliaceae
Hedera helix;Araliaceae
Hedera helix;Araliaceae
Hedera nepalensis;Araliaceae
Hedera pastuchovii;Araliaceae
Hedera rhombea;Araliaceae
Hedera rhombea;Araliaceae
Hedera sp.;Araliaceae
Hedychium borneense;Zingiberaceae
Hedychium borneense;Zingiberaceae
Hedychium coccineum;Zingiberaceae
Hedychium coronarium;Zingiberaceae
Hedychium coronarium;Zingiberaceae
Hedychium cylindricum;Zingiberaceae
Hedychium cylindricum;Zingiberaceae
Hedychium cylindricum;Zingiberaceae
Hedychium densiflorum hybr.;Zingiberaceae
Hedychium ellipticum;Zingiberaceae
Hedychium flavescens;Zingiberaceae
Hedychium flavum;Zingiberaceae
Hedychium flavum;Zingiberaceae
Hedychium gardnerianum;Zingiberaceae
Hedychium gracile;Zingiberaceae
Hedychium greenii;Zingiberaceae
Hedychium greenii;Zingiberaceae
Hedychium hasseltii;Zingiberaceae
Hedychium horsfieldii;Zingiberaceae
Hedychium horsfieldii;Zingiberaceae
Hedychium hybr.;Zingiberaceae
Hedychium longicornutum;Zingiberaceae
Hedychium malayanum;Zingiberaceae
Hedychium muluense;Zingiberaceae
Hedychium neocarneum;Zingiberaceae
Hedychium neocarneum;Zingiberaceae
Hedychium sp.;Zingiberaceae
Hedychium spicatum;Zingiberaceae
Hedychium spicatum;Zingiberaceae
Hedychium thyrsiforme;Zingiberaceae
Hedychium yunnanense;Zingiberaceae
Hedyscepe canterburyana;Arecaceae
Hedyscepe canterburyana;Arecaceae
Hechtia ghiesbreghtii;Bromeliaceae
Hechtia lepidophylla;Bromeliaceae
Hechtia montana;Bromeliaceae
Hechtia podantha;Bromeliaceae
Hechtia sp.;Bromeliaceae
Hechtia texensis;Bromeliaceae
Heimia salicifolia;Lythraceae
Heimia salicifolia;Lythraceae
Helenium autumnale;Asteraceae
Helenium autumnale;Asteraceae
Helenium autumnale;Asteraceae
Helenium bigelovii;Asteraceae
Helenium flexuosum;Asteraceae
Helenium hoopesii;Asteraceae
Helenium hybr.;Asteraceae
Helenium hybr.;Asteraceae
Helenium hybr.;Asteraceae
Helenium hybr.;Asteraceae
Helenium hybr.;Asteraceae
Helenium hybr.;Asteraceae
Helenium hybr.;Asteraceae
Helenium hybr.;Asteraceae
Helenium hybr.;Asteraceae
Helenium hybr.;Asteraceae
Helenium hybr.;Asteraceae
Helenium hybr.;Asteraceae
Helenium hybr.;Asteraceae
Helenium hybr.;Asteraceae
Helenium hybr.;Asteraceae
Helenium hybr.;Asteraceae
Helenium hybr.;Asteraceae
Helenium hybr.;Asteraceae
Helenium hybr.;Asteraceae
Helenium hybr.;Asteraceae
Helenium hybr.;Asteraceae
Helenium hybr.;Asteraceae
Helenium hybr.;Asteraceae
Helenium hybr.;Asteraceae
Helenium hybr.;Asteraceae
Helenium hybr.;Asteraceae
Helenium hybr.;Asteraceae
Helenium hybr.;Asteraceae
Helenium hybr.;Asteraceae
Helenium hybr.;Asteraceae
Helenium hybr.;Asteraceae
Helenium hybr.;Asteraceae
Helenium hybr.;Asteraceae
Helenium hybr.;Asteraceae
Helenium hybr.;Asteraceae
Helenium hybr.;Asteraceae
Helenium hybr.;Asteraceae
Helenium hybr.;Asteraceae
Helenium hybr.;Asteraceae
Helenium hybr.;Asteraceae
Helenium hybr.;Asteraceae
Helenium hybr.;Asteraceae
Helenium hybr.;Asteraceae
Helenium hybr.;Asteraceae
Helenium hybr.;Asteraceae
Helenium hybr.;Asteraceae
Helenium hybr.;Asteraceae
Helenium hybr.;Asteraceae
Helenium hybr.;Asteraceae
Helenium hybr.;Asteraceae
Helenium hybr.;Asteraceae
Helenium hybr.;Asteraceae
Helenium hybr.;Asteraceae
Helenium hybr.;Asteraceae
Helenium hybr.;Asteraceae
Helenium hybr.;Asteraceae
Helenium hybr.;Asteraceae
Helenium hybr.;Asteraceae
Helenium hybr.;Asteraceae
Helenium hybr.;Asteraceae
Helenium hybr.;Asteraceae
Helenium hybr.;Asteraceae
Helenium hybr.;Asteraceae
Helenium hybr.;Asteraceae
Helenium hybr.;Asteraceae
Helenium hybr.;Asteraceae
Helenium hybr.;Asteraceae
Helenium hybr.;Asteraceae
Helenium hybr.;Asteraceae
Helenium hybr.;Asteraceae
Helenium hybr.;Asteraceae
Helenium hybr.;Asteraceae
Helenium hybr.;Asteraceae
Helenium hybr.;Asteraceae
Helenium hybr.;Asteraceae
Helenium hybr.;Asteraceae
Helenium hybr.;Asteraceae
Helenium hybr.;Asteraceae
Helenium hybr.;Asteraceae
Helenium hybr.;Asteraceae
Helenium hybr.;Asteraceae
Helenium hybr.;Asteraceae
Helenium hybr.;Asteraceae
Helenium hybr.;Asteraceae
Helenium hybr.;Asteraceae
Helenium hybr.;Asteraceae
Helenium hybr.;Asteraceae
Helenium hybr.;Asteraceae
Helenium hybr.;Asteraceae
Helenium hybr.;Asteraceae
Helenium hybr.;Asteraceae
Helenium hybr.;Asteraceae
Heleochloa schoenoides;Poaceae
Heliamphora arenicola;Sarraceniaceae
Heliamphora ceracea;Sarraceniaceae
Heliamphora ceracea;Sarraceniaceae
Heliamphora ciliata;Sarraceniaceae
Heliamphora collina;Sarraceniaceae
Heliamphora collina;Sarraceniaceae
Heliamphora collina;Sarraceniaceae
Heliamphora elongata;Sarraceniaceae
Heliamphora elongata;Sarraceniaceae
Heliamphora exappendiculata;Sarraceniaceae
Heliamphora exappendiculata;Sarraceniaceae
Heliamphora exappendiculata;Sarraceniaceae
Heliamphora exappendiculata;Sarraceniaceae
Heliamphora exappendiculata;Sarraceniaceae
Heliamphora folliculata;Sarraceniaceae
Heliamphora folliculata;Sarraceniaceae
Heliamphora folliculata;Sarraceniaceae
Heliamphora folliculata;Sarraceniaceae
Heliamphora folliculata;Sarraceniaceae
Heliamphora glabra;Sarraceniaceae
Heliamphora glabra;Sarraceniaceae
Heliamphora glabra;Sarraceniaceae
Heliamphora heterodoxa;Sarraceniaceae
Heliamphora heterodoxa;Sarraceniaceae
Heliamphora heterodoxa x ionasii;Sarraceniaceae
Heliamphora heterodoxa x ionasii;Sarraceniaceae
Heliamphora heterodoxa x ionasii;Sarraceniaceae
Heliamphora heterodoxa x minor;Sarraceniaceae
Heliamphora heterodoxa x nutans;Sarraceniaceae
Heliamphora heterodoxa x nutans;Sarraceniaceae
Heliamphora hispida;Sarraceniaceae
Heliamphora hispida;Sarraceniaceae
Heliamphora huberi;Sarraceniaceae
Heliamphora huberi;Sarraceniaceae
Heliamphora huberi;Sarraceniaceae
Heliamphora chimantensis;Sarraceniaceae
Heliamphora chimantensis;Sarraceniaceae
Heliamphora ionasii;Sarraceniaceae
Heliamphora ionasii;Sarraceniaceae
Heliamphora ionasii;Sarraceniaceae
Heliamphora ionasii;Sarraceniaceae
Heliamphora macdonaldae;Sarraceniaceae
Heliamphora minor;Sarraceniaceae
Heliamphora minor;Sarraceniaceae
Heliamphora neblinae;Sarraceniaceae
Heliamphora neblinae;Sarraceniaceae
Heliamphora neblinae;Sarraceniaceae
Heliamphora neblinae;Sarraceniaceae
Heliamphora neblinae;Sarraceniaceae
Heliamphora neblinae;Sarraceniaceae
Heliamphora nutans;Sarraceniaceae
Heliamphora nutans;Sarraceniaceae
Heliamphora nutans;Sarraceniaceae
Heliamphora nutans;Sarraceniaceae
Heliamphora nutans x ionasii;Sarraceniaceae
Heliamphora nutans x ionasii;Sarraceniaceae
Heliamphora parva;Sarraceniaceae
Heliamphora pulchella;Sarraceniaceae
Heliamphora pulchella;Sarraceniaceae
Heliamphora purpurascens;Sarraceniaceae
Heliamphora purpurascens;Sarraceniaceae
Heliamphora sarracenioides;Sarraceniaceae
Heliamphora sarracenioides;Sarraceniaceae
Heliamphora sarracenioides;Sarraceniaceae
Heliamphora sp.;Sarraceniaceae
Heliamphora sp.;Sarraceniaceae
Heliamphora sp.;Sarraceniaceae
Heliamphora sp. Akopan;Sarraceniaceae
Heliamphora tatei;Sarraceniaceae
Heliamphora tatei;Sarraceniaceae
Heliamphora tatei;Sarraceniaceae
Heliamphora uncinata;Sarraceniaceae
Heliamphora uncinata;Sarraceniaceae
Helianthella quinquenervis;Asteraceae
Helianthemum apenninum;Cistaceae
Helianthemum canariense;Cistaceae
Helianthemum canum;Cistaceae
Helianthemum cinereum;Cistaceae
Helianthemum croceum;Cistaceae
Helianthemum cupreum;Cistaceae
Helianthemum germanicopolitanum;Cistaceae
Helianthemum grandiflorum;Cistaceae
Helianthemum hybr.;Cistaceae
Helianthemum hybr.;Cistaceae
Helianthemum hybr.;Cistaceae
Helianthemum hybr.;Cistaceae
Helianthemum hybr.;Cistaceae
Helianthemum hybr.;Cistaceae
Helianthemum hybr.;Cistaceae
Helianthemum hybr.;Cistaceae
Helianthemum hybr.;Cistaceae
Helianthemum hybr.;Cistaceae
Helianthemum hybr.;Cistaceae
Helianthemum hybr.;Cistaceae
Helianthemum hybr.;Cistaceae
Helianthemum hybr.;Cistaceae
Helianthemum hybr.;Cistaceae
Helianthemum hybr.;Cistaceae
Helianthemum hybr.;Cistaceae
Helianthemum hybr.;Cistaceae
Helianthemum hybr.;Cistaceae
Helianthemum hybr.;Cistaceae
Helianthemum hybr.;Cistaceae
Helianthemum hybr.;Cistaceae
Helianthemum hybr.;Cistaceae
Helianthemum hybr.;Cistaceae
Helianthemum hybr.;Cistaceae
Helianthemum hybr.;Cistaceae
Helianthemum hybr.;Cistaceae
Helianthemum hybr.;Cistaceae
Helianthemum hybr.;Cistaceae
Helianthemum hybr.;Cistaceae
Helianthemum hybr.;Cistaceae
Helianthemum hybr.;Cistaceae
Helianthemum lunulatum;Cistaceae
Helianthemum nitidum;Cistaceae
Helianthemum nummularium;Cistaceae
Helianthemum nummularium;Cistaceae
Helianthemum oelandicum;Cistaceae
Helianthemum oelandicum;Cistaceae
Helianthemum ovatum;Cistaceae
Helianthemum pilosum;Cistaceae
Helianthemum rupifragum;Cistaceae
Helianthemum scardica;Cistaceae
Helianthemum sp.;Cistaceae
Helianthemum violaceum;Cistaceae
Helianthus <x >kellermannii;Asteraceae
Helianthus <x >multiflorus;Asteraceae
Helianthus atrorubens;Asteraceae
Helianthus atrorubens;Asteraceae
Helianthus debilis;Asteraceae
Helianthus decapetalus;Asteraceae
Helianthus decapetalus;Asteraceae
Helianthus decapetalus;Asteraceae
Helianthus divaricatus;Asteraceae
Helianthus giganteus;Asteraceae
Helianthus giganteus;Asteraceae
Helianthus grosseserratus;Asteraceae
Helianthus hybr.;Asteraceae
Helianthus hybr.;Asteraceae
Helianthus hybr.;Asteraceae
Helianthus hybr.;Asteraceae
Helianthus hybr.;Asteraceae
Helianthus laetiflorus;Asteraceae
Helianthus maximiliani;Asteraceae
Helianthus microcephalus;Asteraceae
Helianthus microcephalus;Asteraceae
Helianthus microcephalus;Asteraceae
Helianthus mollis;Asteraceae
Helianthus nuttallii;Asteraceae
Helianthus nuttallii;Asteraceae
Helianthus occidentalis;Asteraceae
Helianthus petiolaris;Asteraceae
Helianthus rigidus;Asteraceae
Helianthus rigidus;Asteraceae
Helianthus salicifolius;Asteraceae
Helianthus salicifolius;Asteraceae
Helicodiceros muscivorus;Araceae
Helicodiceros muscivorus;Araceae
Helicodiceros muscivorus;Araceae
Heliconia bihai;Heliconiaceae
Heliconia estherae;Heliconiaceae
Heliconia humilis;Heliconiaceae
Heliconia lingulata;Heliconiaceae
Heliconia lutea;Heliconiaceae
Heliconia mariae;Heliconiaceae
Heliconia metallica;Heliconiaceae
Heliconia metallica;Heliconiaceae
Heliconia sp.;Heliconiaceae
Heliconia spatho-circinata;Heliconiaceae
Helictotrichon alpinum;Poaceae
Helictotrichon alpinum;Poaceae
Helictotrichon sempervirens;Poaceae
Helictotrichon sempervirens;Poaceae
Helichrysum albobrunneum;Asteraceae
Helichrysum albobrunneum;Asteraceae
Helichrysum arenarium;Asteraceae
Helichrysum arenarium;Asteraceae
Helichrysum aucheri;Asteraceae
Helichrysum aureum;Asteraceae
Helichrysum basalticum;Asteraceae
Helichrysum bellum;Asteraceae
Helichrysum compactum;Asteraceae
Helichrysum cooperi;Asteraceae
Helichrysum diosmifolium;Asteraceae
Helichrysum flanaganii;Asteraceae
Helichrysum frigidum;Asteraceae
Helichrysum heldreichii;Asteraceae
Helichrysum hybr.;Asteraceae
Helichrysum lineatum;Asteraceae
Helichrysum marginatum;Asteraceae
Helichrysum microphyllum;Asteraceae
Helichrysum petiolare;Asteraceae
Helichrysum plicatum;Asteraceae
Helichrysum retortoides;Asteraceae
Helichrysum sibthorpii;Asteraceae
Helichrysum sp.;Asteraceae
Helichrysum sp.;Asteraceae
Helichrysum trilineatum;Asteraceae
Heliocereus speciosus;Cactaceae
Heliomeris multiflora;Asteraceae
Heliophila coronopifolia;Brassicaceae
Heliopsis helianthoides;Asteraceae
Heliopsis helianthoides;Asteraceae
Heliopsis helianthoides;Asteraceae
Heliopsis helianthoides;Asteraceae
Heliopsis helianthoides;Asteraceae
Heliopsis helianthoides;Asteraceae
Heliopsis helianthoides;Asteraceae
Heliopsis helianthoides;Asteraceae
Heliopsis hybr.;Asteraceae
Heliopsis hybr.;Asteraceae
Heliopsis hybr.;Asteraceae
Heliopsis scabra;Asteraceae
Heliopsis scabra;Asteraceae
Heliopsis scabra;Asteraceae
Helleborus <x >ballardiae;Ranunculaceae
Helleborus <x >ericsmithii;Ranunculaceae
Helleborus <x >nigercors;Ranunculaceae
Helleborus <x >nigercors;Ranunculaceae
Helleborus <x >nigercors;Ranunculaceae
Helleborus <x >sternii;Ranunculaceae
Helleborus argutifolius;Ranunculaceae
Helleborus argutifolius;Ranunculaceae
Helleborus argutifolius;Ranunculaceae
Helleborus bocconei;Ranunculaceae
Helleborus cyclophyllus;Ranunculaceae
Helleborus cyclophyllus;Ranunculaceae
Helleborus dumetorum;Ranunculaceae
Helleborus foetidus;Ranunculaceae
Helleborus foetidus;Ranunculaceae
Helleborus foetidus;Ranunculaceae
Helleborus foetidus;Ranunculaceae
Helleborus foetidus;Ranunculaceae
Helleborus foetidus;Ranunculaceae
Helleborus foetidus;Ranunculaceae
Helleborus hybr.;Ranunculaceae
Helleborus hybr.;Ranunculaceae
Helleborus hybr.;Ranunculaceae
Helleborus hybr.;Ranunculaceae
Helleborus lividus;Ranunculaceae
Helleborus multifidus;Ranunculaceae
Helleborus multifidus;Ranunculaceae
Helleborus multifidus;Ranunculaceae
Helleborus multifidus;Ranunculaceae
Helleborus multifidus;Ranunculaceae
Helleborus niger;Ranunculaceae
Helleborus niger;Ranunculaceae
Helleborus niger;Ranunculaceae
Helleborus niger;Ranunculaceae
Helleborus niger;Ranunculaceae
Helleborus niger;Ranunculaceae
Helleborus niger;Ranunculaceae
Helleborus niger;Ranunculaceae
Helleborus occidentalis;Ranunculaceae
Helleborus odorus;Ranunculaceae
Helleborus orientalis;Ranunculaceae
Helleborus orientalis;Ranunculaceae
Helleborus orientalis;Ranunculaceae
Helleborus orientalis;Ranunculaceae
Helleborus orientalis;Ranunculaceae
Helleborus orientalis;Ranunculaceae
Helleborus orientalis;Ranunculaceae
Helleborus orientalis;Ranunculaceae
Helleborus orientalis;Ranunculaceae
Helleborus orientalis;Ranunculaceae
Helleborus orientalis;Ranunculaceae
Helleborus orientalis;Ranunculaceae
Helleborus orientalis;Ranunculaceae
Helleborus orientalis;Ranunculaceae
Helleborus orientalis;Ranunculaceae
Helleborus orientalis;Ranunculaceae
Helleborus orientalis;Ranunculaceae
Helleborus orientalis;Ranunculaceae
Helleborus orientalis;Ranunculaceae
Helleborus orientalis-hybr.;Ranunculaceae
Helleborus orientalis-hybr.;Ranunculaceae
Helleborus orientalis-hybr.;Ranunculaceae
Helleborus orientalis-hybr.;Ranunculaceae
Helleborus orientalis-hybr.;Ranunculaceae
Helleborus orientalis-hybr.;Ranunculaceae
Helleborus orientalis-hybr.;Ranunculaceae
Helleborus orientalis-hybr.;Ranunculaceae
Helleborus purpurascens;Ranunculaceae
Helleborus sp.;Ranunculaceae
Helleborus sp.;Ranunculaceae
Helleborus sp.;Ranunculaceae
Helleborus sp.;Ranunculaceae
Helleborus sp.;Ranunculaceae
Helleborus sp.;Ranunculaceae
Helleborus sp.;Ranunculaceae
Helleborus sp.;Ranunculaceae
Helleborus sp.;Ranunculaceae
Helleborus thibetanus;Ranunculaceae
Helleborus thibetanus;Ranunculaceae
Helleborus thibetanus;Ranunculaceae
Helleborus torquatus-hybr.;Ranunculaceae
Helleborus torquatus-hybr.;Ranunculaceae
Helleborus torquatus-hybr.;Ranunculaceae
Helleborus torquatus-hybr.;Ranunculaceae
Helleborus viridis;Ranunculaceae
Helleborus x ballardiae;Ranunculaceae
Helleborus x ballardiae;Ranunculaceae
Helleborus x ericsmithii;Ranunculaceae
Helleborus x sternii;Ranunculaceae
Helleborus x sternii;Ranunculaceae
Hellenia globosa;
Hellenia globosa;
Hellenia speciosa;
Hellenia speciosa;
Helonias bullata;Melanthiaceae
Helwingia chinensis;Helwingiaceae
Helwingia chinensis;Helwingiaceae
Helwingia chinensis;Helwingiaceae
Hemerocallis citrina;Xanthorrhoeaceae
Hemerocallis dumortierii;Xanthorrhoeaceae
Hemerocallis esculenta;Xanthorrhoeaceae
Hemerocallis fulva;Xanthorrhoeaceae
Hemerocallis fulva;Xanthorrhoeaceae
Hemerocallis hybr.;Xanthorrhoeaceae
Hemerocallis hybr.;Xanthorrhoeaceae
Hemerocallis hybr.;Xanthorrhoeaceae
Hemerocallis hybr.;Xanthorrhoeaceae
Hemerocallis hybr.;Xanthorrhoeaceae
Hemerocallis hybr.;Xanthorrhoeaceae
Hemerocallis hybr.;Xanthorrhoeaceae
Hemerocallis hybr.;Xanthorrhoeaceae
Hemerocallis hybr.;Xanthorrhoeaceae
Hemerocallis hybr.;Xanthorrhoeaceae
Hemerocallis hybr.;Xanthorrhoeaceae
Hemerocallis hybr.;Xanthorrhoeaceae
Hemerocallis hybr.;Xanthorrhoeaceae
Hemerocallis hybr.;Xanthorrhoeaceae
Hemerocallis hybr.;Xanthorrhoeaceae
Hemerocallis hybr.;Xanthorrhoeaceae
Hemerocallis hybr.;Xanthorrhoeaceae
Hemerocallis hybr.;Xanthorrhoeaceae
Hemerocallis hybr.;Xanthorrhoeaceae
Hemerocallis hybr.;Xanthorrhoeaceae
Hemerocallis hybr.;Xanthorrhoeaceae
Hemerocallis hybr.;Xanthorrhoeaceae
Hemerocallis hybr.;Xanthorrhoeaceae
Hemerocallis hybr.;Xanthorrhoeaceae
Hemerocallis hybr.;Xanthorrhoeaceae
Hemerocallis hybr.;Xanthorrhoeaceae
Hemerocallis hybr.;Xanthorrhoeaceae
Hemerocallis hybr.;Xanthorrhoeaceae
Hemerocallis hybr.;Xanthorrhoeaceae
Hemerocallis hybr.;Xanthorrhoeaceae
Hemerocallis hybr.;Xanthorrhoeaceae
Hemerocallis hybr.;Xanthorrhoeaceae
Hemerocallis hybr.;Xanthorrhoeaceae
Hemerocallis hybr.;Xanthorrhoeaceae
Hemerocallis hybr.;Xanthorrhoeaceae
Hemerocallis hybr.;Xanthorrhoeaceae
Hemerocallis hybr.;Xanthorrhoeaceae
Hemerocallis hybr.;Xanthorrhoeaceae
Hemerocallis hybr.;Xanthorrhoeaceae
Hemerocallis hybr.;Xanthorrhoeaceae
Hemerocallis hybr.;Xanthorrhoeaceae
Hemerocallis hybr.;Xanthorrhoeaceae
Hemerocallis hybr.;Xanthorrhoeaceae
Hemerocallis hybr.;Xanthorrhoeaceae
Hemerocallis hybr.;Xanthorrhoeaceae
Hemerocallis hybr.;Xanthorrhoeaceae
Hemerocallis hybr.;Xanthorrhoeaceae
Hemerocallis hybr.;Xanthorrhoeaceae
Hemerocallis hybr.;Xanthorrhoeaceae
Hemerocallis hybr.;Xanthorrhoeaceae
Hemerocallis hybr.;Xanthorrhoeaceae
Hemerocallis hybr.;Xanthorrhoeaceae
Hemerocallis hybr.;Xanthorrhoeaceae
Hemerocallis hybr.;Xanthorrhoeaceae
Hemerocallis hybr.;Xanthorrhoeaceae
Hemerocallis hybr.;Xanthorrhoeaceae
Hemerocallis hybr.;Xanthorrhoeaceae
Hemerocallis hybr.;Xanthorrhoeaceae
Hemerocallis hybr.;Xanthorrhoeaceae
Hemerocallis hybr.;Xanthorrhoeaceae
Hemerocallis hybr.;Xanthorrhoeaceae
Hemerocallis hybr.;Xanthorrhoeaceae
Hemerocallis hybr.;Xanthorrhoeaceae
Hemerocallis hybr.;Xanthorrhoeaceae
Hemerocallis hybr.;Xanthorrhoeaceae
Hemerocallis hybr.;Xanthorrhoeaceae
Hemerocallis hybr.;Xanthorrhoeaceae
Hemerocallis hybr.;Xanthorrhoeaceae
Hemerocallis hybr.;Xanthorrhoeaceae
Hemerocallis hybr.;Xanthorrhoeaceae
Hemerocallis hybr.;Xanthorrhoeaceae
Hemerocallis hybr.;Xanthorrhoeaceae
Hemerocallis hybr.;Xanthorrhoeaceae
Hemerocallis hybr.;Xanthorrhoeaceae
Hemerocallis hybr.;Xanthorrhoeaceae
Hemerocallis hybr.;Xanthorrhoeaceae
Hemerocallis hybr.;Xanthorrhoeaceae
Hemerocallis hybr.;Xanthorrhoeaceae
Hemerocallis hybr.;Xanthorrhoeaceae
Hemerocallis hybr.;Xanthorrhoeaceae
Hemerocallis hybr.;Xanthorrhoeaceae
Hemerocallis hybr.;Xanthorrhoeaceae
Hemerocallis hybr.;Xanthorrhoeaceae
Hemerocallis hybr.;Xanthorrhoeaceae
Hemerocallis hybr.;Xanthorrhoeaceae
Hemerocallis hybr.;Xanthorrhoeaceae
Hemerocallis hybr.;Xanthorrhoeaceae
Hemerocallis hybr.;Xanthorrhoeaceae
Hemerocallis hybr.;Xanthorrhoeaceae
Hemerocallis hybr.;Xanthorrhoeaceae
Hemerocallis hybr.;Xanthorrhoeaceae
Hemerocallis hybr.;Xanthorrhoeaceae
Hemerocallis hybr.;Xanthorrhoeaceae
Hemerocallis hybr.;Xanthorrhoeaceae
Hemerocallis hybr.;Xanthorrhoeaceae
Hemerocallis hybr.;Xanthorrhoeaceae
Hemerocallis hybr.;Xanthorrhoeaceae
Hemerocallis hybr.;Xanthorrhoeaceae
Hemerocallis hybr.;Xanthorrhoeaceae
Hemerocallis hybr.;Xanthorrhoeaceae
Hemerocallis hybr.;Xanthorrhoeaceae
Hemerocallis hybr.;Xanthorrhoeaceae
Hemerocallis hybr.;Xanthorrhoeaceae
Hemerocallis hybr.;Xanthorrhoeaceae
Hemerocallis hybr.;Xanthorrhoeaceae
Hemerocallis hybr.;Xanthorrhoeaceae
Hemerocallis hybr.;Xanthorrhoeaceae
Hemerocallis hybr.;Xanthorrhoeaceae
Hemerocallis hybr.;Xanthorrhoeaceae
Hemerocallis hybr.;Xanthorrhoeaceae
Hemerocallis hybr.;Xanthorrhoeaceae
Hemerocallis hybr.;Xanthorrhoeaceae
Hemerocallis hybr.;Xanthorrhoeaceae
Hemerocallis hybr.;Xanthorrhoeaceae
Hemerocallis hybr.;Xanthorrhoeaceae
Hemerocallis hybr.;Xanthorrhoeaceae
Hemerocallis hybr.;Xanthorrhoeaceae
Hemerocallis hybr.;Xanthorrhoeaceae
Hemerocallis hybr.;Xanthorrhoeaceae
Hemerocallis hybr.;Xanthorrhoeaceae
Hemerocallis hybr.;Xanthorrhoeaceae
Hemerocallis hybr.;Xanthorrhoeaceae
Hemerocallis hybr.;Xanthorrhoeaceae
Hemerocallis hybr.;Xanthorrhoeaceae
Hemerocallis hybr.;Xanthorrhoeaceae
Hemerocallis hybr.;Xanthorrhoeaceae
Hemerocallis hybr.;Xanthorrhoeaceae
Hemerocallis hybr.;Xanthorrhoeaceae
Hemerocallis hybr.;Xanthorrhoeaceae
Hemerocallis hybr.;Xanthorrhoeaceae
Hemerocallis hybr.;Xanthorrhoeaceae
Hemerocallis hybr.;Xanthorrhoeaceae
Hemerocallis hybr.;Xanthorrhoeaceae
Hemerocallis hybr.;Xanthorrhoeaceae
Hemerocallis hybr.;Xanthorrhoeaceae
Hemerocallis hybr.;Xanthorrhoeaceae
Hemerocallis hybr.;Xanthorrhoeaceae
Hemerocallis hybr.;Xanthorrhoeaceae
Hemerocallis hybr.;Xanthorrhoeaceae
Hemerocallis hybr.;Xanthorrhoeaceae
Hemerocallis hybr.;Xanthorrhoeaceae
Hemerocallis hybr.;Xanthorrhoeaceae
Hemerocallis hybr.;Xanthorrhoeaceae
Hemerocallis hybr.;Xanthorrhoeaceae
Hemerocallis hybr.;Xanthorrhoeaceae
Hemerocallis hybr.;Xanthorrhoeaceae
Hemerocallis hybr.;Xanthorrhoeaceae
Hemerocallis hybr.;Xanthorrhoeaceae
Hemerocallis hybr.;Xanthorrhoeaceae
Hemerocallis hybr.;Xanthorrhoeaceae
Hemerocallis hybr.;Xanthorrhoeaceae
Hemerocallis hybr.;Xanthorrhoeaceae
Hemerocallis hybr.;Xanthorrhoeaceae
Hemerocallis hybr.;Xanthorrhoeaceae
Hemerocallis hybr.;Xanthorrhoeaceae
Hemerocallis hybr.;Xanthorrhoeaceae
Hemerocallis hybr.;Xanthorrhoeaceae
Hemerocallis hybr.;Xanthorrhoeaceae
Hemerocallis hybr.;Xanthorrhoeaceae
Hemerocallis hybr.;Xanthorrhoeaceae
Hemerocallis hybr.;Xanthorrhoeaceae
Hemerocallis hybr.;Xanthorrhoeaceae
Hemerocallis hybr.;Xanthorrhoeaceae
Hemerocallis hybr.;Xanthorrhoeaceae
Hemerocallis hybr.;Xanthorrhoeaceae
Hemerocallis hybr.;Xanthorrhoeaceae
Hemerocallis hybr.;Xanthorrhoeaceae
Hemerocallis hybr.;Xanthorrhoeaceae
Hemerocallis hybr.;Xanthorrhoeaceae
Hemerocallis hybr.;Xanthorrhoeaceae
Hemerocallis hybr.;Xanthorrhoeaceae
Hemerocallis hybr.;Xanthorrhoeaceae
Hemerocallis hybr.;Xanthorrhoeaceae
Hemerocallis hybr.;Xanthorrhoeaceae
Hemerocallis hybr.;Xanthorrhoeaceae
Hemerocallis hybr.;Xanthorrhoeaceae
Hemerocallis hybr.;Xanthorrhoeaceae
Hemerocallis hybr.;Xanthorrhoeaceae
Hemerocallis hybr.;Xanthorrhoeaceae
Hemerocallis hybr.;Xanthorrhoeaceae
Hemerocallis hybr.;Xanthorrhoeaceae
Hemerocallis hybr.;Xanthorrhoeaceae
Hemerocallis hybr.;Xanthorrhoeaceae
Hemerocallis hybr.;Xanthorrhoeaceae
Hemerocallis hybr.;Xanthorrhoeaceae
Hemerocallis hybr.;Xanthorrhoeaceae
Hemerocallis hybr.;Xanthorrhoeaceae
Hemerocallis hybr.;Xanthorrhoeaceae
Hemerocallis hybr.;Xanthorrhoeaceae
Hemerocallis hybr.;Xanthorrhoeaceae
Hemerocallis hybr.;Xanthorrhoeaceae
Hemerocallis hybr.;Xanthorrhoeaceae
Hemerocallis hybr.;Xanthorrhoeaceae
Hemerocallis hybr.;Xanthorrhoeaceae
Hemerocallis hybr.;Xanthorrhoeaceae
Hemerocallis hybr.;Xanthorrhoeaceae
Hemerocallis hybr.;Xanthorrhoeaceae
Hemerocallis hybr.;Xanthorrhoeaceae
Hemerocallis hybr.;Xanthorrhoeaceae
Hemerocallis hybr.;Xanthorrhoeaceae
Hemerocallis hybr.;Xanthorrhoeaceae
Hemerocallis hybr.;Xanthorrhoeaceae
Hemerocallis hybr.;Xanthorrhoeaceae
Hemerocallis hybr.;Xanthorrhoeaceae
Hemerocallis hybr.;Xanthorrhoeaceae
Hemerocallis hybr.;Xanthorrhoeaceae
Hemerocallis hybr.;Xanthorrhoeaceae
Hemerocallis hybr.;Xanthorrhoeaceae
Hemerocallis hybr.;Xanthorrhoeaceae
Hemerocallis hybr.;Xanthorrhoeaceae
Hemerocallis hybr.;Xanthorrhoeaceae
Hemerocallis hybr.;Xanthorrhoeaceae
Hemerocallis hybr.;Xanthorrhoeaceae
Hemerocallis hybr.;Xanthorrhoeaceae
Hemerocallis hybr.;Xanthorrhoeaceae
Hemerocallis hybr.;Xanthorrhoeaceae
Hemerocallis hybr.;Xanthorrhoeaceae
Hemerocallis hybr.;Xanthorrhoeaceae
Hemerocallis hybr.;Xanthorrhoeaceae
Hemerocallis hybr.;Xanthorrhoeaceae
Hemerocallis hybr.;Xanthorrhoeaceae
Hemerocallis hybr.;Xanthorrhoeaceae
Hemerocallis hybr.;Xanthorrhoeaceae
Hemerocallis hybr.;Xanthorrhoeaceae
Hemerocallis hybr.;Xanthorrhoeaceae
Hemerocallis hybr.;Xanthorrhoeaceae
Hemerocallis hybr.;Xanthorrhoeaceae
Hemerocallis hybr.;Xanthorrhoeaceae
Hemerocallis hybr.;Xanthorrhoeaceae
Hemerocallis hybr.;Xanthorrhoeaceae
Hemerocallis hybr.;Xanthorrhoeaceae
Hemerocallis hybr.;Xanthorrhoeaceae
Hemerocallis hybr.;Xanthorrhoeaceae
Hemerocallis hybr.;Xanthorrhoeaceae
Hemerocallis hybr.;Xanthorrhoeaceae
Hemerocallis hybr.;Xanthorrhoeaceae
Hemerocallis hybr.;Xanthorrhoeaceae
Hemerocallis hybr.;Xanthorrhoeaceae
Hemerocallis hybr.;Xanthorrhoeaceae
Hemerocallis hybr.;Xanthorrhoeaceae
Hemerocallis hybr.;Xanthorrhoeaceae
Hemerocallis hybr.;Xanthorrhoeaceae
Hemerocallis hybr.;Xanthorrhoeaceae
Hemerocallis hybr.;Xanthorrhoeaceae
Hemerocallis hybr.;Xanthorrhoeaceae
Hemerocallis hybr.;Xanthorrhoeaceae
Hemerocallis hybr.;Xanthorrhoeaceae
Hemerocallis hybr.;Xanthorrhoeaceae
Hemerocallis hybr.;Xanthorrhoeaceae
Hemerocallis hybr.;Xanthorrhoeaceae
Hemerocallis hybr.;Xanthorrhoeaceae
Hemerocallis hybr.;Xanthorrhoeaceae
Hemerocallis hybr.;Xanthorrhoeaceae
Hemerocallis hybr.;Xanthorrhoeaceae
Hemerocallis hybr.;Xanthorrhoeaceae
Hemerocallis hybr.;Xanthorrhoeaceae
Hemerocallis hybr.;Xanthorrhoeaceae
Hemerocallis hybr.;Xanthorrhoeaceae
Hemerocallis hybr.;Xanthorrhoeaceae
Hemerocallis hybr.;Xanthorrhoeaceae
Hemerocallis hybr.;Xanthorrhoeaceae
Hemerocallis hybr.;Xanthorrhoeaceae
Hemerocallis hybr.;Xanthorrhoeaceae
Hemerocallis hybr.;Xanthorrhoeaceae
Hemerocallis hybr.;Xanthorrhoeaceae
Hemerocallis hybr.;Xanthorrhoeaceae
Hemerocallis hybr.;Xanthorrhoeaceae
Hemerocallis hybr.;Xanthorrhoeaceae
Hemerocallis hybr.;Xanthorrhoeaceae
Hemerocallis hybr.;Xanthorrhoeaceae
Hemerocallis hybr.;Xanthorrhoeaceae
Hemerocallis hybr.;Xanthorrhoeaceae
Hemerocallis hybr.;Xanthorrhoeaceae
Hemerocallis hybr.;Xanthorrhoeaceae
Hemerocallis hybr.;Xanthorrhoeaceae
Hemerocallis hybr.;Xanthorrhoeaceae
Hemerocallis hybr.;Xanthorrhoeaceae
Hemerocallis hybr.;Xanthorrhoeaceae
Hemerocallis hybr.;Xanthorrhoeaceae
Hemerocallis hybr.;Xanthorrhoeaceae
Hemerocallis hybr.;Xanthorrhoeaceae
Hemerocallis hybr.;Xanthorrhoeaceae
Hemerocallis hybr.;Xanthorrhoeaceae
Hemerocallis hybr.;Xanthorrhoeaceae
Hemerocallis hybr.;Xanthorrhoeaceae
Hemerocallis hybr.;Xanthorrhoeaceae
Hemerocallis hybr.;Xanthorrhoeaceae
Hemerocallis hybr.;Xanthorrhoeaceae
Hemerocallis hybr.;Xanthorrhoeaceae
Hemerocallis hybr.;Xanthorrhoeaceae
Hemerocallis hybr.;Xanthorrhoeaceae
Hemerocallis hybr.;Xanthorrhoeaceae
Hemerocallis hybr.;Xanthorrhoeaceae
Hemerocallis hybr.;Xanthorrhoeaceae
Hemerocallis hybr.;Xanthorrhoeaceae
Hemerocallis hybr.;Xanthorrhoeaceae
Hemerocallis hybr.;Xanthorrhoeaceae
Hemerocallis hybr.;Xanthorrhoeaceae
Hemerocallis hybr.;Xanthorrhoeaceae
Hemerocallis hybr.;Xanthorrhoeaceae
Hemerocallis hybr.;Xanthorrhoeaceae
Hemerocallis hybr.;Xanthorrhoeaceae
Hemerocallis hybr.;Xanthorrhoeaceae
Hemerocallis hybr.;Xanthorrhoeaceae
Hemerocallis hybr.;Xanthorrhoeaceae
Hemerocallis hybr.;Xanthorrhoeaceae
Hemerocallis hybr.;Xanthorrhoeaceae
Hemerocallis hybr.;Xanthorrhoeaceae
Hemerocallis hybr.;Xanthorrhoeaceae
Hemerocallis hybr.;Xanthorrhoeaceae
Hemerocallis hybr.;Xanthorrhoeaceae
Hemerocallis hybr.;Xanthorrhoeaceae
Hemerocallis hybr.;Xanthorrhoeaceae
Hemerocallis hybr.;Xanthorrhoeaceae
Hemerocallis hybr.;Xanthorrhoeaceae
Hemerocallis hybr.;Xanthorrhoeaceae
Hemerocallis hybr.;Xanthorrhoeaceae
Hemerocallis hybr.;Xanthorrhoeaceae
Hemerocallis hybr.;Xanthorrhoeaceae
Hemerocallis hybr.;Xanthorrhoeaceae
Hemerocallis hybr.;Xanthorrhoeaceae
Hemerocallis hybr.;Xanthorrhoeaceae
Hemerocallis hybr.;Xanthorrhoeaceae
Hemerocallis hybr.;Xanthorrhoeaceae
Hemerocallis hybr.;Xanthorrhoeaceae
Hemerocallis hybr.;Xanthorrhoeaceae
Hemerocallis hybr.;Xanthorrhoeaceae
Hemerocallis hybr.;Xanthorrhoeaceae
Hemerocallis hybr.;Xanthorrhoeaceae
Hemerocallis hybr.;Xanthorrhoeaceae
Hemerocallis hybr.;Xanthorrhoeaceae
Hemerocallis hybr.;Xanthorrhoeaceae
Hemerocallis hybr.;Xanthorrhoeaceae
Hemerocallis hybr.;Xanthorrhoeaceae
Hemerocallis hybr.;Xanthorrhoeaceae
Hemerocallis hybr.;Xanthorrhoeaceae
Hemerocallis hybr.;Xanthorrhoeaceae
Hemerocallis hybr.;Xanthorrhoeaceae
Hemerocallis hybr.;Xanthorrhoeaceae
Hemerocallis hybr.;Xanthorrhoeaceae
Hemerocallis hybr.;Xanthorrhoeaceae
Hemerocallis hybr.;Xanthorrhoeaceae
Hemerocallis hybr.;Xanthorrhoeaceae
Hemerocallis hybr.;Xanthorrhoeaceae
Hemerocallis hybr.;Xanthorrhoeaceae
Hemerocallis hybr.;Xanthorrhoeaceae
Hemerocallis hybr.;Xanthorrhoeaceae
Hemerocallis hybr.;Xanthorrhoeaceae
Hemerocallis hybr.;Xanthorrhoeaceae
Hemerocallis hybr.;Xanthorrhoeaceae
Hemerocallis hybr.;Xanthorrhoeaceae
Hemerocallis hybr.;Xanthorrhoeaceae
Hemerocallis hybr.;Xanthorrhoeaceae
Hemerocallis hybr.;Xanthorrhoeaceae
Hemerocallis hybr.;Xanthorrhoeaceae
Hemerocallis hybr.;Xanthorrhoeaceae
Hemerocallis hybr.;Xanthorrhoeaceae
Hemerocallis hybr.;Xanthorrhoeaceae
Hemerocallis hybr.;Xanthorrhoeaceae
Hemerocallis hybr.;Xanthorrhoeaceae
Hemerocallis hybr.;Xanthorrhoeaceae
Hemerocallis hybr.;Xanthorrhoeaceae
Hemerocallis hybr.;Xanthorrhoeaceae
Hemerocallis hybr.;Xanthorrhoeaceae
Hemerocallis hybr.;Xanthorrhoeaceae
Hemerocallis hybr.;Xanthorrhoeaceae
Hemerocallis hybr.;Xanthorrhoeaceae
Hemerocallis hybr.;Xanthorrhoeaceae
Hemerocallis hybr.;Xanthorrhoeaceae
Hemerocallis hybr.;Xanthorrhoeaceae
Hemerocallis hybr.;Xanthorrhoeaceae
Hemerocallis hybr.;Xanthorrhoeaceae
Hemerocallis hybr.;Xanthorrhoeaceae
Hemerocallis hybr.;Xanthorrhoeaceae
Hemerocallis hybr.;Xanthorrhoeaceae
Hemerocallis hybr.;Xanthorrhoeaceae
Hemerocallis hybr.;Xanthorrhoeaceae
Hemerocallis hybr.;Xanthorrhoeaceae
Hemerocallis hybr.;Xanthorrhoeaceae
Hemerocallis hybr.;Xanthorrhoeaceae
Hemerocallis hybr.;Xanthorrhoeaceae
Hemerocallis hybr.;Xanthorrhoeaceae
Hemerocallis hybr.;Xanthorrhoeaceae
Hemerocallis hybr.;Xanthorrhoeaceae
Hemerocallis hybr.;Xanthorrhoeaceae
Hemerocallis hybr.;Xanthorrhoeaceae
Hemerocallis hybr.;Xanthorrhoeaceae
Hemerocallis hybr.;Xanthorrhoeaceae
Hemerocallis hybr.;Xanthorrhoeaceae
Hemerocallis hybr.;Xanthorrhoeaceae
Hemerocallis hybr.;Xanthorrhoeaceae
Hemerocallis hybr.;Xanthorrhoeaceae
Hemerocallis hybr.;Xanthorrhoeaceae
Hemerocallis hybr.;Xanthorrhoeaceae
Hemerocallis hybr.;Xanthorrhoeaceae
Hemerocallis hybr.;Xanthorrhoeaceae
Hemerocallis hybr.;Xanthorrhoeaceae
Hemerocallis hybr.;Xanthorrhoeaceae
Hemerocallis hybr.;Xanthorrhoeaceae
Hemerocallis hybr.;Xanthorrhoeaceae
Hemerocallis hybr.;Xanthorrhoeaceae
Hemerocallis hybr.;Xanthorrhoeaceae
Hemerocallis hybr.;Xanthorrhoeaceae
Hemerocallis hybr.;Xanthorrhoeaceae
Hemerocallis hybr.;Xanthorrhoeaceae
Hemerocallis hybr.;Xanthorrhoeaceae
Hemerocallis hybr.;Xanthorrhoeaceae
Hemerocallis hybr.;Xanthorrhoeaceae
Hemerocallis hybr.;Xanthorrhoeaceae
Hemerocallis hybr.;Xanthorrhoeaceae
Hemerocallis hybr.;Xanthorrhoeaceae
Hemerocallis hybr.;Xanthorrhoeaceae
Hemerocallis hybr.;Xanthorrhoeaceae
Hemerocallis hybr.;Xanthorrhoeaceae
Hemerocallis hybr.;Xanthorrhoeaceae
Hemerocallis hybr.;Xanthorrhoeaceae
Hemerocallis hybr.;Xanthorrhoeaceae
Hemerocallis hybr.;Xanthorrhoeaceae
Hemerocallis hybr.;Xanthorrhoeaceae
Hemerocallis hybr.;Xanthorrhoeaceae
Hemerocallis hybr.;Xanthorrhoeaceae
Hemerocallis hybr.;Xanthorrhoeaceae
Hemerocallis hybr.;Xanthorrhoeaceae
Hemerocallis hybr.;Xanthorrhoeaceae
Hemerocallis hybr.;Xanthorrhoeaceae
Hemerocallis hybr.;Xanthorrhoeaceae
Hemerocallis hybr.;Xanthorrhoeaceae
Hemerocallis hybr.;Xanthorrhoeaceae
Hemerocallis hybr.;Xanthorrhoeaceae
Hemerocallis hybr.;Xanthorrhoeaceae
Hemerocallis hybr.;Xanthorrhoeaceae
Hemerocallis hybr.;Xanthorrhoeaceae
Hemerocallis hybr.;Xanthorrhoeaceae
Hemerocallis hybr.;Xanthorrhoeaceae
Hemerocallis hybr.;Xanthorrhoeaceae
Hemerocallis hybr.;Xanthorrhoeaceae
Hemerocallis hybr.;Xanthorrhoeaceae
Hemerocallis hybr.;Xanthorrhoeaceae
Hemerocallis hybr.;Xanthorrhoeaceae
Hemerocallis hybr.;Xanthorrhoeaceae
Hemerocallis hybr.;Xanthorrhoeaceae
Hemerocallis hybr.;Xanthorrhoeaceae
Hemerocallis hybr.;Xanthorrhoeaceae
Hemerocallis hybr.;Xanthorrhoeaceae
Hemerocallis hybr.;Xanthorrhoeaceae
Hemerocallis hybr.;Xanthorrhoeaceae
Hemerocallis hybr.;Xanthorrhoeaceae
Hemerocallis hybr.;Xanthorrhoeaceae
Hemerocallis hybr.;Xanthorrhoeaceae
Hemerocallis hybr.;Xanthorrhoeaceae
Hemerocallis hybr.;Xanthorrhoeaceae
Hemerocallis hybr.;Xanthorrhoeaceae
Hemerocallis hybr.;Xanthorrhoeaceae
Hemerocallis hybr.;Xanthorrhoeaceae
Hemerocallis hybr.;Xanthorrhoeaceae
Hemerocallis hybr.;Xanthorrhoeaceae
Hemerocallis hybr.;Xanthorrhoeaceae
Hemerocallis hybr.;Xanthorrhoeaceae
Hemerocallis hybr.;Xanthorrhoeaceae
Hemerocallis hybr.;Xanthorrhoeaceae
Hemerocallis hybr.;Xanthorrhoeaceae
Hemerocallis hybr.;Xanthorrhoeaceae
Hemerocallis hybr.;Xanthorrhoeaceae
Hemerocallis hybr.;Xanthorrhoeaceae
Hemerocallis hybr.;Xanthorrhoeaceae
Hemerocallis hybr.;Xanthorrhoeaceae
Hemerocallis hybr.;Xanthorrhoeaceae
Hemerocallis hybr.;Xanthorrhoeaceae
Hemerocallis hybr.;Xanthorrhoeaceae
Hemerocallis hybr.;Xanthorrhoeaceae
Hemerocallis hybr.;Xanthorrhoeaceae
Hemerocallis hybr.;Xanthorrhoeaceae
Hemerocallis hybr.;Xanthorrhoeaceae
Hemerocallis hybr.;Xanthorrhoeaceae
Hemerocallis hybr.;Xanthorrhoeaceae
Hemerocallis hybr.;Xanthorrhoeaceae
Hemerocallis hybr.;Xanthorrhoeaceae
Hemerocallis hybr.;Xanthorrhoeaceae
Hemerocallis hybr.;Xanthorrhoeaceae
Hemerocallis hybr.;Xanthorrhoeaceae
Hemerocallis hybr.;Xanthorrhoeaceae
Hemerocallis hybr.;Xanthorrhoeaceae
Hemerocallis hybr.;Xanthorrhoeaceae
Hemerocallis hybr.;Xanthorrhoeaceae
Hemerocallis hybr.;Xanthorrhoeaceae
Hemerocallis hybr.;Xanthorrhoeaceae
Hemerocallis hybr.;Xanthorrhoeaceae
Hemerocallis hybr.;Xanthorrhoeaceae
Hemerocallis hybr.;Xanthorrhoeaceae
Hemerocallis hybr.;Xanthorrhoeaceae
Hemerocallis hybr.;Xanthorrhoeaceae
Hemerocallis hybr.;Xanthorrhoeaceae
Hemerocallis hybr.;Xanthorrhoeaceae
Hemerocallis hybr.;Xanthorrhoeaceae
Hemerocallis hybr.;Xanthorrhoeaceae
Hemerocallis hybr.;Xanthorrhoeaceae
Hemerocallis hybr.;Xanthorrhoeaceae
Hemerocallis hybr.;Xanthorrhoeaceae
Hemerocallis hybr.;Xanthorrhoeaceae
Hemerocallis hybr.;Xanthorrhoeaceae
Hemerocallis hybr.;Xanthorrhoeaceae
Hemerocallis hybr.;Xanthorrhoeaceae
Hemerocallis hybr.;Xanthorrhoeaceae
Hemerocallis hybr.;Xanthorrhoeaceae
Hemerocallis hybr.;Xanthorrhoeaceae
Hemerocallis hybr.;Xanthorrhoeaceae
Hemerocallis hybr.;Xanthorrhoeaceae
Hemerocallis hybr.;Xanthorrhoeaceae
Hemerocallis hybr.;Xanthorrhoeaceae
Hemerocallis hybr.;Xanthorrhoeaceae
Hemerocallis hybr.;Xanthorrhoeaceae
Hemerocallis hybr.;Xanthorrhoeaceae
Hemerocallis hybr.;Xanthorrhoeaceae
Hemerocallis hybr.;Xanthorrhoeaceae
Hemerocallis hybr.;Xanthorrhoeaceae
Hemerocallis hybr.;Xanthorrhoeaceae
Hemerocallis hybr.;Xanthorrhoeaceae
Hemerocallis hybr.;Xanthorrhoeaceae
Hemerocallis hybr.;Xanthorrhoeaceae
Hemerocallis hybr.;Xanthorrhoeaceae
Hemerocallis hybr.;Xanthorrhoeaceae
Hemerocallis hybr.;Xanthorrhoeaceae
Hemerocallis hybr.;Xanthorrhoeaceae
Hemerocallis hybr.;Xanthorrhoeaceae
Hemerocallis hybr.;Xanthorrhoeaceae
Hemerocallis hybr.;Xanthorrhoeaceae
Hemerocallis hybr.;Xanthorrhoeaceae
Hemerocallis hybr.;Xanthorrhoeaceae
Hemerocallis hybr.;Xanthorrhoeaceae
Hemerocallis hybr.;Xanthorrhoeaceae
Hemerocallis hybr.;Xanthorrhoeaceae
Hemerocallis hybr.;Xanthorrhoeaceae
Hemerocallis hybr.;Xanthorrhoeaceae
Hemerocallis hybr.;Xanthorrhoeaceae
Hemerocallis hybr.;Xanthorrhoeaceae
Hemerocallis hybr.;Xanthorrhoeaceae
Hemerocallis hybr.;Xanthorrhoeaceae
Hemerocallis hybr.;Xanthorrhoeaceae
Hemerocallis hybr.;Xanthorrhoeaceae
Hemerocallis hybr.;Xanthorrhoeaceae
Hemerocallis hybr.;Xanthorrhoeaceae
Hemerocallis hybr.;Xanthorrhoeaceae
Hemerocallis hybr.;Xanthorrhoeaceae
Hemerocallis hybr.;Xanthorrhoeaceae
Hemerocallis hybr.;Xanthorrhoeaceae
Hemerocallis hybr.;Xanthorrhoeaceae
Hemerocallis hybr.;Xanthorrhoeaceae
Hemerocallis hybr.;Xanthorrhoeaceae
Hemerocallis hybr.;Xanthorrhoeaceae
Hemerocallis hybr.;Xanthorrhoeaceae
Hemerocallis hybr.;Xanthorrhoeaceae
Hemerocallis hybr.;Xanthorrhoeaceae
Hemerocallis hybr.;Xanthorrhoeaceae
Hemerocallis hybr.;Xanthorrhoeaceae
Hemerocallis hybr.;Xanthorrhoeaceae
Hemerocallis hybr.;Xanthorrhoeaceae
Hemerocallis hybr.;Xanthorrhoeaceae
Hemerocallis hybr.;Xanthorrhoeaceae
Hemerocallis hybr.;Xanthorrhoeaceae
Hemerocallis hybr.;Xanthorrhoeaceae
Hemerocallis hybr.;Xanthorrhoeaceae
Hemerocallis hybr.;Xanthorrhoeaceae
Hemerocallis hybr.;Xanthorrhoeaceae
Hemerocallis hybr.;Xanthorrhoeaceae
Hemerocallis hybr.;Xanthorrhoeaceae
Hemerocallis hybr.;Xanthorrhoeaceae
Hemerocallis hybr.;Xanthorrhoeaceae
Hemerocallis hybr.;Xanthorrhoeaceae
Hemerocallis hybr.;Xanthorrhoeaceae
Hemerocallis hybr.;Xanthorrhoeaceae
Hemerocallis hybr.;Xanthorrhoeaceae
Hemerocallis hybr.;Xanthorrhoeaceae
Hemerocallis hybr.;Xanthorrhoeaceae
Hemerocallis hybr.;Xanthorrhoeaceae
Hemerocallis hybr.;Xanthorrhoeaceae
Hemerocallis hybr.;Xanthorrhoeaceae
Hemerocallis hybr.;Xanthorrhoeaceae
Hemerocallis hybr.;Xanthorrhoeaceae
Hemerocallis hybr.;Xanthorrhoeaceae
Hemerocallis hybr.;Xanthorrhoeaceae
Hemerocallis hybr.;Xanthorrhoeaceae
Hemerocallis hybr.;Xanthorrhoeaceae
Hemerocallis hybr.;Xanthorrhoeaceae
Hemerocallis hybr.;Xanthorrhoeaceae
Hemerocallis hybr.;Xanthorrhoeaceae
Hemerocallis hybr.;Xanthorrhoeaceae
Hemerocallis hybr.;Xanthorrhoeaceae
Hemerocallis hybr.;Xanthorrhoeaceae
Hemerocallis hybr.;Xanthorrhoeaceae
Hemerocallis hybr.;Xanthorrhoeaceae
Hemerocallis hybr.;Xanthorrhoeaceae
Hemerocallis hybr.;Xanthorrhoeaceae
Hemerocallis hybr.;Xanthorrhoeaceae
Hemerocallis hybr.;Xanthorrhoeaceae
Hemerocallis hybr.;Xanthorrhoeaceae
Hemerocallis hybr.;Xanthorrhoeaceae
Hemerocallis hybr.;Xanthorrhoeaceae
Hemerocallis hybr.;Xanthorrhoeaceae
Hemerocallis hybr.;Xanthorrhoeaceae
Hemerocallis hybr.;Xanthorrhoeaceae
Hemerocallis hybr.;Xanthorrhoeaceae
Hemerocallis hybr.;Xanthorrhoeaceae
Hemerocallis hybr.;Xanthorrhoeaceae
Hemerocallis hybr.;Xanthorrhoeaceae
Hemerocallis hybr.;Xanthorrhoeaceae
Hemerocallis hybr.;Xanthorrhoeaceae
Hemerocallis hybr.;Xanthorrhoeaceae
Hemerocallis hybr.;Xanthorrhoeaceae
Hemerocallis hybr.;Xanthorrhoeaceae
Hemerocallis hybr.;Xanthorrhoeaceae
Hemerocallis hybr.;Xanthorrhoeaceae
Hemerocallis hybr.;Xanthorrhoeaceae
Hemerocallis hybr.;Xanthorrhoeaceae
Hemerocallis hybr.;Xanthorrhoeaceae
Hemerocallis hybr.;Xanthorrhoeaceae
Hemerocallis hybr.;Xanthorrhoeaceae
Hemerocallis hybr.;Xanthorrhoeaceae
Hemerocallis hybr.;Xanthorrhoeaceae
Hemerocallis hybr.;Xanthorrhoeaceae
Hemerocallis hybr.;Xanthorrhoeaceae
Hemerocallis hybr.;Xanthorrhoeaceae
Hemerocallis hybr.;Xanthorrhoeaceae
Hemerocallis hybr.;Xanthorrhoeaceae
Hemerocallis hybr.;Xanthorrhoeaceae
Hemerocallis hybr.;Xanthorrhoeaceae
Hemerocallis hybr.;Xanthorrhoeaceae
Hemerocallis hybr.;Xanthorrhoeaceae
Hemerocallis hybr.;Xanthorrhoeaceae
Hemerocallis hybr.;Xanthorrhoeaceae
Hemerocallis hybr.;Xanthorrhoeaceae
Hemerocallis hybr.;Xanthorrhoeaceae
Hemerocallis hybr.;Xanthorrhoeaceae
Hemerocallis hybr.;Xanthorrhoeaceae
Hemerocallis hybr.;Xanthorrhoeaceae
Hemerocallis hybr.;Xanthorrhoeaceae
Hemerocallis hybr.;Xanthorrhoeaceae
Hemerocallis hybr.;Xanthorrhoeaceae
Hemerocallis hybr.;Xanthorrhoeaceae
Hemerocallis hybr.;Xanthorrhoeaceae
Hemerocallis hybr.;Xanthorrhoeaceae
Hemerocallis hybr.;Xanthorrhoeaceae
Hemerocallis hybr.;Xanthorrhoeaceae
Hemerocallis hybr.;Xanthorrhoeaceae
Hemerocallis hybr.;Xanthorrhoeaceae
Hemerocallis hybr.;Xanthorrhoeaceae
Hemerocallis hybr.;Xanthorrhoeaceae
Hemerocallis hybr.;Xanthorrhoeaceae
Hemerocallis hybr.;Xanthorrhoeaceae
Hemerocallis hybr.;Xanthorrhoeaceae
Hemerocallis hybr.;Xanthorrhoeaceae
Hemerocallis hybr.;Xanthorrhoeaceae
Hemerocallis hybr.;Xanthorrhoeaceae
Hemerocallis hybr.;Xanthorrhoeaceae
Hemerocallis hybr.;Xanthorrhoeaceae
Hemerocallis hybr.;Xanthorrhoeaceae
Hemerocallis hybr.;Xanthorrhoeaceae
Hemerocallis hybr.;Xanthorrhoeaceae
Hemerocallis hybr.;Xanthorrhoeaceae
Hemerocallis hybr.;Xanthorrhoeaceae
Hemerocallis hybr.;Xanthorrhoeaceae
Hemerocallis hybr.;Xanthorrhoeaceae
Hemerocallis hybr.;Xanthorrhoeaceae
Hemerocallis hybr.;Xanthorrhoeaceae
Hemerocallis hybr.;Xanthorrhoeaceae
Hemerocallis hybr.;Xanthorrhoeaceae
Hemerocallis hybr.;Xanthorrhoeaceae
Hemerocallis hybr.;Xanthorrhoeaceae
Hemerocallis hybr.;Xanthorrhoeaceae
Hemerocallis hybr.;Xanthorrhoeaceae
Hemerocallis hybr.;Xanthorrhoeaceae
Hemerocallis hybr.;Xanthorrhoeaceae
Hemerocallis hybr.;Xanthorrhoeaceae
Hemerocallis hybr.;Xanthorrhoeaceae
Hemerocallis hybr.;Xanthorrhoeaceae
Hemerocallis hybr.;Xanthorrhoeaceae
Hemerocallis hybr.;Xanthorrhoeaceae
Hemerocallis hybr.;Xanthorrhoeaceae
Hemerocallis hybr.;Xanthorrhoeaceae
Hemerocallis hybr.;Xanthorrhoeaceae
Hemerocallis hybr.;Xanthorrhoeaceae
Hemerocallis hybr.;Xanthorrhoeaceae
Hemerocallis hybr.;Xanthorrhoeaceae
Hemerocallis hybr.;Xanthorrhoeaceae
Hemerocallis hybr.;Xanthorrhoeaceae
Hemerocallis hybr.;Xanthorrhoeaceae
Hemerocallis hybr.;Xanthorrhoeaceae
Hemerocallis hybr.;Xanthorrhoeaceae
Hemerocallis hybr.;Xanthorrhoeaceae
Hemerocallis hybr.;Xanthorrhoeaceae
Hemerocallis hybr.;Xanthorrhoeaceae
Hemerocallis hybr.;Xanthorrhoeaceae
Hemerocallis hybr.;Xanthorrhoeaceae
Hemerocallis hybr.;Xanthorrhoeaceae
Hemerocallis hybr.;Xanthorrhoeaceae
Hemerocallis hybr.;Xanthorrhoeaceae
Hemerocallis hybr.;Xanthorrhoeaceae
Hemerocallis hybr.;Xanthorrhoeaceae
Hemerocallis hybr.;Xanthorrhoeaceae
Hemerocallis hybr.;Xanthorrhoeaceae
Hemerocallis hybr.;Xanthorrhoeaceae
Hemerocallis hybr.;Xanthorrhoeaceae
Hemerocallis hybr.;Xanthorrhoeaceae
Hemerocallis hybr.;Xanthorrhoeaceae
Hemerocallis hybr.;Xanthorrhoeaceae
Hemerocallis hybr.;Xanthorrhoeaceae
Hemerocallis hybr.;Xanthorrhoeaceae
Hemerocallis hybr.;Xanthorrhoeaceae
Hemerocallis hybr.;Xanthorrhoeaceae
Hemerocallis hybr.;Xanthorrhoeaceae
Hemerocallis hybr.;Xanthorrhoeaceae
Hemerocallis hybr.;Xanthorrhoeaceae
Hemerocallis hybr.;Xanthorrhoeaceae
Hemerocallis hybr.;Xanthorrhoeaceae
Hemerocallis hybr.;Xanthorrhoeaceae
Hemerocallis hybr.;Xanthorrhoeaceae
Hemerocallis hybr.;Xanthorrhoeaceae
Hemerocallis hybr.;Xanthorrhoeaceae
Hemerocallis hybr.;Xanthorrhoeaceae
Hemerocallis hybr.;Xanthorrhoeaceae
Hemerocallis hybr.;Xanthorrhoeaceae
Hemerocallis hybr.;Xanthorrhoeaceae
Hemerocallis hybr.;Xanthorrhoeaceae
Hemerocallis hybr.;Xanthorrhoeaceae
Hemerocallis hybr.;Xanthorrhoeaceae
Hemerocallis hybr.;Xanthorrhoeaceae
Hemerocallis hybr.;Xanthorrhoeaceae
Hemerocallis hybr.;Xanthorrhoeaceae
Hemerocallis hybr.;Xanthorrhoeaceae
Hemerocallis hybr.;Xanthorrhoeaceae
Hemerocallis hybr.;Xanthorrhoeaceae
Hemerocallis hybr.;Xanthorrhoeaceae
Hemerocallis hybr.;Xanthorrhoeaceae
Hemerocallis hybr.;Xanthorrhoeaceae
Hemerocallis hybr.;Xanthorrhoeaceae
Hemerocallis hybr.;Xanthorrhoeaceae
Hemerocallis hybr.;Xanthorrhoeaceae
Hemerocallis hybr.;Xanthorrhoeaceae
Hemerocallis hybr.;Xanthorrhoeaceae
Hemerocallis hybr.;Xanthorrhoeaceae
Hemerocallis hybr.;Xanthorrhoeaceae
Hemerocallis hybr.;Xanthorrhoeaceae
Hemerocallis hybr.;Xanthorrhoeaceae
Hemerocallis hybr.;Xanthorrhoeaceae
Hemerocallis hybr.;Xanthorrhoeaceae
Hemerocallis hybr.;Xanthorrhoeaceae
Hemerocallis hybr.;Xanthorrhoeaceae
Hemerocallis hybr.;Xanthorrhoeaceae
Hemerocallis hybr.;Xanthorrhoeaceae
Hemerocallis hybr.;Xanthorrhoeaceae
Hemerocallis hybr.;Xanthorrhoeaceae
Hemerocallis hybr.;Xanthorrhoeaceae
Hemerocallis hybr.;Xanthorrhoeaceae
Hemerocallis hybr.;Xanthorrhoeaceae
Hemerocallis hybr.;Xanthorrhoeaceae
Hemerocallis hybr.;Xanthorrhoeaceae
Hemerocallis hybr.;Xanthorrhoeaceae
Hemerocallis hybr.;Xanthorrhoeaceae
Hemerocallis hybr.;Xanthorrhoeaceae
Hemerocallis hybr.;Xanthorrhoeaceae
Hemerocallis hybr.;Xanthorrhoeaceae
Hemerocallis hybr.;Xanthorrhoeaceae
Hemerocallis hybr.;Xanthorrhoeaceae
Hemerocallis hybr.;Xanthorrhoeaceae
Hemerocallis hybr.;Xanthorrhoeaceae
Hemerocallis hybr.;Xanthorrhoeaceae
Hemerocallis hybr.;Xanthorrhoeaceae
Hemerocallis hybr.;Xanthorrhoeaceae
Hemerocallis hybr.;Xanthorrhoeaceae
Hemerocallis hybr.;Xanthorrhoeaceae
Hemerocallis hybr.;Xanthorrhoeaceae
Hemerocallis hybr.;Xanthorrhoeaceae
Hemerocallis hybr.;Xanthorrhoeaceae
Hemerocallis hybr.;Xanthorrhoeaceae
Hemerocallis hybr.;Xanthorrhoeaceae
Hemerocallis hybr.;Xanthorrhoeaceae
Hemerocallis hybr.;Xanthorrhoeaceae
Hemerocallis hybr.;Xanthorrhoeaceae
Hemerocallis hybr.;Xanthorrhoeaceae
Hemerocallis hybr.;Xanthorrhoeaceae
Hemerocallis hybr.;Xanthorrhoeaceae
Hemerocallis hybr.;Xanthorrhoeaceae
Hemerocallis hybr.;Xanthorrhoeaceae
Hemerocallis hybr.;Xanthorrhoeaceae
Hemerocallis hybr.;Xanthorrhoeaceae
Hemerocallis hybr.;Xanthorrhoeaceae
Hemerocallis hybr.;Xanthorrhoeaceae
Hemerocallis hybr.;Xanthorrhoeaceae
Hemerocallis hybr.;Xanthorrhoeaceae
Hemerocallis hybr.;Xanthorrhoeaceae
Hemerocallis hybr.;Xanthorrhoeaceae
Hemerocallis hybr.;Xanthorrhoeaceae
Hemerocallis hybr.;Xanthorrhoeaceae
Hemerocallis hybr.;Xanthorrhoeaceae
Hemerocallis hybr.;Xanthorrhoeaceae
Hemerocallis hybr.;Xanthorrhoeaceae
Hemerocallis hybr.;Xanthorrhoeaceae
Hemerocallis hybr.;Xanthorrhoeaceae
Hemerocallis hybr.;Xanthorrhoeaceae
Hemerocallis hybr.;Xanthorrhoeaceae
Hemerocallis hybr.;Xanthorrhoeaceae
Hemerocallis hybr.;Xanthorrhoeaceae
Hemerocallis hybr.;Xanthorrhoeaceae
Hemerocallis hybr.;Xanthorrhoeaceae
Hemerocallis hybr.;Xanthorrhoeaceae
Hemerocallis hybr.;Xanthorrhoeaceae
Hemerocallis hybr.;Xanthorrhoeaceae
Hemerocallis hybr.;Xanthorrhoeaceae
Hemerocallis hybr.;Xanthorrhoeaceae
Hemerocallis hybr.;Xanthorrhoeaceae
Hemerocallis hybr.;Xanthorrhoeaceae
Hemerocallis hybr.;Xanthorrhoeaceae
Hemerocallis hybr.;Xanthorrhoeaceae
Hemerocallis hybr.;Xanthorrhoeaceae
Hemerocallis hybr.;Xanthorrhoeaceae
Hemerocallis hybr.;Xanthorrhoeaceae
Hemerocallis hybr.;Xanthorrhoeaceae
Hemerocallis hybr.;Xanthorrhoeaceae
Hemerocallis hybr.;Xanthorrhoeaceae
Hemerocallis hybr.;Xanthorrhoeaceae
Hemerocallis hybr.;Xanthorrhoeaceae
Hemerocallis hybr.;Xanthorrhoeaceae
Hemerocallis hybr.;Xanthorrhoeaceae
Hemerocallis hybr.;Xanthorrhoeaceae
Hemerocallis hybr.;Xanthorrhoeaceae
Hemerocallis hybr.;Xanthorrhoeaceae
Hemerocallis hybr.;Xanthorrhoeaceae
Hemerocallis hybr.;Xanthorrhoeaceae
Hemerocallis hybr.;Xanthorrhoeaceae
Hemerocallis hybr.;Xanthorrhoeaceae
Hemerocallis hybr.;Xanthorrhoeaceae
Hemerocallis hybr.;Xanthorrhoeaceae
Hemerocallis hybr.;Xanthorrhoeaceae
Hemerocallis hybr.;Xanthorrhoeaceae
Hemerocallis hybr.;Xanthorrhoeaceae
Hemerocallis hybr.;Xanthorrhoeaceae
Hemerocallis hybr.;Xanthorrhoeaceae
Hemerocallis hybr.;Xanthorrhoeaceae
Hemerocallis hybr.;Xanthorrhoeaceae
Hemerocallis hybr.;Xanthorrhoeaceae
Hemerocallis hybr.;Xanthorrhoeaceae
Hemerocallis hybr.;Xanthorrhoeaceae
Hemerocallis hybr.;Xanthorrhoeaceae
Hemerocallis hybr.;Xanthorrhoeaceae
Hemerocallis hybr.;Xanthorrhoeaceae
Hemerocallis hybr.;Xanthorrhoeaceae
Hemerocallis hybr.;Xanthorrhoeaceae
Hemerocallis hybr.;Xanthorrhoeaceae
Hemerocallis hybr.;Xanthorrhoeaceae
Hemerocallis hybr.;Xanthorrhoeaceae
Hemerocallis hybr.;Xanthorrhoeaceae
Hemerocallis hybr.;Xanthorrhoeaceae
Hemerocallis hybr.;Xanthorrhoeaceae
Hemerocallis hybr.;Xanthorrhoeaceae
Hemerocallis hybr.;Xanthorrhoeaceae
Hemerocallis hybr.;Xanthorrhoeaceae
Hemerocallis hybr.;Xanthorrhoeaceae
Hemerocallis hybr.;Xanthorrhoeaceae
Hemerocallis hybr.;Xanthorrhoeaceae
Hemerocallis hybr.;Xanthorrhoeaceae
Hemerocallis hybr.;Xanthorrhoeaceae
Hemerocallis hybr.;Xanthorrhoeaceae
Hemerocallis hybr.;Xanthorrhoeaceae
Hemerocallis hybr.;Xanthorrhoeaceae
Hemerocallis hybr.;Xanthorrhoeaceae
Hemerocallis hybr.;Xanthorrhoeaceae
Hemerocallis hybr.;Xanthorrhoeaceae
Hemerocallis hybr.;Xanthorrhoeaceae
Hemerocallis hybr.;Xanthorrhoeaceae
Hemerocallis hybr.;Xanthorrhoeaceae
Hemerocallis hybr.;Xanthorrhoeaceae
Hemerocallis hybr.;Xanthorrhoeaceae
Hemerocallis hybr.;Xanthorrhoeaceae
Hemerocallis hybr.;Xanthorrhoeaceae
Hemerocallis hybr.;Xanthorrhoeaceae
Hemerocallis hybr.;Xanthorrhoeaceae
Hemerocallis hybr.;Xanthorrhoeaceae
Hemerocallis hybr.;Xanthorrhoeaceae
Hemerocallis hybr.;Xanthorrhoeaceae
Hemerocallis hybr.;Xanthorrhoeaceae
Hemerocallis hybr.;Xanthorrhoeaceae
Hemerocallis hybr.;Xanthorrhoeaceae
Hemerocallis hybr.;Xanthorrhoeaceae
Hemerocallis hybr.;Xanthorrhoeaceae
Hemerocallis hybr.;Xanthorrhoeaceae
Hemerocallis hybr.;Xanthorrhoeaceae
Hemerocallis hybr.;Xanthorrhoeaceae
Hemerocallis hybr.;Xanthorrhoeaceae
Hemerocallis hybr.;Xanthorrhoeaceae
Hemerocallis hybr.;Xanthorrhoeaceae
Hemerocallis hybr.;Xanthorrhoeaceae
Hemerocallis hybr.;Xanthorrhoeaceae
Hemerocallis hybr.;Xanthorrhoeaceae
Hemerocallis hybr.;Xanthorrhoeaceae
Hemerocallis hybr.;Xanthorrhoeaceae
Hemerocallis hybr.;Xanthorrhoeaceae
Hemerocallis hybr.;Xanthorrhoeaceae
Hemerocallis hybr.;Xanthorrhoeaceae
Hemerocallis hybr.;Xanthorrhoeaceae
Hemerocallis hybr.;Xanthorrhoeaceae
Hemerocallis hybr.;Xanthorrhoeaceae
Hemerocallis hybr.;Xanthorrhoeaceae
Hemerocallis hybr.;Xanthorrhoeaceae
Hemerocallis hybr.;Xanthorrhoeaceae
Hemerocallis hybr.;Xanthorrhoeaceae
Hemerocallis hybr.;Xanthorrhoeaceae
Hemerocallis hybr.;Xanthorrhoeaceae
Hemerocallis hybr.;Xanthorrhoeaceae
Hemerocallis hybr.;Xanthorrhoeaceae
Hemerocallis hybr.;Xanthorrhoeaceae
Hemerocallis hybr.;Xanthorrhoeaceae
Hemerocallis hybr.;Xanthorrhoeaceae
Hemerocallis lilioasphodelus;Xanthorrhoeaceae
Hemerocallis littorea;Xanthorrhoeaceae
Hemerocallis middendorffii;Xanthorrhoeaceae
Hemerocallis minor;Xanthorrhoeaceae
Hemerocallis multiflora;Xanthorrhoeaceae
Hemerocallis sp.;Xanthorrhoeaceae
Hemerocallis thunbergii;Xanthorrhoeaceae
Hemerocallis yezoensis;Xanthorrhoeaceae
Hemiboea cavaleriei;Gesneriaceae
Hemigraphis repanda;Acanthaceae
Hemionitis doryopteris;Pteridaceae
Hemionitis doryopteris;Pteridaceae
Hemionitis palmata;Pteridaceae
Hemiptelea davidii;Ulmaceae
Hemithrinax ekmaniana;
Hepatica henryi;Ranunculaceae
Hepatica insularis;Ranunculaceae
Hepatica maxima;Ranunculaceae
Hepatica nobilis;Ranunculaceae
Hepatica nobilis;Ranunculaceae
Hepatica nobilis;Ranunculaceae
Hepatica nobilis;Ranunculaceae
Hepatica nobilis;Ranunculaceae
Hepatica nobilis;Ranunculaceae
Hepatica nobilis;Ranunculaceae
Hepatica transsilvanica;Ranunculaceae
Hepatica transsilvanica;Ranunculaceae
Hepatica transsilvanica;Ranunculaceae
Hepatica x media;Ranunculaceae
Heptacodium miconioides;Caprifoliaceae
Heracleum antasiaticum;Apiaceae
Hereroa dyeri;Aizoaceae
Hermannia ciliaris;Malvaceae
Hermannia coccocarpa;Malvaceae
Hermannia flammea;Malvaceae
Hermannia incana;Malvaceae
Hermannia sp.;Malvaceae
Herminium sp.;Orchidaceae
Hernandia cordigera;Hernandiaceae
Hernandia nymphaeifolia;Hernandiaceae
Herniaria ciliolata;Caryophyllaceae
Herniaria glabra;Caryophyllaceae
Herniaria hirsuta;Caryophyllaceae
Herpysma longicaulis;Orchidaceae
Herrania purpurea;Malvaceae
Hertia cheirifolia;Asteraceae
Hesperaloe funifera;Asparagaceae (Agavaceae)
Hesperaloe funifera;Asparagaceae (Agavaceae)
Hesperaloe parviflora;Asparagaceae (Agavaceae)
Hesperis lutea;Brassicaceae
Hesperis matronalis;Brassicaceae
Hesperis matronalis;Brassicaceae
Hesperostipa comata;
Hesperoyucca whipplei;
Heterocentron glandulosum;Melastomataceae
Heterospathe brevicaulis;Arecaceae
Heterospathe delicatula;Arecaceae
Heterospathe minor;Arecaceae
Heterospathe scitula;Arecaceae
Heterostemma brownii;Apocynaceae
Heterotheca camporum;Asteraceae
Heterotheca jonesii;Asteraceae
Heterotheca pumila;Asteraceae
Heterotheca sp.;Asteraceae
Heterotheca sp.;Asteraceae
Heterotheca villosa;Asteraceae
Heterotheca villosa;Asteraceae
Heterotheca villosa;Asteraceae
Heterotheca villosa;Asteraceae
Heterotheca villosa;Asteraceae
Heuchera <x >brizoides;Saxifragaceae
Heuchera <x >brizoides;Saxifragaceae
Heuchera <x >brizoides;Saxifragaceae
Heuchera <x >brizoides;Saxifragaceae
Heuchera alpestris;Saxifragaceae
Heuchera americana;Saxifragaceae
Heuchera americana;Saxifragaceae
Heuchera americana;Saxifragaceae
Heuchera americana;Saxifragaceae
Heuchera americana;Saxifragaceae
Heuchera americana;Saxifragaceae
Heuchera americana;Saxifragaceae
Heuchera americana;Saxifragaceae
Heuchera americana;Saxifragaceae
Heuchera americana;Saxifragaceae
Heuchera americana;Saxifragaceae
Heuchera americana;Saxifragaceae
Heuchera americana;Saxifragaceae
Heuchera americana;Saxifragaceae
Heuchera americana;Saxifragaceae
Heuchera americana;Saxifragaceae
Heuchera americana;Saxifragaceae
Heuchera americana;Saxifragaceae
Heuchera americana;Saxifragaceae
Heuchera americana;Saxifragaceae
Heuchera americana;Saxifragaceae
Heuchera bracteata;Saxifragaceae
Heuchera cuprea;Saxifragaceae
Heuchera curtisii;Saxifragaceae
Heuchera cylindrica;Saxifragaceae
Heuchera cylindrica;Saxifragaceae
Heuchera cylindrica;Saxifragaceae
Heuchera cylindrica;Saxifragaceae
Heuchera elegans;Saxifragaceae
Heuchera grossulariifolia;Saxifragaceae
Heuchera grossulariifolia;Saxifragaceae
Heuchera hallii;Saxifragaceae
Heuchera himalayensis;Saxifragaceae
Heuchera hirsuticaulis;Saxifragaceae
Heuchera hispida;Saxifragaceae
Heuchera hybr.;Saxifragaceae
Heuchera hybr.;Saxifragaceae
Heuchera hybr.;Saxifragaceae
Heuchera hybr.;Saxifragaceae
Heuchera hybr.;Saxifragaceae
Heuchera hybr.;Saxifragaceae
Heuchera hybr.;Saxifragaceae
Heuchera hybr.;Saxifragaceae
Heuchera hybr.;Saxifragaceae
Heuchera hybr.;Saxifragaceae
Heuchera hybr.;Saxifragaceae
Heuchera hybr.;Saxifragaceae
Heuchera hybr.;Saxifragaceae
Heuchera hybr.;Saxifragaceae
Heuchera hybr.;Saxifragaceae
Heuchera hybr.;Saxifragaceae
Heuchera hybr.;Saxifragaceae
Heuchera hybr.;Saxifragaceae
Heuchera hybr.;Saxifragaceae
Heuchera hybr.;Saxifragaceae
Heuchera hybr.;Saxifragaceae
Heuchera hybr.;Saxifragaceae
Heuchera hybr.;Saxifragaceae
Heuchera hybr.;Saxifragaceae
Heuchera hybr.;Saxifragaceae
Heuchera hybr.;Saxifragaceae
Heuchera hybr.;Saxifragaceae
Heuchera hybr.;Saxifragaceae
Heuchera hybr.;Saxifragaceae
Heuchera hybr.;Saxifragaceae
Heuchera hybr.;Saxifragaceae
Heuchera hybr.;Saxifragaceae
Heuchera hybr.;Saxifragaceae
Heuchera hybr.;Saxifragaceae
Heuchera hybr.;Saxifragaceae
Heuchera hybr.;Saxifragaceae
Heuchera hybr.;Saxifragaceae
Heuchera hybr.;Saxifragaceae
Heuchera hybr.;Saxifragaceae
Heuchera hybr.;Saxifragaceae
Heuchera hybr.;Saxifragaceae
Heuchera hybr.;Saxifragaceae
Heuchera hybr.;Saxifragaceae
Heuchera hybr.;Saxifragaceae
Heuchera hybr.;Saxifragaceae
Heuchera hybr.;Saxifragaceae
Heuchera hybr.;Saxifragaceae
Heuchera hybr.;Saxifragaceae
Heuchera hybr.;Saxifragaceae
Heuchera hybr.;Saxifragaceae
Heuchera hybr.;Saxifragaceae
Heuchera hybr.;Saxifragaceae
Heuchera hybr.;Saxifragaceae
Heuchera hybr.;Saxifragaceae
Heuchera hybr.;Saxifragaceae
Heuchera hybr.;Saxifragaceae
Heuchera hybr.;Saxifragaceae
Heuchera hybr.;Saxifragaceae
Heuchera hybr.;Saxifragaceae
Heuchera hybr.;Saxifragaceae
Heuchera hybr.;Saxifragaceae
Heuchera hybr.;Saxifragaceae
Heuchera hybr.;Saxifragaceae
Heuchera hybr.;Saxifragaceae
Heuchera hybr.;Saxifragaceae
Heuchera hybr.;Saxifragaceae
Heuchera hybr.;Saxifragaceae
Heuchera hybr.;Saxifragaceae
Heuchera hybr.;Saxifragaceae
Heuchera hybr.;Saxifragaceae
Heuchera hybr.;Saxifragaceae
Heuchera hybr.;Saxifragaceae
Heuchera hybr.;Saxifragaceae
Heuchera hybr.;Saxifragaceae
Heuchera hybr.;Saxifragaceae
Heuchera hybr.;Saxifragaceae
Heuchera hybr.;Saxifragaceae
Heuchera hybr.;Saxifragaceae
Heuchera hybr.;Saxifragaceae
Heuchera hybr.;Saxifragaceae
Heuchera hybr.;Saxifragaceae
Heuchera hybr.;Saxifragaceae
Heuchera hybr.;Saxifragaceae
Heuchera hybr.;Saxifragaceae
Heuchera hybr.;Saxifragaceae
Heuchera hybr.;Saxifragaceae
Heuchera hybr.;Saxifragaceae
Heuchera hybr.;Saxifragaceae
Heuchera hybr.;Saxifragaceae
Heuchera hybr.;Saxifragaceae
Heuchera hybr.;Saxifragaceae
Heuchera hybr.;Saxifragaceae
Heuchera hybr.;Saxifragaceae
Heuchera hybr.;Saxifragaceae
Heuchera hybr.;Saxifragaceae
Heuchera hybrid;Saxifragaceae
Heuchera chlorantha;Saxifragaceae
Heuchera micrantha;Saxifragaceae
Heuchera micrantha;Saxifragaceae
Heuchera micrantha;Saxifragaceae
Heuchera micrantha;Saxifragaceae
Heuchera micrantha;Saxifragaceae
Heuchera parishii;Saxifragaceae
Heuchera parviflora;Saxifragaceae
Heuchera pilosissima;Saxifragaceae
Heuchera pilosissima;Saxifragaceae
Heuchera pulchella;Saxifragaceae
Heuchera richardsonii;Saxifragaceae
Heuchera rubescens;Saxifragaceae
Heuchera rubescens;Saxifragaceae
Heuchera rubescens;Saxifragaceae
Heuchera sanguinea;Saxifragaceae
Heuchera sanguinea;Saxifragaceae
Heuchera sanguinea;Saxifragaceae
Heuchera sanguinea;Saxifragaceae
Heuchera sanguinea;Saxifragaceae
Heuchera sanguinea;Saxifragaceae
Heuchera villosa;Saxifragaceae
Heuchera villosa;Saxifragaceae
Heuchera villosa;Saxifragaceae
Heuchera villosa;Saxifragaceae
Heuchera villosa;Saxifragaceae
Heuchera x pruhoniciana;Saxifragaceae
Hexadesmia crurigera;Orchidaceae
Hexadesmia sp.;Orchidaceae
Hibbertia scandens;Dilleniaceae
Hibiscus acetosella;Malvaceae
Hibiscus boryanus;Malvaceae
Hibiscus calyphyllus;Malvaceae
Hibiscus coccineus;Malvaceae
Hibiscus cooperi;Malvaceae
Hibiscus diriffan;Malvaceae
Hibiscus diversifolius;Malvaceae
Hibiscus ferrugineus;Malvaceae
Hibiscus fragilis;Malvaceae
Hibiscus grandidieri;Malvaceae
Hibiscus grandidieri;Malvaceae
Hibiscus ludwigii;Malvaceae
Hibiscus makinoi;Malvaceae
Hibiscus pusillus;Malvaceae
Hibiscus rosa-sinensis;Malvaceae
Hibiscus rosa-sinensis;Malvaceae
Hibiscus rosa-sinensis;Malvaceae
Hibiscus sabdariffa;Malvaceae
Hibiscus sabdariffa;Malvaceae
Hibiscus schizopetalus;Malvaceae
Hibiscus sp.;Malvaceae
Hibiscus syriacus;Malvaceae
Hibiscus syriacus;Malvaceae
Hibiscus syriacus;Malvaceae
Hibiscus syriacus;Malvaceae
Hibiscus syriacus;Malvaceae
Hibiscus syriacus;Malvaceae
Hibiscus syriacus;Malvaceae
Hibiscus trichonychius;Malvaceae
Hibiscus trionum;Malvaceae
Hieracium alpinum;Asteraceae
Hieracium caespitosum;Asteraceae
Hieracium echioides;Asteraceae
Hieracium maculatum;Asteraceae
Hieracium onegense;Asteraceae
Hieracium pilosella;Asteraceae
Hieracium pilosella;Asteraceae
Hieracium rothianum;Asteraceae
Hieracium rubrum;Asteraceae
Hieracium schmidtii;Asteraceae
Hieracium silesiacum;Asteraceae
Hieracium sp.;Asteraceae
Hierochloe odorata;Poaceae
Hierochloe odorata;Poaceae
Hierochloe redolens;Poaceae
Hildegardia cubensis;Malvaceae
Hippeastrum aulicum;Amaryllidaceae
Hippeastrum blossfeldiae;Amaryllidaceae
Hippeastrum calyptratum;Amaryllidaceae
Hippeastrum hybr.;Amaryllidaceae
Hippeastrum hybr.;Amaryllidaceae
Hippeastrum hybr.;Amaryllidaceae
Hippeastrum hybr.;Amaryllidaceae
Hippeastrum hybr.;Amaryllidaceae
Hippeastrum hybr.;Amaryllidaceae
Hippeastrum hybr.;Amaryllidaceae
Hippeastrum hybr.;Amaryllidaceae
Hippeastrum hybr.;Amaryllidaceae
Hippeastrum hybr.;Amaryllidaceae
Hippeastrum hybr.;Amaryllidaceae
Hippeastrum hybr.;Amaryllidaceae
Hippeastrum hybr.;Amaryllidaceae
Hippeastrum hybr.;Amaryllidaceae
Hippeastrum hybr.;Amaryllidaceae
Hippeastrum hybr.;Amaryllidaceae
Hippeastrum hybr.;Amaryllidaceae
Hippeastrum hybr.;Amaryllidaceae
Hippeastrum hybr.;Amaryllidaceae
Hippeastrum hybr.;Amaryllidaceae
Hippeastrum hybr.;Amaryllidaceae
Hippeastrum hybr.;Amaryllidaceae
Hippeastrum hybr.;Amaryllidaceae
Hippeastrum hybr.;Amaryllidaceae
Hippeastrum hybr.;Amaryllidaceae
Hippeastrum hybr.;Amaryllidaceae
Hippeastrum hybr.;Amaryllidaceae
Hippeastrum mandonii;Amaryllidaceae
Hippeastrum papilio;Amaryllidaceae
Hippeastrum psittacinum;Amaryllidaceae
Hippeastrum puniceum;Amaryllidaceae
Hippeastrum sp.;Amaryllidaceae
Hippeastrum striatum;Amaryllidaceae
Hippeastrum vittatum;Amaryllidaceae
Hippeastrum x ackermannii;Amaryllidaceae
Hippeastrum yungacense;Amaryllidaceae
Hippocrepis comosa;Fabaceae (s.str.)
Hippocrepis emerus;Fabaceae (s.str.)
Hippophae rhamnoides;Elaeagnaceae
Hippophae rhamnoides;Elaeagnaceae
Hippophae rhamnoides;Elaeagnaceae
Hippophae sp.;Elaeagnaceae
Hippuris vulgaris;Plantaginaceae (s.l.)
Hippuris vulgaris;Plantaginaceae (s.l.)
Hoffmannia ghiesbreghtii;Rubiaceae
Hoffmannia roezlii;Rubiaceae
Hoffmannia sp.;Rubiaceae
Holcoglossum amesianum;Orchidaceae
Holcoglossum flavescens;Orchidaceae
Holcoglossum kimballianum;Orchidaceae
Holcoglossum quasipinifolium;Orchidaceae
Holcoglossum sp.;Orchidaceae
Holcus mollis;Poaceae
Holmskioldia sanguinea;Lamiaceae
Holmskioldia sanguinea;Lamiaceae
Holodiscus dumosus;Rosaceae
Holostylis reniformis;Aristolochiacea
Homalomena humilis;Araceae
Homalomena metallica;Araceae
Homalomena occulta;Araceae
Homalomena plicata;Araceae
Homalomena sp.;Araceae
Homalomena sp.;Araceae
Homalomena sp.;Araceae
Homalomena sp.;Araceae
Homalomena sp.;Araceae
Homalomena wallisii;Araceae
Homogyne alpina;Asteraceae
Homogyne sylvestris;Asteraceae
Hoodia flava;Apocynaceae
Hoodia gordonii;Apocynaceae
Hoodia gordonii;Apocynaceae
Hoodia juttae;Apocynaceae
Hoodia macrantha;Apocynaceae
Hoodia ruschii;Apocynaceae
Hordeum comosum;Poaceae
Hordeum geniculatum;Poaceae
Horkelia fusca;Rosaceae
Hornstedtia conica;Zingiberaceae
Hornstedtia scyphifera;Zingiberaceae
Hornstedtia sp.;Zingiberaceae
Hosta albomarginata;Asparagaceae (Agavaceae)
Hosta albomarginata;Asparagaceae (Agavaceae)
Hosta capitata;Asparagaceae (Agavaceae)
Hosta capitata;Asparagaceae (Agavaceae)
Hosta cathayana;Asparagaceae (Agavaceae)
Hosta clausa;Asparagaceae (Agavaceae)
Hosta clausa;Asparagaceae (Agavaceae)
Hosta clausa;Asparagaceae (Agavaceae)
Hosta crispula;Asparagaceae (Agavaceae)
Hosta crispula;Asparagaceae (Agavaceae)
Hosta elata;Asparagaceae (Agavaceae)
Hosta fluctuans;Asparagaceae (Agavaceae)
Hosta fortunei;Asparagaceae (Agavaceae)
Hosta fortunei;Asparagaceae (Agavaceae)
Hosta fortunei;Asparagaceae (Agavaceae)
Hosta hybr.;Asparagaceae (Agavaceae)
Hosta hybr.;Asparagaceae (Agavaceae)
Hosta hybr.;Asparagaceae (Agavaceae)
Hosta hybr.;Asparagaceae (Agavaceae)
Hosta hybr.;Asparagaceae (Agavaceae)
Hosta hybr.;Asparagaceae (Agavaceae)
Hosta hybr.;Asparagaceae (Agavaceae)
Hosta hybr.;Asparagaceae (Agavaceae)
Hosta hybr.;Asparagaceae (Agavaceae)
Hosta hybr.;Asparagaceae (Agavaceae)
Hosta hybr.;Asparagaceae (Agavaceae)
Hosta hybr.;Asparagaceae (Agavaceae)
Hosta hybr.;Asparagaceae (Agavaceae)
Hosta hybr.;Asparagaceae (Agavaceae)
Hosta hybr.;Asparagaceae (Agavaceae)
Hosta hybr.;Asparagaceae (Agavaceae)
Hosta hybr.;Asparagaceae (Agavaceae)
Hosta hybr.;Asparagaceae (Agavaceae)
Hosta hybr.;Asparagaceae (Agavaceae)
Hosta hybr.;Asparagaceae (Agavaceae)
Hosta hybr.;Asparagaceae (Agavaceae)
Hosta hybr.;Asparagaceae (Agavaceae)
Hosta hybr.;Asparagaceae (Agavaceae)
Hosta hybr.;Asparagaceae (Agavaceae)
Hosta hybr.;Asparagaceae (Agavaceae)
Hosta hybr.;Asparagaceae (Agavaceae)
Hosta hybr.;Asparagaceae (Agavaceae)
Hosta hybr.;Asparagaceae (Agavaceae)
Hosta hybr.;Asparagaceae (Agavaceae)
Hosta hybr.;Asparagaceae (Agavaceae)
Hosta hybr.;Asparagaceae (Agavaceae)
Hosta hybr.;Asparagaceae (Agavaceae)
Hosta hybr.;Asparagaceae (Agavaceae)
Hosta hybr.;Asparagaceae (Agavaceae)
Hosta hybr.;Asparagaceae (Agavaceae)
Hosta hybr.;Asparagaceae (Agavaceae)
Hosta hybr.;Asparagaceae (Agavaceae)
Hosta hybr.;Asparagaceae (Agavaceae)
Hosta hybr.;Asparagaceae (Agavaceae)
Hosta hybr.;Asparagaceae (Agavaceae)
Hosta hybr.;Asparagaceae (Agavaceae)
Hosta hybr.;Asparagaceae (Agavaceae)
Hosta hybr.;Asparagaceae (Agavaceae)
Hosta hybr.;Asparagaceae (Agavaceae)
Hosta hybr.;Asparagaceae (Agavaceae)
Hosta hybr.;Asparagaceae (Agavaceae)
Hosta hybr.;Asparagaceae (Agavaceae)
Hosta hybr.;Asparagaceae (Agavaceae)
Hosta hybr.;Asparagaceae (Agavaceae)
Hosta hybr.;Asparagaceae (Agavaceae)
Hosta hybr.;Asparagaceae (Agavaceae)
Hosta hybr.;Asparagaceae (Agavaceae)
Hosta hybr.;Asparagaceae (Agavaceae)
Hosta hybr.;Asparagaceae (Agavaceae)
Hosta hybr.;Asparagaceae (Agavaceae)
Hosta hybr.;Asparagaceae (Agavaceae)
Hosta hybr.;Asparagaceae (Agavaceae)
Hosta hybr.;Asparagaceae (Agavaceae)
Hosta hybr.;Asparagaceae (Agavaceae)
Hosta hybr.;Asparagaceae (Agavaceae)
Hosta hybr.;Asparagaceae (Agavaceae)
Hosta hybr.;Asparagaceae (Agavaceae)
Hosta hybr.;Asparagaceae (Agavaceae)
Hosta hybr.;Asparagaceae (Agavaceae)
Hosta hybr.;Asparagaceae (Agavaceae)
Hosta hybr.;Asparagaceae (Agavaceae)
Hosta hybr.;Asparagaceae (Agavaceae)
Hosta hybr.;Asparagaceae (Agavaceae)
Hosta hybr.;Asparagaceae (Agavaceae)
Hosta hybr.;Asparagaceae (Agavaceae)
Hosta hybr.;Asparagaceae (Agavaceae)
Hosta hybr.;Asparagaceae (Agavaceae)
Hosta hybr.;Asparagaceae (Agavaceae)
Hosta hybr.;Asparagaceae (Agavaceae)
Hosta hybr.;Asparagaceae (Agavaceae)
Hosta hybr.;Asparagaceae (Agavaceae)
Hosta hybr.;Asparagaceae (Agavaceae)
Hosta hybr.;Asparagaceae (Agavaceae)
Hosta hybr.;Asparagaceae (Agavaceae)
Hosta hybr.;Asparagaceae (Agavaceae)
Hosta hybr.;Asparagaceae (Agavaceae)
Hosta hybr.;Asparagaceae (Agavaceae)
Hosta hybr.;Asparagaceae (Agavaceae)
Hosta hybr.;Asparagaceae (Agavaceae)
Hosta hybr.;Asparagaceae (Agavaceae)
Hosta hybr.;Asparagaceae (Agavaceae)
Hosta hybr.;Asparagaceae (Agavaceae)
Hosta hybr.;Asparagaceae (Agavaceae)
Hosta hybr.;Asparagaceae (Agavaceae)
Hosta hybr.;Asparagaceae (Agavaceae)
Hosta hybr.;Asparagaceae (Agavaceae)
Hosta hybr.;Asparagaceae (Agavaceae)
Hosta hybr.;Asparagaceae (Agavaceae)
Hosta hybr.;Asparagaceae (Agavaceae)
Hosta hybr.;Asparagaceae (Agavaceae)
Hosta hybr.;Asparagaceae (Agavaceae)
Hosta hybr.;Asparagaceae (Agavaceae)
Hosta hybr.;Asparagaceae (Agavaceae)
Hosta hybr.;Asparagaceae (Agavaceae)
Hosta hybr.;Asparagaceae (Agavaceae)
Hosta hybr.;Asparagaceae (Agavaceae)
Hosta hybr.;Asparagaceae (Agavaceae)
Hosta hybr.;Asparagaceae (Agavaceae)
Hosta hybr.;Asparagaceae (Agavaceae)
Hosta hybr.;Asparagaceae (Agavaceae)
Hosta hybr.;Asparagaceae (Agavaceae)
Hosta hybr.;Asparagaceae (Agavaceae)
Hosta hybr.;Asparagaceae (Agavaceae)
Hosta hybr.;Asparagaceae (Agavaceae)
Hosta hybr.;Asparagaceae (Agavaceae)
Hosta hybr.;Asparagaceae (Agavaceae)
Hosta hybr.;Asparagaceae (Agavaceae)
Hosta hybr.;Asparagaceae (Agavaceae)
Hosta hybr.;Asparagaceae (Agavaceae)
Hosta hybr.;Asparagaceae (Agavaceae)
Hosta hybr.;Asparagaceae (Agavaceae)
Hosta hybr.;Asparagaceae (Agavaceae)
Hosta hybr.;Asparagaceae (Agavaceae)
Hosta hybr.;Asparagaceae (Agavaceae)
Hosta hybr.;Asparagaceae (Agavaceae)
Hosta hybr.;Asparagaceae (Agavaceae)
Hosta hybr.;Asparagaceae (Agavaceae)
Hosta hybr.;Asparagaceae (Agavaceae)
Hosta hybr.;Asparagaceae (Agavaceae)
Hosta hybr.;Asparagaceae (Agavaceae)
Hosta hybr.;Asparagaceae (Agavaceae)
Hosta hybr.;Asparagaceae (Agavaceae)
Hosta hybr.;Asparagaceae (Agavaceae)
Hosta hybr.;Asparagaceae (Agavaceae)
Hosta hybr.;Asparagaceae (Agavaceae)
Hosta hybr.;Asparagaceae (Agavaceae)
Hosta hybr.;Asparagaceae (Agavaceae)
Hosta hybr.;Asparagaceae (Agavaceae)
Hosta hybr.;Asparagaceae (Agavaceae)
Hosta hybr.;Asparagaceae (Agavaceae)
Hosta hybr.;Asparagaceae (Agavaceae)
Hosta hybr.;Asparagaceae (Agavaceae)
Hosta hybr.;Asparagaceae (Agavaceae)
Hosta hybr.;Asparagaceae (Agavaceae)
Hosta hybr.;Asparagaceae (Agavaceae)
Hosta hybr.;Asparagaceae (Agavaceae)
Hosta hybr.;Asparagaceae (Agavaceae)
Hosta hybr.;Asparagaceae (Agavaceae)
Hosta hybr.;Asparagaceae (Agavaceae)
Hosta hybr.;Asparagaceae (Agavaceae)
Hosta hybr.;Asparagaceae (Agavaceae)
Hosta hybr.;Asparagaceae (Agavaceae)
Hosta hybr.;Asparagaceae (Agavaceae)
Hosta hybr.;Asparagaceae (Agavaceae)
Hosta hybr.;Asparagaceae (Agavaceae)
Hosta hybr.;Asparagaceae (Agavaceae)
Hosta hybr.;Asparagaceae (Agavaceae)
Hosta hybr.;Asparagaceae (Agavaceae)
Hosta hybr.;Asparagaceae (Agavaceae)
Hosta hybr.;Asparagaceae (Agavaceae)
Hosta hybr.;Asparagaceae (Agavaceae)
Hosta hybr.;Asparagaceae (Agavaceae)
Hosta hybr.;Asparagaceae (Agavaceae)
Hosta hybr.;Asparagaceae (Agavaceae)
Hosta hybr.;Asparagaceae (Agavaceae)
Hosta hybr.;Asparagaceae (Agavaceae)
Hosta hybr.;Asparagaceae (Agavaceae)
Hosta hybr.;Asparagaceae (Agavaceae)
Hosta hybr.;Asparagaceae (Agavaceae)
Hosta hybr.;Asparagaceae (Agavaceae)
Hosta hybr.;Asparagaceae (Agavaceae)
Hosta hybr.;Asparagaceae (Agavaceae)
Hosta hybr.;Asparagaceae (Agavaceae)
Hosta hybr.;Asparagaceae (Agavaceae)
Hosta hybr.;Asparagaceae (Agavaceae)
Hosta hybr.;Asparagaceae (Agavaceae)
Hosta hybr.;Asparagaceae (Agavaceae)
Hosta hybr.;Asparagaceae (Agavaceae)
Hosta hybr.;Asparagaceae (Agavaceae)
Hosta hybr.;Asparagaceae (Agavaceae)
Hosta hybr.;Asparagaceae (Agavaceae)
Hosta hybr.;Asparagaceae (Agavaceae)
Hosta hybr.;Asparagaceae (Agavaceae)
Hosta hybr.;Asparagaceae (Agavaceae)
Hosta hybr.;Asparagaceae (Agavaceae)
Hosta hybr.;Asparagaceae (Agavaceae)
Hosta hybr.;Asparagaceae (Agavaceae)
Hosta hybr.;Asparagaceae (Agavaceae)
Hosta hybr.;Asparagaceae (Agavaceae)
Hosta hybr.;Asparagaceae (Agavaceae)
Hosta hybr.;Asparagaceae (Agavaceae)
Hosta hybr.;Asparagaceae (Agavaceae)
Hosta hybr.;Asparagaceae (Agavaceae)
Hosta hybr.;Asparagaceae (Agavaceae)
Hosta hybr.;Asparagaceae (Agavaceae)
Hosta hybr.;Asparagaceae (Agavaceae)
Hosta hybr.;Asparagaceae (Agavaceae)
Hosta hybr.;Asparagaceae (Agavaceae)
Hosta hybr.;Asparagaceae (Agavaceae)
Hosta hybr.;Asparagaceae (Agavaceae)
Hosta hybr.;Asparagaceae (Agavaceae)
Hosta hybr.;Asparagaceae (Agavaceae)
Hosta hybr.;Asparagaceae (Agavaceae)
Hosta hybr.;Asparagaceae (Agavaceae)
Hosta hybr.;Asparagaceae (Agavaceae)
Hosta hybr.;Asparagaceae (Agavaceae)
Hosta japonica;Asparagaceae (Agavaceae)
Hosta kikutii;Asparagaceae (Agavaceae)
Hosta kiyosumiensis;Asparagaceae (Agavaceae)
Hosta lancifolia;Asparagaceae (Agavaceae)
Hosta lancifolia;Asparagaceae (Agavaceae)
Hosta lancifolia;Asparagaceae (Agavaceae)
Hosta longipes;Asparagaceae (Agavaceae)
Hosta longissima;Asparagaceae (Agavaceae)
Hosta longissima;Asparagaceae (Agavaceae)
Hosta minor;Asparagaceae (Agavaceae)
Hosta montana;Asparagaceae (Agavaceae)
Hosta montana;Asparagaceae (Agavaceae)
Hosta montana;Asparagaceae (Agavaceae)
Hosta montana;Asparagaceae (Agavaceae)
Hosta montana-hybr.;Asparagaceae (Agavaceae)
Hosta montana-hybr.;Asparagaceae (Agavaceae)
Hosta nakaiana;Asparagaceae (Agavaceae)
Hosta nakaiana;Asparagaceae (Agavaceae)
Hosta nakaiana x sieboldiana;Asparagaceae (Agavaceae)
Hosta nigrescens;Asparagaceae (Agavaceae)
Hosta plantaginea;Asparagaceae (Agavaceae)
Hosta plantaginea;Asparagaceae (Agavaceae)
Hosta plantaginea;Asparagaceae (Agavaceae)
Hosta plantaginea;Asparagaceae (Agavaceae)
Hosta plantaginea;Asparagaceae (Agavaceae)
Hosta plantaginea x sieboldii;Asparagaceae (Agavaceae)
Hosta pulchella;Asparagaceae (Agavaceae)
Hosta rectifolia;Asparagaceae (Agavaceae)
Hosta rectifolia;Asparagaceae (Agavaceae)
Hosta rupifraga;Asparagaceae (Agavaceae)
Hosta shikokiana;Asparagaceae (Agavaceae)
Hosta sieboldiana;Asparagaceae (Agavaceae)
Hosta sieboldiana;Asparagaceae (Agavaceae)
Hosta sieboldiana;Asparagaceae (Agavaceae)
Hosta sieboldiana;Asparagaceae (Agavaceae)
Hosta sieboldiana;Asparagaceae (Agavaceae)
Hosta sieboldiana;Asparagaceae (Agavaceae)
Hosta sieboldiana;Asparagaceae (Agavaceae)
Hosta sieboldiana;Asparagaceae (Agavaceae)
Hosta sieboldiana;Asparagaceae (Agavaceae)
Hosta sieboldiana;Asparagaceae (Agavaceae)
Hosta sieboldiana;Asparagaceae (Agavaceae)
Hosta sieboldiana;Asparagaceae (Agavaceae)
Hosta sieboldiana;Asparagaceae (Agavaceae)
Hosta sieboldiana;Asparagaceae (Agavaceae)
Hosta sieboldiana;Asparagaceae (Agavaceae)
Hosta sieboldiana;Asparagaceae (Agavaceae)
Hosta sieboldii;Asparagaceae (Agavaceae)
Hosta sieboldii;Asparagaceae (Agavaceae)
Hosta sieboldii;Asparagaceae (Agavaceae)
Hosta sieboldii;Asparagaceae (Agavaceae)
Hosta sieboldii;Asparagaceae (Agavaceae)
Hosta sieboldii Alba x planta;Asparagaceae (Agavaceae)
Hosta sp.;Asparagaceae (Agavaceae)
Hosta tardiana;Asparagaceae (Agavaceae)
Hosta tardiana;Asparagaceae (Agavaceae)
Hosta tardiflora x sieboldiana;Asparagaceae (Agavaceae)
Hosta tokudama;Asparagaceae (Agavaceae)
Hosta tokudama;Asparagaceae (Agavaceae)
Hosta tokudama;Asparagaceae (Agavaceae)
Hosta tokudama;Asparagaceae (Agavaceae)
Hosta tokudama;Asparagaceae (Agavaceae)
Hosta tokudama;Asparagaceae (Agavaceae)
Hosta undulata;Asparagaceae (Agavaceae)
Hosta undulata;Asparagaceae (Agavaceae)
Hosta undulata;Asparagaceae (Agavaceae)
Hosta ventricosa;Asparagaceae (Agavaceae)
Hosta ventricosa;Asparagaceae (Agavaceae)
Hosta ventricosa;Asparagaceae (Agavaceae)
Hosta yingeri;Asparagaceae (Agavaceae)
Houlletia odoratissima;Orchidaceae
Houlletia odoratissima;Orchidaceae
Houlletia tigrina;Orchidaceae
Houttuynia cordata;Saururaceae
Houttuynia cordata;Saururaceae
Houttuynia cordata;Saururaceae
Houttuynia cordata;Saururaceae
Hovenia dulcis;Rhamnaceae
Hovenia dulcis;Rhamnaceae
Howea belmoreana;Arecaceae
Hoya bella;Apocynaceae
Hoya bella;Apocynaceae
Hoya burtoniae;Apocynaceae
Hoya coronaria;Apocynaceae
Hoya cumingiana;Apocynaceae
Hoya curtisii;Apocynaceae
Hoya engleriana;Apocynaceae
Hoya fungii;Apocynaceae
Hoya gracilis;Apocynaceae
Hoya imbricata;Apocynaceae
Hoya imperialis;Apocynaceae
Hoya kanyakumariana;Apocynaceae
Hoya lacunosa;Apocynaceae
Hoya lacunosa;Apocynaceae
Hoya linearis;Apocynaceae
Hoya loheri;Apocynaceae
Hoya longifolia;Apocynaceae
Hoya macgillivrayi;Apocynaceae
Hoya multiflora;Apocynaceae
Hoya odorata;Apocynaceae
Hoya panchoi;Apocynaceae
Hoya pentaphlebia;Apocynaceae
Hoya picta;Apocynaceae
Hoya plicata;Apocynaceae
Hoya pseudo-littoralis;Apocynaceae
Hoya purpureofusca;Apocynaceae
Hoya serpens;Apocynaceae
Hoya sp.;Apocynaceae
Hoya sp.;Apocynaceae
Hoya sp.;Apocynaceae
Hoya sp.;Apocynaceae
Hoya sp.;Apocynaceae
Hoya spartioides;Apocynaceae
Hoya wayetii;Apocynaceae
Hoya waymaniae;Apocynaceae
Huernia brevirostris;Apocynaceae
Huernia humilis;Apocynaceae
Huernia hystrix;Apocynaceae
Huernia hystrix;Apocynaceae
Huernia hystrix;Apocynaceae
Huernia macrocarpa;Apocynaceae
Huernia macrocarpa;Apocynaceae
Huernia macrocarpa;Apocynaceae
Huernia macrocarpa;Apocynaceae
Huernia pendula;Apocynaceae
Huernia pendula;Apocynaceae
Huernia pillansii;Apocynaceae
Huernia pillansii;Apocynaceae
Huernia pillansii;Apocynaceae
Huernia thuretii;Apocynaceae
Huernia transmutata;Apocynaceae
Huernia volkartii;Apocynaceae
Huernia whitesloaneana;Apocynaceae
Huernia zebrina;Apocynaceae
Huernia zebrina;Apocynaceae
Humbertioturraea maculata;Meliaceae
Humulus lupulus;Cannabaceae
Humulus lupulus;Cannabaceae
Hunga gerontogea;Chrysobalanaceae
Hunnemannia fumariifolia;Papaveraceae
Hunnemannia fumariifolia;Papaveraceae
Huperzia carinata;Lycopodiaceae
Huperzia carinata;Lycopodiaceae
Huperzia carinata;Lycopodiaceae
Huperzia carinata;Lycopodiaceae
Huperzia carinata;Lycopodiaceae
Huperzia goebelii;Lycopodiaceae
Huperzia hamiltonii;Lycopodiaceae
Huperzia hamiltonii;Lycopodiaceae
Huperzia megastachya;Lycopodiaceae
Huperzia megastachya;Lycopodiaceae
Huperzia merrillii;Lycopodiaceae
Huperzia nummularifolia;Lycopodiaceae
Huperzia ovatifolia;Lycopodiaceae
Huperzia phlegmaria;Lycopodiaceae
Huperzia phlegmaria;Lycopodiaceae
Huperzia pinifolia;Lycopodiaceae
Huperzia pinifolia;Lycopodiaceae
Huperzia salvinioides;Lycopodiaceae
Huperzia serratifolia;Lycopodiaceae
Huperzia sp.;Lycopodiaceae
Huperzia sp.;Lycopodiaceae
Huperzia sp.;Lycopodiaceae
Huperzia sp.;Lycopodiaceae
Huperzia sp.;Lycopodiaceae
Huperzia sp.;Lycopodiaceae
Huperzia sp.;Lycopodiaceae
Huperzia sp.;Lycopodiaceae
Huperzia sp.;Lycopodiaceae
Huperzia squarrosa;Lycopodiaceae
Huperzia squarrosa;Lycopodiaceae
Huperzia squarrosa;Lycopodiaceae
Huperzia tetrasticha;Lycopodiaceae
Hyacinthella acutiloba;Asparagaceae (Hyacinthaceae)
Hyacinthella azurea;Asparagaceae (Hyacinthaceae)
Hyacinthella epiloba;Asparagaceae (Hyacinthaceae)
Hyacinthella glabrescens;Asparagaceae (Hyacinthaceae)
Hyacinthella heldreichii;Asparagaceae (Hyacinthaceae)
Hyacinthella hispida;Asparagaceae (Hyacinthaceae)
Hyacinthella lineata;Asparagaceae (Hyacinthaceae)
Hyacinthella micrantha;Asparagaceae (Hyacinthaceae)
Hyacinthoides hispanica;Asparagaceae (Hyacinthaceae)
Hyacinthoides hispanica;Asparagaceae (Hyacinthaceae)
Hyacinthoides hispanica;Asparagaceae (Hyacinthaceae)
Hyacinthoides reverchonii;Asparagaceae (Hyacinthaceae)
Hyacinthoides vincentina;Asparagaceae (Hyacinthaceae)
Hyacinthus orientalis;Asparagaceae (Hyacinthaceae)
Hyacinthus orientalis;Asparagaceae (Hyacinthaceae)
Hyacinthus orientalis;Asparagaceae (Hyacinthaceae)
Hyacinthus orientalis;Asparagaceae (Hyacinthaceae)
Hyacinthus orientalis;Asparagaceae (Hyacinthaceae)
Hyacinthus orientalis;Asparagaceae (Hyacinthaceae)
Hyacinthus orientalis;Asparagaceae (Hyacinthaceae)
Hyacinthus orientalis;Asparagaceae (Hyacinthaceae)
Hyacinthus orientalis;Asparagaceae (Hyacinthaceae)
Hyacinthus orientalis;Asparagaceae (Hyacinthaceae)
Hyacinthus orientalis;Asparagaceae (Hyacinthaceae)
Hyacinthus orientalis;Asparagaceae (Hyacinthaceae)
Hyacinthus orientalis;Asparagaceae (Hyacinthaceae)
Hyacinthus orientalis;Asparagaceae (Hyacinthaceae)
Hyacinthus orientalis;Asparagaceae (Hyacinthaceae)
Hyacinthus orientalis;Asparagaceae (Hyacinthaceae)
Hyacinthus orientalis;Asparagaceae (Hyacinthaceae)
Hyacinthus orientalis;Asparagaceae (Hyacinthaceae)
Hyacinthus orientalis;Asparagaceae (Hyacinthaceae)
Hyacinthus orientalis;Asparagaceae (Hyacinthaceae)
Hyacinthus orientalis;Asparagaceae (Hyacinthaceae)
Hyacinthus sp.;Asparagaceae (Hyacinthaceae)
Hyacinthus tabrizianus;Asparagaceae (Hyacinthaceae)
Hybanthus anomalus;Violaceae
Hydnophytum caminiferum;Rubiaceae
Hydnophytum ferrugineum;Rubiaceae
Hydnophytum formicarum;Rubiaceae
Hydnophytum formicarum;Rubiaceae
Hydnophytum formicarum;Rubiaceae
Hydnophytum kajewskii;Rubiaceae
Hydnophytum moseleyanum;Rubiaceae
Hydnophytum moseleyanum;Rubiaceae
Hydnophytum moseleyanum;Rubiaceae
Hydnophytum papuanum;Rubiaceae
Hydnophytum puffii;Rubiaceae
Hydnophytum ramispinum;Rubiaceae
Hydnophytum ramispinum;Rubiaceae
Hydnophytum simplex;Rubiaceae
Hydnophytum simplex;Rubiaceae
Hydnophytum simplex;Rubiaceae
Hydnophytum simplex;Rubiaceae
Hydnophytum sp.;Rubiaceae
Hydnophytum sp.;Rubiaceae
Hydnophytum sp.;Rubiaceae
Hydnophytum sp.;Rubiaceae
Hydnophytum sp.;Rubiaceae
Hydnophytum sp.;Rubiaceae
Hydnophytum sp.;Rubiaceae
Hydnophytum sp.;Rubiaceae
Hydnophytum sp.;Rubiaceae
Hydnophytum sp.;Rubiaceae
Hydnophytum sp.;Rubiaceae
Hydnophytum sp.;Rubiaceae
Hydnophytum sp.;Rubiaceae
Hydnophytum sp.;Rubiaceae
Hydnophytum sp.;Rubiaceae
Hydnophytum sp.;Rubiaceae
Hydnophytum sp.;Rubiaceae
Hydnophytum sp.;Rubiaceae
Hydnophytum sp.;Rubiaceae
Hydnophytum sp.;Rubiaceae
Hydnophytum sp.;Rubiaceae
Hydnophytum sp.;Rubiaceae
Hydnophytum sp.;Rubiaceae
Hydrangea anomala;Hydrangeaceae
Hydrangea arborescens;Hydrangeaceae
Hydrangea arborescens;Hydrangeaceae
Hydrangea arborescens;Hydrangeaceae
Hydrangea arborescens;Hydrangeaceae
Hydrangea aspera;Hydrangeaceae
Hydrangea aspera;Hydrangeaceae
Hydrangea aspera;Hydrangeaceae
Hydrangea cinerea;Hydrangeaceae
Hydrangea heteromalla;Hydrangeaceae
Hydrangea involucrata;Hydrangeaceae
Hydrangea longipes;Hydrangeaceae
Hydrangea luteovenosa;Hydrangeaceae
Hydrangea macrophylla;Hydrangeaceae
Hydrangea macrophylla;Hydrangeaceae
Hydrangea macrophylla;Hydrangeaceae
Hydrangea macrophylla;Hydrangeaceae
Hydrangea macrophylla;Hydrangeaceae
Hydrangea macrophylla;Hydrangeaceae
Hydrangea macrophylla;Hydrangeaceae
Hydrangea macrophylla;Hydrangeaceae
Hydrangea macrophylla;Hydrangeaceae
Hydrangea macrophylla;Hydrangeaceae
Hydrangea macrophylla;Hydrangeaceae
Hydrangea macrophylla;Hydrangeaceae
Hydrangea macrophylla;Hydrangeaceae
Hydrangea macrophylla;Hydrangeaceae
Hydrangea macrophylla;Hydrangeaceae
Hydrangea macrophylla;Hydrangeaceae
Hydrangea macrophylla;Hydrangeaceae
Hydrangea macrophylla;Hydrangeaceae
Hydrangea macrophylla;Hydrangeaceae
Hydrangea macrophylla;Hydrangeaceae
Hydrangea macrophylla;Hydrangeaceae
Hydrangea paniculata;Hydrangeaceae
Hydrangea paniculata;Hydrangeaceae
Hydrangea paniculata;Hydrangeaceae
Hydrangea paniculata;Hydrangeaceae
Hydrangea paniculata;Hydrangeaceae
Hydrangea paniculata;Hydrangeaceae
Hydrangea paniculata;Hydrangeaceae
Hydrangea paniculata;Hydrangeaceae
Hydrangea paniculata;Hydrangeaceae
Hydrangea paniculata;Hydrangeaceae
Hydrangea paniculata;Hydrangeaceae
Hydrangea paniculata;Hydrangeaceae
Hydrangea paniculata;Hydrangeaceae
Hydrangea paniculata;Hydrangeaceae
Hydrangea paniculata;Hydrangeaceae
Hydrangea paniculata;Hydrangeaceae
Hydrangea paniculata;Hydrangeaceae
Hydrangea paniculata;Hydrangeaceae
Hydrangea petiolaris;Hydrangeaceae
Hydrangea petiolaris;Hydrangeaceae
Hydrangea quelpartensis;Hydrangeaceae
Hydrangea quercifolia;Hydrangeaceae
Hydrangea quercifolia;Hydrangeaceae
Hydrangea quercifolia;Hydrangeaceae
Hydrangea quercifolia;Hydrangeaceae
Hydrangea quercifolia;Hydrangeaceae
Hydrangea quercifolia;Hydrangeaceae
Hydrangea quercifolia;Hydrangeaceae
Hydrangea serrata;Hydrangeaceae
Hydrangea serrata;Hydrangeaceae
Hydrangea serrata;Hydrangeaceae
Hydrangea serrata;Hydrangeaceae
Hydrangea serrata;Hydrangeaceae
Hydrastis canadensis;Ranunculaceae
Hydriastele pinangoides;Arecaceae
Hydrocotyle vulgaris;Araliaceae
Hydrocharis morsus-ranae;Hydrocharitaceae
Hydrolea spinosa;Boraginaceae
Hydrophyllum canadense;Hydrophyllaceae
Hydrophyllum virginianum;Hydrophyllaceae
Hygrophila corymbosa;Acanthaceae
Hygrophila corymbosa;Acanthaceae
Hygrophila costata;Acanthaceae
Hygrophila difformis;Acanthaceae
Hygrophila pinnatifida;Acanthaceae
Hygrophila sp. Red;Acanthaceae
Hylocereus megalanthus;Cactaceae
Hylocereus sp.;Cactaceae
Hylocereus undatus;Cactaceae
Hylodesmum nudiflorum;
Hylomecon japonica;Papaveraceae
Hylotelephium anacampseros;Crassulaceae
Hylotelephium cauticola;Crassulaceae
Hylotelephium cauticola-hybrid;Crassulaceae
Hylotelephium erythrostictum;Crassulaceae
Hylotelephium erythrostictum;Crassulaceae
Hylotelephium ewersii;Crassulaceae
Hylotelephium ewersii;Crassulaceae
Hylotelephium maximum;Crassulaceae
Hylotelephium populifolium;Crassulaceae
Hylotelephium spectabile;Crassulaceae
Hylotelephium spectabile;Crassulaceae
Hylotelephium spectabile;Crassulaceae
Hylotelephium spectabile;Crassulaceae
Hylotelephium spectabile;Crassulaceae
Hylotelephium telephioides;Crassulaceae
Hylotelephium telephium;Crassulaceae
Hylotelephium telephium;Crassulaceae
Hylotelephium telephium;Crassulaceae
Hylotelephium telephium;Crassulaceae
Hylotelephium telephium;Crassulaceae
Hylotelephium telephium;Crassulaceae
Hylotelephium telephium;Crassulaceae
Hylotelephium telephium;Crassulaceae
Hymenanthera angustifolia;Violaceae
Hymenanthera crassifolia;Violaceae
Hymenanthera obovata;Violaceae
Hymenanthera sp.;Violaceae
Hymenocallis <x >festalis;Amaryllidaceae
Hymenocallis harrisiana;Amaryllidaceae
Hymenocallis littoralis;Amaryllidaceae
Hymenocallis longipetala;Amaryllidaceae
Hymenocallis maximiliani;Amaryllidaceae
Hymenocallis narcissiflora;Amaryllidaceae
Hymenocallis sp.;Amaryllidaceae
Hymenocallis sp.;Amaryllidaceae
Hymenocallis sp.;Amaryllidaceae
Hymenocallis speciosa;Amaryllidaceae
Hymenodictyon parvifolium;Rubiaceae
Hymenodictyon sp.;Rubiaceae
Hymenodictyon sp.;Rubiaceae
Hymenosporum flavum;Pittosporaceae
Hymenoxys acaulis;Asteraceae
Hyophorbe lagenicaulis;Arecaceae
Hyophorbe lagenicaulis;Arecaceae
Hyophorbe lagenicaulis;Arecaceae
Hyophorbe verschaffelti;Arecaceae
Hyophorbe verschaffelti;Arecaceae
Hypericum <x >inodorum;Clusiaceae
Hypericum aegyptiacum;Clusiaceae
Hypericum androsaemum;Clusiaceae
Hypericum ascyron;Clusiaceae
Hypericum athoum;Clusiaceae
Hypericum balearicum;Clusiaceae
Hypericum bithynicum;Clusiaceae
Hypericum bithynicum;Clusiaceae
Hypericum bupleuroides;Clusiaceae
Hypericum calycinum;Clusiaceae
Hypericum cerastioides;Clusiaceae
Hypericum cerastioides;Clusiaceae
Hypericum elegans;Clusiaceae
Hypericum elodes;Clusiaceae
Hypericum forrestii;Clusiaceae
Hypericum frondosum;Clusiaceae
Hypericum frondosum;Clusiaceae
Hypericum humifusum;Clusiaceae
Hypericum hyssopifolium;Clusiaceae
Hypericum maculatum;Clusiaceae
Hypericum montbretii;Clusiaceae
Hypericum olympicum;Clusiaceae
Hypericum olympicum;Clusiaceae
Hypericum olympicum;Clusiaceae
Hypericum perforatum;Clusiaceae
Hypericum polyphyllum;Clusiaceae
Hypericum prolificum;Clusiaceae
Hypericum pulchrum;Clusiaceae
Hypericum reptans;Clusiaceae
Hypericum scabrum;Clusiaceae
Hypericum scabrum;Clusiaceae
Hypericum sp.;Clusiaceae
Hypericum tomentosum;Clusiaceae
Hyphaene coriacea;Arecaceae
Hyphaene thebaica;Arecaceae
Hypodematium crenatum;
Hypodematium crenatum;
Hypoestes phyllostachya;Acanthaceae
Hypochaeris glabra;Asteraceae
Hypochaeris radicata;Asteraceae
Hypolepis millefolium;Dennstaedtiaceae
Hypolepis punctata;Dennstaedtiaceae
Hypolepis rugosula;Dennstaedtiaceae
Hypoxis sp.;Hypoxidaceae
Hyssopus angustifolius;Lamiaceae
Hyssopus officinalis;Lamiaceae
Hyssopus officinalis;Lamiaceae
Hyssopus officinalis;Lamiaceae
Hyssopus officinalis;Lamiaceae
Hyssopus seravschanicus;Lamiaceae
Hyssopus seravschanicus;Lamiaceae
Hyssopus sp.;Lamiaceae
Hystrix patula;Poaceae
Chaenomeles hybr.;Rosaceae
Chaenomeles hybr.;Rosaceae
Chaenomeles hybr.;Rosaceae
Chaenomeles hybr.;Rosaceae
Chaenomeles japonica;Rosaceae
Chaenomeles maulei;Rosaceae
Chaenomeles speciosa;Rosaceae
Chaenomeles speciosa;Rosaceae
Chaenomeles speciosa;Rosaceae
Chaenomeles speciosa;Rosaceae
Chaenomeles speciosa;Rosaceae
Chaenomeles speciosa;Rosaceae
Chaenomeles speciosa;Rosaceae
Chaenomeles x superba;Rosaceae
Chaenomeles x superba;Rosaceae
Chaenomeles x superba;Rosaceae
Chaenomeles x superba;Rosaceae
Chaenomeles x superba;Rosaceae
Chaenomeles x superba;Rosaceae
Chaenomeles x superba;Rosaceae
Chaenomeles x superba;Rosaceae
Chaenomeles x superba;Rosaceae
Chaenomeles x superba;Rosaceae
Chaenomeles x superba;Rosaceae
Chaenomeles x superba;Rosaceae
Chaenomeles x superba;Rosaceae
Chaenomeles x superba;Rosaceae
Chaenorhinum glareosum;Plantaginaceae (s.l.)
Chaenorhinum origanifolium;Plantaginaceae (s.l.)
Chamaebatiaria millefolium;Rosaceae
Chamaebatiaria millefolium;Rosaceae
Chamaecostus cuspidatus;Costaceae
Chamaecyparis lawsoniana;Cupressaceae
Chamaecyparis obtusa;Cupressaceae
Chamaecyparis obtusa;Cupressaceae
Chamaecyparis obtusa;Cupressaceae
Chamaecyparis obtusa;Cupressaceae
Chamaecyparis obtusa;Cupressaceae
Chamaecyparis obtusa;Cupressaceae
Chamaecyparis obtusa;Cupressaceae
Chamaecyparis obtusa;Cupressaceae
Chamaecyparis pisifera;Cupressaceae
Chamaecyparis pisifera;Cupressaceae
Chamaecyparis pisifera;Cupressaceae
Chamaecytisus absinthoides;Fabaceae (s.str.)
Chamaecytisus albus;Fabaceae (s.str.)
Chamaecytisus ratisbonensis;Fabaceae (s.str.)
Chamaedaphne calyculata;Ericaceae
Chamaedaphne calyculata;Ericaceae
Chamaedaphne calyculata;Ericaceae
Chamaedaphne calyculata;Ericaceae
Chamaedorea adscendens;Arecaceae
Chamaedorea adscendens;Arecaceae
Chamaedorea allenii;Arecaceae
Chamaedorea carchensis;Arecaceae
Chamaedorea cataractarum;Arecaceae
Chamaedorea cataractarum;Arecaceae
Chamaedorea cataractarum;Arecaceae
Chamaedorea elatior;Arecaceae
Chamaedorea elegans;Arecaceae
Chamaedorea ernesti-augusti;Arecaceae
Chamaedorea ernesti-augusti;Arecaceae
Chamaedorea ernesti-augusti;Arecaceae
Chamaedorea fragrans;Arecaceae
Chamaedorea geonomiformis;Arecaceae
Chamaedorea geonomiformis;Arecaceae
Chamaedorea glaucifolia;Arecaceae
Chamaedorea glaucifolia;Arecaceae
Chamaedorea metallica;Arecaceae
Chamaedorea plumosa;Arecaceae
Chamaedorea radicalis;Arecaceae
Chamaedorea radicalis;Arecaceae
Chamaedorea seifrizii;Arecaceae
Chamaedorea seifrizii;Arecaceae
Chamaedorea seifrizii;Arecaceae
Chamaedorea schiedeana;Arecaceae
Chamaedorea sp.;Arecaceae
Chamaedorea sp.;Arecaceae
Chamaedorea stolonifera;Arecaceae
Chamaedorea tepejilote;Arecaceae
Chamaedorea tepejilote;Arecaceae
Chamaedorea tuerckheimii;Arecaceae
Chamaedorea tuerckheimii;Arecaceae
Chamaemelum nobile;Asteraceae
Chamaemelum nobile;Asteraceae
Chamaemelum nobile;Asteraceae
Chamaepentas hindsioides;Rubiaceae
Chamaerops humilis;Arecaceae
Chamaerops humilis;Arecaceae
Chamaerops humilis;Arecaceae
Chamaerops humilis;Arecaceae
Chamaerops humilis;Arecaceae
Chambeyronia lepidota;Arecaceae
Chambeyronia macrocarpa;Arecaceae
Chambeyronia macrocarpa;Arecaceae
Changnienia amoena;Orchidaceae
Changnienia amoena;Orchidaceae
Changnienia amoena;Orchidaceae
Chasmanthium latifolium;Poaceae
Chasmanthium latifolium;Poaceae
Chaubardiella  pacuarensis;Orchidaceae
Cheilanthes alabamensis;Pteridaceae
Cheilanthes alabamensis;Pteridaceae
Cheilanthes bonariensis;Pteridaceae
Cheilanthes kuhnii;Pteridaceae
Cheilanthes kuhnii;Pteridaceae
Cheilanthes myriophylla;Pteridaceae
Cheilanthes myriophylla;Pteridaceae
Cheilanthes quadripinnata;Pteridaceae
Cheilanthes sp.;Pteridaceae
Cheilanthes viridis;Pteridaceae
Cheilocostus speciosus;Costaceae
Cheirolophus intybaceus;Asteraceae
Cheirolophus intybaceus;Asteraceae
Cheirostemon platanoides;Malvaceae
Chelidonium majus;Papaveraceae
Chelidonium majus;Papaveraceae
Chelone glabra;Plantaginaceae (s.l.)
Chelone glabra;Plantaginaceae (s.l.)
Chelone glabra;Plantaginaceae (s.l.)
Chelone obliqua;Plantaginaceae (s.l.)
Chelone obliqua;Plantaginaceae (s.l.)
Chelonistele amplissima;Orchidaceae
Chelonopsis moschata;Lamiaceae
Chelonopsis yagiharana;Lamiaceae
Chelyocarpus chuco;Arecaceae
Chenopodium bonus-henricus;Amaranthaceae
Chenorchis singchii;
Chilopsis linearis;Bignoniaceae
Chiloschista lunifera;Orchidaceae
Chiloschista parishii;Orchidaceae
Chiloschista sp.;Orchidaceae
Chiloschista viridiflava;Orchidaceae
Chimonanthus praecox;Calycanthaceae
Chimonanthus praecox;Calycanthaceae
Chimonanthus salicifolius;Calycanthaceae
Chionanthus virginicus;Oleaceae
Chionanthus virginicus;Oleaceae
Chionanthus virginicus;Oleaceae
Chionanthus virginicus;Oleaceae
Chiranthodendron pentadactylon;Malvaceae
Chirita liboensis;Gesneriaceae
Chirita liboensis;Gesneriaceae
Chirita longgangensis;Gesneriaceae
Chirita sinensis;Gesneriaceae
Chirita sinensis;Gesneriaceae
Chirita sp.;Gesneriaceae
Chirita sp.;Gesneriaceae
Chirita sp.;Gesneriaceae
Chironia baccifera;Gentianaceae
Chloranthus japonicus;Chloranthaceae
Chloranthus japonicus;Chloranthaceae
Chloranthus oldhamii;Chloranthaceae
Chloris virgata;Poaceae
Chlorophytum capense;Asparagaceae (Agavaceae)
Chlorophytum macrophyllum;Asparagaceae (Agavaceae)
Chlorophytum orchidastrum;Asparagaceae (Agavaceae)
Chlorophytum sp.;Asparagaceae (Agavaceae)
Chlorophytum sp.;Asparagaceae (Agavaceae)
Chlorospatha atropurpurea;Araceae
Chlorospatha croatiana;Araceae
Chlorospatha portillae;Araceae
Choisya ternata;Rutaceae
Choisya ternata;Rutaceae
Chordospartium stevensonii;Fabaceae (s.str.)
Chorisia speciosa;Malvaceae
Chorizema ilicifolium;Fabaceae (s.str.)
Christensonia vietnamica;Orchidaceae
Christiopteris sagitta;Polypodiaceae
Chrysanthemum <x >hortorum;Asteraceae
Chrysanthemum arcticum;Asteraceae
Chrysanthemum arcticum x koreanum;Asteraceae
Chrysanthemum arcticum x koreanum;Asteraceae
Chrysanthemum arcticum x koreanum;Asteraceae
Chrysanthemum corymbosum;Asteraceae
Chrysanthemum corymbosum;Asteraceae
Chrysanthemum corymbosum;Asteraceae
Chrysanthemum hybr.;Asteraceae
Chrysanthemum hybr.;Asteraceae
Chrysanthemum hybr.;Asteraceae
Chrysanthemum hybr.;Asteraceae
Chrysanthemum hybr.;Asteraceae
Chrysanthemum hybr.;Asteraceae
Chrysanthemum hybr.;Asteraceae
Chrysanthemum hybr.;Asteraceae
Chrysanthemum hybr.;Asteraceae
Chrysanthemum hybr.;Asteraceae
Chrysanthemum hybr.;Asteraceae
Chrysanthemum hybr.;Asteraceae
Chrysanthemum hybr.;Asteraceae
Chrysanthemum hybr.;Asteraceae
Chrysanthemum hybr.;Asteraceae
Chrysanthemum hybr.;Asteraceae
Chrysanthemum hybr.;Asteraceae
Chrysanthemum hybr.;Asteraceae
Chrysanthemum hybr.;Asteraceae
Chrysanthemum hybr.;Asteraceae
Chrysanthemum hybr.;Asteraceae
Chrysanthemum hybr.;Asteraceae
Chrysanthemum hybr.;Asteraceae
Chrysanthemum hybr.;Asteraceae
Chrysanthemum hybr.;Asteraceae
Chrysanthemum hybr.;Asteraceae
Chrysanthemum hybr.;Asteraceae
Chrysanthemum hybr.;Asteraceae
Chrysanthemum hybr.;Asteraceae
Chrysanthemum hybr.;Asteraceae
Chrysanthemum hybr.;Asteraceae
Chrysanthemum hybr.;Asteraceae
Chrysanthemum hybr.;Asteraceae
Chrysanthemum hybr.;Asteraceae
Chrysanthemum hybr.;Asteraceae
Chrysanthemum hybr.;Asteraceae
Chrysanthemum hybr.;Asteraceae
Chrysanthemum hybr.;Asteraceae
Chrysanthemum hybr.;Asteraceae
Chrysanthemum hybr.;Asteraceae
Chrysanthemum hybr.;Asteraceae
Chrysanthemum hybr.;Asteraceae
Chrysanthemum hybr.;Asteraceae
Chrysanthemum hybr.;Asteraceae
Chrysanthemum hybr.;Asteraceae
Chrysanthemum hybr.;Asteraceae
Chrysanthemum hybr.;Asteraceae
Chrysanthemum hybr.;Asteraceae
Chrysanthemum hybr.;Asteraceae
Chrysanthemum hybr.;Asteraceae
Chrysanthemum hybr.;Asteraceae
Chrysanthemum hybr.;Asteraceae
Chrysanthemum hybr.;Asteraceae
Chrysanthemum hybr.;Asteraceae
Chrysanthemum hybr.;Asteraceae
Chrysanthemum hybr.;Asteraceae
Chrysanthemum hybr.;Asteraceae
Chrysanthemum hybr.;Asteraceae
Chrysanthemum hybr.;Asteraceae
Chrysanthemum hybr.;Asteraceae
Chrysanthemum hybr.;Asteraceae
Chrysanthemum hybr.;Asteraceae
Chrysanthemum hybr.;Asteraceae
Chrysanthemum hybr.;Asteraceae
Chrysanthemum hybr.;Asteraceae
Chrysanthemum hybr.;Asteraceae
Chrysanthemum hybr.;Asteraceae
Chrysanthemum hybr.;Asteraceae
Chrysanthemum hybr.;Asteraceae
Chrysanthemum hybr.;Asteraceae
Chrysanthemum hybr.;Asteraceae
Chrysanthemum hybr.;Asteraceae
Chrysanthemum hybr.;Asteraceae
Chrysanthemum hybr.;Asteraceae
Chrysanthemum hybr.;Asteraceae
Chrysanthemum hybr.;Asteraceae
Chrysanthemum hybr.;Asteraceae
Chrysanthemum hybr.;Asteraceae
Chrysanthemum hybr.;Asteraceae
Chrysanthemum hybr.;Asteraceae
Chrysanthemum hybr.;Asteraceae
Chrysanthemum hybr.;Asteraceae
Chrysanthemum hybr.;Asteraceae
Chrysanthemum hybr.;Asteraceae
Chrysanthemum hybr.;Asteraceae
Chrysanthemum hybr.;Asteraceae
Chrysanthemum hybr.;Asteraceae
Chrysanthemum hybr.;Asteraceae
Chrysanthemum macrophyllum;Asteraceae
Chrysanthemum rubellum;Asteraceae
Chrysanthemum sinuatum;Asteraceae
Chrysanthemum weyrichii x rubellum;Asteraceae
Chrysocoma coma-aurea;Asteraceae
Chrysogonum virginianum;Asteraceae
Chrysogonum virginianum;Asteraceae
Chrysogonum virginianum;Asteraceae
Chrysogonum virginianum;Asteraceae
Chrysophyllum sp.;Sapotaceae
Chrysopogon gryllus;Poaceae
Chrysopogon gryllus;Poaceae
Chrysopogon gryllus;Poaceae
Chrysosplenium alternifolium;Saxifragaceae
Chrysosplenium lanuginosum;Saxifragaceae
Chrysosplenium oppositifolium;Saxifragaceae
Chrysosplenium sp.;Saxifragaceae
Chrysosplenium sp.;Saxifragaceae
Chrysothemis pulchella;Gesneriaceae
Chuniophoenix nana;Arecaceae
Chuniophoenix nana;Arecaceae
Chysis bractescens;Orchidaceae
Chysis bruennowiana;Orchidaceae
Chysis limminghei;Orchidaceae
Iberis amara;Brassicaceae
Iberis sempervirens;Brassicaceae
Iberis sempervirens;Brassicaceae
Iberis sempervirens;Brassicaceae
Ibervillea lindheimeri;Cucurbitaceae
Ibervillea lindheimeri;Cucurbitaceae
Ibervillea maxima;Cucurbitaceae
Ibervillea tenuisecta;Cucurbitaceae
Ibicella lutea;Martyniaceae
Ida cinnabarina;Orchidaceae
Ida fimbriata;Orchidaceae
Ida locusta;Orchidaceae
Idesia polycarpa;Salicaceae
Idiospermum australiense;Calycanthaceae
Idiospermum australiense;Calycanthaceae
Idria columnaris;Fouquieriaceae
Iguanura geonomiformis;Arecaceae
Iguanura tenuis;Arecaceae
Ilex aquifolium;Aquifoliaceae
Ilex aquifolium;Aquifoliaceae
Ilex aquifolium;Aquifoliaceae
Ilex aquifolium;Aquifoliaceae
Ilex aquifolium;Aquifoliaceae
Ilex aquifolium;Aquifoliaceae
Ilex aquifolium;Aquifoliaceae
Ilex aquifolium;Aquifoliaceae
Ilex aquifolium;Aquifoliaceae
Ilex aquifolium;Aquifoliaceae
Ilex aquifolium;Aquifoliaceae
Ilex aquifolium;Aquifoliaceae
Ilex aquifolium;Aquifoliaceae
Ilex aquifolium;Aquifoliaceae
Ilex aquifolium;Aquifoliaceae
Ilex aquifolium;Aquifoliaceae
Ilex aquifolium;Aquifoliaceae
Ilex aquifolium;Aquifoliaceae
Ilex aquifolium;Aquifoliaceae
Ilex aquifolium;Aquifoliaceae
Ilex aquifolium;Aquifoliaceae
Ilex aquifolium;Aquifoliaceae
Ilex aquifolium;Aquifoliaceae
Ilex aquifolium;Aquifoliaceae
Ilex aquifolium;Aquifoliaceae
Ilex aquifolium;Aquifoliaceae
Ilex aquifolium;Aquifoliaceae
Ilex aquifolium;Aquifoliaceae
Ilex aquifolium;Aquifoliaceae
Ilex aquifolium;Aquifoliaceae
Ilex aquifolium;Aquifoliaceae
Ilex aquifolium;Aquifoliaceae
Ilex aquifolium;Aquifoliaceae
Ilex aquifolium;Aquifoliaceae
Ilex aquifolium;Aquifoliaceae
Ilex aquifolium;Aquifoliaceae
Ilex aquifolium;Aquifoliaceae
Ilex aquifolium;Aquifoliaceae
Ilex aquifolium;Aquifoliaceae
Ilex aquifolium;Aquifoliaceae
Ilex aquifolium;Aquifoliaceae
Ilex aquifolium;Aquifoliaceae
Ilex aquifolium;Aquifoliaceae
Ilex aquifolium x cornuta;Aquifoliaceae
Ilex aquipernyi x cornuta;Aquifoliaceae
Ilex attenuata;Aquifoliaceae
Ilex bioritsensis;Aquifoliaceae
Ilex canariensis;Aquifoliaceae
Ilex ciliospinosa;Aquifoliaceae
Ilex ciliospinosa-hybr.;Aquifoliaceae
Ilex colchica;Aquifoliaceae
Ilex cornuta;Aquifoliaceae
Ilex cornuta;Aquifoliaceae
Ilex cornuta;Aquifoliaceae
Ilex cornuta;Aquifoliaceae
Ilex cornuta;Aquifoliaceae
Ilex cornuta x ciliospinosa;Aquifoliaceae
Ilex cornuta x pernyi;Aquifoliaceae
Ilex cornuta x pernyi;Aquifoliaceae
Ilex crenata;Aquifoliaceae
Ilex crenata;Aquifoliaceae
Ilex crenata;Aquifoliaceae
Ilex crenata;Aquifoliaceae
Ilex crenata;Aquifoliaceae
Ilex crenata;Aquifoliaceae
Ilex crenata;Aquifoliaceae
Ilex crenata;Aquifoliaceae
Ilex crenata;Aquifoliaceae
Ilex crenata;Aquifoliaceae
Ilex crenata;Aquifoliaceae
Ilex crenata;Aquifoliaceae
Ilex crenata;Aquifoliaceae
Ilex crenata;Aquifoliaceae
Ilex crenata;Aquifoliaceae
Ilex crenata;Aquifoliaceae
Ilex crenata;Aquifoliaceae
Ilex crenata;Aquifoliaceae
Ilex decidua;Aquifoliaceae
Ilex decidua;Aquifoliaceae
Ilex decidua;Aquifoliaceae
Ilex decidua;Aquifoliaceae
Ilex decidua;Aquifoliaceae
Ilex dimorphophylla;Aquifoliaceae
Ilex glabra;Aquifoliaceae
Ilex glabra;Aquifoliaceae
Ilex glabra;Aquifoliaceae
Ilex hybr.;Aquifoliaceae
Ilex hybr.;Aquifoliaceae
Ilex hybr.;Aquifoliaceae
Ilex hybr.;Aquifoliaceae
Ilex hybr.;Aquifoliaceae
Ilex insignis;Aquifoliaceae
Ilex integra x pernyi;Aquifoliaceae
Ilex latifolia;Aquifoliaceae
Ilex opaca;Aquifoliaceae
Ilex opaca;Aquifoliaceae
Ilex opaca;Aquifoliaceae
Ilex opaca;Aquifoliaceae
Ilex opaca;Aquifoliaceae
Ilex opaca;Aquifoliaceae
Ilex opaca;Aquifoliaceae
Ilex opaca;Aquifoliaceae
Ilex opaca;Aquifoliaceae
Ilex opaca;Aquifoliaceae
Ilex opaca;Aquifoliaceae
Ilex opaca;Aquifoliaceae
Ilex opaca;Aquifoliaceae
Ilex opaca;Aquifoliaceae
Ilex opaca;Aquifoliaceae
Ilex opaca;Aquifoliaceae
Ilex opaca;Aquifoliaceae
Ilex opaca;Aquifoliaceae
Ilex opaca;Aquifoliaceae
Ilex opaca;Aquifoliaceae
Ilex opaca;Aquifoliaceae
Ilex opaca;Aquifoliaceae
Ilex opaca x pernyi;Aquifoliaceae
Ilex pedunculosa;Aquifoliaceae
Ilex pedunculosa;Aquifoliaceae
Ilex pernyi;Aquifoliaceae
Ilex rotunda;Aquifoliaceae
Ilex rugosa;Aquifoliaceae
Ilex serrata;Aquifoliaceae
Ilex serrata x verticillata;Aquifoliaceae
Ilex verticillata;Aquifoliaceae
Ilex verticillata;Aquifoliaceae
Ilex verticillata;Aquifoliaceae
Ilex verticillata;Aquifoliaceae
Ilex verticillata;Aquifoliaceae
Ilex verticillata;Aquifoliaceae
Ilex verticillata;Aquifoliaceae
Ilex verticillata;Aquifoliaceae
Ilex verticillata;Aquifoliaceae
Ilex verticillata;Aquifoliaceae
Ilex verticillata;Aquifoliaceae
Ilex verticillata;Aquifoliaceae
Ilex verticillata;Aquifoliaceae
Ilex verticillata;Aquifoliaceae
Ilex verticillata;Aquifoliaceae
Ilex verticillata;Aquifoliaceae
Ilex x altaclerensis;Aquifoliaceae
Ilex x altaclerensis;Aquifoliaceae
Ilex x aquipernyi;Aquifoliaceae
Ilex x koehneana;Aquifoliaceae
Ilex x meserveae;Aquifoliaceae
Ilex x meserveae;Aquifoliaceae
Ilex x meserveae;Aquifoliaceae
Ilex x meserveae;Aquifoliaceae
Ilex x meserveae;Aquifoliaceae
Ilex x meserveae;Aquifoliaceae
Ilex x meserveae;Aquifoliaceae
Ilex yunnanensis;Aquifoliaceae
Iliamna rivularis;Malvaceae
Illecebrum verticillatum;Caryophyllaceae
Illicium anisatum;Schisandraceae (Illiciaceae)
Illicium floridanum;Schisandraceae (Illiciaceae)
Illicium floridanum;Schisandraceae (Illiciaceae)
Illicium merrillianum;Schisandraceae (Illiciaceae)
Illicium simonsii;Schisandraceae (Illiciaceae)
Impatiens auricoma;Balsaminaceae
Impatiens balfourii;Balsaminaceae
Impatiens bisaccata;Balsaminaceae
Impatiens hians;Balsaminaceae
Impatiens hochstetteri;Balsaminaceae
Impatiens irvingii;Balsaminaceae
Impatiens keilii;Balsaminaceae
Impatiens madagascariensis;Balsaminaceae
Impatiens marianae;Balsaminaceae
Impatiens niamniamensis;Balsaminaceae
Impatiens omeiana;Balsaminaceae
Impatiens parasitica;Balsaminaceae
Impatiens platyloba;Balsaminaceae
Impatiens sodenii;Balsaminaceae
Impatiens sp.;Balsaminaceae
Impatiens sp.;Balsaminaceae
Impatiens sp.;Balsaminaceae
Impatiens sp.;Balsaminaceae
Impatiens sp.;Balsaminaceae
Impatiens sp.;Balsaminaceae
Impatiens textori;Balsaminaceae
Impatiens tuberosa;Balsaminaceae
Impatiens tuberosa;Balsaminaceae
Imperata cylindrica;Poaceae
Incarvillea delavayi;Bignoniaceae
Incarvillea mairei;Bignoniaceae
Incarvillea olgae;Bignoniaceae
Incarvillea sinensis;Bignoniaceae
Incarvillea sinensis;Bignoniaceae
Incarvillea sp.;Bignoniaceae
Incarvillea zhongdianensis;Bignoniaceae
Indigofera ammoxylum;Fabaceae (s.str.)
Indigofera balfouriana;Fabaceae (s.str.)
Indigofera heterantha;Fabaceae (s.str.)
Indigofera kirilowii;Fabaceae (s.str.)
Indocalamus latifolius;Poaceae
Inga feuillei;Fabaceae
Inga spectabilis;Fabaceae
Intsia bijuga;Fabaceae
Inula conyza;Asteraceae
Inula crithmoides;Asteraceae
Inula ensifolia;Asteraceae
Inula ensifolia;Asteraceae
Inula ensifolia;Asteraceae
Inula germanica;Asteraceae
Inula helenium;Asteraceae
Inula heterolepis;Asteraceae
Inula heterolepis;Asteraceae
Inula hirta;Asteraceae
Inula magnifica;Asteraceae
Inula oculus-christi;Asteraceae
Inula orientalis;Asteraceae
Inula salicina;Asteraceae
Inula salicina;Asteraceae
Inula sp.;Asteraceae
Inula spiraeifolia;Asteraceae
Inula verbascifolia;Asteraceae
Iochroma australe;Solanaceae
Iochroma fuchsioides;Solanaceae
Iochroma fuchsioides;Solanaceae
Iochroma grandiflora;Solanaceae
Ionactis linariifolia;Asteraceae
Ionopsis paniculata;Orchidaceae
Ionopsis utricularioides;Orchidaceae
Ipheion dialystemon;Amaryllidaceae (Alliaceae)
Ipheion uniflorum;Amaryllidaceae (Alliaceae)
Ipheion uniflorum;Amaryllidaceae (Alliaceae)
Ipheion uniflorum;Amaryllidaceae (Alliaceae)
Ipheion uniflorum;Amaryllidaceae (Alliaceae)
Ipheion uniflorum;Amaryllidaceae (Alliaceae)
Ipheion uniflorum;Amaryllidaceae (Alliaceae)
Ipheion uniflorum;Amaryllidaceae (Alliaceae)
Ipheion uniflorum;Amaryllidaceae (Alliaceae)
Iphigenia robusta;Colchicaceae
Ipomoea alpina;Convolvulaceae
Ipomoea aquatica;Convolvulaceae
Ipomoea bolusiana;Convolvulaceae
Ipomoea bolusiana;Convolvulaceae
Ipomoea bullata;Convolvulaceae
Ipomoea cordatotriloba;Convolvulaceae
Ipomoea lapathifolia;Convolvulaceae
Ipomoea lapathifolia;Convolvulaceae
Ipomoea lapidosa;Convolvulaceae
Ipomoea leptophylla;Convolvulaceae
Ipomoea lindheimeri;Convolvulaceae
Ipomoea linosepala;Convolvulaceae
Ipomoea lobata;Convolvulaceae
Ipomoea magnusiana;Convolvulaceae
Ipomoea oenotherae;Convolvulaceae
Ipomoea orizabensis;Convolvulaceae
Ipomoea pes-tigridis;Convolvulaceae
Ipomoea platensis;Convolvulaceae
Ipomoea plummerae;Convolvulaceae
Ipomoea pubescens;Convolvulaceae
Ipomoea pubescens;Convolvulaceae
Ipomoea setosa;Convolvulaceae
Ipomoea sp.;Convolvulaceae
Ipomoea sp.;Convolvulaceae
Ipomoea sp.;Convolvulaceae
Ipomoea sp.;Convolvulaceae
Ipomoea sp.;Convolvulaceae
Ipomoea sp.;Convolvulaceae
Ipomoea sp.;Convolvulaceae
Ipomoea tenuipes;Convolvulaceae
Ipomoea teotitlanica;Convolvulaceae
Ipomoea ternifolia;Convolvulaceae
Ipomoea transvaalensis;Convolvulaceae
Ipomoea transvaalensis;Convolvulaceae
Ipomoea tuberculata;Convolvulaceae
Ipomopsis rubra;Polemoniaceae
Iris acutiloba;Iridaceae
Iris aphylla;Iridaceae
Iris aphylla;Iridaceae
Iris aphylla;Iridaceae
Iris attica;Iridaceae
Iris babadagica;Iridaceae
Iris barbata;Iridaceae
Iris barbata;Iridaceae
Iris barbata;Iridaceae
Iris barbata;Iridaceae
Iris barbata;Iridaceae
Iris barbata;Iridaceae
Iris barbata;Iridaceae
Iris barbata;Iridaceae
Iris barbata;Iridaceae
Iris barbata;Iridaceae
Iris barbata;Iridaceae
Iris barbata;Iridaceae
Iris barbata;Iridaceae
Iris barbata;Iridaceae
Iris barbata;Iridaceae
Iris barbata;Iridaceae
Iris barbata;Iridaceae
Iris barbata;Iridaceae
Iris barbata;Iridaceae
Iris barbata;Iridaceae
Iris barbata;Iridaceae
Iris barbata;Iridaceae
Iris barbata;Iridaceae
Iris barbata;Iridaceae
Iris barbata;Iridaceae
Iris barbata;Iridaceae
Iris barbata;Iridaceae
Iris barbata;Iridaceae
Iris barbata;Iridaceae
Iris barbata;Iridaceae
Iris barbata;Iridaceae
Iris barbata;Iridaceae
Iris barbata;Iridaceae
Iris barbata;Iridaceae
Iris barbata;Iridaceae
Iris barbata;Iridaceae
Iris barbata;Iridaceae
Iris barbata;Iridaceae
Iris barbata;Iridaceae
Iris barbata;Iridaceae
Iris barbata;Iridaceae
Iris barbata;Iridaceae
Iris barbata;Iridaceae
Iris barbata;Iridaceae
Iris barbata;Iridaceae
Iris barbata;Iridaceae
Iris barbata;Iridaceae
Iris barbata;Iridaceae
Iris barbata;Iridaceae
Iris barbata;Iridaceae
Iris barbata;Iridaceae
Iris barbata;Iridaceae
Iris barbata;Iridaceae
Iris barbata;Iridaceae
Iris barbata;Iridaceae
Iris barbata;Iridaceae
Iris barbata;Iridaceae
Iris barbata;Iridaceae
Iris barbata;Iridaceae
Iris barbata;Iridaceae
Iris barbata;Iridaceae
Iris barbata;Iridaceae
Iris barbata;Iridaceae
Iris barbata;Iridaceae
Iris barbata;Iridaceae
Iris barbata;Iridaceae
Iris barbata;Iridaceae
Iris barbata;Iridaceae
Iris barbata;Iridaceae
Iris barbata;Iridaceae
Iris barbata;Iridaceae
Iris barbata;Iridaceae
Iris barbata;Iridaceae
Iris barbata;Iridaceae
Iris barbata;Iridaceae
Iris barbata;Iridaceae
Iris barbata;Iridaceae
Iris barbata;Iridaceae
Iris barbata;Iridaceae
Iris barbata;Iridaceae
Iris barbata;Iridaceae
Iris barbata;Iridaceae
Iris barbata;Iridaceae
Iris barbata;Iridaceae
Iris barbata;Iridaceae
Iris barbata;Iridaceae
Iris barbata;Iridaceae
Iris barbata;Iridaceae
Iris barbata;Iridaceae
Iris barbata;Iridaceae
Iris barbata;Iridaceae
Iris barbata;Iridaceae
Iris barbata;Iridaceae
Iris barbata;Iridaceae
Iris barbata;Iridaceae
Iris barbata;Iridaceae
Iris barbata;Iridaceae
Iris barbata;Iridaceae
Iris barbata;Iridaceae
Iris barbata;Iridaceae
Iris barbata;Iridaceae
Iris barbata;Iridaceae
Iris barbata;Iridaceae
Iris barbata;Iridaceae
Iris barbata;Iridaceae
Iris barbata;Iridaceae
Iris barbata;Iridaceae
Iris barbata;Iridaceae
Iris barbata;Iridaceae
Iris barbata;Iridaceae
Iris barbata;Iridaceae
Iris barbata;Iridaceae
Iris barbata;Iridaceae
Iris barbata;Iridaceae
Iris barbata;Iridaceae
Iris barbata;Iridaceae
Iris barbata;Iridaceae
Iris barbata;Iridaceae
Iris barbata;Iridaceae
Iris barbata;Iridaceae
Iris barbata;Iridaceae
Iris barbata;Iridaceae
Iris barbata;Iridaceae
Iris barbata;Iridaceae
Iris barbata;Iridaceae
Iris barbata;Iridaceae
Iris barbata;Iridaceae
Iris barbata;Iridaceae
Iris barbata;Iridaceae
Iris barbata;Iridaceae
Iris barbata;Iridaceae
Iris barbata;Iridaceae
Iris barbata;Iridaceae
Iris barbata;Iridaceae
Iris barbata;Iridaceae
Iris barbata;Iridaceae
Iris barbata;Iridaceae
Iris barbata;Iridaceae
Iris barbata;Iridaceae
Iris barbata;Iridaceae
Iris barbata;Iridaceae
Iris barbata;Iridaceae
Iris barbata;Iridaceae
Iris barbata;Iridaceae
Iris barbata;Iridaceae
Iris barbata;Iridaceae
Iris barbata;Iridaceae
Iris barbata;Iridaceae
Iris barbata;Iridaceae
Iris barbata;Iridaceae
Iris barbata;Iridaceae
Iris barbata;Iridaceae
Iris barbata;Iridaceae
Iris barbata;Iridaceae
Iris barbata;Iridaceae
Iris barbata;Iridaceae
Iris barbata;Iridaceae
Iris barbata;Iridaceae
Iris barbata;Iridaceae
Iris barbata;Iridaceae
Iris barbata;Iridaceae
Iris barbata;Iridaceae
Iris barbata;Iridaceae
Iris barbata;Iridaceae
Iris barbata;Iridaceae
Iris barbata;Iridaceae
Iris barbata;Iridaceae
Iris barbata;Iridaceae
Iris barbata;Iridaceae
Iris barbata;Iridaceae
Iris barbata;Iridaceae
Iris barbata;Iridaceae
Iris barbata;Iridaceae
Iris barbata;Iridaceae
Iris barbata;Iridaceae
Iris barbata;Iridaceae
Iris barbata;Iridaceae
Iris barbata;Iridaceae
Iris barbata;Iridaceae
Iris barbata;Iridaceae
Iris barbata;Iridaceae
Iris barbata;Iridaceae
Iris barbata;Iridaceae
Iris barbata;Iridaceae
Iris barbata;Iridaceae
Iris barbata;Iridaceae
Iris barbata;Iridaceae
Iris barbata;Iridaceae
Iris barbata;Iridaceae
Iris barbata;Iridaceae
Iris barbata;Iridaceae
Iris barbata;Iridaceae
Iris barbata;Iridaceae
Iris barbata;Iridaceae
Iris barbata;Iridaceae
Iris barbata;Iridaceae
Iris barbata;Iridaceae
Iris barbata;Iridaceae
Iris barbata;Iridaceae
Iris barbata;Iridaceae
Iris barbata;Iridaceae
Iris barbata;Iridaceae
Iris barbata;Iridaceae
Iris barbata;Iridaceae
Iris barbata;Iridaceae
Iris barbata;Iridaceae
Iris barbata;Iridaceae
Iris barbata;Iridaceae
Iris barbata;Iridaceae
Iris barbata;Iridaceae
Iris barbata;Iridaceae
Iris barbata;Iridaceae
Iris barbata;Iridaceae
Iris barbata;Iridaceae
Iris barbata;Iridaceae
Iris barbata;Iridaceae
Iris barbata;Iridaceae
Iris barbata;Iridaceae
Iris barbata;Iridaceae
Iris barbata;Iridaceae
Iris barbata;Iridaceae
Iris barbata;Iridaceae
Iris barbata;Iridaceae
Iris barbata;Iridaceae
Iris barbata;Iridaceae
Iris barbata;Iridaceae
Iris barbata;Iridaceae
Iris barbata;Iridaceae
Iris barbata;Iridaceae
Iris barbata;Iridaceae
Iris barbata;Iridaceae
Iris barbata;Iridaceae
Iris barbata;Iridaceae
Iris barbata;Iridaceae
Iris barbata;Iridaceae
Iris barbata;Iridaceae
Iris barbata;Iridaceae
Iris barbata;Iridaceae
Iris barbata;Iridaceae
Iris barbata;Iridaceae
Iris barbata;Iridaceae
Iris barbata;Iridaceae
Iris barbata;Iridaceae
Iris barbata;Iridaceae
Iris barbata;Iridaceae
Iris barbata;Iridaceae
Iris barbata;Iridaceae
Iris barbata;Iridaceae
Iris barbata;Iridaceae
Iris barbata;Iridaceae
Iris barbata;Iridaceae
Iris barbata;Iridaceae
Iris barbata;Iridaceae
Iris barbata;Iridaceae
Iris barbata;Iridaceae
Iris barbata;Iridaceae
Iris barbata;Iridaceae
Iris barbata;Iridaceae
Iris barbata;Iridaceae
Iris barbata;Iridaceae
Iris barbata;Iridaceae
Iris barbata;Iridaceae
Iris barbata;Iridaceae
Iris barbata;Iridaceae
Iris barbata;Iridaceae
Iris barbata;Iridaceae
Iris barbata;Iridaceae
Iris barbata;Iridaceae
Iris barbata;Iridaceae
Iris barbata;Iridaceae
Iris barbata;Iridaceae
Iris barbata;Iridaceae
Iris barbata;Iridaceae
Iris barbata;Iridaceae
Iris barbata;Iridaceae
Iris barbata;Iridaceae
Iris barbata;Iridaceae
Iris barbata;Iridaceae
Iris barbata;Iridaceae
Iris barbata;Iridaceae
Iris barbata;Iridaceae
Iris barbata;Iridaceae
Iris barbata;Iridaceae
Iris barbata;Iridaceae
Iris barbata;Iridaceae
Iris barbata;Iridaceae
Iris barbata;Iridaceae
Iris barbata;Iridaceae
Iris barbata;Iridaceae
Iris barbata;Iridaceae
Iris barbata;Iridaceae
Iris barbata;Iridaceae
Iris barbata;Iridaceae
Iris barbata;Iridaceae
Iris barbata;Iridaceae
Iris barbata;Iridaceae
Iris barbata;Iridaceae
Iris barbata;Iridaceae
Iris barbata;Iridaceae
Iris barbata;Iridaceae
Iris barbata;Iridaceae
Iris barbata;Iridaceae
Iris barbata;Iridaceae
Iris barbata;Iridaceae
Iris barbata;Iridaceae
Iris barbata;Iridaceae
Iris barbata;Iridaceae
Iris barbata;Iridaceae
Iris barbata;Iridaceae
Iris barbata;Iridaceae
Iris barbata;Iridaceae
Iris barbata;Iridaceae
Iris barbata;Iridaceae
Iris barbata;Iridaceae
Iris barbata;Iridaceae
Iris barbata;Iridaceae
Iris barbata;Iridaceae
Iris barbata;Iridaceae
Iris barbata;Iridaceae
Iris barbata;Iridaceae
Iris barbata;Iridaceae
Iris barbata;Iridaceae
Iris barbata;Iridaceae
Iris barbata;Iridaceae
Iris barbata;Iridaceae
Iris barbata;Iridaceae
Iris barbata;Iridaceae
Iris barbata;Iridaceae
Iris barbata;Iridaceae
Iris barbata;Iridaceae
Iris barbata;Iridaceae
Iris barbata;Iridaceae
Iris barbata;Iridaceae
Iris barbata;Iridaceae
Iris barbata;Iridaceae
Iris barbata;Iridaceae
Iris barbata;Iridaceae
Iris barbata;Iridaceae
Iris barbata;Iridaceae
Iris barbata;Iridaceae
Iris barbata;Iridaceae
Iris barbata;Iridaceae
Iris barbata;Iridaceae
Iris barbata;Iridaceae
Iris barbata;Iridaceae
Iris barbata;Iridaceae
Iris barbata;Iridaceae
Iris barbata;Iridaceae
Iris barbata;Iridaceae
Iris barbata;Iridaceae
Iris barbata;Iridaceae
Iris barbata;Iridaceae
Iris barbata;Iridaceae
Iris barbata;Iridaceae
Iris barbata;Iridaceae
Iris barbata;Iridaceae
Iris barbata;Iridaceae
Iris barbata;Iridaceae
Iris barbata;Iridaceae
Iris barbata;Iridaceae
Iris barbata;Iridaceae
Iris barbata;Iridaceae
Iris barbata;Iridaceae
Iris barbata;Iridaceae
Iris barbata;Iridaceae
Iris barbata;Iridaceae
Iris barbata;Iridaceae
Iris barbata;Iridaceae
Iris barbata;Iridaceae
Iris barbata;Iridaceae
Iris barbata;Iridaceae
Iris barbata;Iridaceae
Iris barbata;Iridaceae
Iris barbata;Iridaceae
Iris barbata;Iridaceae
Iris barbata;Iridaceae
Iris barbata;Iridaceae
Iris barbata;Iridaceae
Iris barbata;Iridaceae
Iris barbata;Iridaceae
Iris barbata;Iridaceae
Iris barbata;Iridaceae
Iris barbata;Iridaceae
Iris barbata;Iridaceae
Iris barbata;Iridaceae
Iris barbata;Iridaceae
Iris barbata;Iridaceae
Iris barbata;Iridaceae
Iris barbata;Iridaceae
Iris barbata;Iridaceae
Iris barbata;Iridaceae
Iris barbata;Iridaceae
Iris barbata;Iridaceae
Iris barbata;Iridaceae
Iris barbata;Iridaceae
Iris barbata;Iridaceae
Iris barbata;Iridaceae
Iris barbata;Iridaceae
Iris barbata;Iridaceae
Iris barbata;Iridaceae
Iris barbata;Iridaceae
Iris barbata;Iridaceae
Iris barbata;Iridaceae
Iris barbata;Iridaceae
Iris barbata;Iridaceae
Iris barbata;Iridaceae
Iris barbata;Iridaceae
Iris barbata;Iridaceae
Iris barbata;Iridaceae
Iris barbata;Iridaceae
Iris barbata;Iridaceae
Iris barbata;Iridaceae
Iris barbata;Iridaceae
Iris barbata;Iridaceae
Iris barbata;Iridaceae
Iris barbata;Iridaceae
Iris barbata;Iridaceae
Iris barbata;Iridaceae
Iris barbata;Iridaceae
Iris barbata;Iridaceae
Iris barbata;Iridaceae
Iris barbata;Iridaceae
Iris barbata;Iridaceae
Iris barbata;Iridaceae
Iris barbata;Iridaceae
Iris barbata;Iridaceae
Iris barbata;Iridaceae
Iris barbata;Iridaceae
Iris barbata;Iridaceae
Iris barbata;Iridaceae
Iris barbata;Iridaceae
Iris barbata;Iridaceae
Iris barbata;Iridaceae
Iris barbata;Iridaceae
Iris barbata;Iridaceae
Iris barbata;Iridaceae
Iris barbata;Iridaceae
Iris barbata;Iridaceae
Iris barbata;Iridaceae
Iris barbata;Iridaceae
Iris barbata;Iridaceae
Iris barbata;Iridaceae
Iris barbata;Iridaceae
Iris barbata;Iridaceae
Iris barbata;Iridaceae
Iris barbata;Iridaceae
Iris barbata;Iridaceae
Iris barbata;Iridaceae
Iris barbata;Iridaceae
Iris barbata;Iridaceae
Iris barbata;Iridaceae
Iris barbata;Iridaceae
Iris barbata;Iridaceae
Iris barbata;Iridaceae
Iris barbata;Iridaceae
Iris barbata;Iridaceae
Iris barbata;Iridaceae
Iris barbata;Iridaceae
Iris barbata;Iridaceae
Iris barbata;Iridaceae
Iris barbata;Iridaceae
Iris barbata;Iridaceae
Iris barbata;Iridaceae
Iris barbata;Iridaceae
Iris barbata;Iridaceae
Iris barbata;Iridaceae
Iris barbata;Iridaceae
Iris barbata;Iridaceae
Iris barbata;Iridaceae
Iris barbata;Iridaceae
Iris barbata;Iridaceae
Iris barbata;Iridaceae
Iris barbata;Iridaceae
Iris barbata;Iridaceae
Iris barbata;Iridaceae
Iris barbata;Iridaceae
Iris barbata;Iridaceae
Iris barbata;Iridaceae
Iris barbata;Iridaceae
Iris barbata;Iridaceae
Iris barbata;Iridaceae
Iris barbata;Iridaceae
Iris barbata;Iridaceae
Iris barbata;Iridaceae
Iris barbata;Iridaceae
Iris barbata;Iridaceae
Iris barbata;Iridaceae
Iris barbata;Iridaceae
Iris barbata;Iridaceae
Iris barbata;Iridaceae
Iris barbata;Iridaceae
Iris barbata;Iridaceae
Iris barnumiae;Iridaceae
Iris bicapitata;Iridaceae
Iris bucharica;Iridaceae
Iris bucharica;Iridaceae
Iris bucharica;Iridaceae
Iris bucharica;Iridaceae
Iris bungei;Iridaceae
Iris clarkei;Iridaceae
Iris cycloglossa;Iridaceae
Iris danfordiae;Iridaceae
Iris dichotoma;Iridaceae
Iris elegantissima;Iridaceae
Iris ensata;Iridaceae
Iris ensata;Iridaceae
Iris ensata;Iridaceae
Iris ensata;Iridaceae
Iris ensata;Iridaceae
Iris ensata;Iridaceae
Iris ensata;Iridaceae
Iris ensata;Iridaceae
Iris ensata;Iridaceae
Iris ensata;Iridaceae
Iris ensata;Iridaceae
Iris ensata;Iridaceae
Iris ensata;Iridaceae
Iris ensata;Iridaceae
Iris ensata;Iridaceae
Iris ensata;Iridaceae
Iris ensata;Iridaceae
Iris ensata;Iridaceae
Iris ensata;Iridaceae
Iris ensata;Iridaceae
Iris foetidissima;Iridaceae
Iris forrestii;Iridaceae
Iris fulva;Iridaceae
Iris gatesii;Iridaceae
Iris germanica;Iridaceae
Iris graeberiana;Iridaceae
Iris graeberiana;Iridaceae
Iris graminea;Iridaceae
Iris halophila;Iridaceae
Iris halophila;Iridaceae
Iris histrioides;Iridaceae
Iris histrioides;Iridaceae
Iris histrioides;Iridaceae
Iris histrioides;Iridaceae
Iris histrioides;Iridaceae
Iris hoogiana;Iridaceae
Iris hoogiana;Iridaceae
Iris hoogiana;Iridaceae
Iris hoogiana;Iridaceae
Iris hookeri;Iridaceae
Iris humilis;Iridaceae
Iris hybr.;Iridaceae
Iris hybr.;Iridaceae
Iris hybr.;Iridaceae
Iris hyrcana;Iridaceae
Iris chrysographes;Iridaceae
Iris iberica;Iridaceae
Iris imbricata;Iridaceae
Iris innominata;Iridaceae
Iris japonica;Iridaceae
Iris junonia;Iridaceae
Iris kerneriana;Iridaceae
Iris korolkowi;Iridaceae
Iris lactea;Iridaceae
Iris lineolata;Iridaceae
Iris lusitanica;Iridaceae
Iris lutescens;Iridaceae
Iris mesopotamica;Iridaceae
Iris nelsonii;Iridaceae
Iris nicolai;Iridaceae
Iris pallida;Iridaceae
Iris persica;Iridaceae
Iris planifolia;Iridaceae
Iris pseudacorus;Iridaceae
Iris pseudacorus;Iridaceae
Iris pseudacorus;Iridaceae
Iris pseudacorus;Iridaceae
Iris pseudacorus;Iridaceae
Iris pseudacorus;Iridaceae
Iris pseudopumila;Iridaceae
Iris pumila;Iridaceae
Iris reichenbachii;Iridaceae
Iris relicta;Iridaceae
Iris reticulata;Iridaceae
Iris reticulata;Iridaceae
Iris reticulata;Iridaceae
Iris reticulata;Iridaceae
Iris reticulata;Iridaceae
Iris reticulata;Iridaceae
Iris reticulata;Iridaceae
Iris reticulata;Iridaceae
Iris reticulata;Iridaceae
Iris reticulata;Iridaceae
Iris reticulata;Iridaceae
Iris reticulata;Iridaceae
Iris ruthenica;Iridaceae
Iris sanguinea;Iridaceae
Iris setosa;Iridaceae
Iris schachtii;Iridaceae
Iris schachtii;Iridaceae
Iris schachtii;Iridaceae
Iris sibirica;Iridaceae
Iris sibirica;Iridaceae
Iris sibirica;Iridaceae
Iris sibirica;Iridaceae
Iris sibirica;Iridaceae
Iris sibirica;Iridaceae
Iris sibirica;Iridaceae
Iris sibirica;Iridaceae
Iris sibirica;Iridaceae
Iris sibirica;Iridaceae
Iris sibirica;Iridaceae
Iris sibirica;Iridaceae
Iris sibirica;Iridaceae
Iris sibirica;Iridaceae
Iris sibirica;Iridaceae
Iris sibirica;Iridaceae
Iris sibirica;Iridaceae
Iris sibirica;Iridaceae
Iris sibirica;Iridaceae
Iris sibirica;Iridaceae
Iris sibirica;Iridaceae
Iris sibirica;Iridaceae
Iris sibirica;Iridaceae
Iris sibirica;Iridaceae
Iris sibirica;Iridaceae
Iris sibirica;Iridaceae
Iris sibirica;Iridaceae
Iris sibirica;Iridaceae
Iris sibirica;Iridaceae
Iris sibirica;Iridaceae
Iris sibirica;Iridaceae
Iris sibirica;Iridaceae
Iris sibirica;Iridaceae
Iris sibirica;Iridaceae
Iris sibirica;Iridaceae
Iris sibirica;Iridaceae
Iris sibirica;Iridaceae
Iris sibirica;Iridaceae
Iris sibirica;Iridaceae
Iris sibirica;Iridaceae
Iris sibirica;Iridaceae
Iris sibirica;Iridaceae
Iris sibirica;Iridaceae
Iris sibirica;Iridaceae
Iris sibirica;Iridaceae
Iris sibirica;Iridaceae
Iris sibirica;Iridaceae
Iris sibirica;Iridaceae
Iris sibirica;Iridaceae
Iris sibirica;Iridaceae
Iris sibirica;Iridaceae
Iris sibirica;Iridaceae
Iris sibirica;Iridaceae
Iris sibirica;Iridaceae
Iris sibirica;Iridaceae
Iris sibirica;Iridaceae
Iris sibirica;Iridaceae
Iris sibirica;Iridaceae
Iris sibirica;Iridaceae
Iris sibirica;Iridaceae
Iris sibirica;Iridaceae
Iris sibirica;Iridaceae
Iris sibirica;Iridaceae
Iris sibirica;Iridaceae
Iris sibirica;Iridaceae
Iris sibirica;Iridaceae
Iris sibirica;Iridaceae
Iris sibirica;Iridaceae
Iris sibirica;Iridaceae
Iris sibirica;Iridaceae
Iris sibirica;Iridaceae
Iris sibirica;Iridaceae
Iris sintenisii;Iridaceae
Iris sisyrinchium;Iridaceae
Iris sp.;Iridaceae
Iris spuria;Iridaceae
Iris spuria-hybr.;Iridaceae
Iris spuria-hybr.;Iridaceae
Iris spuria-hybr.;Iridaceae
Iris spuria-hybr.;Iridaceae
Iris spuria-hybr.;Iridaceae
Iris spuria-hybr.;Iridaceae
Iris spuria-hybr.;Iridaceae
Iris spuria-hybr.;Iridaceae
Iris spuria-hybr.;Iridaceae
Iris spuria-hybr.;Iridaceae
Iris spuria-hybr.;Iridaceae
Iris spuria-hybr.;Iridaceae
Iris spuria-hybr.;Iridaceae
Iris spuria-hybr.;Iridaceae
Iris stenophylla;Iridaceae
Iris stolonifera;Iridaceae
Iris stolonifera;Iridaceae
Iris stolonifera;Iridaceae
Iris stolonifera;Iridaceae
Iris stolonifera;Iridaceae
Iris stolonifera;Iridaceae
Iris suaveolens;Iridaceae
Iris subbiflora;Iridaceae
Iris taochia;Iridaceae
Iris tectorum;Iridaceae
Iris tenax;Iridaceae
Iris tenuifolia;Iridaceae
Iris tenuis;Iridaceae
Iris tigridia;Iridaceae
Iris tingitana;Iridaceae
Iris tuberosa;Iridaceae
Iris tuberosa;Iridaceae
Iris tuberosa;Iridaceae
Iris tuberosa;Iridaceae
Iris tuberosa;Iridaceae
Iris tuberosa;Iridaceae
Iris typhifolia;Iridaceae
Iris unguicularis;Iridaceae
Iris unguicularis;Iridaceae
Iris versicolor;Iridaceae
Iris versicolor;Iridaceae
Iris vicaria;Iridaceae
Iris warleyensis;Iridaceae
Iris willmottiana;Iridaceae
Iris wilsonii;Iridaceae
Iris x hollandica;Iridaceae
Iris x louisianica;Iridaceae
Iris x louisianica;Iridaceae
Iris x louisianica;Iridaceae
Iris x louisianica;Iridaceae
Iris x louisianica;Iridaceae
Iris x louisianica;Iridaceae
Iris x norrisii;Iridaceae
Iris x pseudata;Iridaceae
Iris x robusta;Iridaceae
Iris x warlsind;Iridaceae
Iris x warlsind;Iridaceae
Iris xiphioides;Iridaceae
Iris xiphium;Iridaceae
Irvingbaileya australis;Icacinaceae
Isabelia virginalis;Orchidaceae
Isatis sp.;Brassicaceae
Isatis tinctoria;Brassicaceae
Ischnolepis graminifolia;Apocynaceae
Isodon excisus;Lamiaceae
Isolepis setacea;Cyperaceae
Isoplexis chalcantha;Plantaginaceae (s.l.)
Isopyrum biternatum;Ranunculaceae
Isopyrum nipponicum;Ranunculaceae
Isopyrum thalictroides;Ranunculaceae
Isopyrum thalictroides;Ranunculaceae
Itaya amicorum;Arecaceae
Itea japonica;Escalloniaceae
Itea virginica;Escalloniaceae
Itea virginica;Escalloniaceae
Itea virginica;Escalloniaceae
Itea virginica;Escalloniaceae
Itea yunnanensis;Escalloniaceae
Ixiolirion tataricum;Ixioliriaceae
Ixora coccinea;Rubiaceae
Ixora hybr.;Rubiaceae
Ixora chinensis;Rubiaceae
Ixora chinensis;Rubiaceae
Ixora chinensis;Rubiaceae
Ixora sp.;Rubiaceae
Jacaranda mimosifolia;Bignoniaceae
Jacaratia mexicana;Caricaceae
Jacobinia aurea;Acanthaceae
Jacobinia carnea;Acanthaceae
Jamesia americana;Hydrangeaceae
Jasione crispa;Campanulaceae
Jasione crispa;Campanulaceae
Jasione montana;Campanulaceae
Jasione montana;Campanulaceae
Jasminum angustifolium;Oleaceae
Jasminum fruticans;Oleaceae
Jasminum grandiflorum;Oleaceae
Jasminum nudiflorum;Oleaceae
Jasminum nudiflorum;Oleaceae
Jasminum nudiflorum;Oleaceae
Jasminum parkeri;Oleaceae
Jasminum parkeri;Oleaceae
Jasminum rex;Oleaceae
Jasminum rex;Oleaceae
Jasminum sambac;Oleaceae
Jasminum sp.;Oleaceae
Jasminum stenolobum;Oleaceae
Jasminum wallichianum;Oleaceae
Jasminum x stephanense;Oleaceae
Jasminum x stephanense;Oleaceae
Jatropha andrieuxii;Euphorbiaceae
Jatropha cathartica;Euphorbiaceae
Jatropha cinerea;Euphorbiaceae
Jatropha horizontalis;Euphorbiaceae
Jatropha macrantha;Euphorbiaceae
Jatropha pelargoniifolia;Euphorbiaceae
Jatropha podagrica;Euphorbiaceae
Jatropha podagrica;Euphorbiaceae
Jatropha podagrica;Euphorbiaceae
Jatropha sp.;Euphorbiaceae
Jatropha sp.;Euphorbiaceae
Jatropha sp.;Euphorbiaceae
Jatropha spinosa;Euphorbiaceae
Jatropha vernicosa;Euphorbiaceae
Jeffersonia diphylla;Berberidaceae
Jeffersonia diphylla;Berberidaceae
Jeffersonia dubia;Berberidaceae
Jeffersonia dubia;Berberidaceae
Jeffersonia dubia;Berberidaceae
Johannesteijsmannia altifrons;Arecaceae
Johannesteijsmannia magnifica;Arecaceae
Johannesteijsmannia perakensis;Arecaceae
Johoralia lada;
Joinvillea plicata;Joinvilleaceae
Jovellana sinclairii;Calceolariaceaae
Jovibarba globifera;Crassulaceae
Jovibarba globifera;Crassulaceae
Jovibarba hirta;Crassulaceae
Juanulloa aurantiaca;Solanaceae
Jubaea chilensis;Arecaceae
Jubaeopsis caffra;Liliopsida
Juglans ailantifolia;Juglandaceae
Juglans mandshurica;Juglandaceae
Juglans regia;Juglandaceae
Juglans regia;Juglandaceae
Juglans regia;Juglandaceae
Juglans sieboldiana;Juglandaceae
Jumelea pandurata;
Jumellea major;Orchidaceae
Jumellea major;Orchidaceae
Jumellea pandurata;Orchidaceae
Juncus acutiflorus;Juncaceae
Juncus acutiflorus;Juncaceae
Juncus alpigenus;Juncaceae
Juncus alpino-articulatus;Juncaceae
Juncus arcticus;Juncaceae
Juncus arcticus;Juncaceae
Juncus articulatus;Juncaceae
Juncus balticus;Juncaceae
Juncus brachycephalus;Juncaceae
Juncus castaneus;Juncaceae
Juncus castaneus;Juncaceae
Juncus castaneus;Juncaceae
Juncus compressus;Juncaceae
Juncus compressus;Juncaceae
Juncus conglomeratus;Juncaceae
Juncus dudleyi;Juncaceae
Juncus filiformis;Juncaceae
Juncus filiformis;Juncaceae
Juncus inflexus;Juncaceae
Juncus jacquinii;Juncaceae
Juncus jacquinii;Juncaceae
Juncus littoralis;Juncaceae
Juncus maritimus;Juncaceae
Juncus monanthos;Juncaceae
Juncus novae-zelandiae;Juncaceae
Juncus ranarius;Juncaceae
Juncus ranarius;Juncaceae
Juncus sp.;Juncaceae
Juncus sphaerocarpus;Juncaceae
Juncus squarrosus;Juncaceae
Juncus subnodulosus;Juncaceae
Juncus subulatus;Juncaceae
Juncus tenuis;Juncaceae
Juncus triglumis;Juncaceae
Juncus triglumis;Juncaceae
Juniperus barbadensis;Cupressaceae
Juniperus cedrus;Cupressaceae
Juniperus cedrus;Cupressaceae
Juniperus communis;Cupressaceae
Juniperus communis;Cupressaceae
Juniperus communis;Cupressaceae
Juniperus communis;Cupressaceae
Juniperus communis;Cupressaceae
Juniperus communis;Cupressaceae
Juniperus communis;Cupressaceae
Juniperus communis;Cupressaceae
Juniperus communis;Cupressaceae
Juniperus conferta;Cupressaceae
Juniperus horizontalis;Cupressaceae
Juniperus horizontalis;Cupressaceae
Juniperus chinensis;Cupressaceae
Juniperus chinensis;Cupressaceae
Juniperus chinensis;Cupressaceae
Juniperus chinensis;Cupressaceae
Juniperus procumbens;Cupressaceae
Juniperus pseudosabina;Cupressaceae
Juniperus rigida;Cupressaceae
Juniperus sabina;Cupressaceae
Juniperus sabina;Cupressaceae
Juniperus sp.;Cupressaceae
Juniperus squamata;Cupressaceae
Juniperus squamata;Cupressaceae
Juniperus squamata;Cupressaceae
Juniperus turbinata;Cupressaceae
Juniperus virginiana;Cupressaceae
Juniperus virginiana;Cupressaceae
Juniperus x media;Cupressaceae
Jurinea cyanoides;Asteraceae
Jurinea cyanoides;Asteraceae
Jurinea cyanoides;Asteraceae
Jurinea kilaea;Asteraceae
Justicia fulvicoma;Acanthaceae
Justicia gendarussa;Acanthaceae
Justicia rizzinii;Acanthaceae
Justicia sericea;Acanthaceae
Justicia sp.;Acanthaceae
Kadsura coccinea;Schisandraceae
Kadsura japonica;Schisandraceae
Kaempferia galanga;Zingiberaceae
Kaempferia gilberti;Zingiberaceae
Kaempferia gilberti;Zingiberaceae
Kaempferia parviflora;Zingiberaceae
Kaempferia parviflora;Zingiberaceae
Kaempferia pulchra;Zingiberaceae
Kaempferia rotunda;Zingiberaceae
Kageneckia angustifolia;Rosaceae
Kalanchoe × richaudii;Crassulaceae
Kalanchoe alternans;Crassulaceae
Kalanchoe ambolensis;Crassulaceae
Kalanchoe antennifera;Crassulaceae
Kalanchoe arborescens;Crassulaceae
Kalanchoe arborescens;Crassulaceae
Kalanchoe arborescens;Crassulaceae
Kalanchoe beauverdii;Crassulaceae
Kalanchoe beharensis;Crassulaceae
Kalanchoe beharensis;Crassulaceae
Kalanchoe bracteata;Crassulaceae
Kalanchoe bracteata;Crassulaceae
Kalanchoe delagoensis;Crassulaceae
Kalanchoe dinklagei;Crassulaceae
Kalanchoe gastonis-bonnieri;Crassulaceae
Kalanchoe grandidieri;Crassulaceae
Kalanchoe grandidieri;Crassulaceae
Kalanchoe hybr.;Crassulaceae
Kalanchoe integra;Crassulaceae
Kalanchoe integrifolia;Crassulaceae
Kalanchoe integrifolia;Crassulaceae
Kalanchoe integrifolia;Crassulaceae
Kalanchoe jongmansii;Crassulaceae
Kalanchoe laciniata;Crassulaceae
Kalanchoe lateritia;Crassulaceae
Kalanchoe linearifolia;Crassulaceae
Kalanchoe lucile-allorgei;Crassulaceae
Kalanchoe lucile-allorgei;Crassulaceae
Kalanchoe lucile-allorgei;Crassulaceae
Kalanchoe orgyalis;Crassulaceae
Kalanchoe orgyalis;Crassulaceae
Kalanchoe orgyalis;Crassulaceae
Kalanchoe orgyalis;Crassulaceae
Kalanchoe porphyrocalyx;Crassulaceae
Kalanchoe porphyrocalyx;Crassulaceae
Kalanchoe prolifera;Crassulaceae
Kalanchoe pumila;Crassulaceae
Kalanchoe rhombopilosa;Crassulaceae
Kalanchoe rolandi-bonapartei;Crassulaceae
Kalanchoe schizophylla;Crassulaceae
Kalanchoe sp.;Crassulaceae
Kalanchoe sp.;Crassulaceae
Kalanchoe sp.;Crassulaceae
Kalanchoe sp.;Crassulaceae
Kalanchoe sp.;Crassulaceae
Kalanchoe sp.;Crassulaceae
Kalanchoe sp.;Crassulaceae
Kalanchoe sp.;Crassulaceae
Kalanchoe sp.;Crassulaceae
Kalanchoe sp.;Crassulaceae
Kalanchoe sp.;Crassulaceae
Kalanchoe sp.;Crassulaceae
Kalanchoe sp.;Crassulaceae
Kalanchoe sp.;Crassulaceae
Kalanchoe sp.;Crassulaceae
Kalanchoe sp.;Crassulaceae
Kalanchoe sp.;Crassulaceae
Kalanchoe sp.;Crassulaceae
Kalanchoe sp.;Crassulaceae
Kalanchoe sp.;Crassulaceae
Kalanchoe sp.;Crassulaceae
Kalanchoe sp.;Crassulaceae
Kalanchoe sp.;Crassulaceae
Kalanchoe streptantha;Crassulaceae
Kalanchoe streptantha;Crassulaceae
Kalanchoe synsepala;Crassulaceae
Kalanchoe synsepala;Crassulaceae
Kalanchoe synsepala;Crassulaceae
Kalanchoe synsepala;Crassulaceae
Kalanchoe synsepala;Crassulaceae
Kalanchoe tomentosa;Crassulaceae
Kalanchoe tomentosa;Crassulaceae
Kalanchoe viguieri;Crassulaceae
Kalanchoe welwitschii;Crassulaceae
Kalimeris hybr.;Asteraceae
Kalimeris incisa;Asteraceae
Kalimeris incisa;Asteraceae
Kalimeris incisa;Asteraceae
Kalimeris incisa;Asteraceae
Kalimeris incisa;Asteraceae
Kalimeris incisa;Asteraceae
Kalimeris incisa;Asteraceae
Kalimeris integrifolia;Asteraceae
Kalimeris mongolica;Asteraceae
Kalimeris mongolica;Asteraceae
Kalimeris mongolica;Asteraceae
Kalimeris sp.;Asteraceae
Kalimeris yomena;Asteraceae
Kalmia glauca;Ericaceae
Kalmia latifolia;Ericaceae
Kalmia latifolia;Ericaceae
Kalmia latifolia;Ericaceae
Kalmia latifolia;Ericaceae
Kalmia latifolia;Ericaceae
Kalmia polifolia;Ericaceae
Kalopanax pictus;Araliaceae
Kalopanax septemlobus;Araliaceae
Kalopanax sp.;Araliaceae
Karomia speciosa;Lamiaceae
Kedrostis africana;Cucurbitaceae
Kedrostis elongata;Cucurbitaceae
Kedrostis foetidissima;Cucurbitaceae
Kedrostis leloja;Cucurbitaceae
Kedrostis punculata;Cucurbitaceae
Kedrostis puniceus;Cucurbitaceae
Kefersteinia tolimensis;Orchidaceae
Kennedia beckxiana;Fabaceae (s.str.)
Kennedia coccinea;Fabaceae (s.str.)
Kennedia coccinea;Fabaceae (s.str.)
Kennedia macrophylla;Fabaceae (s.str.)
Kennedia rubicunda;Fabaceae (s.str.)
Kentiopsis pyriformis;Arecaceae
Kerria japonica;Rosaceae
Kerria japonica;Rosaceae
Kerria japonica;Rosaceae
Kerria japonica;Rosaceae
Kerriodoxa elegans;Arecaceae
Kerriodoxa elegans;Arecaceae
Kerriodoxa elegans;Arecaceae
Keteleeria evelyniana;Pinaceae
Keteleeria formosana;Pinaceae
Kewa bowkeriana;
Kibaropsis caledonica;Monimiaceae
Kickxia scoparia;Plantaginaceae (s.l.)
Kickxia scoparia;Plantaginaceae (s.l.)
Kielmeyera coriacea;Clusiaceae
Kigelia africana;Bignoniaceae
Kigelia africana;Bignoniaceae
Kingidium deliciosum;Orchidaceae
Kirengeshoma koreana;Hydrangeaceae
Kirengeshoma koreana;Hydrangeaceae
Kirengeshoma palmata;Hydrangeaceae
Kirkia acuminata;Simaroubaceae
Kirkia wilmsii;Simaroubaceae
Kleinia anteuphorbium;Asteraceae
Kleinia caespitosa;Asteraceae
Kleinia cephalophora;Asteraceae
Kleinia longiflora;Asteraceae
Kleinia lunulata;Asteraceae
Kleinia madagascariensis;Asteraceae
Kleinia neriifolia;Asteraceae
Kleinia neriifolia;Asteraceae
Kleinia sp.;Asteraceae
Kleinia stapeliiformis;Asteraceae
Knautia arvensis;Dipsacaceae
Knautia dipsacifolia;Dipsacaceae
Knautia drymeia;Dipsacaceae
Knautia drymeia;Dipsacaceae
Knautia macedonica;Dipsacaceae
Knautia macedonica;Dipsacaceae
Kniphofia albescens;Xanthorrhoeaceae
Kniphofia bruceae;Xanthorrhoeaceae
Kniphofia buchananii;Xanthorrhoeaceae
Kniphofia caulescens;Xanthorrhoeaceae
Kniphofia caulescens;Xanthorrhoeaceae
Kniphofia citrina;Xanthorrhoeaceae
Kniphofia citrina;Xanthorrhoeaceae
Kniphofia citrina;Xanthorrhoeaceae
Kniphofia ensifolia;Xanthorrhoeaceae
Kniphofia ensifolia;Xanthorrhoeaceae
Kniphofia galpinii;Xanthorrhoeaceae
Kniphofia hirsuta;Xanthorrhoeaceae
Kniphofia hirsuta;Xanthorrhoeaceae
Kniphofia hirsuta;Xanthorrhoeaceae
Kniphofia hirsuta;Xanthorrhoeaceae
Kniphofia hybr.;Xanthorrhoeaceae
Kniphofia hybr.;Xanthorrhoeaceae
Kniphofia hybr.;Xanthorrhoeaceae
Kniphofia hybr.;Xanthorrhoeaceae
Kniphofia laxiflora;Xanthorrhoeaceae
Kniphofia laxiflora;Xanthorrhoeaceae
Kniphofia northiae;Xanthorrhoeaceae
Kniphofia northiae;Xanthorrhoeaceae
Kniphofia northiae;Xanthorrhoeaceae
Kniphofia praecox;Xanthorrhoeaceae
Kniphofia pumila;Xanthorrhoeaceae
Kniphofia rooperi;Xanthorrhoeaceae
Kniphofia rufa;Xanthorrhoeaceae
Kniphofia sarmentosa;Xanthorrhoeaceae
Kniphofia sarmentosa;Xanthorrhoeaceae
Kniphofia sp.;Xanthorrhoeaceae
Kniphofia triangularis;Xanthorrhoeaceae
Kniphofia triangularis;Xanthorrhoeaceae
Kniphofia triangularis;Xanthorrhoeaceae
Kniphofia typhoides;Xanthorrhoeaceae
Kniphofia uvaria;Xanthorrhoeaceae
Kniphofia uvaria;Xanthorrhoeaceae
Kniphofia uvaria;Xanthorrhoeaceae
Koeleria albescens;Poaceae
Koeleria cenisia;Poaceae
Koeleria glauca;Poaceae
Koeleria glauca;Poaceae
Koeleria glauca;Poaceae
Koeleria lobata;Poaceae
Koeleria macrantha;Poaceae
Koeleria macrantha;Poaceae
Koeleria macrantha;Poaceae
Koeleria vallesiana;Poaceae
Koellikeria erinoides;Gesneriaceae
Koelreuteria paniculata;Sapindaceae
Koelreuteria paniculata;Sapindaceae
Koelreuteria paniculata;Sapindaceae
Koenigia alpina;Polygonaceae
Kohleria amabilis;Gesneriaceae
Kohleria amabilis;Gesneriaceae
Kohleria hirsuta;Gesneriaceae
Kohleria hirsuta-hybrid;Gesneriaceae
Kohleria hybr.;Gesneriaceae
Kohleria hybr.;Gesneriaceae
Kohleria hybr.;Gesneriaceae
Kohleria hybr.;Gesneriaceae
Kohleria hybr.;Gesneriaceae
Kohleria hybr.;Gesneriaceae
Kohleria hybr.;Gesneriaceae
Kohleria hybr.;Gesneriaceae
Kohleria hybr.;Gesneriaceae
Kohleria hybr.;Gesneriaceae
Kohleria hybr.;Gesneriaceae
Kohleria hybr.;Gesneriaceae
Kohleria hybr.;Gesneriaceae
Kohleria hybr.;Gesneriaceae
Kohleria hybr.;Gesneriaceae
Kohleria hybr.;Gesneriaceae
Kohleria hybr.;Gesneriaceae
Kohleria hybr.;Gesneriaceae
Kohleria lanata x spicata;Gesneriaceae
Kohleria ocellata;Gesneriaceae
Kohleria peruviana;Gesneriaceae
Kohleria spicata;Gesneriaceae
Kohleria spicata;Gesneriaceae
Kohleria spicata;Gesneriaceae
Kohleria spicata;Gesneriaceae
Kohleria spicata;Gesneriaceae
Kohleria spicata;Gesneriaceae
Kohleria stuebeliana;Gesneriaceae
Kohleria tubiflora;Gesneriaceae
Kohleria villosa;Gesneriaceae
Kohleria villosa;Gesneriaceae
Kohleria warszewiczii;Gesneriaceae
Kohleria x lucianii;Gesneriaceae
Kolkwitzia amabilis;Linnaeaceae
Kolkwitzia amabilis;Linnaeaceae
Kosteletzkya pentacarpos;Malvaceae
Krascheninnikovia ceratoides;Amaranthaceae
Kuhlhasseltia javanica;Orchidaceae
Kunzea ericoides;Myrtaceae
Kunzea flavescens;Myrtaceae
Kunzea parvifolia;Myrtaceae
Labisia obtusifolia;Primulaceae (Myrsinaceae)
Labisia obtusifolia;Primulaceae (Myrsinaceae)
Laburnum alpinum;Fabaceae (s.str.)
Laburnum anagyroides;Fabaceae (s.str.)
Laburnum anagyroides;Fabaceae (s.str.)
Laburnum anagyroides;Fabaceae (s.str.)
Laburnum sp.;Fabaceae (s.str.)
Laburnum x watereri;Fabaceae (s.str.)
Laburnum x watereri;Fabaceae (s.str.)
Laccospadix australasica;Arecaceae
Lactuca perennis;Asteraceae
Lactuca quercina;Asteraceae
Laelia ?albida;Orchidaceae
Laelia <x >cinabrosa;Orchidaceae
Laelia albida;Orchidaceae
Laelia anceps;Orchidaceae
Laelia anceps;Orchidaceae
Laelia anceps;Orchidaceae
Laelia autumnalis;Orchidaceae
Laelia bahiensis;Orchidaceae
Laelia cinnabarina;Orchidaceae
Laelia crispa;Orchidaceae
Laelia fidelensis;Orchidaceae
Laelia fidelensis;Orchidaceae
Laelia fidelensis;Orchidaceae
Laelia flava;Orchidaceae
Laelia flava;Orchidaceae
Laelia gloriosa;Orchidaceae
Laelia gouldiana;Orchidaceae
Laelia grandis;Orchidaceae
Laelia harpophylla;Orchidaceae
Laelia lobata;Orchidaceae
Laelia longipes;Orchidaceae
Laelia lucasiana;Orchidaceae
Laelia milleri × Euchile mariae;Orchidaceae
Laelia perrinii;Orchidaceae
Laelia pumila;Orchidaceae
Laelia purpurata;Orchidaceae
Laelia regentii;Orchidaceae
Laelia reginae;Orchidaceae
Laelia rubescens;Orchidaceae
Laelia rubescens;Orchidaceae
Laelia rupestris;Orchidaceae
Laelia sincorana;Orchidaceae
Laelia speciosa;Orchidaceae
Laelia xanthina;Orchidaceae
Laelia xanthina;Orchidaceae
Laelia< x >Cattleya;Orchidaceae
Laeliocattleya;Orchidaceae
Lagarostrobos colensoi;Podocarpaceae
Lagenandra meeboldii;Araceae
Lagenandra ovata;Araceae
Lagenandra praetermissa;Araceae
Lagerstroemia chekiangensis;Lythraceae
Lagerstroemia indica;Lythraceae
Lagerstroemia indica;Lythraceae
Lagerstroemia indica;Lythraceae
Lagerstroemia indica;Lythraceae
Lagerstroemia indica;Lythraceae
Lagerstroemia indica;Lythraceae
Lagerstroemia indica;Lythraceae
Lagerstroemia indica;Lythraceae
Lagerstroemia indica;Lythraceae
Lagerstroemia indica;Lythraceae
Lagerstroemia indica;Lythraceae
Lagerstroemia subcostata;Lythraceae
Lagotis stolonifera;Plantaginaceae (s.l.)
Lagunaria patersonia;Malvaceae
Lachenalia convallarioides;Hyacinthaceae
Lachenalia ensifolia;Hyacinthaceae
Lachenalia glaucina;Hyacinthaceae
Lachenalia hybr.;Hyacinthaceae
Lachenalia hybr.;Hyacinthaceae
Lachenalia hybr.;Hyacinthaceae
Lachenalia hybr.;Hyacinthaceae
Lachenalia orthopetala;Hyacinthaceae
Lachenalia stayneri;Hyacinthaceae
Lachnocaulon minus;Eriocaulaceae
Lallemantia canescens;Lamiaceae
Lamarckia aurea;Poaceae
Lambertia formosa;Proteaceae
Lamium album;Lamiaceae
Lamium maculatum;Lamiaceae
Lamium maculatum;Lamiaceae
Lamium maculatum;Lamiaceae
Lamium maculatum;Lamiaceae
Lamium maculatum;Lamiaceae
Lamium orvala;Lamiaceae
Lamium orvala;Lamiaceae
Lamium orvala;Lamiaceae
Lamium orvala;Lamiaceae
Lamium sp.;Lamiaceae
Lampranthus conspicuus;Aizoaceae
Lampranthus saturatus;Aizoaceae
Landolphia myrtifolia;Apocynaceae
Lannea asymmetrica;Anacardiaceae
Lanonia dasyantha;Arecaceae
Lanonia dasyantha;Arecaceae
Lanonia magalonii;Arecaceae
Lantana montevidensis;Verbenaceae (s.str.)
Lantana montevidensis;Verbenaceae (s.str.)
Lapageria rosea;Philesiaceae
Lapageria rosea;Philesiaceae
Lapageria rosea;Philesiaceae
Lapeirousia jacquinii;Iridaceae
Laportea canadensis;Urticaceae
Laportea perrieri;Urticaceae
Larix decidua;Pinaceae
Larix decidua;Pinaceae
Larix kaempferi;Pinaceae
Larix kaempferi;Pinaceae
Larix olgensis;Pinaceae
Larryleachia cactiformis;
Larryleachia cactiformis;
Laserpitium archangelica;Apiaceae
Lasia spinosa;Araceae
Lasia spinosa;Araceae
Lasia spinosa;Araceae
Lastreopsis glabella;Dryopteridaceae
Lastreopsis glabella;Dryopteridaceae
Latania loddigesii;Arecaceae
Latania lontaroides;Arecaceae
Latania verschaffeltii;Arecaceae
Lathyrus davidii;Fabaceae (s.str.)
Lathyrus japonicus;Fabaceae (s.str.)
Lathyrus laevigatus;Fabaceae (s.str.)
Lathyrus niger;Fabaceae (s.str.)
Lathyrus niger;Fabaceae (s.str.)
Lathyrus niger;Fabaceae (s.str.)
Lathyrus pratensis;Fabaceae (s.str.)
Lathyrus sp.;Fabaceae (s.str.)
Lathyrus venetus;Fabaceae (s.str.)
Lathyrus venetus;Fabaceae (s.str.)
Lathyrus vernus;Fabaceae (s.str.)
Lathyrus vernus;Fabaceae (s.str.)
Lathyrus vernus;Fabaceae (s.str.)
Lathyrus vernus;Fabaceae (s.str.)
Laurelia philippiana;Monimiaceae
Laurus azorica;Lauraceae
Laurus nobilis;Lauraceae
Laurus nobilis;Lauraceae
Lavandula angustifolia;Lamiaceae
Lavandula angustifolia;Lamiaceae
Lavandula angustifolia;Lamiaceae
Lavandula angustifolia;Lamiaceae
Lavandula angustifolia;Lamiaceae
Lavandula angustifolia;Lamiaceae
Lavandula angustifolia;Lamiaceae
Lavandula angustifolia;Lamiaceae
Lavandula angustifolia;Lamiaceae
Lavandula angustifolia;Lamiaceae
Lavandula angustifolia;Lamiaceae
Lavandula angustifolia;Lamiaceae
Lavandula angustifolia;Lamiaceae
Lavandula angustifolia;Lamiaceae
Lavandula angustifolia;Lamiaceae
Lavandula angustifolia;Lamiaceae
Lavandula angustifolia;Lamiaceae
Lavandula angustifolia;Lamiaceae
Lavandula angustifolia;Lamiaceae
Lavandula angustifolia;Lamiaceae
Lavandula angustifolia;Lamiaceae
Lavandula angustifolia;Lamiaceae
Lavandula angustifolia;Lamiaceae
Lavandula angustifolia;Lamiaceae
Lavandula angustifolia;Lamiaceae
Lavandula angustifolia;Lamiaceae
Lavandula angustifolia;Lamiaceae
Lavandula angustifolia;Lamiaceae
Lavandula angustifolia;Lamiaceae
Lavandula angustifolia;Lamiaceae
Lavandula angustifolia;Lamiaceae
Lavandula angustifolia;Lamiaceae
Lavandula angustifolia;Lamiaceae
Lavandula angustifolia;Lamiaceae
Lavandula angustifolia;Lamiaceae
Lavandula angustifolia;Lamiaceae
Lavandula angustifolia;Lamiaceae
Lavandula angustifolia;Lamiaceae
Lavandula angustifolia;Lamiaceae
Lavandula angustifolia;Lamiaceae
Lavandula angustifolia;Lamiaceae
Lavandula angustifolia;Lamiaceae
Lavandula angustifolia;Lamiaceae
Lavandula canariensis;Lamiaceae
Lavandula canariensis;Lamiaceae
Lavandula dentata;Lamiaceae
Lavandula dentata;Lamiaceae
Lavandula dentata;Lamiaceae
Lavandula hybr.;Lamiaceae
Lavandula lanata;Lamiaceae
Lavandula latifolia;Lamiaceae
Lavandula multifida;Lamiaceae
Lavandula pedunculata;Lamiaceae
Lavandula pedunculata;Lamiaceae
Lavandula pinnata;Lamiaceae
Lavandula stoechas;Lamiaceae
Lavandula stoechas;Lamiaceae
Lavandula stoechas;Lamiaceae
Lavandula viridis;Lamiaceae
Lavandula viridis;Lamiaceae
Lavandula x allardii;Lamiaceae
Lavandula x allardii;Lamiaceae
Lavandula x ginginsii;Lamiaceae
Lavandula x heterophylla;Lamiaceae
Lavandula x chaytorae;Lamiaceae
Lavandula x chaytorae;Lamiaceae
Lavandula x chaytorae;Lamiaceae
Lavandula x chaytoriae;Lamiaceae
Lavandula x intermedia;Lamiaceae
Lavandula x intermedia;Lamiaceae
Lavandula x intermedia;Lamiaceae
Lavandula x intermedia;Lamiaceae
Lavandula x intermedia;Lamiaceae
Lavandula x intermedia;Lamiaceae
Lavandula x intermedia;Lamiaceae
Lavandula x intermedia;Lamiaceae
Lavandula x intermedia;Lamiaceae
Lavandula x intermedia;Lamiaceae
Lavatera bryoniifolia;Malvaceae
Lavatera olbia;Malvaceae
Lavatera phoenicea;Malvaceae
Lawsonia inermis;Lythraceae
Lawsonia inermis;Lythraceae
Layia platyglossa;Asteraceae
Lecanopteris carnosa;Polypodiaceae
Lecanopteris celebica;Polypodiaceae
Lecanopteris crustacea;Polypodiaceae
Lecanopteris crustacea;Polypodiaceae
Lecanopteris deparioides;Polypodiaceae
Lecanopteris holttumii;Polypodiaceae
Lecanopteris lomarioides;Polypodiaceae
Lecanopteris lomarioides;Polypodiaceae
Lecanopteris luzonensis;Polypodiaceae
Lecanopteris mirabilis;Polypodiaceae
Lecanopteris pumila;Polypodiaceae
Lecanopteris pumila;Polypodiaceae
Lecanopteris pumila;Polypodiaceae
Lecanopteris sinuosa;Polypodiaceae
Lecanopteris sinuosa;Polypodiaceae
Ledebouria crispa;Hyacinthaceae
Ledebouria socialis;Hyacinthaceae
Ledum columbianum;Ericaceae
Ledum groenlandicum;Ericaceae
Ledum groenlandicum;Ericaceae
Ledum groenlandicum;Ericaceae
Ledum macrophyllum;Ericaceae
Ledum macrophyllum;Ericaceae
Ledum nipponicum;Ericaceae
Ledum palustre;Ericaceae
Ledum palustre;Ericaceae
Ledum palustre;Ericaceae
Leea amabilis;Leeaceae
Leiophyllum buxifolium;Ericaceae
Leitneria floridana;Simaroubaceae
Lemmaphyllum adnascens;Polypodiaceae
Lemmaphyllum carnosum;Polypodiaceae
Lemna gibba;Araceae
Lemna minor;Araceae
Lemna trisulca;Araceae
Lemurella culicifera;Orchidaceae
Lemurorchis madagascariensis;Orchidaceae
Lemurorchis madagascariensis;Orchidaceae
Lenophyllum pusillum;Crassulaceae
Lenophyllum sp.;Crassulaceae
Leonotis dysophylla;Lamiaceae
Leonotis leonurus;Lamiaceae
Leontodon rigens;Asteraceae
Leontodon saxatilis;Asteraceae
Leontopodium sp.;Asteraceae
Leontopodium sp.;Asteraceae
Leontopodium sp.;Asteraceae
Leonurus cardiaca;Lamiaceae
Leonurus cardiaca;Lamiaceae
Leonurus japonicus;Lamiaceae
Leonurus quinquelobatus;Lamiaceae
Leonurus quinquelobatus;Lamiaceae
Leonurus sibiricus;Lamiaceae
Lepanthes calodictyon;Orchidaceae
Lepanthes cincinnata;Orchidaceae
Lepanthes cymbium;Orchidaceae
Lepanthes ophelma;Orchidaceae
Lepanthes uxoria;Orchidaceae
Lepidogrammitis sp.;Polypodiaceae
Lepidorrhachis mooreana;Arecaceae
Lepidothamnus laxifolius;Podocarpaceae
Lepidozamia peroffskyana;Zamiaceae
Lepismium cruciforme;Cactaceae
Lepismium floccosum;Cactaceae
Lepisorus albertii;Polypodiaceae
Lepisorus albertii;Polypodiaceae
Lepisorus angustus;Polypodiaceae
Lepisorus asterolepis;Polypodiaceae
Lepisorus clathratus;Polypodiaceae
Lepisorus longifolius;Polypodiaceae
Lepisorus macrosphaerus;Polypodiaceae
Lepisorus pseudonudus;Polypodiaceae
Lepisorus sordidus;Polypodiaceae
Lepisorus sp.;Polypodiaceae
Lepisorus sp.;Polypodiaceae
Lepisorus sp.;Polypodiaceae
Leptinella minor;Asteraceae
Leptinella rotundata;Asteraceae
Leptodermis sp.;Rubiaceae
Leptopteris hymenophylloides;Osmundaceae
Leptopteris superba;Osmundaceae
Leptospermum flavescens;Myrtaceae
Leptospermum grandiflorum;Myrtaceae
Leptospermum lanigerum;Myrtaceae
Leptospermum lanigerum;Myrtaceae
Leptospermum liversidgei;Myrtaceae
Leptospermum liversidgei;Myrtaceae
Leptospermum nitidum;Myrtaceae
Leptospermum riparium;Myrtaceae
Leptospermum scoparium;Myrtaceae
Leptospermum scoparium;Myrtaceae
Leptospermum scoparium;Myrtaceae
Leptospermum scoparium;Myrtaceae
Leptospermum sp.;Myrtaceae
Leptospermum sp.;Myrtaceae
Leptospermum sp.;Myrtaceae
Leptospermum sp.;Myrtaceae
Leptotes bicolor;Orchidaceae
Leptotes unicolor;Orchidaceae
Lespedeza thunbergii;Fabaceae (s.str.)
Lespedeza thunbergii;Fabaceae (s.str.)
Lessertia frutescens;Fabaceae (s.str.)
Lessertia frutescens;Fabaceae (s.str.)
Lessertia frutescens;Fabaceae (s.str.)
Lessertia perenans;Fabaceae (s.str.)
Lessertia sp.;Fabaceae (s.str.)
Lessertia sp.;Fabaceae (s.str.)
Leucadendron coniferum;Proteaceae
Leucadendron discolor;Proteaceae
Leucadendron glaberrimum;Proteaceae
Leucadendron sessile;Proteaceae
Leucaena leucocephala;Fabaceae
Leucaena sp.;Fabaceae
Leucaena sp.;Fabaceae
Leucanthemella serotina;Asteraceae
Leucanthemella serotina;Asteraceae
Leucanthemella serotina;Asteraceae
Leucanthemum <x >superbum;Asteraceae
Leucanthemum <x >superbum;Asteraceae
Leucanthemum <x >superbum;Asteraceae
Leucanthemum <x >superbum;Asteraceae
Leucanthemum <x >superbum;Asteraceae
Leucanthemum <x >superbum;Asteraceae
Leucanthemum <x >superbum;Asteraceae
Leucanthemum hybr.;Asteraceae
Leucanthemum pallens;Asteraceae
Leucanthemum vulgare;Asteraceae
Leucanthemum vulgare;Asteraceae
Leucocasia gigantea;
Leucocoryne hybr.;Amaryllidaceae (Alliaceae)
Leucojum aestivum;Amaryllidaceae
Leucojum aestivum;Amaryllidaceae
Leucojum vernum;Amaryllidaceae
Leucosceptrum japonicum;Lamiaceae
Leucosceptrum japonicum;Lamiaceae
Leucosceptrum stellipilum;Lamiaceae
Leucosceptrum stellipilum;Lamiaceae
Leucospermum cordifolium;Proteaceae
Leucospermum cordifolium;Proteaceae
Leucostele atacamensis;
Leucostele terscheckii;
Leucostele terscheckii;
Leucothoe axillaris;Ericaceae
Leucothoe fontanesiana;Ericaceae
Leucothoe fontanesiana;Ericaceae
Leucothoe fontanesiana;Ericaceae
Leucothoe fontanesiana;Ericaceae
Leucothoe fontanesiana;Ericaceae
Leucothoe fontanesiana;Ericaceae
Leucothoe hybr.;Ericaceae
Leucothoe keiskei;Ericaceae
Leucothoe racemosa;Ericaceae
Leucothoe racemosa;Ericaceae
Leucothoe walteri;Ericaceae
Leucothoe walteri;Ericaceae
Leucothoe walteri;Ericaceae
Leucothrinax morrisii;
Leuchtenbergia principis;Cactaceae
Leuchtenbergia principis;Cactaceae
Leuzea sp.;Asteraceae
Levisticum officinale;Apiaceae
Lewisia cotyledon;Montiaceae
Lewisia cotyledon;Montiaceae
Lewisia longipetala;Montiaceae
Lewisia longipetala;Montiaceae
Lewisia longipetala-hybr.;Montiaceae
Leycesteria formosa;Caprifoliaceae
Leycesteria formosa;Caprifoliaceae
Leymus arenarius;Poaceae
Liatris aspera;Asteraceae
Liatris aspera;Asteraceae
Liatris borealis;Asteraceae
Liatris cylindracea;Asteraceae
Liatris elegans;Asteraceae
Liatris ligulistylis;Asteraceae
Liatris mucronata;Asteraceae
Liatris pilosa;Asteraceae
Liatris punctata;Asteraceae
Liatris pycnostachya;Asteraceae
Liatris scariosa;Asteraceae
Liatris scariosa;Asteraceae
Liatris scariosa;Asteraceae
Liatris scariosa;Asteraceae
Liatris scariosa;Asteraceae
Liatris spicata;Asteraceae
Liatris spicata;Asteraceae
Liatris squarrosa;Asteraceae
Libertia grandiflora;Iridaceae
Libertia ixioides;Iridaceae
Libertia ixioides;Iridaceae
Libertia ixioides;Iridaceae
Licuala averyanovii;Arecaceae
Licuala bidentata;Arecaceae
Licuala cabalionii;Arecaceae
Licuala densiflora;Arecaceae
Licuala fordiana;Arecaceae
Licuala fordiana;Arecaceae
Licuala grandis;Arecaceae
Licuala malajana;Arecaceae
Licuala orbicularis;Arecaceae
Licuala orbicularis;Arecaceae
Licuala petiolulata;Arecaceae
Licuala ramsayi;Arecaceae
Licuala sarawakensis;Arecaceae
Licuala sarawakensis;Arecaceae
Licuala sp.;Arecaceae
Ligularia alatipes;Asteraceae
Ligularia dentata;Asteraceae
Ligularia dentata;Asteraceae
Ligularia dentata;Asteraceae
Ligularia hodgsonii;Asteraceae
Ligularia intermedia;Asteraceae
Ligularia przewalskii;Asteraceae
Ligularia sibirica;Asteraceae
Ligularia sibirica;Asteraceae
Ligularia sp.;Asteraceae
Ligularia sp.;Asteraceae
Ligularia stenocephala;Asteraceae
Ligularia taquetii;Asteraceae
Ligusticum scoticum;Apiaceae
Ligustrum delavayanum;Oleaceae
Ligustrum chenaultii;Oleaceae
Ligustrum ibota;Oleaceae
Ligustrum ibota;Oleaceae
Ligustrum japonicum;Oleaceae
Ligustrum obtusifolium;Oleaceae
Ligustrum ovalifolium;Oleaceae
Ligustrum ovalifolium;Oleaceae
Ligustrum quihoui;Oleaceae
Ligustrum sinense;Oleaceae
Ligustrum sinense;Oleaceae
Ligustrum sinense;Oleaceae
Ligustrum sinense;Oleaceae
Ligustrum sp.;Oleaceae
Ligustrum tschonoskii;Oleaceae
Ligustrum tschonoskii;Oleaceae
Ligustrum vulgare;Oleaceae
Ligustrum vulgare;Oleaceae
Ligustrum vulgare;Oleaceae
Ligustrum vulgare;Oleaceae
Ligustrum vulgare;Oleaceae
Lilaeopsis attenuata;Apiaceae
Lilium brownii;Liliaceae
Lilium bulbiferum;Liliaceae
Lilium candidum;Liliaceae
Lilium henryi;Liliaceae
Lilium henryi;Liliaceae
Lilium henryi;Liliaceae
Lilium hybr.;Liliaceae
Lilium hybr.;Liliaceae
Lilium hybr.;Liliaceae
Lilium hybr.;Liliaceae
Lilium hybr.;Liliaceae
Lilium hybr.;Liliaceae
Lilium hybr.;Liliaceae
Lilium hybr.;Liliaceae
Lilium hybr.;Liliaceae
Lilium hybr.;Liliaceae
Lilium hybr.;Liliaceae
Lilium hybr.;Liliaceae
Lilium hybr.;Liliaceae
Lilium hybr.;Liliaceae
Lilium hybr.;Liliaceae
Lilium hybr.;Liliaceae
Lilium hybr.;Liliaceae
Lilium hybr.;Liliaceae
Lilium hybr.;Liliaceae
Lilium hybr.;Liliaceae
Lilium hybr.;Liliaceae
Lilium lancifolium;Liliaceae
Lilium martagon;Liliaceae
Lilium martagon;Liliaceae
Lilium martagon;Liliaceae
Lilium martagon;Liliaceae
Lilium philippinense;Liliaceae
Lilium regale;Liliaceae
Lilium sargentiae;Liliaceae
Lilium sp.;Liliaceae
Limnanthes douglasii;Limnanthaceae
Limnanthes douglasii;Limnanthaceae
Limonia acidissima;Rutaceae
Limonium aureum;Plumbaginaceae
Limonium cyprium;Plumbaginaceae
Limonium gmelinii;Plumbaginaceae
Limonium gmelinii;Plumbaginaceae
Limonium oleifolium;Plumbaginaceae
Limonium otolepis;Plumbaginaceae
Limonium sinuatum;Plumbaginaceae
Limonium sp.;Plumbaginaceae
Limonium suffruticosum;Plumbaginaceae
Linanthus androsaceus;Polemoniaceae
Linaria genistifolia;Plantaginaceae (s.l.)
Linaria grandiflora;Plantaginaceae (s.l.)
Linaria maroccana;Plantaginaceae (s.l.)
Linaria purpurea;Plantaginaceae (s.l.)
Linaria purpurea;Plantaginaceae (s.l.)
Lindera benzoin;Lauraceae
Lindera benzoin;Lauraceae
Lindera obtusiloba;Lauraceae
Lindera obtusiloba;Lauraceae
Lindera obtusiloba;Lauraceae
Lindera salicifolia;Lauraceae
Lindera sericea;Lauraceae
Lindernia ruellioides;Linderniaceae
Lindheimera texana;Asteraceae
Lindsaea doryphora;Lindsaeaceae
Linnaea borealis;Linnaeaceae
Linospadix minor;Arecaceae
Linospadix minor;Arecaceae
Linospadix monostachyos;Arecaceae
Linospadix monostachyos;Arecaceae
Linum austriacum;Linaceae
Linum czerniaevii;Linaceae
Linum dolomiticum;Linaceae
Linum flavum;Linaceae
Linum flavum;Linaceae
Linum grandiflorum;Linaceae
Linum hirsutum;Linaceae
Linum hirsutum;Linaceae
Linum lewisii;Linaceae
Linum lewisii;Linaceae
Linum narbonense;Linaceae
Linum perenne;Linaceae
Linum salsoloides;Linaceae
Linum tenuifolium;Linaceae
Liparis balansae;Orchidaceae
Liparis bootanensis;Orchidaceae
Liparis coelogynoides;Orchidaceae
Liparis condylobulbon;Orchidaceae
Liparis crenulata;Orchidaceae
Liparis distans;Orchidaceae
Liparis distans;Orchidaceae
Liparis elegans;Orchidaceae
Liparis grossa;Orchidaceae
Liparis imerinensis;Orchidaceae
Liparis latifolia;Orchidaceae
Liparis resupinata;Orchidaceae
Liparis somai;Orchidaceae
Liparis sparsiflora;Orchidaceae
Liparis sparsiflora;Orchidaceae
Lippia dulcis;Verbenaceae (s.str.)
Lippia sp.;Verbenaceae (s.str.)
Liquidambar orientalis;Hamamelidaceae
Liquidambar styraciflua;Hamamelidaceae
Liquidambar styraciflua;Hamamelidaceae
Liquidambar styraciflua;Hamamelidaceae
Liquidambar styraciflua;Hamamelidaceae
Liquidambar styraciflua;Hamamelidaceae
Liquidambar styraciflua;Hamamelidaceae
Liquidambar styraciflua;Hamamelidaceae
Liquidambar styraciflua;Hamamelidaceae
Liquidambar styraciflua;Hamamelidaceae
Liquidambar styraciflua;Hamamelidaceae
Liriodendron tulipifera;Magnoliaceae
Liriodendron tulipifera;Magnoliaceae
Liriodendron tulipifera;Magnoliaceae
Liriodendron tulipifera;Magnoliaceae
Liriodendron tulipifera;Magnoliaceae
Liriope hybr.;Asparagaceae (Ruscaceae)
Liriope kansuensis;Asparagaceae (Ruscaceae)
Liriope koreana;Asparagaceae (Ruscaceae)
Liriope minor;Asparagaceae (Ruscaceae)
Liriope muscari;Asparagaceae (Ruscaceae)
Liriope muscari;Asparagaceae (Ruscaceae)
Liriope muscari;Asparagaceae (Ruscaceae)
Liriope muscari;Asparagaceae (Ruscaceae)
Liriope muscari;Asparagaceae (Ruscaceae)
Liriope muscari;Asparagaceae (Ruscaceae)
Liriope muscari;Asparagaceae (Ruscaceae)
Liriope muscari;Asparagaceae (Ruscaceae)
Liriope muscari;Asparagaceae (Ruscaceae)
Liriope muscari;Asparagaceae (Ruscaceae)
Lisianthius axillaris;Gentianaceae
Lisianthius nigrescens;Gentianaceae
Lisianthius nigrescens;Gentianaceae
Lithops fulviceps;Aizoaceae
Lithops hookeri;Aizoaceae
Lithops karasmontana;Aizoaceae
Lithops karasmontana;Aizoaceae
Lithops lesliei;Aizoaceae
Lithops pseudotruncatella;Aizoaceae
Lithops terricolor;Aizoaceae
Lithospermum officinale;Boraginaceae
Lithospermum purpurocaeruleum;Boraginaceae
Lithospermum purpurocaeruleum;Boraginaceae
Litchi chinensis;Sapindaceae
Litchi chinensis;Sapindaceae
Littonia modesta;Colchicaceae
Littonia modesta;Colchicaceae
Littorella uniflora;Plantaginaceae (s.l.)
Livistona carinensis;Arecaceae
Livistona mariae;Arecaceae
Llavea cordifolia;Pteridaceae
Loasa tricolor;Loasaceae
Loasa triphylla;Loasaceae
Lobelia angulata;Campanulaceae
Lobelia angulata;Campanulaceae
Lobelia angulata;Campanulaceae
Lobelia cardinalis;Campanulaceae
Lobelia cardinalis;Campanulaceae
Lobelia cardinalis;Campanulaceae
Lobelia inflata;Campanulaceae
Lobelia inflata;Campanulaceae
Lobelia kalmii;Campanulaceae
Lobelia laxiflora;Campanulaceae
Lobelia laxiflora;Campanulaceae
Lobelia nummularia;Campanulaceae
Lobelia polyphylla;Campanulaceae
Lobelia syphilitica;Campanulaceae
Lobelia thapsoidea;Campanulaceae
Lobivia ferox;
Lobivia ferox;
Lockhartia lunifera;Orchidaceae
Lockhartia oerstedii;Orchidaceae
Loefgrenianthus blanche-amesiae;Orchidaceae
Lomandra longifolia;Asparagaceae (Laxmanniaceae)
Lomatia ferruginea;Proteaceae
Lomatia myricoides;Proteaceae
Lomatia myricoides;Proteaceae
Lomatia tinctoria;Proteaceae
Lomelosia caucasica;Dipsacaceae
Lomelosia cyprica;Dipsacaceae
Lomelosia stellata;Dipsacaceae
Lonicera albiflora;Caprifoliaceae
Lonicera caerulea;Caprifoliaceae
Lonicera canadensis;Caprifoliaceae
Lonicera caucasica;Caprifoliaceae
Lonicera deflexycalyx;Caprifoliaceae
Lonicera dioica;Caprifoliaceae
Lonicera edulis;Caprifoliaceae
Lonicera etrusca;Caprifoliaceae
Lonicera etrusca;Caprifoliaceae
Lonicera fernandi;Caprifoliaceae
Lonicera hildebrandtiana;Caprifoliaceae
Lonicera hirsuta;Caprifoliaceae
Lonicera chamissoi;Caprifoliaceae
Lonicera chrysantha;Caprifoliaceae
Lonicera chrysantha;Caprifoliaceae
Lonicera chrysantha;Caprifoliaceae
Lonicera iberica;Caprifoliaceae
Lonicera implexa;Caprifoliaceae
Lonicera involucrata;Caprifoliaceae
Lonicera japonica;Caprifoliaceae
Lonicera japonica;Caprifoliaceae
Lonicera korolkowii;Caprifoliaceae
Lonicera korolkowii;Caprifoliaceae
Lonicera korolkowii;Caprifoliaceae
Lonicera microphylla;Caprifoliaceae
Lonicera morrowii;Caprifoliaceae
Lonicera muscaviensis;Caprifoliaceae
Lonicera nitida;Caprifoliaceae
Lonicera nitida;Caprifoliaceae
Lonicera nitida;Caprifoliaceae
Lonicera oblongifolia;Caprifoliaceae
Lonicera periclymenum;Caprifoliaceae
Lonicera pyrenaica;Caprifoliaceae
Lonicera quinquelocularis;Caprifoliaceae
Lonicera rupicola;Caprifoliaceae
Lonicera sachalinensis;Caprifoliaceae
Lonicera sempervirens;Caprifoliaceae
Lonicera sempervirens;Caprifoliaceae
Lonicera sempervirens;Caprifoliaceae
Lonicera sempervirens;Caprifoliaceae
Lonicera similis;Caprifoliaceae
Lonicera sp.;Caprifoliaceae
Lonicera sp.;Caprifoliaceae
Lonicera sp.;Caprifoliaceae
Lonicera sp.;Caprifoliaceae
Lonicera sp.;Caprifoliaceae
Lonicera sp.;Caprifoliaceae
Lonicera sp.;Caprifoliaceae
Lonicera sp.;Caprifoliaceae
Lonicera sp.;Caprifoliaceae
Lonicera sp.;Caprifoliaceae
Lonicera sp.;Caprifoliaceae
Lonicera standishii;Caprifoliaceae
Lonicera standishii;Caprifoliaceae
Lonicera tatarica;Caprifoliaceae
Lonicera tatarica x ?morrowii;Caprifoliaceae
Lonicera tatarica x ?morrowii;Caprifoliaceae
Lonicera tatarica x ?ruprechtiana;Caprifoliaceae
Lonicera x purpusii;Caprifoliaceae
Lonicera xylosteum;Caprifoliaceae
Lopezia sp.;Onagraceae
Lophatherum gracile;Centothecoideae
Lophiaris carthagenensis;Orchidaceae
Lophiaris lurida;Orchidaceae
Lophiaris maculata;Orchidaceae
Lophophora diffusa;Cactaceae
Lophophora diffusa;Cactaceae
Lophophora diffusa;Cactaceae
Lophophora fricii;Cactaceae
Lophophora williamsii;Cactaceae
Lophophora williamsii;Cactaceae
Lophophora williamsii;Cactaceae
Lophosoria quadripinnata;Dicksoniaceae
Lotus fulgurans;Fabaceae (s.str.)
Lotus jacobaeus;Fabaceae (s.str.)
Lotus maritimus;Fabaceae (s.str.)
Lotus tenuis;Fabaceae (s.str.)
Lotus uliginosus;Fabaceae (s.str.)
Louteridium mexicanum;Acanthaceae
Loxococcus rupicola;Arecaceae
Loxococcus rupicola;Arecaceae
Ludisia discolor;Orchidaceae
Ludisia discolor;Orchidaceae
Ludisia discolor;Orchidaceae
Ludovia integrifolia;Cyclanthaceae
Ludwigia alternifolia;Onagraceae
Ludwigia alternifolia;Onagraceae
Ludwigia octovalvis;Onagraceae
Ludwigia repens;Onagraceae
Ludwigia sp.;Onagraceae
Ludwigia sp. Mini super red;Onagraceae
Luma apiculata;Myrtaceae
Lunaria rediviva;Brassicaceae
Lupinus hybr.;Fabaceae (s.str.)
Lupinus polyphyllus;Fabaceae (s.str.)
Luronium natans;Alismataceae
Luzula abyssinica;Juncaceae
Luzula alpina;Juncaceae
Luzula alpino-pilosa;Juncaceae
Luzula alpino-pilosa;Juncaceae
Luzula campestris;Juncaceae
Luzula lutea;Juncaceae
Luzula luzulina;Juncaceae
Luzula luzuloides;Juncaceae
Luzula luzuloides;Juncaceae
Luzula multiflora;Juncaceae
Luzula nivea;Juncaceae
Luzula pedemontana;Juncaceae
Luzula pedemontana;Juncaceae
Luzula pediformis;Juncaceae
Luzula pilosa;Juncaceae
Luzula pilosa;Juncaceae
Luzula purpureosplendens;Juncaceae
Luzula sp.;Juncaceae
Luzula sylvatica;Juncaceae
Luzula sylvatica;Juncaceae
Luzula sylvatica;Juncaceae
Luzula sylvatica;Juncaceae
Luzula sylvatica;Juncaceae
Luzula sylvatica;Juncaceae
Luzula ulophylla;Juncaceae
Lycaste cochleata;Orchidaceae
Lycaste lasioglossa;Orchidaceae
Lycaste skinneri;Orchidaceae
Lycaste sp.;Orchidaceae
Lycaste tricolor;Orchidaceae
Lycium boerhaviifolium¨;Solanaceae
Lycium dahuricum;Solanaceae
Lycomormium fiskei;Orchidaceae
Lycopodiella caroliniana;Lycopodiaceae
Lycopodium sp.;Lycopodiaceae
Lycopus europaeus;Lamiaceae
Lycopus europaeus;Lamiaceae
Lycopus exaltatus;Lamiaceae
Lycopus virginicus;Lamiaceae
Lycoris aurea;Amaryllidaceae
Lycoris aurea;Amaryllidaceae
Lycoris radiata;Amaryllidaceae
Lycoris shaanxiensis;Amaryllidaceae
Lycoris sp.;Amaryllidaceae
Lygodium japonicum;Lygodiaceae
Lygodium japonicum;Lygodiaceae
Lygodium scandens;Lygodiaceae
Lygodium sp.;Lygodiaceae
Lychnis coronaria;Caryophyllaceae
Lychnis flos-cuculi;Caryophyllaceae
Lychnis flos-cuculi;Caryophyllaceae
Lychnis chalcedonica;Caryophyllaceae
Lychnis chalcedonica;Caryophyllaceae
Lychnis chalcedonica;Caryophyllaceae
Lychnis chalcedonica;Caryophyllaceae
Lychnis viscaria;Caryophyllaceae
Lychnis viscaria;Caryophyllaceae
Lychnis viscaria;Caryophyllaceae
Lychnis viscaria;Caryophyllaceae
Lychnis yunnanensis;Caryophyllaceae
Lyonia ligustrina;Ericaceae
Lyonia ligustrina;Ericaceae
Lyonia ovalifolia;Ericaceae
Lysimachia atropurpurea;Primulaceae (Myrsinaceae)
Lysimachia ciliata;Primulaceae (Myrsinaceae)
Lysimachia ciliata;Primulaceae (Myrsinaceae)
Lysimachia clethroides;Primulaceae (Myrsinaceae)
Lysimachia ephemerum;Primulaceae (Myrsinaceae)
Lysimachia fortunei;Primulaceae (Myrsinaceae)
Lysimachia fraseri;Primulaceae (Myrsinaceae)
Lysimachia minoricensis;Primulaceae (Myrsinaceae)
Lysimachia nemorum;Primulaceae (Myrsinaceae)
Lysimachia nummularia;Primulaceae (Myrsinaceae)
Lysimachia nummularia;Primulaceae (Myrsinaceae)
Lysimachia nummularia;Primulaceae (Myrsinaceae)
Lysimachia punctata;Primulaceae (Myrsinaceae)
Lysimachia punctata;Primulaceae (Myrsinaceae)
Lysimachia punctata;Primulaceae (Myrsinaceae)
Lysimachia punctata;Primulaceae (Myrsinaceae)
Lysimachia quadrifolia;Primulaceae (Myrsinaceae)
Lysimachia sp.;Primulaceae (Myrsinaceae)
Lysimachia terrestris;Primulaceae (Myrsinaceae)
Lythrum salicaria;Lythraceae
Lythrum salicaria;Lythraceae
Lythrum salicaria;Lythraceae
Lythrum salicaria;Lythraceae
Lythrum salicaria;Lythraceae
Lythrum salicaria;Lythraceae
Lythrum salicaria;Lythraceae
Lythrum salicaria;Lythraceae
Lythrum virgatum;Lythraceae
Lythrum virgatum;Lythraceae
Lythrum virgatum;Lythraceae
Lythrum virgatum;Lythraceae
Lythrum virgatum;Lythraceae
Lytocaryum weddellianum;Arecaceae
Maackia amurensis;Fabaceae (s.str.)
Maackia amurensis;Fabaceae (s.str.)
Maackia chinensis;Fabaceae (s.str.)
Macadamia tetraphylla;Proteaceae
Macleania alata;Ericaceae
Macleania coccoloboides;Ericaceae
Macleania cordifolia;Ericaceae
Macleania floribunda;Ericaceae
Macleania insignis;Ericaceae
Macleania pentaptera;Ericaceae
Macleaya cordata;Papaveraceae
Macleaya cordata;Papaveraceae
Macleaya microcarpa;Papaveraceae
Maclura pomifera;Moraceae
Maclura pomifera;Moraceae
Maclura pomifera;Moraceae
Macradenia multiflora;Orchidaceae
Macroclinium sp.;Orchidaceae
Macropiper excelsa;Piperaceae
Macropodanthus alatus;Orchidaceae
Macrozamia communis;Zamiaceae
Macrozamia communis;Zamiaceae
Macrozamia communis;Zamiaceae
Macrozamia concinna;Zamiaceae
Macrozamia concinna;Zamiaceae
Macrozamia crassifolia;Zamiaceae
Macrozamia diplomera;Zamiaceae
Macrozamia douglasii;Zamiaceae
Macrozamia dyeri;Zamiaceae
Macrozamia elegans;Zamiaceae
Macrozamia fraseri;Zamiaceae
Macrozamia glaucophylla;Zamiaceae
Macrozamia heteromera;Zamiaceae
Macrozamia lomandroides;Zamiaceae
Macrozamia longispina;Zamiaceae
Macrozamia lucida;Zamiaceae
Macrozamia miquelii;Zamiaceae
Macrozamia montana;Zamiaceae
Macrozamia moorei;Zamiaceae
Macrozamia parcifolia;Zamiaceae
Macrozamia pauli-guilielmi;Zamiaceae
Macrozamia riedlei;Zamiaceae
Macrozamia riedlei;Zamiaceae
Macrozamia secunda;Zamiaceae
Macrozamia spiralis;Zamiaceae
Macrozamia spiralis;Zamiaceae
Macrozamia stenomera;Zamiaceae
Macrozamia stenomera;Zamiaceae
Macrozamia viridis;Zamiaceae
Maddenia hypoleuca;Rosaceae
Madia elegans;Asteraceae
Maesa argentea;Primulaceae (Myrsinaceae)
Magnolia <× >brooklynensis;Magnoliaceae
Magnolia <× >loebneri;Magnoliaceae
Magnolia <× >loebneri;Magnoliaceae
Magnolia <× >loebneri;Magnoliaceae
Magnolia <× >loebneri;Magnoliaceae
Magnolia <× >soulangeana;Magnoliaceae
Magnolia <× >soulangeana;Magnoliaceae
Magnolia <× >soulangeana;Magnoliaceae
Magnolia <× >soulangeana;Magnoliaceae
Magnolia <× >soulangeana;Magnoliaceae
Magnolia <× >soulangeana;Magnoliaceae
Magnolia <× >soulangeana;Magnoliaceae
Magnolia <× >soulangeana;Magnoliaceae
Magnolia acuminata;Magnoliaceae
Magnolia acuminata;Magnoliaceae
Magnolia acuminata x denudata;Magnoliaceae
Magnolia acuminata x denudata;Magnoliaceae
Magnolia acuminata x denudata;Magnoliaceae
Magnolia campbellii mollicomata;Magnoliaceae
Magnolia cylindrica;Magnoliaceae
Magnolia cylindrica;Magnoliaceae
Magnolia dawsoniana;Magnoliaceae
Magnolia dawsoniana;Magnoliaceae
Magnolia globosa x virginiana;Magnoliaceae
Magnolia grandiflora;Magnoliaceae
Magnolia grandiflora;Magnoliaceae
Magnolia grandiflora;Magnoliaceae
Magnolia grandiflora;Magnoliaceae
Magnolia grandiflora;Magnoliaceae
Magnolia grandiflora;Magnoliaceae
Magnolia grandiflora;Magnoliaceae
Magnolia grandiflora;Magnoliaceae
Magnolia hybr.;Magnoliaceae
Magnolia hybr.;Magnoliaceae
Magnolia hybr.;Magnoliaceae
Magnolia hybr.;Magnoliaceae
Magnolia hybr.;Magnoliaceae
Magnolia hybr.;Magnoliaceae
Magnolia hybr.;Magnoliaceae
Magnolia hybr.;Magnoliaceae
Magnolia hybr.;Magnoliaceae
Magnolia hybr.;Magnoliaceae
Magnolia hybr.;Magnoliaceae
Magnolia hypoleuca;Magnoliaceae
Magnolia kobus;Magnoliaceae
Magnolia kobus;Magnoliaceae
Magnolia kobus;Magnoliaceae
Magnolia Kosar´s hybr.;Magnoliaceae
Magnolia Kosar´s hybr.;Magnoliaceae
Magnolia Kosar´s hybr.;Magnoliaceae
Magnolia liliflora x veitchii;Magnoliaceae
Magnolia liliflora x veitchii;Magnoliaceae
Magnolia liliiflora;Magnoliaceae
Magnolia liliiflora x stellata;Magnoliaceae
Magnolia macrophylla;Magnoliaceae
Magnolia officinalis;Magnoliaceae
Magnolia salicifolia;Magnoliaceae
Magnolia sieboldii;Magnoliaceae
Magnolia sprengeri;Magnoliaceae
Magnolia stellata;Magnoliaceae
Magnolia stellata;Magnoliaceae
Magnolia stellata;Magnoliaceae
Magnolia stellata;Magnoliaceae
Magnolia stellata;Magnoliaceae
Magnolia stellata;Magnoliaceae
Magnolia stellata;Magnoliaceae
Magnolia stellata;Magnoliaceae
Magnolia tripetala;Magnoliaceae
Magnolia tripetala x sieboldii;Magnoliaceae
Magnolia virginiana;Magnoliaceae
Magnolia virginiana;Magnoliaceae
Magnolia x goteborgensis;Magnoliaceae
Magnolia zenii;Magnoliaceae
Maguireothamnus speciosus;Rubiaceae
Mahonia × wagneri;Berberidaceae
Mahonia × wagneri;Berberidaceae
Mahonia × wagneri;Berberidaceae
Mahonia aquifolium;Berberidaceae
Mahonia aquifolium;Berberidaceae
Mahonia aquifolium;Berberidaceae
Mahonia aquifolium;Berberidaceae
Mahonia aquifolium;Berberidaceae
Mahonia aquifolium;Berberidaceae
Mahonia aquifolium;Berberidaceae
Mahonia aquifolium;Berberidaceae
Mahonia aquifolium;Berberidaceae
Mahonia aquifolium;Berberidaceae
Mahonia gracilipes;Berberidaceae
Mahonia japonica;Berberidaceae
Mahonia japonica;Berberidaceae
Mahonia napaulensis;Berberidaceae
Mahonia nepalensis;Berberidaceae
Mahonia nervosa;Berberidaceae
Mahonia nervosa;Berberidaceae
Mahonia pinnata;Berberidaceae
Mahonia piperiana;Berberidaceae
Mahonia repens;Berberidaceae
Mahonia sp.;Berberidaceae
Mahonia wilcoxii;Berberidaceae
Mahonia x media;Berberidaceae
Mahonia x media;Berberidaceae
Mahonia x media;Berberidaceae
Mahonia x media;Berberidaceae
Machaerina glomerata;Cyperaceae
Maianthemum bifolium;Asparagaceae (Ruscaceae)
Maianthemum canadense;Asparagaceae (Ruscaceae)
Maianthemum henryi;Asparagaceae (Ruscaceae)
Maianthemum oleraceum;Asparagaceae (Ruscaceae)
Maianthemum stellatum;Asparagaceae (Ruscaceae)
Maianthemum stellatum;Asparagaceae (Ruscaceae)
Maianthemum stenolobum;Asparagaceae (Ruscaceae)
Majidea zanguebarica;Sapindaceae
Malaxis sumatrensis;Orchidaceae
Malpighia coccigera;Malpighiaceae
Malpighia glabra;Malpighiaceae
Malpighia punicifolia;Malpighiaceae
Malpighia punicifolia;Malpighiaceae
Malus <x >domestica;Rosaceae
Malus <x >domestica;Rosaceae
Malus <x >domestica;Rosaceae
Malus <x >domestica;Rosaceae
Malus <x >domestica;Rosaceae
Malus <x >domestica;Rosaceae
Malus <x >domestica;Rosaceae
Malus <x >domestica;Rosaceae
Malus <x >domestica;Rosaceae
Malus <x >domestica;Rosaceae
Malus <x >domestica;Rosaceae
Malus <x >domestica;Rosaceae
Malus <x >domestica;Rosaceae
Malus <x >domestica;Rosaceae
Malus <x >domestica;Rosaceae
Malus <x >domestica;Rosaceae
Malus <x >domestica;Rosaceae
Malus <x >domestica;Rosaceae
Malus <x >purpurea;Rosaceae
Malus acerba;Rosaceae
Malus baccata;Rosaceae
Malus baccata;Rosaceae
Malus halliana;Rosaceae
Malus hopa;Rosaceae
Malus hybr.;Rosaceae
Malus hybr.;Rosaceae
Malus hybr.;Rosaceae
Malus hybr.;Rosaceae
Malus hybr.;Rosaceae
Malus hybr.;Rosaceae
Malus hybr.;Rosaceae
Malus hybr.;Rosaceae
Malus hybr.;Rosaceae
Malus hybr.;Rosaceae
Malus hybr.;Rosaceae
Malus hybr.;Rosaceae
Malus hybr.;Rosaceae
Malus hybr.;Rosaceae
Malus hybr.;Rosaceae
Malus hybr.;Rosaceae
Malus hybr.;Rosaceae
Malus hybr.;Rosaceae
Malus hybr.;Rosaceae
Malus hybr.;Rosaceae
Malus hybr.;Rosaceae
Malus niedzwetzkyana;Rosaceae
Malus pumila;Rosaceae
Malus sachalinensis;Rosaceae
Malus sieboldii;Rosaceae
Malus sikkimensis;Rosaceae
Malus sp.;Rosaceae
Malus toringoides;Rosaceae
Malus tschonoskii;Rosaceae
Malus x moerlandsii;Rosaceae
Malva moschata;Malvaceae
Malva sylvestris;Malvaceae
Malva sylvestris;Malvaceae
Malvaviscus arboreus;Malvaceae
Malvaviscus arboreus;Malvaceae
Malvaviscus palmanus;Malvaceae
Malvaviscus palmanus;Malvaceae
Malvaviscus palmatus;Malvaceae
Malvaviscus penduliflorus;Malvaceae
Mammea neurophylla;Clusiaceae
Mammillaria compressa;Cactaceae
Mammillaria compressa;Cactaceae
Mammillaria dixanthocentron;
Mammillaria elongata;Cactaceae
Mammillaria geminispina;Cactaceae
Mammillaria pectinifera;
Mandevilla boliviensis;Apocynaceae
Mandevilla hybr.;Apocynaceae
Mandevilla hybr.;Apocynaceae
Mandragora officinarum;Solanaceae
Mandragora officinarum;Solanaceae
Manettia bicolor;Rubiaceae
Manettia luteorubra;Rubiaceae
Mangifera indica;Anacardiaceae
Manglietia insignis;Magnoliaceae
Manglietia insignis;Magnoliaceae
Manglietia insignis;Magnoliaceae
Manicaria saccifera;Arecaceae
Manihot esculenta;Euphorbiaceae
Manilkara zapota;Sapotaceae
Manilkara zapota;Sapotaceae
Manoao colensoi;Podocarpaceae
Manoao colensoi;Podocarpaceae
Mansoa alliacea;Bignoniaceae
Mapania sp.;Cyperaceae
Maranta arundinacea;Marantaceae
Maranta arundinacea;Marantaceae
Maranta leuconeura;Marantaceae
Marantochloa comorensis;Marantaceae
Marantochloa leucantha;Marantaceae
Marattia salicina;Marattiaceae
Marattia salicina;Marattiaceae
Marattia sp.;Marattiaceae
Marattia sp.;Marattiaceae
Marcgravia picta;Marcgraviaceae
Marcgravia picta;Marcgraviaceae
Marcgravia sintenisii;Marcgraviaceae
Marcgravia sp.;Marcgraviaceae
Marcgravia sp.;Marcgraviaceae
Marcgravia umbellata;Marcgraviaceae
Marginatocereus marginatus;
Markhamia zanzibarica;Bignoniaceae
Marojejya darianii;Arecaceae
Marrubium globosum;Lamiaceae
Marrubium incanum;Lamiaceae
Marrubium peregrinum;Lamiaceae
Marrubium supinum;Lamiaceae
Marrubium supinum;Lamiaceae
Marrubium vulgare;Lamiaceae
Marsilea costulifera;Marsilaceae
Marsilea macrocarpa;Marsilaceae
Marsilea minuta;Marsilaceae
Marsilea quadrifolia;Marsilaceae
Mascarenhasia sp.;Apocynaceae
Masdevallia angulata;Orchidaceae
Masdevallia caudata;Orchidaceae
Masdevallia coccinea;Orchidaceae
Masdevallia datura;Orchidaceae
Masdevallia decumana;Orchidaceae
Masdevallia decumana;Orchidaceae
Masdevallia hercules;Orchidaceae
Masdevallia chasei;Orchidaceae
Masdevallia ignea;Orchidaceae
Masdevallia limax;Orchidaceae
Masdevallia melanoxantha;Orchidaceae
Masdevallia peristeria;Orchidaceae
Masdevallia princeps;Orchidaceae
Masdevallia rugosilabia;Orchidaceae
Masdevallia triangularis;Orchidaceae
Masdevallia veitchiana;Orchidaceae
Masdevallia veitchiana-hybrid;Orchidaceae
Masdevallia yungasensis;Orchidaceae
Matelea cyclophylla;Apocynaceae
Matelea cyclophylla;Apocynaceae
Matricaria grandiflora;Asteraceae
Matricaria recutita;Asteraceae
Matteuccia struthiopteris;Onocleaceae
Matteuccia struthiopteris;Onocleaceae
Matucana haynii;Cactaceae
Maxillaria arachnitiflora;Orchidaceae
Maxillaria callichroma;Orchidaceae
Maxillaria coccinea;Orchidaceae
Maxillaria crassifolia;Orchidaceae
Maxillaria densa;Orchidaceae
Maxillaria dillonii;Orchidaceae
Maxillaria ecuadorensis;Orchidaceae
Maxillaria fletcheriana;Orchidaceae
Maxillaria grandiflora;Orchidaceae
Maxillaria grandiflora;Orchidaceae
Maxillaria hedwigiae;Orchidaceae
Maxillaria hedwigiae;Orchidaceae
Maxillaria hedwigiae;Orchidaceae
Maxillaria lehmannii;Orchidaceae
Maxillaria longissima;Orchidaceae
Maxillaria macrura;Orchidaceae
Maxillaria molitor;Orchidaceae
Maxillaria molitor;Orchidaceae
Maxillaria perryae;Orchidaceae
Maxillaria picta;Orchidaceae
Maxillaria porphyrostele;Orchidaceae
Maxillaria porrecta;Orchidaceae
Maxillaria porrecta;Orchidaceae
Maxillaria rubioi;Orchidaceae
Maxillaria sanderiana;Orchidaceae
Maxillaria sanderiana;Orchidaceae
Maxillaria sanderiana;Orchidaceae
Maxillaria sanderiana;Orchidaceae
Maxillaria sanguinea;Orchidaceae
Maxillaria schunkeana;Orchidaceae
Maxillaria sp.;Orchidaceae
Maxillaria sp.;Orchidaceae
Maxillaria striata;Orchidaceae
Maxillaria tenuifolia;Orchidaceae
Maxillaria turkeliae;Orchidaceae
Maxillaria uncata;Orchidaceae
Maxillaria variegata;Orchidaceae
Maxillaria variegata;Orchidaceae
Maxillaria vernicosa;Orchidaceae
Maxillaria witsenioides;Orchidaceae
Mayaca fluviatilis;Mayacaceae
Mazus miquelii;Phrymaceae
Medemia argun;Arecaceae
Medicago arborea;Fabaceae (s.str.)
Medicago arborea;Fabaceae (s.str.)
Medicago maritima;Fabaceae (s.str.)
Medicago prostrata;Fabaceae (s.str.)
Medicago sativa;Fabaceae (s.str.)
Medinilla ambrensis;Melastomataceae
Medinilla astronioides;Melastomataceae
Medinilla basaltarum;Melastomataceae
Medinilla basaltarum;Melastomataceae
Medinilla beamanii;Melastomataceae
Medinilla coccinea;Melastomataceae
Medinilla cummingii;Melastomataceae
Medinilla cummingii;Melastomataceae
Medinilla loranthoides;Melastomataceae
Medinilla loranthoides;Melastomataceae
Medinilla magnifica;Melastomataceae
Medinilla myriantha;Melastomataceae
Medinilla myriantha;Melastomataceae
Medinilla myrmecorhiza;Melastomataceae
Medinilla pterocaula;Melastomataceae
Medinilla scortechinii;Melastomataceae
Medinilla sedifolia;Melastomataceae
Medinilla sedifolia;Melastomataceae
Medinilla sedifolia;Melastomataceae
Medinilla sp.;Melastomataceae
Medinilla sp.;Melastomataceae
Medinilla sp.;Melastomataceae
Medinilla sp.;Melastomataceae
Medinilla sp.;Melastomataceae
Medinilla sp.;Melastomataceae
Medinilla sp.;Melastomataceae
Medinilla sp.;Melastomataceae
Medinilla sp.;Melastomataceae
Medinilla sp.;Melastomataceae
Medinilla sp.;Melastomataceae
Medinilla sp.;Melastomataceae
Medinilla speciosa;Melastomataceae
Medinilla succulenta;Melastomataceae
Mediocalcar bifolium;Orchidaceae
Mediocalcar umboiense;Orchidaceae
Mediocalcar versteegii;Orchidaceae
Meehania urticifolia;Lamiaceae
Megastachya sp.;Poaceae
Meiracilium trinasutum;
Meiracyllium trinasutum;Orchidaceae
Melaleuca alternifolia;Myrtaceae
Melaleuca alternifolia;Myrtaceae
Melaleuca alternifolia;Myrtaceae
Melaleuca brevifolia;Myrtaceae
Melaleuca decussata;Myrtaceae
Melaleuca ericifolia;Myrtaceae
Melaleuca fulgens;Myrtaceae
Melaleuca gibbosa;Myrtaceae
Melaleuca gibbosa;Myrtaceae
Melaleuca hypericifolia;Myrtaceae
Melaleuca nesophila;Myrtaceae
Melaleuca pulchella;Myrtaceae
Melaleuca pustulata;Myrtaceae
Melaleuca pustulata;Myrtaceae
Melaleuca pustulata;Myrtaceae
Melaleuca sp.;Myrtaceae
Melaleuca squamea;Myrtaceae
Melastoma sanguineum;Melastomataceae
Melastoma sp.;Melastomataceae
Melia sp.;Meliaceae
Melia sp.;Meliaceae
Melianthus comosus;Meliaceae
Melianthus comosus;Meliaceae
Melica altissima;Poaceae
Melica ciliata;Poaceae
Melica minuta;Poaceae
Melica rectiflora;Poaceae
Melica transsilvanica;Poaceae
Melica uniflora;Poaceae
Melica uniflora;Poaceae
Melilotus dentatus;Fabaceae (s.str.)
Melilotus sp.;Fabaceae (s.str.)
Meliosma dilleniifolia;Sabiaceae
Meliosma oldhamii;Sabiaceae
Melissa officinalis;Lamiaceae
Melissa officinalis;Lamiaceae
Melissa officinalis;Lamiaceae
Melittis melissophyllum;Lamiaceae
Melittis melissophyllum;Lamiaceae
Melothria scabra;Cucurbitaceae
Menispermum canadense;Menispermaceae
Menispermum dauricum;Menispermaceae
Menispermum sp.;Menispermaceae
Mentha <x >piperita;Lamiaceae
Mentha <x >piperita;Lamiaceae
Mentha <x >piperita;Lamiaceae
Mentha <x >piperita;Lamiaceae
Mentha <x >piperita;Lamiaceae
Mentha <x >piperita;Lamiaceae
Mentha <x >piperita;Lamiaceae
Mentha <x >piperita;Lamiaceae
Mentha <x >piperita;Lamiaceae
Mentha <x >piperita;Lamiaceae
Mentha <x >piperita;Lamiaceae
Mentha <x >piperita;Lamiaceae
Mentha <x >piperita;Lamiaceae
Mentha <x >piperita;Lamiaceae
Mentha <x >piperita;Lamiaceae
Mentha <x >piperita;Lamiaceae
Mentha <x >piperita;Lamiaceae
Mentha <x >piperita;Lamiaceae
Mentha <x >piperita;Lamiaceae
Mentha aquatica;Lamiaceae
Mentha aquatica;Lamiaceae
Mentha arvensis;Lamiaceae
Mentha arvensis;Lamiaceae
Mentha asiatica;Lamiaceae
Mentha asiatica;Lamiaceae
Mentha canadensis;Lamiaceae
Mentha cervina;Lamiaceae
Mentha citrata;Lamiaceae
Mentha dahurica;Lamiaceae
Mentha gattefossei;Lamiaceae
Mentha longifolia;Lamiaceae
Mentha longifolia;Lamiaceae
Mentha longifolia;Lamiaceae
Mentha requienii;Lamiaceae
Mentha requienii;Lamiaceae
Mentha requienii;Lamiaceae
Mentha requienii;Lamiaceae
Mentha requienii;Lamiaceae
Mentha rotundifolia;Lamiaceae
Mentha sp.;Lamiaceae
Mentha sp.;Lamiaceae
Mentha sp.;Lamiaceae
Mentha sp.;Lamiaceae
Mentha sp.;Lamiaceae
Mentha sp.;Lamiaceae
Mentha sp.;Lamiaceae
Mentha sp.;Lamiaceae
Mentha sp.;Lamiaceae
Mentha sp.;Lamiaceae
Mentha sp.;Lamiaceae
Mentha sp.;Lamiaceae
Mentha spicata;Lamiaceae
Mentha spicata;Lamiaceae
Mentha spicata;Lamiaceae
Mentha spicata;Lamiaceae
Mentha spicata;Lamiaceae
Mentha spicata;Lamiaceae
Mentha suaveolens;Lamiaceae
Mentzelia decapetala;Loasaceae
Mentzelia laevicaulis;Loasaceae
Mentzelia lindleyi;Loasaceae
Mentzelia nuda;Loasaceae
Mentzelia scabra;Loasaceae
Menyanthes trifoliata;Menyanthaceae
Menziesia ciliicalyx;Ericaceae
Menziesia pentandra;Ericaceae
Menziesia pilosa;Ericaceae
Mercurialis <x >paxii;Euphorbiaceae
Mercurialis ovata;Euphorbiaceae
Mercurialis ovata;Euphorbiaceae
Mercurialis perennis;Euphorbiaceae
Mercurialis sp.;Euphorbiaceae
Merendera attica;Colchicaceae
Merendera montana;Colchicaceae
Merendera pyrenaica;Colchicaceae
Mertensia ciliata;Boraginaceae
Mertensia lanceolata;Boraginaceae
Mertensia virginica;Boraginaceae
Merxmuellera stereophylla;
Mespilus germanica;Rosaceae
Mespilus germanica;Rosaceae
Metasequoia glyptosroboides;Cupressaceae
Metasequoia glyptostroboides;Cupressaceae
Metrosideros aurea;Myrtaceae
Metrosideros diffusa;Myrtaceae
Metrosideros excelsa;Myrtaceae
Metrosideros excelsa;Myrtaceae
Metrosideros kermadecensis;Myrtaceae
Metrosideros paniensis;Myrtaceae
Metrosideros polymorpha;Myrtaceae
Metrosideros robusta;Myrtaceae
Metrosideros sp.;Myrtaceae
Meum athamanticum;Apiaceae
Mexipedium xerophyticum;Orchidaceae
Mexipedium xerophyticum;Orchidaceae
Mezobromelia pleiosticha;Bromeliaceae
Mibora minima;Poaceae
Micranthemum callitrichoides;Linderniaceae
Micranthes pensylvanica;Saxifragaceae
Microcachrys tetragona;Podocarpaceae
Microcoelia macrantha;Orchidaceae
Microcoelia macrantha;Orchidaceae
Microcoelia obovata;Orchidaceae
Microcycas calocoma;Zamiaceae
Microcycas calocoma;Zamiaceae
Microgramma lycopodioides;Polypodiaceae
Microgramma mauritiana;Polypodiaceae
Microgramma megalophyllum;Polypodiaceae
Microgramma sp.;Polypodiaceae
Microgramma sp.;Polypodiaceae
Microgramma sp.;Polypodiaceae
Microgramma sp. drobná;Polypodiaceae
Microgramma squamulosa;Polypodiaceae
Microloma sagittatum;Apocynaceae
Micromeria croatica;Lamiaceae
Micromeria dalmatica;Lamiaceae
Micromeria dalmatica;Lamiaceae
Micromeria fruticosa;Lamiaceae
Micromeria fruticosa;Lamiaceae
Micromeria graeca;Lamiaceae
Micromeria graeca;Lamiaceae
Micromeria graeca;Lamiaceae
Micromeria juliana;Lamiaceae
Micromeria nervosa;Lamiaceae
Micromeria serpyllifolia;Lamiaceae
Micromeria thymifolia;Lamiaceae
Micropera pallida;Orchidaceae
Micropera pallida;Orchidaceae
Micropera utriculosa;Orchidaceae
Micropera utriculosa;Orchidaceae
Microsaccus griffithii;Orchidaceae
Microsorum fortunei;Polypodiaceae
Microsorum fortunei;Polypodiaceae
Microsorum fortunei;Polypodiaceae
Microsorum membranaceum;Polypodiaceae
Microsorum musifolium;Polypodiaceae
Microsorum musifolium;Polypodiaceae
Microsorum punctatum;Polypodiaceae
Microsorum punctatum;Polypodiaceae
Microsorum punctatum;Polypodiaceae
Microsorum pustulatum;Polypodiaceae
Microsorum pustulatum;Polypodiaceae
Microsorum rubidum;Polypodiaceae
Microsorum scolopendria;Polypodiaceae
Microsorum scolopendria;Polypodiaceae
Microsorum sp.;Polypodiaceae
Microsorum sp.;Polypodiaceae
Microsorum sp.;Polypodiaceae
Microsorum sp.;Polypodiaceae
Microsorum sp.;Polypodiaceae
Microsorum sp.;Polypodiaceae
Microsorum steerei;Polypodiaceae
Microsorum steerei;Polypodiaceae
Microsorum steerei;Polypodiaceae
Microsorum thailandicum;Polypodiaceae
Microsorum thailandicum;Polypodiaceae
Microtis atrata;Orchidaceae
Michauxia campanuloides;Campanulaceae
Michelia crassipes;Magnoliaceae
Michelia crassipes;Magnoliaceae
Michelia foveolata;Magnoliaceae
Michelia fulgens;Magnoliaceae
Michelia chapensis;Magnoliaceae
Michelia chapensis;Magnoliaceae
Michelia maudiae;Magnoliaceae
Michelia maudiae;Magnoliaceae
Michelia skinneriana;Magnoliaceae
Michelia wilsonii;Magnoliaceae
Miltonia candida;Orchidaceae
Miltonia clowesii;Orchidaceae
Miltonia regnellii;Orchidaceae
Miltonia schroederiana;Orchidaceae
Miltoniopsis bismarckii;Orchidaceae
Miltoniopsis roezlii;Orchidaceae
Miltoniopsis vexillaria;Orchidaceae
Mimosa aculeaticarpa;Fabaceae
Mimosa pudica;Fabaceae
Mimulus dentatus;Phrymaceae
Mimulus luteus;Phrymaceae
Mimulus naiandinus;Phrymaceae
Mimulus naiandinus;Phrymaceae
Minuartia glaucina;Caryophyllaceae
Minuartia langii;Caryophyllaceae
Minuartia laricifolis;Caryophyllaceae
Minuartia laricifolis;Caryophyllaceae
Minuartia rubra;Caryophyllaceae
Mirabilis hirsuta;Nyctaginaceae
Mirabilis jalapa;Nyctaginaceae
Mirabilis multiflora;Nyctaginaceae
Mirabilis multiflora;Nyctaginaceae
Mirabilis sp.;Nyctaginaceae
Miscanthus hybr.;Poaceae
Miscanthus nepalensis;Poaceae
Miscanthus oligostachyus;Poaceae
Miscanthus sinensis;Poaceae
Miscanthus sinensis;Poaceae
Miscanthus sinensis;Poaceae
Miscanthus sinensis;Poaceae
Miscanthus sinensis;Poaceae
Miscanthus sinensis;Poaceae
Miscanthus sinensis;Poaceae
Miscanthus sinensis;Poaceae
Miscanthus sinensis;Poaceae
Miscanthus sinensis;Poaceae
Miscanthus sinensis;Poaceae
Miscanthus sinensis;Poaceae
Miscanthus sinensis;Poaceae
Miscanthus sinensis;Poaceae
Miscanthus sinensis;Poaceae
Miscanthus sinensis;Poaceae
Miscanthus sinensis;Poaceae
Miscanthus sinensis;Poaceae
Miscanthus sinensis;Poaceae
Miscanthus sinensis;Poaceae
Miscanthus sinensis;Poaceae
Miscanthus sinensis;Poaceae
Miscanthus sinensis;Poaceae
Miscanthus sinensis;Poaceae
Miscanthus sinensis;Poaceae
Miscanthus sinensis;Poaceae
Miscanthus sinensis;Poaceae
Miscanthus sinensis;Poaceae
Miscanthus sinensis;Poaceae
Miscanthus sinensis;Poaceae
Miscanthus sinensis;Poaceae
Miscanthus sinensis;Poaceae
Miscanthus sinensis;Poaceae
Miscanthus sinensis;Poaceae
Miscanthus sinensis;Poaceae
Miscanthus sinensis;Poaceae
Miscanthus sinensis;Poaceae
Miscanthus sinensis;Poaceae
Miscanthus sinensis;Poaceae
Miscanthus sinensis;Poaceae
Miscanthus sinensis;Poaceae
Miscanthus sinensis;Poaceae
Miscanthus sinensis;Poaceae
Miscanthus sinensis;Poaceae
Miscanthus sinensis;Poaceae
Miscanthus sinensis;Poaceae
Miscanthus sinensis;Poaceae
Miscanthus sinensis;Poaceae
Miscanthus sinensis;Poaceae
Miscanthus transmorrisonensis;Poaceae
Mitella acerina;Saxifragaceae
Mitella breweri;Saxifragaceae
Mitella caulescens;Saxifragaceae
Mitella diphylla;Saxifragaceae
Mitella formosana;Saxifragaceae
Mitella formosana;Saxifragaceae
Mitella japonica;Saxifragaceae
Mitella kiusiana;Saxifragaceae
Mitella pauciflora;Saxifragaceae
Mitella pentandra;Saxifragaceae
Mitella yoshinagae;Saxifragaceae
Mitchella repens;Rubiaceae
Mitraria coccinea;Gesneriaceae
Mitraria coccinea;Gesneriaceae
Mitraria coccinea;Gesneriaceae
Mitraria coccinea;Gesneriaceae
Mitrophyllum sp.;Aizoaceae
Moehringia muscosa;Caryophyllaceae
Moenchia erecta;Caryophyllaceae
Molineria capitulata;Hypoxidaceae
Molineria capitulata;Hypoxidaceae
Molinia arundinacea;Poaceae
Molinia arundinacea;Poaceae
Molinia arundinacea;Poaceae
Molinia arundinacea;Poaceae
Molinia arundinacea;Poaceae
Molinia arundinacea;Poaceae
Molinia arundinacea;Poaceae
Molinia caerulea;Poaceae
Molinia caerulea;Poaceae
Molinia caerulea;Poaceae
Molinia caerulea;Poaceae
Molinia caerulea;Poaceae
Molinia caerulea;Poaceae
Molinia caerulea;Poaceae
Molinia caerulea;Poaceae
Molinia caerulea;Poaceae
Molinia caerulea;Poaceae
Molinia sp.;Poaceae
Moltkia petraea;Boraginaceae
Moluccella laevis;Lamiaceae
Momordica rostrata;Cucurbitaceae
Momordica rostrata;Cucurbitaceae
Monanthes anagensis;Crassulaceae
Monanthes anagensis;Crassulaceae
Monanthes laxiflora;Crassulaceae
Monanthes polyphylla;Crassulaceae
Monanthes polyphylla;Crassulaceae
Monanthes sp.;Crassulaceae
Monanthes wildpretii;Crassulaceae
Monarda austroappalachiana;Lamiaceae
Monarda austromontana;Lamiaceae
Monarda austromontana;Lamiaceae
Monarda bradburiana;Lamiaceae
Monarda bradburiana;Lamiaceae
Monarda bradburiana;Lamiaceae
Monarda bradburiana;Lamiaceae
Monarda bradburiana;Lamiaceae
Monarda citriodora;Lamiaceae
Monarda clinopodia;Lamiaceae
Monarda didyma;Lamiaceae
Monarda didyma;Lamiaceae
Monarda didyma;Lamiaceae
Monarda fistulosa;Lamiaceae
Monarda fistulosa;Lamiaceae
Monarda hybr.;Lamiaceae
Monarda hybr.;Lamiaceae
Monarda hybr.;Lamiaceae
Monarda hybr.;Lamiaceae
Monarda hybr.;Lamiaceae
Monarda hybr.;Lamiaceae
Monarda hybr.;Lamiaceae
Monarda hybr.;Lamiaceae
Monarda hybr.;Lamiaceae
Monarda hybr.;Lamiaceae
Monarda hybr.;Lamiaceae
Monarda hybr.;Lamiaceae
Monarda hybr.;Lamiaceae
Monarda hybr.;Lamiaceae
Monarda hybr.;Lamiaceae
Monarda hybr.;Lamiaceae
Monarda hybr.;Lamiaceae
Monarda hybr.;Lamiaceae
Monarda hybr.;Lamiaceae
Monarda hybr.;Lamiaceae
Monarda hybr.;Lamiaceae
Monarda hybr.;Lamiaceae
Monarda hybr.;Lamiaceae
Monarda hybr.;Lamiaceae
Monarda hybr.;Lamiaceae
Monarda hybr.;Lamiaceae
Monarda hybr.;Lamiaceae
Monarda hybr.;Lamiaceae
Monarda hybr.;Lamiaceae
Monarda hybr.;Lamiaceae
Monarda hybr.;Lamiaceae
Monarda hybr.;Lamiaceae
Monarda hybr.;Lamiaceae
Monarda hybr.;Lamiaceae
Monarda hybr.;Lamiaceae
Monarda hybr.;Lamiaceae
Monarda hybr.;Lamiaceae
Monarda hybr.;Lamiaceae
Monarda hybr.;Lamiaceae
Monarda hybr.;Lamiaceae
Monarda hybr.;Lamiaceae
Monarda hybr.;Lamiaceae
Monarda hybr.;Lamiaceae
Monarda hybr.;Lamiaceae
Monarda media;Lamiaceae
Monarda menthifolia;Lamiaceae
Monarda menthifolia;Lamiaceae
Monarda russeliana;Lamiaceae
Monocostus uniflorus;Costaceae
Monocostus uniflorus;Costaceae
Monocostus uniflorus;Costaceae
Monodora myristica;Annonaceae
Monochaetum vulcanicum;Melastomataceae
Monolena primulaeflora;Melastomataceae
Monophyllaea horsfieldii;Gesneriaceae
Monopsis scabra;Campanulaceae
Monopsis unidentata;Campanulaceae
Monsonia emarginata;Geraniaceae
Monstera acuminata;Araceae
Monstera adansonii;Araceae
Monstera adansonii;Araceae
Monstera deliciosa;Araceae
Monstera deliciosa;Araceae
Monstera dubia;Araceae
Monstera gracilis;Araceae
Monstera lechleriana;Araceae
Monstera obliqua;Araceae
Monstera obliqua;Araceae
Monstera pertusa;Araceae
Monstera pinnatipartita;Araceae
Monstera pinnatipartita;Araceae
Monstera praetermisa;Araceae
Monstera siltepecana;Araceae
Monstera siltepecana;Araceae
Monstera sp.;Araceae
Monstera sp.;Araceae
Monstera sp.;Araceae
Monstera spruceana;Araceae
Monstera standleyana;Araceae
Monstera subpinnata;Araceae
Monstera tenuis;Araceae
Montanoa atriciplifolia;Asteraceae
Montanoa bipinnatifida;Asteraceae
Montiopsis umbellata;Montiaceae
Montrichardia arborea;Araceae
Montrouziera sphaeroidea;Clusiaceae
Moraea sp.;Iridaceae
Moraea sp.;Iridaceae
Morina longifolia;Morinaceae
Morina persica;Morinaceae
Morinda citrifolia;Rubiaceae
Moringa drouhardii;Moringaceae
Moringa hildebrandtii;Moringaceae
Moringa oleifera;Moringaceae
Moringa ovalifolia;Moringaceae
Moringa peregrina;Moringaceae
Moringa peregrina;Moringaceae
Mormolyca ringens;Orchidaceae
Morus alba;Moraceae
Morus alba;Moraceae
Morus alba;Moraceae
Morus alba;Moraceae
Morus alba;Moraceae
Morus bombycis;Moraceae
Morus bombycis;Moraceae
Morus cathayana;Moraceae
Morus hybr.;Moraceae
Morus hybr.;Moraceae
Morus latifolia;Moraceae
Morus rubra;Moraceae
Morus sp.;Moraceae
Morus sp.;Moraceae
Morus sp.;Moraceae
Morus sp.;Moraceae
Morus sp.;Moraceae
Morus sp.;Moraceae
Moussonia deppeana;Gesneriaceae
Moussonia elegans;Gesneriaceae
Moussonia elegans;Gesneriaceae
Moussonia elegans;Gesneriaceae
Moussonia eriantha;Gesneriaceae
Moussonia sp.;Gesneriaceae
Mucuna sp.;Fabaceae (s.str.)
Muehlenbeckia adpressa;Polygonaceae
Muehlenbeckia adpressa;Polygonaceae
Muehlenbeckia axillaris;Polygonaceae
Muehlenbeckia axillaris;Polygonaceae
Muehlenbeckia axillaris;Polygonaceae
Muehlenbeckia ephedroides;Polygonaceae
Muehlenbeckia ephedroides;Polygonaceae
Muehlenbeckia ephedroides;Polygonaceae
Muehlenbeckia platyclados;Polygonaceae
Muehlenbeckia sp.;Polygonaceae
Muhlenbergia capillaris;Poaceae
Muhlenbergia dubia;Poaceae
Muhlenbergia dumosa;Poaceae
Muhlenbergia lindheimeri;Poaceae
Muhlenbergia reverchonii;Poaceae
Muhlenbergia rigens;Poaceae
Muhlenbergia sylvatica;Poaceae
Muhlenbergia wrightii;Poaceae
Mukdenia acanthifolia;Saxifragaceae
Mukdenia rossii;Saxifragaceae
Mukdenia rossii;Saxifragaceae
Mukdenia rossii;Saxifragaceae
Mundulea sericea;Fabaceae (s.str.)
Murdannia loriformis;Commelinaceae
Murraya koenigii;Rutaceae
Murraya paniculata;Rutaceae
Musa basjoo;Musaceae
Musa glauca;Musaceae
Musa haekkinenii;Musaceae
Musa muluensis;Musaceae
Musa ornata;Musaceae
Musa textilis;Musaceae
Musa velutina;Musaceae
Musa yunnanensis;Musaceae
Muscari armeniacum;Hyacinthaceae
Muscari armeniacum;Hyacinthaceae
Muscari armeniacum;Hyacinthaceae
Muscari armeniacum;Hyacinthaceae
Muscari armeniacum;Hyacinthaceae
Muscari armeniacum;Hyacinthaceae
Muscari armeniacum;Hyacinthaceae
Muscari aucheri;Hyacinthaceae
Muscari aucheri;Hyacinthaceae
Muscari botryoides;Hyacinthaceae
Muscari coeleste;Hyacinthaceae
Muscari comosum;Hyacinthaceae
Muscari comosum;Hyacinthaceae
Muscari discolor;Hyacinthaceae
Muscari grandiflorum;Hyacinthaceae
Muscari heldreichii;Hyacinthaceae
Muscari hybr.;Hyacinthaceae
Muscari hybr.;Hyacinthaceae
Muscari hybr.;Hyacinthaceae
Muscari chalusicum;Hyacinthaceae
Muscari latifolium;Hyacinthaceae
Muscari leucostomum;Hyacinthaceae
Muscari longipes;Hyacinthaceae
Muscari macrocarpum;Hyacinthaceae
Muscari massayanum;Hyacinthaceae
Muscari muscarimi;Hyacinthaceae
Muscari neglectum;Hyacinthaceae
Muscari parviflorum;Hyacinthaceae
Muscari sp.;Hyacinthaceae
Muscari spreizenhoferi;Hyacinthaceae
Muscari weissii;Hyacinthaceae
Muscari woronowii;Hyacinthaceae
Musella lasiocarpa;Musaceae
Musella lasiocarpa;Musaceae
Mussa basjoo;Mussaceae
Mussa basjoo;Mussaceae
Mussaenda arcuata;Rubiaceae
Mussaenda pilosissima;Rubiaceae
Mussaenda sp.;Rubiaceae
Mussela lasiocarpa;Mussaceae
Musschia aurea;Campanulaceae
Mutisia coccinea;Asteraceae
Myodocarpus crassifolius;Araliaceae
Myosotis brevisetacea;Boraginaceae
Myosotis brevisetacea;Boraginaceae
Myosotis caespitosa;Boraginaceae
Myosotis caespitosa;Boraginaceae
Myosotis palustris;Boraginaceae
Myosotis palustris;Boraginaceae
Myosurus minimus;Ranunculaceae
Myrciaria dubia;Myrtaceae
Myrciaria vexator;Myrtaceae
Myrica cerifera;Myricaceae
Myrica gale;Myricaceae
Myrica gale;Myricaceae
Myricaria elegans;Tamaricaceae
Myricaria germanica;Tamaricaceae
Myricaria laxiflora;Tamaricaceae
Myricaria sp.;Tamaricaceae
Myricaria sp.;Tamaricaceae
Myricaria sp.;Tamaricaceae
Myricaria sp.;Tamaricaceae
Myriophyllum alterniflorum;Haloragaceae
Myriophyllum spicatum;Haloragaceae
Myriophyllum verticillatum;Haloragaceae
Myristica fragrans;Myristicaceae
Myrmecodia beccarii;Rubiaceae
Myrmecodia echinata;Rubiaceae
Myrmecodia horrida;Rubiaceae
Myrmecodia platytyrea;Rubiaceae
Myrmecodia platytyrea;Rubiaceae
Myrmecodia platytyrea;Rubiaceae
Myrmecodia sp.;Rubiaceae
Myrmecodia sp.;Rubiaceae
Myrmecodia sp.;Rubiaceae
Myrmecodia sp.;Rubiaceae
Myrmecodia sp.;Rubiaceae
Myrmecodia sp.;Rubiaceae
Myrmecodia sp.;Rubiaceae
Myrmecodia sp.;Rubiaceae
Myrmecodia sp.;Rubiaceae
Myrmecodia sp.;Rubiaceae
Myrmecodia sp.;Rubiaceae
Myrmecodia sp.;Rubiaceae
Myrmecodia sp.;Rubiaceae
Myrmecodia sp.;Rubiaceae
Myrmecodia sp.;Rubiaceae
Myrmecodia sp.;Rubiaceae
Myrmecodia sp.;Rubiaceae
Myrmecodia sp.;Rubiaceae
Myrmecodia tuberosa;Rubiaceae
Myrmecodia tuberosa;Rubiaceae
Myrmecodia tuberosa;Rubiaceae
Myrmecodia tuberosa;Rubiaceae
Myrmecodia tuberosa;Rubiaceae
Myrmecophila albopurpurea;Orchidaceae
Myrmecophila albopurpurea;Orchidaceae
Myrmecophila brysiana;Orchidaceae
Myrmecophila exaltata;Orchidaceae
Myrmecophila humboldtii;Orchidaceae
Myrmecophila humboldtii;Orchidaceae
Myrmecophila sp.;Orchidaceae
Myrmecophila thomsoniana;Orchidaceae
Myrmecophila tibicinis;Orchidaceae
Myrmecophila tibicinis;Orchidaceae
Myrmephytum beccarii;Rubiaceae
Myrmephytum beccarii;Rubiaceae
Myrmephytum beccarii;Rubiaceae
Myrmephytum longissimum;Rubiaceae
Myrmephytum selebicum;Rubiaceae
Myrmephytum selebicum;Rubiaceae
Myrrhis odorata;Apiaceae
Myrsine africana;Primulaceae (Myrsinaceae)
Myrsine africana;Primulaceae (Myrsinaceae)
Myrsine nummularia;Primulaceae (Myrsinaceae)
Myrtillocactus geometrizans;Cactaceae
Myrtus communis;Myrtaceae
Myrtus communis;Myrtaceae
Myrtus communis;Myrtaceae
Myrtus communis;Myrtaceae
Myrtus communis;Myrtaceae
Mystacidium gracile;Orchidaceae
Mystacidium venosum;Orchidaceae
Nageia motleyi;Podocarpaceae
Nageia nagi;Podocarpaceae
Nageia nagi;Podocarpaceae
Nageliella angustifolia;Orchidaceae
Nananthus margaritifer;Aizoaceae
Nandina domestica;Berberidaceae
Nandina domestica;Berberidaceae
Nandina domestica;Berberidaceae
Nandina domestica;Berberidaceae
Nandina domestica;Berberidaceae
Nandina domestica;Berberidaceae
Nandina domestica;Berberidaceae
Nandina domestica;Berberidaceae
Nandina domestica;Berberidaceae
Nandina domestica;Berberidaceae
Nannorrhops ritchieana;Arecaceae
Nannorrhops ritchieana;Arecaceae
Nannorrhops sp.;Arecaceae
Narcissus broussonetii;Amaryllidaceae
Narcissus bulbocodium;Amaryllidaceae
Narcissus bulbocodium;Amaryllidaceae
Narcissus bulbocodium;Amaryllidaceae
Narcissus bulbocodium;Amaryllidaceae
Narcissus bulbocodium;Amaryllidaceae
Narcissus bulbocodium;Amaryllidaceae
Narcissus bulbocodium;Amaryllidaceae
Narcissus calcicola;Amaryllidaceae
Narcissus cantabricus;Amaryllidaceae
Narcissus cantabricus;Amaryllidaceae
Narcissus cantabricus;Amaryllidaceae
Narcissus cantabricus;Amaryllidaceae
Narcissus cupularis;Amaryllidaceae
Narcissus cyclamineus;Amaryllidaceae
Narcissus cyclamineus;Amaryllidaceae
Narcissus cyclamineus;Amaryllidaceae
Narcissus dubius;Amaryllidaceae
Narcissus genuinus x romieuxii;Amaryllidaceae
Narcissus hispanicus;Amaryllidaceae
Narcissus humilis;Amaryllidaceae
Narcissus hybr.;Amaryllidaceae
Narcissus hybr.;Amaryllidaceae
Narcissus hybr.;Amaryllidaceae
Narcissus hybr.;Amaryllidaceae
Narcissus hybr.;Amaryllidaceae
Narcissus hybr.;Amaryllidaceae
Narcissus hybr.;Amaryllidaceae
Narcissus hybr.;Amaryllidaceae
Narcissus hybr.;Amaryllidaceae
Narcissus hybr.;Amaryllidaceae
Narcissus hybr.;Amaryllidaceae
Narcissus hybr.;Amaryllidaceae
Narcissus hybr.;Amaryllidaceae
Narcissus hybr.;Amaryllidaceae
Narcissus hybr.;Amaryllidaceae
Narcissus hybr.;Amaryllidaceae
Narcissus hybr.;Amaryllidaceae
Narcissus hybr.;Amaryllidaceae
Narcissus hybr.;Amaryllidaceae
Narcissus hybr.;Amaryllidaceae
Narcissus hybr.;Amaryllidaceae
Narcissus hybr.;Amaryllidaceae
Narcissus hybr.;Amaryllidaceae
Narcissus hybr.;Amaryllidaceae
Narcissus hybr.;Amaryllidaceae
Narcissus hybr.;Amaryllidaceae
Narcissus hybr.;Amaryllidaceae
Narcissus hybr.;Amaryllidaceae
Narcissus hybr.;Amaryllidaceae
Narcissus hybr.;Amaryllidaceae
Narcissus hybr.;Amaryllidaceae
Narcissus hybr.;Amaryllidaceae
Narcissus hybr.;Amaryllidaceae
Narcissus hybr.;Amaryllidaceae
Narcissus hybr.;Amaryllidaceae
Narcissus hybr.;Amaryllidaceae
Narcissus hybr.;Amaryllidaceae
Narcissus hybr.;Amaryllidaceae
Narcissus hybr.;Amaryllidaceae
Narcissus hybr.;Amaryllidaceae
Narcissus hybr.;Amaryllidaceae
Narcissus hybr.;Amaryllidaceae
Narcissus hybr.;Amaryllidaceae
Narcissus hybr.;Amaryllidaceae
Narcissus hybr.;Amaryllidaceae
Narcissus hybr.;Amaryllidaceae
Narcissus hybr.;Amaryllidaceae
Narcissus hybr.;Amaryllidaceae
Narcissus hybr.;Amaryllidaceae
Narcissus hybr.;Amaryllidaceae
Narcissus hybr.;Amaryllidaceae
Narcissus hybr.;Amaryllidaceae
Narcissus hybr.;Amaryllidaceae
Narcissus hybr.;Amaryllidaceae
Narcissus hybr.;Amaryllidaceae
Narcissus hybr.;Amaryllidaceae
Narcissus hybr.;Amaryllidaceae
Narcissus hybr.;Amaryllidaceae
Narcissus hybr.;Amaryllidaceae
Narcissus hybr.;Amaryllidaceae
Narcissus hybr.;Amaryllidaceae
Narcissus jonquilla;Amaryllidaceae
Narcissus jonquilla;Amaryllidaceae
Narcissus jonquilla;Amaryllidaceae
Narcissus jonquilla;Amaryllidaceae
Narcissus jonquilla;Amaryllidaceae
Narcissus pachybolbos;Amaryllidaceae
Narcissus papyraceus;Amaryllidaceae
Narcissus poeticus;Amaryllidaceae
Narcissus poeticus;Amaryllidaceae
Narcissus poeticus;Amaryllidaceae
Narcissus poeticus;Amaryllidaceae
Narcissus polyanthos;Amaryllidaceae
Narcissus pseudonarcissus;Amaryllidaceae
Narcissus romieuxii;Amaryllidaceae
Narcissus romieuxii;Amaryllidaceae
Narcissus rupicola;Amaryllidaceae
Narcissus serotinus;Amaryllidaceae
Narcissus tazetta;Amaryllidaceae
Narcissus tazetta;Amaryllidaceae
Narcissus triandrus;Amaryllidaceae
Narcissus triandrus;Amaryllidaceae
Narcissus triandrus;Amaryllidaceae
Narcissus triandrus;Amaryllidaceae
Narcissus triandrus;Amaryllidaceae
Narcissus viridiflorus;Amaryllidaceae
Narcissus willkommii;Amaryllidaceae
Narthecium ossifragum;Nartheciaceae
Nasa triphylla;
Nashia inaguensis;Verbenaceae (s.str.)
Nassella tenuissima;Poaceae
Nassella tenuissima;Poaceae
Nassella tenuissima;Poaceae
Nassella tenuissima;Poaceae
Nastanthus agglomeratus;
Nasturtium microphyllum;Brassicaceae
Nasturtium officinale;Brassicaceae
Nasturtium officinale;Brassicaceae
Nasturtium officinale;Brassicaceae
Nautilocalyx adenosiphon;Gesneriaceae
Nautilocalyx bicolor;Gesneriaceae
Nautilocalyx forgetii;Gesneriaceae
Nautilocalyx forgetii;Gesneriaceae
Nautilocalyx lynchii;Gesneriaceae
Navia aliciae;Bromeliaceae
Navia arida;Bromeliaceae
Navia igneosicola;Bromeliaceae
Navia octopoides;Bromeliaceae
Navia sp.;Bromeliaceae
Navia sp.;Bromeliaceae
Neesenbeckia punctoria;Cyperaceae
Neillia sinensis;Rosaceae
Neillia sinensis;Rosaceae
Neillia thyrsiflora;Rosaceae
Neillia tibetica;Rosaceae
Neillia uekii;Rosaceae
Nelumbo komarovii;Nelumbonaceae
Nemaconia sp.;Orchidaceae
Nematanthus australis;Gesneriaceae
Nematanthus fritschii;Gesneriaceae
Nematanthus hybr.;Gesneriaceae
Nematanthus sp.;Gesneriaceae
Nematanthus sp.;Gesneriaceae
Nematanthus strigillosus;Gesneriaceae
Nematanthus wettsteinii;Gesneriaceae
Nematanthus wettsteinii;Gesneriaceae
Nemesia caerulea;Scrophulariaceae ( s.str.)
Nemesia floribunda;Scrophulariaceae ( s.str.)
Nemesia frutescens;Scrophulariaceae ( s.str.)
Nemesia ligulata;Scrophulariaceae ( s.str.)
Nemesia rupicola;Scrophulariaceae ( s.str.)
Nemesia strumosa;Scrophulariaceae ( s.str.)
Nemopanthus mucronatus;Aquifoliaceae
Nemophila maculata;Hydrophyllaceae
Nemophila menziesii;Hydrophyllaceae
Nemophila menziesii;Hydrophyllaceae
Nemophila menziesii;Hydrophyllaceae
Nenga pumila;Arecaceae
Nenga pumila;Arecaceae
Neoalsomitra podagrica;Cucurbitaceae
Neobathiea filicornu;Orchidaceae
Neobuchia paulinae;Malvaceae
Neobuxbaumia macrocephala;Cactaceae
Neocallitropsis pancheri;Cupressaceae
Neolauchea pulchella;Orchidaceae
Neolepisorus ovatus;Polypodiaceae
Neolepisorus ovatus;Polypodiaceae
Neolepisorus sp.;Polypodiaceae
Neolepisorus sp.;Polypodiaceae
Neomarica gracilis;Iridaceae
Neomarica gracilis;Iridaceae
Neomarica northiana;Iridaceae
Neomarica northiana;Iridaceae
Neomarica variegata;Iridaceae
Neomezia cubensis;
Neomoorea irrorata;Orchidaceae
Neomortonia elegans;Gesneriaceae
Neomortonia rosea;Gesneriaceae
Neonicholsonia watsonii;Arecaceae
Neoregelia albiflora;Bromeliaceae
Neoregelia ampullacea;Bromeliaceae
Neoregelia carolinae;Bromeliaceae
Neoregelia carolinae;Bromeliaceae
Neoregelia pendula;Bromeliaceae
Neoregelia pineliana;Bromeliaceae
Neoregelia spectabilis;Bromeliaceae
Neoregelia tarapotoensis;Bromeliaceae
Neottianthe cucullata;Orchidaceae
Nepenthes adnata;Nepenthaceae
Nepenthes adnata;Nepenthaceae
Nepenthes adnata x campanulata;Nepenthaceae
Nepenthes adrianii;Nepenthaceae
Nepenthes alata;Nepenthaceae
Nepenthes alata;Nepenthaceae
Nepenthes alata;Nepenthaceae
Nepenthes alata;Nepenthaceae
Nepenthes alata;Nepenthaceae
Nepenthes alba;Nepenthaceae
Nepenthes alba;Nepenthaceae
Nepenthes albomarginata;Nepenthaceae
Nepenthes albomarginata;Nepenthaceae
Nepenthes albomarginata;Nepenthaceae
Nepenthes albomarginata;Nepenthaceae
Nepenthes albomarginata;Nepenthaceae
Nepenthes albomarginata;Nepenthaceae
Nepenthes albomarginata;Nepenthaceae
Nepenthes albomarginata;Nepenthaceae
Nepenthes albomarginata;Nepenthaceae
Nepenthes albomarginata;Nepenthaceae
Nepenthes albomarginata;Nepenthaceae
Nepenthes albomarginata;Nepenthaceae
Nepenthes ampullaria;Nepenthaceae
Nepenthes ampullaria;Nepenthaceae
Nepenthes ampullaria;Nepenthaceae
Nepenthes ampullaria;Nepenthaceae
Nepenthes ampullaria;Nepenthaceae
Nepenthes ampullaria;Nepenthaceae
Nepenthes ampullaria;Nepenthaceae
Nepenthes anamensis;Nepenthaceae
Nepenthes argentii;Nepenthaceae
Nepenthes argentii;Nepenthaceae
Nepenthes argentii x armin;Nepenthaceae
Nepenthes aristolochioides;Nepenthaceae
Nepenthes barcelonae;Nepenthaceae
Nepenthes bellii;Nepenthaceae
Nepenthes bellii;Nepenthaceae
Nepenthes benstonei;Nepenthaceae
Nepenthes benstonei;Nepenthaceae
Nepenthes benstonei;Nepenthaceae
Nepenthes benstonei;Nepenthaceae
Nepenthes benstonei;Nepenthaceae
Nepenthes biak;Nepenthaceae
Nepenthes bicalcarata;Nepenthaceae
Nepenthes bicalcarata;Nepenthaceae
Nepenthes bicalcarata;Nepenthaceae
Nepenthes bicalcarata x ampullaria;Nepenthaceae
Nepenthes bicalcarata x gracilis;Nepenthaceae
Nepenthes bokorensis;Nepenthaceae
Nepenthes bongso;Nepenthaceae
Nepenthes bongso;Nepenthaceae
Nepenthes bongso;Nepenthaceae
Nepenthes burbidgeae;Nepenthaceae
Nepenthes burbidgeae;Nepenthaceae
Nepenthes burkei;Nepenthaceae
Nepenthes burkei;Nepenthaceae
Nepenthes burkei;Nepenthaceae
Nepenthes campanulata;Nepenthaceae
Nepenthes campanulata;Nepenthaceae
Nepenthes ceciliae;Nepenthaceae
Nepenthes clipeata;Nepenthaceae
Nepenthes clipeata;Nepenthaceae
Nepenthes clipeata;Nepenthaceae
Nepenthes copelandii;Nepenthaceae
Nepenthes copelandii;Nepenthaceae
Nepenthes danseri;Nepenthaceae
Nepenthes danseri;Nepenthaceae
Nepenthes deaniana;Nepenthaceae
Nepenthes densiflora;Nepenthaceae
Nepenthes diatas;Nepenthaceae
Nepenthes diatas;Nepenthaceae
Nepenthes distillatoria;Nepenthaceae
Nepenthes dubia;Nepenthaceae
Nepenthes dubia;Nepenthaceae
Nepenthes dubia;Nepenthaceae
Nepenthes eustachya;Nepenthaceae
Nepenthes eustachya;Nepenthaceae
Nepenthes eymae;Nepenthaceae
Nepenthes eymae;Nepenthaceae
Nepenthes eymae;Nepenthaceae
Nepenthes faizaliana;Nepenthaceae
Nepenthes faizaliana;Nepenthaceae
Nepenthes flava;Nepenthaceae
Nepenthes fusca;Nepenthaceae
Nepenthes fusca;Nepenthaceae
Nepenthes fusca;Nepenthaceae
Nepenthes fusca;Nepenthaceae
Nepenthes gantungensis;Nepenthaceae
Nepenthes glabrata;Nepenthaceae
Nepenthes glandulifera;Nepenthaceae
Nepenthes globosa;Nepenthaceae
Nepenthes globosa;Nepenthaceae
Nepenthes globosa;Nepenthaceae
Nepenthes gracilis;Nepenthaceae
Nepenthes gracilis;Nepenthaceae
Nepenthes gracilis;Nepenthaceae
Nepenthes gracilis;Nepenthaceae
Nepenthes gracillima;Nepenthaceae
Nepenthes gracillima;Nepenthaceae
Nepenthes gracillima;Nepenthaceae
Nepenthes gracillima;Nepenthaceae
Nepenthes gracillima;Nepenthaceae
Nepenthes gymnamphora;Nepenthaceae
Nepenthes gymnamphora;Nepenthaceae
Nepenthes hamata;Nepenthaceae
Nepenthes hirsuta;Nepenthaceae
Nepenthes hirsuta;Nepenthaceae
Nepenthes hirsuta;Nepenthaceae
Nepenthes hirsuta;Nepenthaceae
Nepenthes hispida;Nepenthaceae
Nepenthes hybr.;Nepenthaceae
Nepenthes chaniana;Nepenthaceae
Nepenthes chaniana;Nepenthaceae
Nepenthes chaniana x veitchii;Nepenthaceae
Nepenthes inermis;Nepenthaceae
Nepenthes inermis x bongso;Nepenthaceae
Nepenthes insignis;Nepenthaceae
Nepenthes izumiae;Nepenthaceae
Nepenthes jacquelinae;Nepenthaceae
Nepenthes jacquelinae;Nepenthaceae
Nepenthes jacquelinae;Nepenthaceae
Nepenthes jacquelinae x izumiae;Nepenthaceae
Nepenthes jamban;Nepenthaceae
Nepenthes jamban;Nepenthaceae
Nepenthes kampotiana;Nepenthaceae
Nepenthes khasiana;Nepenthaceae
Nepenthes klossii;Nepenthaceae
Nepenthes kongkandana;Nepenthaceae
Nepenthes lavicola;Nepenthaceae
Nepenthes lingulata;Nepenthaceae
Nepenthes longifolia;Nepenthaceae
Nepenthes longifolia;Nepenthaceae
Nepenthes lowii;Nepenthaceae
Nepenthes lowii;Nepenthaceae
Nepenthes lowii;Nepenthaceae
Nepenthes lowii;Nepenthaceae
Nepenthes lowii;Nepenthaceae
Nepenthes lowii;Nepenthaceae
Nepenthes lowii;Nepenthaceae
Nepenthes lowii;Nepenthaceae
Nepenthes macfarlanei;Nepenthaceae
Nepenthes macfarlanei;Nepenthaceae
Nepenthes macfarlanei;Nepenthaceae
Nepenthes macrophylla;Nepenthaceae
Nepenthes macrovulgaris;Nepenthaceae
Nepenthes madagascariensis;Nepenthaceae
Nepenthes madagascariensis;Nepenthaceae
Nepenthes mantalingajanensis;Nepenthaceae
Nepenthes masoalensis;Nepenthaceae
Nepenthes maxima;Nepenthaceae
Nepenthes maxima;Nepenthaceae
Nepenthes maxima;Nepenthaceae
Nepenthes maxima;Nepenthaceae
Nepenthes merrilliana;Nepenthaceae
Nepenthes merrilliana;Nepenthaceae
Nepenthes merrilliana;Nepenthaceae
Nepenthes merrilliana;Nepenthaceae
Nepenthes merrilliana x alata;Nepenthaceae
Nepenthes mikei;Nepenthaceae
Nepenthes mindanaoensis;Nepenthaceae
Nepenthes mindanaoensis;Nepenthaceae
Nepenthes mira;Nepenthaceae
Nepenthes mira;Nepenthaceae
Nepenthes mirabilis;Nepenthaceae
Nepenthes mirabilis;Nepenthaceae
Nepenthes mirabilis;Nepenthaceae
Nepenthes mirabilis;Nepenthaceae
Nepenthes mirabilis;Nepenthaceae
Nepenthes mirabilis;Nepenthaceae
Nepenthes mirabilis;Nepenthaceae
Nepenthes mirabilis x smilesii;Nepenthaceae
Nepenthes mirabilis x thorelii;Nepenthaceae
Nepenthes muluensis;Nepenthaceae
Nepenthes muluensis x lowii;Nepenthaceae
Nepenthes murudensis;Nepenthaceae
Nepenthes neoguineensis;Nepenthaceae
Nepenthes northiana;Nepenthaceae
Nepenthes northiana;Nepenthaceae
Nepenthes palawanensis;Nepenthaceae
Nepenthes palawanensis;Nepenthaceae
Nepenthes papuana;Nepenthaceae
Nepenthes pectinata;Nepenthaceae
Nepenthes pectinata;Nepenthaceae
Nepenthes peltata;Nepenthaceae
Nepenthes pervillei;Nepenthaceae
Nepenthes pervillei;Nepenthaceae
Nepenthes petiolata;Nepenthaceae
Nepenthes petiolata;Nepenthaceae
Nepenthes philippinensis;Nepenthaceae
Nepenthes philippinensis;Nepenthaceae
Nepenthes philippinensis;Nepenthaceae
Nepenthes platychila;Nepenthaceae
Nepenthes pulchra;Nepenthaceae
Nepenthes rafflesiana;Nepenthaceae
Nepenthes rafflesiana;Nepenthaceae
Nepenthes rafflesiana;Nepenthaceae
Nepenthes rafflesiana;Nepenthaceae
Nepenthes rajah;Nepenthaceae
Nepenthes rajah;Nepenthaceae
Nepenthes rajah;Nepenthaceae
Nepenthes ramispina;Nepenthaceae
Nepenthes ramispina;Nepenthaceae
Nepenthes ramispina;Nepenthaceae
Nepenthes ramispina;Nepenthaceae
Nepenthes ramispina;Nepenthaceae
Nepenthes reinwardtiana;Nepenthaceae
Nepenthes reinwardtiana;Nepenthaceae
Nepenthes reinwardtiana;Nepenthaceae
Nepenthes reinwardtiana;Nepenthaceae
Nepenthes reinwardtiana;Nepenthaceae
Nepenthes reinwardtiana;Nepenthaceae
Nepenthes reinwardtiana x macrovulgaris;Nepenthaceae
Nepenthes rhombicaulis;Nepenthaceae
Nepenthes sanguinea;Nepenthaceae
Nepenthes sanguinea;Nepenthaceae
Nepenthes sp.;Nepenthaceae
Nepenthes sp.;Nepenthaceae
Nepenthes sp.;Nepenthaceae
Nepenthes sp.;Nepenthaceae
Nepenthes sp.;Nepenthaceae
Nepenthes spathulata;Nepenthaceae
Nepenthes stenophylla;Nepenthaceae
Nepenthes stenophylla;Nepenthaceae
Nepenthes sumatrana;Nepenthaceae
Nepenthes sumatrana;Nepenthaceae
Nepenthes sumatrana;Nepenthaceae
Nepenthes tenax;Nepenthaceae
Nepenthes tentaculata;Nepenthaceae
Nepenthes tentaculata;Nepenthaceae
Nepenthes tentaculata;Nepenthaceae
Nepenthes tenuis;Nepenthaceae
Nepenthes thorelii;Nepenthaceae
Nepenthes thorelii;Nepenthaceae
Nepenthes thorelii;Nepenthaceae
Nepenthes thorelii;Nepenthaceae
Nepenthes tobaica;Nepenthaceae
Nepenthes tobaica;Nepenthaceae
Nepenthes tomoriana;Nepenthaceae
Nepenthes tomoriana;Nepenthaceae
Nepenthes tomoriana;Nepenthaceae
Nepenthes treubiana;Nepenthaceae
Nepenthes truncata;Nepenthaceae
Nepenthes truncata;Nepenthaceae
Nepenthes veitchii;Nepenthaceae
Nepenthes veitchii;Nepenthaceae
Nepenthes veitchii;Nepenthaceae
Nepenthes veitchii;Nepenthaceae
Nepenthes veitchii;Nepenthaceae
Nepenthes veitchii;Nepenthaceae
Nepenthes veitchii;Nepenthaceae
Nepenthes veitchii x chaniana;Nepenthaceae
Nepenthes ventricosa;Nepenthaceae
Nepenthes ventricosa;Nepenthaceae
Nepenthes ventricosa;Nepenthaceae
Nepenthes ventricosa;Nepenthaceae
Nepenthes ventricosa;Nepenthaceae
Nepenthes ventricosa;Nepenthaceae
Nepenthes ventricosa;Nepenthaceae
Nepenthes ventricosa;Nepenthaceae
Nepenthes vieillardi;Nepenthaceae
Nepenthes vieillardi;Nepenthaceae
Nepenthes villosa;Nepenthaceae
Nepenthes vogelii;Nepenthaceae
Nepenthes x hookeriana;Nepenthaceae
Nepenthes x kuchingensis;Nepenthaceae
Nepenthes x kuchingensis;Nepenthaceae
Nepenthes x kuchingensis;Nepenthaceae
Nepenthes x trichocarpa;Nepenthaceae
Nepenthes xiphioides;Nepenthaceae
Nepenthes xiphioides;Nepenthaceae
Nepenthes xiphioides;Nepenthaceae
Nepenthes zakriana;Nepenthaceae
Nepeta <x >faassenii;Lamiaceae
Nepeta <x >faassenii;Lamiaceae
Nepeta <x >faassenii;Lamiaceae
Nepeta <x >faassenii;Lamiaceae
Nepeta <x >faassenii;Lamiaceae
Nepeta <x >faassenii;Lamiaceae
Nepeta <x >faassenii;Lamiaceae
Nepeta <x >faassenii;Lamiaceae
Nepeta <x >faassenii;Lamiaceae
Nepeta argolica;Lamiaceae
Nepeta bucharica;Lamiaceae
Nepeta camphorata;Lamiaceae
Nepeta camphorata;Lamiaceae
Nepeta cataria;Lamiaceae
Nepeta coerulea;Lamiaceae
Nepeta elliptica;Lamiaceae
Nepeta faassenii;Lamiaceae
Nepeta grandiflora;Lamiaceae
Nepeta grandiflora;Lamiaceae
Nepeta grandiflora;Lamiaceae
Nepeta grandiflora;Lamiaceae
Nepeta grandiflora;Lamiaceae
Nepeta grandiflora;Lamiaceae
Nepeta hybr.;Lamiaceae
Nepeta hybr.;Lamiaceae
Nepeta hybr.;Lamiaceae
Nepeta hybr.;Lamiaceae
Nepeta hybr.;Lamiaceae
Nepeta hybr.;Lamiaceae
Nepeta hybr.;Lamiaceae
Nepeta hybr.;Lamiaceae
Nepeta hybr.;Lamiaceae
Nepeta hybr.;Lamiaceae
Nepeta hybr.;Lamiaceae
Nepeta laevigata;Lamiaceae
Nepeta latifolia;Lamiaceae
Nepeta manchuriensis;Lamiaceae
Nepeta manchuriensis;Lamiaceae
Nepeta melissifolia;Lamiaceae
Nepeta micrantha;Lamiaceae
Nepeta mussini;Lamiaceae
Nepeta mussini;Lamiaceae
Nepeta nepetella;Lamiaceae
Nepeta nepetella;Lamiaceae
Nepeta nervosa;Lamiaceae
Nepeta nuda;Lamiaceae
Nepeta nuda;Lamiaceae
Nepeta nuda;Lamiaceae
Nepeta nuda;Lamiaceae
Nepeta nuda;Lamiaceae
Nepeta pamirensis;Lamiaceae
Nepeta pannonica;Lamiaceae
Nepeta parnassica;Lamiaceae
Nepeta prattii;Lamiaceae
Nepeta racemosa;Lamiaceae
Nepeta racemosa;Lamiaceae
Nepeta racemosa;Lamiaceae
Nepeta racemosa;Lamiaceae
Nepeta racemosa;Lamiaceae
Nepeta racemosa;Lamiaceae
Nepeta racemosa;Lamiaceae
Nepeta racemosa;Lamiaceae
Nepeta racemosa;Lamiaceae
Nepeta racemosa;Lamiaceae
Nepeta racemosa;Lamiaceae
Nepeta racemosa;Lamiaceae
Nepeta racemosa;Lamiaceae
Nepeta royleana;Lamiaceae
Nepeta schugnanica;Lamiaceae
Nepeta sibirica;Lamiaceae
Nepeta sibirica;Lamiaceae
Nepeta sibirica;Lamiaceae
Nepeta sibirica;Lamiaceae
Nepeta sp.;Lamiaceae
Nepeta spicata;Lamiaceae
Nepeta spicata;Lamiaceae
Nepeta stewartiana;Lamiaceae
Nepeta subsessilis;Lamiaceae
Nepeta subsessilis;Lamiaceae
Nepeta subsessilis;Lamiaceae
Nepeta subsessilis;Lamiaceae
Nepeta wilsonii;Lamiaceae
Nepeta yunnanensis;Lamiaceae
Nephelaphyllum pulchrum;Orchidaceae
Nephelaphyllum pulchrum;Orchidaceae
Nephelium longana;Sapindaceae
Nephrolepis biserrata;Oleandraceae (Nephrolepidaceae)
Nephrolepis cordifolia;Oleandraceae (Nephrolepidaceae)
Nephrolepis cordifolia;Oleandraceae (Nephrolepidaceae)
Nephrolepis hirsutula;Oleandraceae (Nephrolepidaceae)
Nephrolepis lauterbachii;Oleandraceae (Nephrolepidaceae)
Nephrolepis sp.;Oleandraceae (Nephrolepidaceae)
Nephrolepis sp.;Oleandraceae (Nephrolepidaceae)
Nephrolepis sp.;Oleandraceae (Nephrolepidaceae)
Nephrosperma vanhouteanum;Arecaceae
Nephrosperma vanhoutteanum;Arecaceae
Nephthytis afzelii;Araceae
Nephthytis afzelii;Araceae
Nephthytis poissoni;Araceae
Nephthytis poissoni;Araceae
Nephthytis poissoni;Araceae
Nephthytis poissoni;Araceae
Nephthytis swainei ;Araceae
Neptunia plena;Fabaceae
Neptunia plena;Fabaceae
Nerine bowdenii;Amaryllidaceae
Nerine bowdenii;Amaryllidaceae
Nerine hybr.;Amaryllidaceae
Nerium oleander;Apocynaceae
Nertera granadensis;Rubiaceae
Nertera sp.;Rubiaceae
Nertera sp.;Rubiaceae
Nertera sp.;Rubiaceae
Nertera sp.;Rubiaceae
Nervilia kotschyi;Orchidaceae
Nervilia plicata;Orchidaceae
Nesocodon mauritianus;Campanulaceae
Nesocodon mauritianus;Campanulaceae
Neviusia alabamensis;Rosaceae
Newmania sp.;Zingiberaceae
Nicotiana glauca;Solanaceae
Nicotiana langsdorffii;Solanaceae
Nicotiana rustica;Solanaceae
Nidema boothii;Orchidaceae
Nidularium billbergioides;Bromeliaceae
Nidularium lindeni;Bromeliaceae
Nierembergia scoparia;Solanaceae
Nigella bucharica;Ranunculaceae
Nigella hispanica;Ranunculaceae
Nigella orientalis;Ranunculaceae
Nigella sativa;Ranunculaceae
Niphaea oblonga;
Niphidium crassifolium;Polypodiaceae
Niphidium crassifolium;Polypodiaceae
Niphidium sp.;Polypodiaceae
Niphidium sp.;Polypodiaceae
Nipponanthemum nipponicum;Asteraceae
Nitraria sp.;Nitrariaceae
Noccaea montana;Brassicaceae
Nolana humifusa;Solanaceae
Nolana paradoxa;Solanaceae
Nolana paradoxa;Solanaceae
Nolina microcarpa;Asparagaceae (Agavaceae)
Norantea guianensis;Marcgraviaceae
Notholaena galeottii;Pteridaceae
Notholaena himalaica;Pteridaceae
Nothoscordum mahui;Amaryllidaceae (Alliaceae)
Notospartium carmicheliae;Fabaceae (s.str.)
Notospartium glabrescens;Fabaceae (s.str.)
Notospartium torulosum x glabrescens;Fabaceae (s.str.)
Notylia barkeri;Orchidaceae
Nuphar lutea;Nymphaeaceae
Nuphar x spenneriana;Nymphaeaceae
Nylandtia spinosa;Polygalaceae
Nymania capensis;Meliaceae
Nymphaea alba;Nymphaeaceae
Nymphaea candida;Nymphaeaceae
Nymphaea candida;Nymphaeaceae
Nymphaea mexicana;Nymphaeaceae
Nymphaea stellata;Nymphaeaceae
Nymphaea tetragona;Nymphaeaceae
Nymphaea thermarum;Nymphaeaceae
Nymphaea thermarum;Nymphaeaceae
Nymphoides peltata;Menyanthaceae
Nymphoides peltata;Menyanthaceae
Nymphoides peltata;Menyanthaceae
Nypa fruticans;Arecaceae
Oberonia integerrima;Orchidaceae
Oberonia longibracteata;Orchidaceae
Oberonia maxima;Orchidaceae
Oberonia philippinensis;Orchidaceae
Oberonia setigera;Orchidaceae
Oberonia setigera;Orchidaceae
Ocimum basilicum;Lamiaceae
Ocimum kilimandscharicum;Lamiaceae
Ocimum sanctum;Lamiaceae
Octomeria sp.;Orchidaceae
Odontoglossum cristatellum;Orchidaceae
Odontoglossum cruentum;Orchidaceae
Odontoglossum wyattianum;Orchidaceae
Odontochilus sp.;Orchidaceae
Odontonema callistachyum;Acanthaceae
Odontonema strictum;Acanthaceae
Odosicyos bosseri;Cucurbitaceae
Odosicyos bosseri;Cucurbitaceae
Odosicyos bosseri;Cucurbitaceae
Oeceoclades angustifolia;Orchidaceae
Oeceoclades angustifolia;Orchidaceae
Oeceoclades angustifolia;Orchidaceae
Oeceoclades angustifolia;Orchidaceae
Oeceoclades antsingyensis;Orchidaceae
Oeceoclades antsingyensis;Orchidaceae
Oeceoclades calcarata;Orchidaceae
Oeceoclades calcarata;Orchidaceae
Oeceoclades calcarata;Orchidaceae
Oeceoclades calcarata;Orchidaceae
Oeceoclades calcarata;Orchidaceae
Oeceoclades decaryana;Orchidaceae
Oeceoclades decaryana;Orchidaceae
Oeceoclades decaryana;Orchidaceae
Oeceoclades gracillima;Orchidaceae
Oeceoclades gracillima;Orchidaceae
Oeceoclades gracillima;Orchidaceae
Oeceoclades gracillima;Orchidaceae
Oeceoclades gracillima;Orchidaceae
Oeceoclades gracillima;Orchidaceae
Oeceoclades humbertii;Orchidaceae
Oeceoclades maculata;Orchidaceae
Oeceoclades maculata;Orchidaceae
Oeceoclades maculata;Orchidaceae
Oeceoclades petiolata;Orchidaceae
Oeceoclades petiolata;Orchidaceae
Oeceoclades petiolata;Orchidaceae
Oeceoclades peyrotii;Orchidaceae
Oeceoclades peyrotii;Orchidaceae
Oeceoclades pulchra;Orchidaceae
Oeceoclades pulchra;Orchidaceae
Oeceoclades quadriloba;Orchidaceae
Oeceoclades rauhii;Orchidaceae
Oeceoclades sp.;Orchidaceae
Oeceoclades sp.;Orchidaceae
Oeceoclades spathulifera;Orchidaceae
Oeceoclades spathulifera;Orchidaceae
Oeceoclades spathulifera;Orchidaceae
Oeceoclades spathulifera;Orchidaceae
Oeceoclades spathulifera;Orchidaceae
Oenanthe crocata;Apiaceae
Oenanthe lachenalii;Apiaceae
Oenanthe pimpinelloides;Apiaceae
Oenanthe silaifolia;Apiaceae
Oenia rosea;
Oenia rosea;
Oenocarpus distichus;Arecaceae
Oenothera fruticosa;Onagraceae
Oenothera kunthiana;Onagraceae
Oenothera macrocarpa;Onagraceae
Oenothera macrocarpa;Onagraceae
Oenothera macrocarpa;Onagraceae
Oenothera macrocarpa;Onagraceae
Oenothera macrocarpa;Onagraceae
Oenothera organensis;Onagraceae
Oenothera pilosella;Onagraceae
Oenothera rhombipetala;Onagraceae
Oenothera tetragona;Onagraceae
Oenothera tetragona;Onagraceae
Oenothera tetragona;Onagraceae
Oeoniella polystachys;Orchidaceae
Oerstedella centradenia;
Ochna serrulata;Ochnaceae
Ochrosia borbonica;Apocynaceae
Oia grabowski;
Oldenburgia grandis;Asteraceae
Olea europaea;Oleaceae
Oleandra intermedia;Oleandraceae
Oleandra sp.;Oleandraceae
Olearia erubescens;Asteraceae
Olearia haastii;Asteraceae
Olearia macrodonta;Asteraceae
Olearia macrodonta;Asteraceae
Olearia nummularia - hybrid;Asteraceae
Olearia nummulariifolia;Asteraceae
Olearia odorata;Asteraceae
Olearia ramulosa;Asteraceae
Olearia ramulosa;Asteraceae
Olearia x haastii;Asteraceae
Olearia x haastii;Asteraceae
Oligoneuron rigidum;Asteraceae
Oloptum miliaceum;
Olyra latifolia;Poaceae
Omoea philippinensis;Orchidaceae
Omphalodes cappadocica;Boraginaceae
Omphalodes cappadocica;Boraginaceae
Omphalodes cappadocica;Boraginaceae
Omphalodes cappadocica;Boraginaceae
Omphalodes cappadocica;Boraginaceae
Omphalodes linifolia;Boraginaceae
Omphalodes nitida;Boraginaceae
Omphalodes verna;Boraginaceae
Omphalodes verna;Boraginaceae
Omphalodes verna;Boraginaceae
Oncidium baueri;Orchidaceae
Oncidium bicalosum x microchillum;Orchidaceae
Oncidium cebolleta;Orchidaceae
Oncidium cebolleta;Orchidaceae
Oncidium crispum;Orchidaceae
Oncidium crispum;Orchidaceae
Oncidium deburghgraeveanum;Orchidaceae
Oncidium luridum;Orchidaceae
Oncidium luridum;Orchidaceae
Oncidium macranthum;Orchidaceae
Oncidium macranthum;Orchidaceae
Oncidium naevium;Orchidaceae
Oncidium nudum;Orchidaceae
Oncidium onustum;Orchidaceae
Oncidium ornithorhynchum;Orchidaceae
Oncidium powellii;Orchidaceae
Oncidium sp.;Orchidaceae
Oncidium sp.;Orchidaceae
Oncidium sp.;Orchidaceae
Oncidium sphacelatum;Orchidaceae
Oncidium sphacelatum;Orchidaceae
Oncidium sphacelatum;Orchidaceae
Oncidium sphacelatum;Orchidaceae
Oncidium sphacelatum;Orchidaceae
Oncidum splendidum;Orchidaceae
Oncoba routledgei;Salicaceae
Oncoba spinosa;Salicaceae
Ononis repens;Fabaceae (s.str.)
Ononis speciosa;Fabaceae (s.str.)
Onopordum bracteatum;Asteraceae
Onosma cinerea;Boraginaceae
Onosma helvetica;Boraginaceae
Onosma tornensis;Boraginaceae
Onychium japonicum;Pteridaceae
Onychium lucidum;Pteridaceae
Onychium sp.;Pteridaceae
Operculicarya decaryi;Anacardiaceae
Operculicarya decaryi;Anacardiaceae
Operculicarya decaryi;Anacardiaceae
Operculicarya decaryi;Anacardiaceae
Operculicarya decaryi;Anacardiaceae
Operculicarya hyphaenoides;Anacardiaceae
Operculicarya pachypus;Anacardiaceae
Operculicarya sp.;Anacardiaceae
Ophioglossum pendulum;Ophioglossaceae
Ophioglossum reticulatum;Ophioglossaceae
Ophiopogon bodinieri;Asparagaceae (Ruscaceae)
Ophiopogon japonicus;Asparagaceae (Ruscaceae)
Ophiopogon japonicus;Asparagaceae (Ruscaceae)
Ophiopogon japonicus;Asparagaceae (Ruscaceae)
Ophiopogon planiscapus;Asparagaceae (Ruscaceae)
Ophiopogon planiscapus;Asparagaceae (Ruscaceae)
Ophiopogon planiscapus;Asparagaceae (Ruscaceae)
Ophiopogon sp.;Asparagaceae (Ruscaceae)
Ophiopogon tristylatus;Asparagaceae (Ruscaceae)
Ophrys bombyliflora;Orchidaceae
Oplopanax horridus;Araliaceae
Opuntia arenaria;Cactaceae
Opuntia basilaris;Cactaceae
Opuntia engelmannii;Cactaceae
Opuntia erinacea;Cactaceae
Opuntia erinacea;Cactaceae
Opuntia ficus-indica;Cactaceae
Opuntia fragilis;Cactaceae
Opuntia fragilis;Cactaceae
Opuntia fragilis;Cactaceae
Opuntia fragilis;Cactaceae
Opuntia fragilis;Cactaceae
Opuntia galapageia;Cactaceae
Opuntia galapageia;Cactaceae
Opuntia leucotricha;Cactaceae
Opuntia littoralis;Cactaceae
Opuntia macrocentra;Cactaceae
Opuntia macrorhiza;Cactaceae
Opuntia mesacantha;Cactaceae
Opuntia nicholii;Cactaceae
Opuntia phaeacantha;Cactaceae
Opuntia phaeacantha;Cactaceae
Opuntia phaeacantha;Cactaceae
Opuntia polyacantha;Cactaceae
Opuntia polyacantha;Cactaceae
Opuntia polyacantha;Cactaceae
Opuntia sp.;Cactaceae
Opuntia sp.;Cactaceae
Opuntia sp.;Cactaceae
Opuntia strigil;Cactaceae
Opuntia tortispina;Cactaceae
Opuntia tuna;Cactaceae
Oraniopsis appendiculata;Arecaceae
Orbea ciliata;Apocynaceae
Orbea hardyi;Apocynaceae
Orbea melanantha;Apocynaceae
Orbea variegata;Apocynaceae
Orbea wissmannii;Apocynaceae
Orectanthe sceptrum;Xyridaceae
Oreocereus celsianus;Cactaceae
Oreopanax sp.;Araliaceae
Oresitrophe rupifraga;Saxifragaceae
Orchidantha borneensis;Lowiaceae
Orchidantha fimbriata;Lowiaceae
Orchidantha foetida;Lowiaceae
Orchidantha grandiflora;Lowiaceae
Orchidantha holttumii;Lowiaceae
Orchidantha chinensis;Lowiaceae
Orchidantha maxillarioides;Lowiaceae
Orchidantha siamensis;Lowiaceae
Orchidantha stercorea;Lowiaceae
Orchidantha vietnamica;Lowiaceae
Orchis fragrans;Orchidaceae
Orchis mascula;Orchidaceae
Origanum acutidens;Lamiaceae
Origanum calcaratum;Lamiaceae
Origanum cordifolium;Lamiaceae
Origanum creticum;Lamiaceae
Origanum dictamnus;Lamiaceae
Origanum heracleoticum;Lamiaceae
Origanum hybr.;Lamiaceae
Origanum hybr.;Lamiaceae
Origanum hybr.;Lamiaceae
Origanum hybr.;Lamiaceae
Origanum hybr.;Lamiaceae
Origanum hybr.;Lamiaceae
Origanum hybr.;Lamiaceae
Origanum hybr.;Lamiaceae
Origanum hybr.;Lamiaceae
Origanum hybr.;Lamiaceae
Origanum hypericifolium;Lamiaceae
Origanum kopetdaghense;Lamiaceae
Origanum laevigatum;Lamiaceae
Origanum laevigatum-hybr.;Lamiaceae
Origanum libanoticum;Lamiaceae
Origanum majorana;Lamiaceae
Origanum majorana;Lamiaceae
Origanum microphyllum;Lamiaceae
Origanum officinale;Lamiaceae
Origanum onites;Lamiaceae
Origanum rotundifolium;Lamiaceae
Origanum samothrake;Lamiaceae
Origanum scabrum;Lamiaceae
Origanum scabrum;Lamiaceae
Origanum sp.;Lamiaceae
Origanum sp.;Lamiaceae
Origanum syriacum;Lamiaceae
Origanum tyttanthum;Lamiaceae
Origanum vulgare;Lamiaceae
Origanum vulgare;Lamiaceae
Origanum vulgare;Lamiaceae
Origanum vulgare;Lamiaceae
Origanum vulgare;Lamiaceae
Origanum vulgare;Lamiaceae
Origanum vulgare;Lamiaceae
Origanum vulgare;Lamiaceae
Origanum vulgare;Lamiaceae
Origanum vulgare;Lamiaceae
Origanum vulgare;Lamiaceae
Origanum vulgare;Lamiaceae
Origanum vulgare;Lamiaceae
Origanum vulgare;Lamiaceae
Origanum vulgare;Lamiaceae
Origanum vulgare x leavigatum aromaticum;Lamiaceae
Origanum vulgare-hybr.;Lamiaceae
Origanum vulgare-hybr.;Lamiaceae
Orixa japonica;Rutaceae
Orixa japonica;Rutaceae
Orixa japonica;Rutaceae
Ormosia sp.;Fabaceae (s.str.)
Ormosia sp.;Fabaceae (s.str.)
Ormosia sp.;Fabaceae (s.str.)
Ornithidium aureum;Orchidaceae
Ornithoboea wildeana;Gesneriaceae
Ornithocephalus gladiatus;Orchidaceae
Ornithogalum convallarioides;Hyacinthaceae
Ornithogalum hispidum;Hyacinthaceae
Ornithogalum nutans;Hyacinthaceae
Ornithogalum pyrenaicum;Hyacinthaceae
Ornithogalum saundersiae;Hyacinthaceae
Ornithogalum sp.;Hyacinthaceae
Ornithogalum viridiflorum;Hyacinthaceae
Ornithophora radicans;Orchidaceae
Ornithopus perpusillus;Fabaceae (s.str.)
Orontium aquaticum;Araceae
Oroya borchersii;Cactaceae
Oroya peruviana;Cactaceae
Orthophytum foliosum;Bromeliaceae
Orthophytum foliosum;Bromeliaceae
Orthosiphon stamineus;Lamiaceae
Orthrosanthus multiflorus;Iridaceae
Oryza sativa;Poaceae
Osa pulchra;Rubiaceae
Oscularia deltoides;Aizoaceae
Osmanthus × burkwoodii;Oleaceae
Osmanthus americanus;Oleaceae
Osmanthus decorus;Oleaceae
Osmanthus heterophyllus;Oleaceae
Osmanthus heterophyllus;Oleaceae
Osmanthus heterophyllus;Oleaceae
Osmanthus heterophyllus;Oleaceae
Osmanthus heterophyllus;Oleaceae
Osmanthus heterophyllus;Oleaceae
Osmanthus heterophyllus;Oleaceae
Osmanthus heterophyllus;Oleaceae
Osmanthus heterophyllus;Oleaceae
Osmanthus heterophyllus;Oleaceae
Osmanthus heterophyllus;Oleaceae
Osmanthus heterophyllus;Oleaceae
Osmaronia cerasiformis;Rosaceae
Osmunda cinnamomea;Osmundaceae
Osmunda regalis;Osmundaceae
Osmunda regalis;Osmundaceae
Osmunda regalis;Osmundaceae
Osteomeles anthyllidifolia;Rosaceae
Osteomeles schwerinae;Rosaceae
Osteospermum hyoseroides;Asteraceae
Osteospermum vaillantii;Asteraceae
Ostrowskia magnifica;Campanulaceae
Ostrya carpinifolia;Betulaceae
Ostrya virginiana;Betulaceae
Ostrya virginiana;Betulaceae
Otacanthus caeruleus;Plantaginaceae (s.l.)
Otholobium glandulosum;Fabaceae (s.str.)
Othonna armiana;Asteraceae
Othonna capensis;Asteraceae
Othonna clavifolia;Asteraceae
Othonna filicaulis;Asteraceae
Othonna rufibarbis;Asteraceae
Othonna sp.;Asteraceae
Othonna sp.;Asteraceae
Oxalis acetosella;Oxalidaceae
Oxalis argentina;Oxalidaceae
Oxalis bowiei;Oxalidaceae
Oxalis fergusoniae;Oxalidaceae
Oxalis megalorrhiza;Oxalidaceae
Oxalis oregana;Oxalidaceae
Oxalis oregana;Oxalidaceae
Oxalis sp.;Oxalidaceae
Oxalis sp.;Oxalidaceae
Oxalis sp.;Oxalidaceae
Oxalis sp.;Oxalidaceae
Oxalis sp.;Oxalidaceae
Oxalis sp.;Oxalidaceae
Oxalis sp.;Oxalidaceae
Oxalis sp.;Oxalidaceae
Oxalis sp.;Oxalidaceae
Oxalis sp.;Oxalidaceae
Oxalis sp.;Oxalidaceae
Oxalis sp.;Oxalidaceae
Oxalis spiralis;Oxalidaceae
Oxalis squamata;Oxalidaceae
Oxalis tuberosa;Oxalidaceae
Oxalis tuberosa;Oxalidaceae
Oxalis virgosa;Oxalidaceae
Oxera pulchella;Lamiaceae
Oxera sulfurea;Lamiaceae
Oxycoccus palustris;Ericaceae
Oxydendrum arboreum;Ericaceae
Oxygonum sp.;Polygonaceae
Oxygonum sp.;Polygonaceae
Oxytropis pilosa;Fabaceae (s.str.)
Ozoroa dispar;Anacardiaceae
Ozoroa dispar;Anacardiaceae
Ozothamnus diosmifolius;Asteraceae
Ozothamnus rosmarinifolius;Asteraceae
Pabstia modestior;Orchidaceae
Packera aurea;Asteraceae
Paeonia anomala;Paeoniaceae
Paeonia anomala x tenuifolia;Paeoniaceae
Paeonia arietina;Paeoniaceae
Paeonia arietina;Paeoniaceae
Paeonia beresowskii;Paeoniaceae
Paeonia biebersteiniana;Paeoniaceae
Paeonia broteri;Paeoniaceae
Paeonia cambessedesii;Paeoniaceae
Paeonia caucasica;Paeoniaceae
Paeonia clusii;Paeoniaceae
Paeonia daurica;Paeoniaceae
Paeonia daurica;Paeoniaceae
Paeonia delavayi;Paeoniaceae
Paeonia delavayi;Paeoniaceae
Paeonia delavayi;Paeoniaceae
Paeonia delavayi;Paeoniaceae
Paeonia emodii;Paeoniaceae
Paeonia emodii x veitchii;Paeoniaceae
Paeonia hybr.;Paeoniaceae
Paeonia hybr.;Paeoniaceae
Paeonia hybr.;Paeoniaceae
Paeonia hybr.;Paeoniaceae
Paeonia hybr.;Paeoniaceae
Paeonia hybr.;Paeoniaceae
Paeonia hybr.;Paeoniaceae
Paeonia hybr.;Paeoniaceae
Paeonia hybr.;Paeoniaceae
Paeonia hybr.;Paeoniaceae
Paeonia hybr.;Paeoniaceae
Paeonia hybr.;Paeoniaceae
Paeonia hybr.;Paeoniaceae
Paeonia hybr.;Paeoniaceae
Paeonia hybr.;Paeoniaceae
Paeonia hybr.;Paeoniaceae
Paeonia hybr.;Paeoniaceae
Paeonia hybr.;Paeoniaceae
Paeonia hybr.;Paeoniaceae
Paeonia hybr.;Paeoniaceae
Paeonia hybr.;Paeoniaceae
Paeonia hybr.;Paeoniaceae
Paeonia hybr.;Paeoniaceae
Paeonia intermedia;Paeoniaceae
Paeonia intersectional-hybr.;Paeoniaceae
Paeonia intersectional-hybr.;Paeoniaceae
Paeonia intersectional-hybr.;Paeoniaceae
Paeonia intersectional-hybr.;Paeoniaceae
Paeonia intersectional-hybr.;Paeoniaceae
Paeonia intersectional-hybr.;Paeoniaceae
Paeonia intersectional-hybr.;Paeoniaceae
Paeonia intersectional-hybr.;Paeoniaceae
Paeonia intersectional-hybr.;Paeoniaceae
Paeonia intersectional-hybr.;Paeoniaceae
Paeonia intersectional-hybr.;Paeoniaceae
Paeonia intersectional-hybr.;Paeoniaceae
Paeonia intersectional-hybr.;Paeoniaceae
Paeonia intersectional-hybr.;Paeoniaceae
Paeonia intersectional-hybr.;Paeoniaceae
Paeonia intersectional-hybr.;Paeoniaceae
Paeonia intersectional-hybr.;Paeoniaceae
Paeonia intersectional-hybr.;Paeoniaceae
Paeonia intersectional-hybr.;Paeoniaceae
Paeonia intersectional-hybr.;Paeoniaceae
Paeonia intersectional-hybr.;Paeoniaceae
Paeonia japonica;Paeoniaceae
Paeonia kesrouanensis;Paeoniaceae
Paeonia lactiflora;Paeoniaceae
Paeonia lactiflora;Paeoniaceae
Paeonia lactiflora;Paeoniaceae
Paeonia lactiflora;Paeoniaceae
Paeonia lactiflora;Paeoniaceae
Paeonia lactiflora;Paeoniaceae
Paeonia lactiflora;Paeoniaceae
Paeonia lactiflora;Paeoniaceae
Paeonia lactiflora;Paeoniaceae
Paeonia lactiflora;Paeoniaceae
Paeonia lactiflora;Paeoniaceae
Paeonia lactiflora;Paeoniaceae
Paeonia lactiflora;Paeoniaceae
Paeonia lactiflora;Paeoniaceae
Paeonia lactiflora;Paeoniaceae
Paeonia lactiflora;Paeoniaceae
Paeonia lactiflora;Paeoniaceae
Paeonia lactiflora;Paeoniaceae
Paeonia lactiflora;Paeoniaceae
Paeonia lactiflora;Paeoniaceae
Paeonia lactiflora;Paeoniaceae
Paeonia lactiflora;Paeoniaceae
Paeonia lactiflora;Paeoniaceae
Paeonia lactiflora;Paeoniaceae
Paeonia lactiflora;Paeoniaceae
Paeonia lactiflora;Paeoniaceae
Paeonia lactiflora;Paeoniaceae
Paeonia lactiflora;Paeoniaceae
Paeonia lactiflora;Paeoniaceae
Paeonia lactiflora;Paeoniaceae
Paeonia lactiflora;Paeoniaceae
Paeonia lactiflora;Paeoniaceae
Paeonia lactiflora;Paeoniaceae
Paeonia lactiflora;Paeoniaceae
Paeonia lactiflora;Paeoniaceae
Paeonia lactiflora;Paeoniaceae
Paeonia lactiflora;Paeoniaceae
Paeonia lactiflora;Paeoniaceae
Paeonia lactiflora;Paeoniaceae
Paeonia lactiflora;Paeoniaceae
Paeonia lactiflora;Paeoniaceae
Paeonia lactiflora;Paeoniaceae
Paeonia lactiflora;Paeoniaceae
Paeonia lactiflora;Paeoniaceae
Paeonia lactiflora;Paeoniaceae
Paeonia lactiflora;Paeoniaceae
Paeonia lactiflora;Paeoniaceae
Paeonia lactiflora;Paeoniaceae
Paeonia lactiflora;Paeoniaceae
Paeonia lactiflora;Paeoniaceae
Paeonia lactiflora;Paeoniaceae
Paeonia lactiflora;Paeoniaceae
Paeonia lactiflora;Paeoniaceae
Paeonia lactiflora;Paeoniaceae
Paeonia lactiflora;Paeoniaceae
Paeonia lactiflora;Paeoniaceae
Paeonia lactiflora;Paeoniaceae
Paeonia lactiflora;Paeoniaceae
Paeonia lactiflora;Paeoniaceae
Paeonia lactiflora;Paeoniaceae
Paeonia lactiflora;Paeoniaceae
Paeonia lactiflora;Paeoniaceae
Paeonia lactiflora;Paeoniaceae
Paeonia lactiflora;Paeoniaceae
Paeonia lactiflora;Paeoniaceae
Paeonia lactiflora;Paeoniaceae
Paeonia lactiflora;Paeoniaceae
Paeonia lactiflora;Paeoniaceae
Paeonia lactiflora;Paeoniaceae
Paeonia lactiflora;Paeoniaceae
Paeonia lactiflora;Paeoniaceae
Paeonia lactiflora;Paeoniaceae
Paeonia lactiflora;Paeoniaceae
Paeonia lactiflora;Paeoniaceae
Paeonia lactiflora;Paeoniaceae
Paeonia lactiflora;Paeoniaceae
Paeonia lactiflora;Paeoniaceae
Paeonia lactiflora;Paeoniaceae
Paeonia lactiflora;Paeoniaceae
Paeonia lactiflora;Paeoniaceae
Paeonia lactiflora;Paeoniaceae
Paeonia lactiflora;Paeoniaceae
Paeonia lactiflora;Paeoniaceae
Paeonia lactiflora;Paeoniaceae
Paeonia lactiflora;Paeoniaceae
Paeonia lactiflora;Paeoniaceae
Paeonia lactiflora;Paeoniaceae
Paeonia lactiflora;Paeoniaceae
Paeonia lactiflora;Paeoniaceae
Paeonia lactiflora;Paeoniaceae
Paeonia lactiflora;Paeoniaceae
Paeonia lactiflora;Paeoniaceae
Paeonia lactiflora;Paeoniaceae
Paeonia lactiflora;Paeoniaceae
Paeonia lactiflora;Paeoniaceae
Paeonia lactiflora;Paeoniaceae
Paeonia lactiflora;Paeoniaceae
Paeonia lactiflora;Paeoniaceae
Paeonia lactiflora;Paeoniaceae
Paeonia lactiflora;Paeoniaceae
Paeonia lactiflora;Paeoniaceae
Paeonia lactiflora;Paeoniaceae
Paeonia lactiflora;Paeoniaceae
Paeonia lactiflora;Paeoniaceae
Paeonia lactiflora;Paeoniaceae
Paeonia lactiflora;Paeoniaceae
Paeonia lactiflora;Paeoniaceae
Paeonia lactiflora;Paeoniaceae
Paeonia lactiflora;Paeoniaceae
Paeonia lactiflora;Paeoniaceae
Paeonia lactiflora;Paeoniaceae
Paeonia lactiflora;Paeoniaceae
Paeonia lactiflora;Paeoniaceae
Paeonia lactiflora;Paeoniaceae
Paeonia lactiflora;Paeoniaceae
Paeonia lactiflora;Paeoniaceae
Paeonia lactiflora;Paeoniaceae
Paeonia lactiflora;Paeoniaceae
Paeonia lactiflora;Paeoniaceae
Paeonia lactiflora;Paeoniaceae
Paeonia lactiflora;Paeoniaceae
Paeonia lactiflora;Paeoniaceae
Paeonia lactiflora;Paeoniaceae
Paeonia lactiflora;Paeoniaceae
Paeonia lactiflora;Paeoniaceae
Paeonia lactiflora;Paeoniaceae
Paeonia lactiflora;Paeoniaceae
Paeonia lactiflora;Paeoniaceae
Paeonia lactiflora;Paeoniaceae
Paeonia lactiflora;Paeoniaceae
Paeonia lactiflora;Paeoniaceae
Paeonia lactiflora;Paeoniaceae
Paeonia lactiflora;Paeoniaceae
Paeonia lactiflora;Paeoniaceae
Paeonia lactiflora;Paeoniaceae
Paeonia lactiflora;Paeoniaceae
Paeonia lactiflora;Paeoniaceae
Paeonia lactiflora;Paeoniaceae
Paeonia lactiflora;Paeoniaceae
Paeonia lactiflora;Paeoniaceae
Paeonia lactiflora;Paeoniaceae
Paeonia lactiflora;Paeoniaceae
Paeonia lactiflora;Paeoniaceae
Paeonia lactiflora;Paeoniaceae
Paeonia lactiflora;Paeoniaceae
Paeonia lactiflora;Paeoniaceae
Paeonia lactiflora;Paeoniaceae
Paeonia lactiflora;Paeoniaceae
Paeonia lactiflora;Paeoniaceae
Paeonia lactiflora;Paeoniaceae
Paeonia lactiflora;Paeoniaceae
Paeonia lactiflora;Paeoniaceae
Paeonia lactiflora;Paeoniaceae
Paeonia lactiflora;Paeoniaceae
Paeonia lactiflora;Paeoniaceae
Paeonia lactiflora;Paeoniaceae
Paeonia lactiflora;Paeoniaceae
Paeonia lactiflora;Paeoniaceae
Paeonia lactiflora;Paeoniaceae
Paeonia lactiflora;Paeoniaceae
Paeonia lactiflora;Paeoniaceae
Paeonia lactiflora;Paeoniaceae
Paeonia lactiflora;Paeoniaceae
Paeonia lactiflora;Paeoniaceae
Paeonia lactiflora;Paeoniaceae
Paeonia lactiflora;Paeoniaceae
Paeonia lactiflora;Paeoniaceae
Paeonia lactiflora;Paeoniaceae
Paeonia lactiflora;Paeoniaceae
Paeonia lactiflora;Paeoniaceae
Paeonia lactiflora;Paeoniaceae
Paeonia lactiflora;Paeoniaceae
Paeonia lactiflora;Paeoniaceae
Paeonia lactiflora;Paeoniaceae
Paeonia lactiflora;Paeoniaceae
Paeonia lactiflora;Paeoniaceae
Paeonia lactiflora;Paeoniaceae
Paeonia lactiflora;Paeoniaceae
Paeonia lactiflora;Paeoniaceae
Paeonia lactiflora;Paeoniaceae
Paeonia lactiflora;Paeoniaceae
Paeonia lactiflora;Paeoniaceae
Paeonia lactiflora;Paeoniaceae
Paeonia lactiflora;Paeoniaceae
Paeonia lactiflora;Paeoniaceae
Paeonia lactiflora;Paeoniaceae
Paeonia lactiflora;Paeoniaceae
Paeonia lactiflora;Paeoniaceae
Paeonia lactiflora;Paeoniaceae
Paeonia lactiflora;Paeoniaceae
Paeonia lactiflora;Paeoniaceae
Paeonia lactiflora;Paeoniaceae
Paeonia lactiflora;Paeoniaceae
Paeonia lactiflora;Paeoniaceae
Paeonia lactiflora;Paeoniaceae
Paeonia lactiflora;Paeoniaceae
Paeonia lactiflora;Paeoniaceae
Paeonia lactiflora;Paeoniaceae
Paeonia lactiflora;Paeoniaceae
Paeonia lactiflora;Paeoniaceae
Paeonia lactiflora;Paeoniaceae
Paeonia lactiflora;Paeoniaceae
Paeonia lactiflora;Paeoniaceae
Paeonia lactiflora;Paeoniaceae
Paeonia lactiflora;Paeoniaceae
Paeonia lactiflora;Paeoniaceae
Paeonia lactiflora;Paeoniaceae
Paeonia lactiflora;Paeoniaceae
Paeonia lactiflora;Paeoniaceae
Paeonia lactiflora;Paeoniaceae
Paeonia lactiflora;Paeoniaceae
Paeonia lactiflora;Paeoniaceae
Paeonia lactiflora;Paeoniaceae
Paeonia lactiflora;Paeoniaceae
Paeonia lactiflora;Paeoniaceae
Paeonia lactiflora;Paeoniaceae
Paeonia lactiflora;Paeoniaceae
Paeonia lactiflora;Paeoniaceae
Paeonia lactiflora;Paeoniaceae
Paeonia lactiflora;Paeoniaceae
Paeonia lactiflora;Paeoniaceae
Paeonia lactiflora;Paeoniaceae
Paeonia lactiflora;Paeoniaceae
Paeonia lactiflora;Paeoniaceae
Paeonia lactiflora;Paeoniaceae
Paeonia lactiflora;Paeoniaceae
Paeonia lactiflora;Paeoniaceae
Paeonia lactiflora;Paeoniaceae
Paeonia lactiflora;Paeoniaceae
Paeonia lithophila;Paeoniaceae
Paeonia ludlowii;Paeoniaceae
Paeonia lutea;Paeoniaceae
Paeonia lutea;Paeoniaceae
Paeonia macrophylla;Paeoniaceae
Paeonia mairei;Paeoniaceae
Paeonia mascula;Paeoniaceae
Paeonia mascula;Paeoniaceae
Paeonia mascula;Paeoniaceae
Paeonia mascula;Paeoniaceae
Paeonia mascula;Paeoniaceae
Paeonia mlokosewitschii;Paeoniaceae
Paeonia mlokosewitschii x russoi;Paeoniaceae
Paeonia mollis;Paeoniaceae
Paeonia obovata;Paeoniaceae
Paeonia obovata;Paeoniaceae
Paeonia officinalis;Paeoniaceae
Paeonia officinalis;Paeoniaceae
Paeonia officinalis;Paeoniaceae
Paeonia officinalis;Paeoniaceae
Paeonia officinalis;Paeoniaceae
Paeonia officinalis;Paeoniaceae
Paeonia officinalis;Paeoniaceae
Paeonia officinalis;Paeoniaceae
Paeonia officinalis;Paeoniaceae
Paeonia officinalis;Paeoniaceae
Paeonia ostii;Paeoniaceae
Paeonia papaveracea x ostii;Paeoniaceae
Paeonia peregrina;Paeoniaceae
Paeonia peregrina;Paeoniaceae
Paeonia peregrina;Paeoniaceae
Paeonia rockii;Paeoniaceae
Paeonia ruprechtiana;Paeoniaceae
Paeonia russoi;Paeoniaceae
Paeonia russoi;Paeoniaceae
Paeonia saueri;Paeoniaceae
Paeonia sp.;Paeoniaceae
Paeonia sterniana;Paeoniaceae
Paeonia steveniana;Paeoniaceae
Paeonia suffruticosa;Paeoniaceae
Paeonia suffruticosa;Paeoniaceae
Paeonia suffruticosa;Paeoniaceae
Paeonia suffruticosa;Paeoniaceae
Paeonia suffruticosa;Paeoniaceae
Paeonia suffruticosa;Paeoniaceae
Paeonia suffruticosa;Paeoniaceae
Paeonia suffruticosa;Paeoniaceae
Paeonia suffruticosa;Paeoniaceae
Paeonia suffruticosa;Paeoniaceae
Paeonia suffruticosa;Paeoniaceae
Paeonia suffruticosa;Paeoniaceae
Paeonia suffruticosa;Paeoniaceae
Paeonia suffruticosa;Paeoniaceae
Paeonia suffruticosa;Paeoniaceae
Paeonia suffruticosa;Paeoniaceae
Paeonia suffruticosa;Paeoniaceae
Paeonia suffruticosa;Paeoniaceae
Paeonia suffruticosa;Paeoniaceae
Paeonia suffruticosa;Paeoniaceae
Paeonia suffruticosa;Paeoniaceae
Paeonia suffruticosa;Paeoniaceae
Paeonia suffruticosa;Paeoniaceae
Paeonia suffruticosa;Paeoniaceae
Paeonia suffruticosa;Paeoniaceae
Paeonia suffruticosa;Paeoniaceae
Paeonia suffruticosa;Paeoniaceae
Paeonia suffruticosa;Paeoniaceae
Paeonia suffruticosa;Paeoniaceae
Paeonia suffruticosa;Paeoniaceae
Paeonia suffruticosa;Paeoniaceae
Paeonia suffruticosa;Paeoniaceae
Paeonia suffruticosa;Paeoniaceae
Paeonia suffruticosa;Paeoniaceae
Paeonia suffruticosa;Paeoniaceae
Paeonia suffruticosa;Paeoniaceae
Paeonia suffruticosa;Paeoniaceae
Paeonia suffruticosa;Paeoniaceae
Paeonia suffruticosa;Paeoniaceae
Paeonia suffruticosa;Paeoniaceae
Paeonia suffruticosa;Paeoniaceae
Paeonia suffruticosa;Paeoniaceae
Paeonia suffruticosa;Paeoniaceae
Paeonia suffruticosa;Paeoniaceae
Paeonia suffruticosa;Paeoniaceae
Paeonia suffruticosa;Paeoniaceae
Paeonia suffruticosa;Paeoniaceae
Paeonia suffruticosa;Paeoniaceae
Paeonia suffruticosa;Paeoniaceae
Paeonia suffruticosa;Paeoniaceae
Paeonia suffruticosa;Paeoniaceae
Paeonia suffruticosa;Paeoniaceae
Paeonia suffruticosa;Paeoniaceae
Paeonia suffruticosa;Paeoniaceae
Paeonia suffruticosa;Paeoniaceae
Paeonia suffruticosa;Paeoniaceae
Paeonia suffruticosa;Paeoniaceae
Paeonia suffruticosa;Paeoniaceae
Paeonia suffruticosa;Paeoniaceae
Paeonia suffruticosa;Paeoniaceae
Paeonia suffruticosa;Paeoniaceae
Paeonia suffruticosa;Paeoniaceae
Paeonia suffruticosa;Paeoniaceae
Paeonia suffruticosa;Paeoniaceae
Paeonia suffruticosa;Paeoniaceae
Paeonia suffruticosa;Paeoniaceae
Paeonia suffruticosa;Paeoniaceae
Paeonia suffruticosa;Paeoniaceae
Paeonia suffruticosa;Paeoniaceae
Paeonia suffruticosa;Paeoniaceae
Paeonia suffruticosa;Paeoniaceae
Paeonia suffruticosa;Paeoniaceae
Paeonia suffruticosa;Paeoniaceae
Paeonia suffruticosa;Paeoniaceae
Paeonia suffruticosa;Paeoniaceae
Paeonia suffruticosa;Paeoniaceae
Paeonia suffruticosa;Paeoniaceae
Paeonia suffruticosa;Paeoniaceae
Paeonia suffruticosa;Paeoniaceae
Paeonia suffruticosa;Paeoniaceae
Paeonia suffruticosa;Paeoniaceae
Paeonia suffruticosa;Paeoniaceae
Paeonia suffruticosa;Paeoniaceae
Paeonia suffruticosa;Paeoniaceae
Paeonia suffruticosa;Paeoniaceae
Paeonia suffruticosa;Paeoniaceae
Paeonia suffruticosa;Paeoniaceae
Paeonia suffruticosa;Paeoniaceae
Paeonia suffruticosa;Paeoniaceae
Paeonia suffruticosa;Paeoniaceae
Paeonia suffruticosa;Paeoniaceae
Paeonia suffruticosa;Paeoniaceae
Paeonia suffruticosa;Paeoniaceae
Paeonia suffruticosa;Paeoniaceae
Paeonia suffruticosa;Paeoniaceae
Paeonia suffruticosa;Paeoniaceae
Paeonia suffruticosa;Paeoniaceae
Paeonia suffruticosa;Paeoniaceae
Paeonia suffruticosa;Paeoniaceae
Paeonia suffruticosa;Paeoniaceae
Paeonia suffruticosa;Paeoniaceae
Paeonia suffruticosa;Paeoniaceae
Paeonia suffruticosa;Paeoniaceae
Paeonia suffruticosa;Paeoniaceae
Paeonia suffruticosa;Paeoniaceae
Paeonia suffruticosa;Paeoniaceae
Paeonia suffruticosa;Paeoniaceae
Paeonia suffruticosa;Paeoniaceae
Paeonia suffruticosa;Paeoniaceae
Paeonia suffruticosa;Paeoniaceae
Paeonia suffruticosa;Paeoniaceae
Paeonia suffruticosa;Paeoniaceae
Paeonia suffruticosa;Paeoniaceae
Paeonia suffruticosa;Paeoniaceae
Paeonia suffruticosa;Paeoniaceae
Paeonia suffruticosa;Paeoniaceae
Paeonia suffruticosa;Paeoniaceae
Paeonia suffruticosa;Paeoniaceae
Paeonia suffruticosa;Paeoniaceae
Paeonia suffruticosa;Paeoniaceae
Paeonia suffruticosa;Paeoniaceae
Paeonia suffruticosa;Paeoniaceae
Paeonia suffruticosa;Paeoniaceae
Paeonia suffruticosa;Paeoniaceae
Paeonia suffruticosa;Paeoniaceae
Paeonia suffruticosa;Paeoniaceae
Paeonia suffruticosa;Paeoniaceae
Paeonia suffruticosa;Paeoniaceae
Paeonia suffruticosa;Paeoniaceae
Paeonia suffruticosa;Paeoniaceae
Paeonia suffruticosa;Paeoniaceae
Paeonia suffruticosa;Paeoniaceae
Paeonia suffruticosa;Paeoniaceae
Paeonia suffruticosa;Paeoniaceae
Paeonia suffruticosa;Paeoniaceae
Paeonia suffruticosa;Paeoniaceae
Paeonia suffruticosa;Paeoniaceae
Paeonia suffruticosa;Paeoniaceae
Paeonia suffruticosa;Paeoniaceae
Paeonia suffruticosa;Paeoniaceae
Paeonia suffruticosa;Paeoniaceae
Paeonia suffruticosa;Paeoniaceae
Paeonia suffruticosa;Paeoniaceae
Paeonia suffruticosa;Paeoniaceae
Paeonia suffruticosa;Paeoniaceae
Paeonia suffruticosa;Paeoniaceae
Paeonia suffruticosa;Paeoniaceae
Paeonia suffruticosa;Paeoniaceae
Paeonia suffruticosa;Paeoniaceae
Paeonia suffruticosa;Paeoniaceae
Paeonia suffruticosa;Paeoniaceae
Paeonia suffruticosa;Paeoniaceae
Paeonia suffruticosa;Paeoniaceae
Paeonia suffruticosa;Paeoniaceae
Paeonia suffruticosa;Paeoniaceae
Paeonia suffruticosa;Paeoniaceae
Paeonia suffruticosa;Paeoniaceae
Paeonia suffruticosa;Paeoniaceae
Paeonia suffruticosa;Paeoniaceae
Paeonia suffruticosa;Paeoniaceae
Paeonia suffruticosa;Paeoniaceae
Paeonia suffruticosa;Paeoniaceae
Paeonia suffruticosa;Paeoniaceae
Paeonia suffruticosa;Paeoniaceae
Paeonia suffruticosa;Paeoniaceae
Paeonia suffruticosa;Paeoniaceae
Paeonia suffruticosa;Paeoniaceae
Paeonia suffruticosa;Paeoniaceae
Paeonia suffruticosa;Paeoniaceae
Paeonia suffruticosa;Paeoniaceae
Paeonia suffruticosa;Paeoniaceae
Paeonia suffruticosa;Paeoniaceae
Paeonia suffruticosa;Paeoniaceae
Paeonia suffruticosa;Paeoniaceae
Paeonia suffruticosa;Paeoniaceae
Paeonia suffruticosa;Paeoniaceae
Paeonia suffruticosa;Paeoniaceae
Paeonia suffruticosa;Paeoniaceae
Paeonia suffruticosa;Paeoniaceae
Paeonia suffruticosa;Paeoniaceae
Paeonia suffruticosa;Paeoniaceae
Paeonia suffruticosa;Paeoniaceae
Paeonia suffruticosa;Paeoniaceae
Paeonia suffruticosa;Paeoniaceae
Paeonia suffruticosa;Paeoniaceae
Paeonia suffruticosa;Paeoniaceae
Paeonia suffruticosa;Paeoniaceae
Paeonia suffruticosa;Paeoniaceae
Paeonia suffruticosa;Paeoniaceae
Paeonia suffruticosa;Paeoniaceae
Paeonia suffruticosa;Paeoniaceae
Paeonia suffruticosa;Paeoniaceae
Paeonia suffruticosa;Paeoniaceae
Paeonia suffruticosa;Paeoniaceae
Paeonia suffruticosa;Paeoniaceae
Paeonia suffruticosa;Paeoniaceae
Paeonia suffruticosa;Paeoniaceae
Paeonia suffruticosa;Paeoniaceae
Paeonia suffruticosa;Paeoniaceae
Paeonia suffruticosa;Paeoniaceae
Paeonia suffruticosa;Paeoniaceae
Paeonia suffruticosa;Paeoniaceae
Paeonia suffruticosa;Paeoniaceae
Paeonia suffruticosa;Paeoniaceae
Paeonia suffruticosa;Paeoniaceae
Paeonia suffruticosa;Paeoniaceae
Paeonia suffruticosa;Paeoniaceae
Paeonia suffruticosa;Paeoniaceae
Paeonia suffruticosa;Paeoniaceae
Paeonia suffruticosa;Paeoniaceae
Paeonia suffruticosa;Paeoniaceae
Paeonia suffruticosa;Paeoniaceae
Paeonia suffruticosa;Paeoniaceae
Paeonia suffruticosa;Paeoniaceae
Paeonia szechuanica;Paeoniaceae
Paeonia tenuifolia;Paeoniaceae
Paeonia tenuifolia;Paeoniaceae
Paeonia tenuifolia x obovata;Paeoniaceae
Paeonia tomentosa;Paeoniaceae
Paeonia turcica;Paeoniaceae
Paeonia veitchii;Paeoniaceae
Paeonia veitchii;Paeoniaceae
Paeonia wendelboi x mlokosewitschii;Paeoniaceae
Paeonia wittmanniana;Paeoniaceae
Paeonia x lemoinei;Paeoniaceae
Paeonia x lemoinei;Paeoniaceae
Paeonia x lemoinei;Paeoniaceae
Paeonia x lemoinei;Paeoniaceae
Paeonia x lemoinei;Paeoniaceae
Paeonia x lemoinei;Paeoniaceae
Paeonia x lemoinei;Paeoniaceae
Paeonia x lemoinei;Paeoniaceae
Paeonia x lemoinei;Paeoniaceae
Paeonia x lemoinei;Paeoniaceae
Paeonia x lemoinei;Paeoniaceae
Paeonia x lemoinei;Paeoniaceae
Paeonia x lemoinei;Paeoniaceae
Paeonia x lemoinei;Paeoniaceae
Paeonia x lemoinei;Paeoniaceae
Paeonia x papaveracea;Paeoniaceae
Paeonia x smouthii;Paeoniaceae
Paepalanthus costaricensis;Eriocaulaceae
Paepalanthus sp.;Eriocaulaceae
Pachira macrocarpa;Malvaceae
Pachira sp.;Malvaceae
Pachistima canbyi;Celastraceae
Pachycentria glauca;Melastomataceae
Pachycereus pringlei;Cactaceae
Pachycereus pringlei;Cactaceae
Pachycormus discolor;Anacardiaceae
Pachycormus discolor;Anacardiaceae
Pachyphragma macrophyllum;Brassicaceae
Pachyphytum compactum;Crassulaceae
Pachyphytum glutinicaule;Crassulaceae
Pachyphytum hookeri;Crassulaceae
Pachyphytum oviferum;Crassulaceae
Pachyphytum oviferum;Crassulaceae
Pachyphytum viride;Crassulaceae
Pachypodium ambongense;Apocynaceae
Pachypodium ambongense;Apocynaceae
Pachypodium baronii;Apocynaceae
Pachypodium baronii;Apocynaceae
Pachypodium bicolor;Apocynaceae
Pachypodium bispinosum;Apocynaceae
Pachypodium bispinosum;Apocynaceae
Pachypodium brevicaule;Apocynaceae
Pachypodium brevicaule;Apocynaceae
Pachypodium brevicaule;Apocynaceae
Pachypodium brevicaule;Apocynaceae
Pachypodium brevicaule;Apocynaceae
Pachypodium brevicaule;Apocynaceae
Pachypodium brevicaule;Apocynaceae
Pachypodium brevicaule;Apocynaceae
Pachypodium cactipes;Apocynaceae
Pachypodium cactipes;Apocynaceae
Pachypodium decaryi;Apocynaceae
Pachypodium densiflorum;Apocynaceae
Pachypodium densiflorum;Apocynaceae
Pachypodium densiflorum;Apocynaceae
Pachypodium densiflorum;Apocynaceae
Pachypodium densiflorum;Apocynaceae
Pachypodium densiflorum;Apocynaceae
Pachypodium densiflorum;Apocynaceae
Pachypodium densiflorum;Apocynaceae
Pachypodium densiflorum;Apocynaceae
Pachypodium densiflorum;Apocynaceae
Pachypodium densiflorum;Apocynaceae
Pachypodium densiflorum;Apocynaceae
Pachypodium densiflorum;Apocynaceae
Pachypodium densiflorum;Apocynaceae
Pachypodium densiflorum;Apocynaceae
Pachypodium eburneum;Apocynaceae
Pachypodium eburneum;Apocynaceae
Pachypodium eburneum;Apocynaceae
Pachypodium eburneum;Apocynaceae
Pachypodium enigmaticum;Apocynaceae
Pachypodium geayi;Apocynaceae
Pachypodium geayi;Apocynaceae
Pachypodium gracilius;Apocynaceae
Pachypodium horombense;Apocynaceae
Pachypodium horombense;Apocynaceae
Pachypodium horombense;Apocynaceae
Pachypodium horombense;Apocynaceae
Pachypodium inopinatum;Apocynaceae
Pachypodium inopinatum;Apocynaceae
Pachypodium inopinatum;Apocynaceae
Pachypodium inopinatum;Apocynaceae
Pachypodium lamerei;Apocynaceae
Pachypodium lamerei;Apocynaceae
Pachypodium lamerei;Apocynaceae
Pachypodium lamerei;Apocynaceae
Pachypodium lamerei;Apocynaceae
Pachypodium lealii;Apocynaceae
Pachypodium makayense;Apocynaceae
Pachypodium makayense;Apocynaceae
Pachypodium mikea;Apocynaceae
Pachypodium mikea;Apocynaceae
Pachypodium namaquanum;Apocynaceae
Pachypodium namaquanum;Apocynaceae
Pachypodium namaquanum;Apocynaceae
Pachypodium rosulatum;Apocynaceae
Pachypodium rosulatum;Apocynaceae
Pachypodium rosulatum;Apocynaceae
Pachypodium rosulatum;Apocynaceae
Pachypodium rosulatum;Apocynaceae
Pachypodium rosulatum;Apocynaceae
Pachypodium rosulatum;Apocynaceae
Pachypodium rosulatum;Apocynaceae
Pachypodium rutenbergianum;Apocynaceae
Pachypodium rutenbergianum;Apocynaceae
Pachypodium rutenbergianum;Apocynaceae
Pachypodium rutenbergianum;Apocynaceae
Pachypodium rutenbergianum;Apocynaceae
Pachypodium saundersii;Apocynaceae
Pachypodium saundersii;Apocynaceae
Pachypodium sofiense;Apocynaceae
Pachypodium succulentum;Apocynaceae
Pachypodium succulentum;Apocynaceae
Pachypodium succulentum;Apocynaceae
Pachypodium succulentum;Apocynaceae
Pachypodium succulentum;Apocynaceae
Pachypodium windsorii;Apocynaceae
Pachypodium windsorii;Apocynaceae
Pachysandra procumbens;Buxaceae
Pachysandra procumbens;Buxaceae
Pachysandra procumbens;Buxaceae
Pachysandra procumbens;Buxaceae
Pachysandra procumbens;Buxaceae
Pachysandra stylosa;Buxaceae
Pachysandra terminalis;Buxaceae
Pachysandra terminalis;Buxaceae
Pachysandra terminalis;Buxaceae
Pachysandra terminalis;Buxaceae
Pachysandra terminalis;Buxaceae
Pachysandra terminalis;Buxaceae
Pachystachys lutea;Acanthaceae
Pachystegia insignis;
Pachystegia minor;
Paliavana prasinata;Gesneriaceae
Paliavana tenuiflora;Gesneriaceae
Paliavana werdermannii;Gesneriaceae
Palicourea guianensis;Rubiaceae
Palisota barteri;Commelinaceae
Palisota bracteosa;Commelinaceae
Paliurus spina-christi;Rhamnaceae
Pamianthe peruviana;Amaryllidaceae
Panax japonicus;Araliaceae
Panax pseudoginseng;Araliaceae
Panax quinquefolius;Araliaceae
Pancratium canariense;Amaryllidaceae
Pancratium maritimum;Amaryllidaceae
Pancratium parviflorum;Amaryllidaceae
Panda oleosa;Pandaceae
Pandanus amaryllifolius;Pandanaceae
Pandanus baptisti;Pandanaceae
Pandanus odorifer;Pandanaceae
Pandanus sp.;Pandanaceae
Pandanus sp.;Pandanaceae
Pandanus sp.;Pandanaceae
Pandanus sp.;Pandanaceae
Pandanus sp.;Pandanaceae
Pandanus sp.;Pandanaceae
Pandanus tectorius;Pandanaceae
Pandorea jasminoides;Bignoniaceae
Pangium edule;Salicaceae
Pangium edule;Salicaceae
Pancheria hirsuta;Cunoniaceae
Panicum amarum;Poaceae
Panicum capillare;Poaceae
Panicum clandestinum;Poaceae
Panicum clandestinum;Poaceae
Panicum commutatum;Poaceae
Panicum virgatum;Poaceae
Panicum virgatum;Poaceae
Panicum virgatum;Poaceae
Panicum virgatum;Poaceae
Panicum virgatum;Poaceae
Panicum virgatum;Poaceae
Panicum virgatum;Poaceae
Panicum virgatum;Poaceae
Panicum virgatum;Poaceae
Panicum virgatum;Poaceae
Panicum virgatum;Poaceae
Panicum virgatum;Poaceae
Panicum virgatum;Poaceae
Panicum virgatum;Poaceae
Panicum virgatum;Poaceae
Panicum virgatum;Poaceae
Panicum virgatum;Poaceae
Panicum virgatum;Poaceae
Panicum virgatum;Poaceae
Panicum virgatum;Poaceae
Panicum virgatum;Poaceae
Panicum virgatum;Poaceae
Panicum virgatum;Poaceae
Panicum virgatum;Poaceae
Panicum virgatum;Poaceae
Panicum virgatum;Poaceae
Panicum virgatum;Poaceae
Panicum virgatum;Poaceae
Panicum virgatum;Poaceae
Panicum virgatum;Poaceae
Panicum virgatum;Poaceae
Panicum virgatum;Poaceae
Papaver aculeatum;Papaveraceae
Papaver atlanticum;Papaveraceae
Papaver bracteatum;Papaveraceae
Papaver orientale;Papaveraceae
Papaver orientale;Papaveraceae
Papaver orientale;Papaveraceae
Papaver orientale;Papaveraceae
Papaver orientale;Papaveraceae
Papaver orientale;Papaveraceae
Papaver orientale;Papaveraceae
Papaver orientale;Papaveraceae
Papaver orientale;Papaveraceae
Papaver orientale;Papaveraceae
Papaver orientale;Papaveraceae
Papaver orientale;Papaveraceae
Papaver orientale;Papaveraceae
Papaver orientale;Papaveraceae
Papaver orientale;Papaveraceae
Papaver orientale;Papaveraceae
Papaver orientale;Papaveraceae
Papaver orientale;Papaveraceae
Papaver rhoeas;Papaveraceae
Papaver rhoeas;Papaveraceae
Papaver rupifragum;Papaveraceae
Papaver spicatum;Papaveraceae
Paphinia herrerae;Orchidaceae
Paphinia litensis;Orchidaceae
Paphinia neudeckeri;Orchidaceae
Paphiopedilum × lathamianum;Orchidaceae
Paphiopedilum adductum;Orchidaceae
Paphiopedilum adductum;Orchidaceae
Paphiopedilum adductum;Orchidaceae
Paphiopedilum anitanum;Orchidaceae
Paphiopedilum anitanum;Orchidaceae
Paphiopedilum anitanum;Orchidaceae
Paphiopedilum argus;Orchidaceae
Paphiopedilum argus;Orchidaceae
Paphiopedilum armeniacum;Orchidaceae
Paphiopedilum barbigerum;Orchidaceae
Paphiopedilum bellatulum;Orchidaceae
Paphiopedilum bougainvilleanum;Orchidaceae
Paphiopedilum boxalii;Orchidaceae
Paphiopedilum bullenianum;Orchidaceae
Paphiopedilum callosum;Orchidaceae
Paphiopedilum canhii;Orchidaceae
Paphiopedilum concolor;Orchidaceae
Paphiopedilum dayanum;Orchidaceae
Paphiopedilum dayanum;Orchidaceae
Paphiopedilum delenatii;Orchidaceae
Paphiopedilum delenatii;Orchidaceae
Paphiopedilum delenatii;Orchidaceae
Paphiopedilum dianthum;Orchidaceae
Paphiopedilum dianthum;Orchidaceae
Paphiopedilum druryi;Orchidaceae
Paphiopedilum druryi;Orchidaceae
Paphiopedilum emersonii;Orchidaceae
Paphiopedilum exul;Orchidaceae
Paphiopedilum fairrieanum;Orchidaceae
Paphiopedilum gigantifolium;Orchidaceae
Paphiopedilum glanduliferum;Orchidaceae
Paphiopedilum glanduliferum;Orchidaceae
Paphiopedilum godefroyae;Orchidaceae
Paphiopedilum godefroyae;Orchidaceae
Paphiopedilum godefroyae;Orchidaceae
Paphiopedilum gratrixianum;Orchidaceae
Paphiopedilum hangianum;Orchidaceae
Paphiopedilum hangianum;Orchidaceae
Paphiopedilum haynaldianum;Orchidaceae
Paphiopedilum helenae;Orchidaceae
Paphiopedilum hennisianum;Orchidaceae
Paphiopedilum henryanum;Orchidaceae
Paphiopedilum henryanum;Orchidaceae
Paphiopedilum herrmannii;Orchidaceae
Paphiopedilum hirsutissimum;Orchidaceae
Paphiopedilum hirsutissimum;Orchidaceae
Paphiopedilum hookerae;Orchidaceae
Paphiopedilum hybr.;Orchidaceae
Paphiopedilum hybr.;Orchidaceae
Paphiopedilum hybr.;Orchidaceae
Paphiopedilum hybr.;Orchidaceae
Paphiopedilum charlesworthii;Orchidaceae
Paphiopedilum insigne;Orchidaceae
Paphiopedilum intaniae;Orchidaceae
Paphiopedilum intaniae;Orchidaceae
Paphiopedilum jackii;Orchidaceae
Paphiopedilum javanicum;Orchidaceae
Paphiopedilum javanicum;Orchidaceae
Paphiopedilum kolopakingii;Orchidaceae
Paphiopedilum lawrenceanum;Orchidaceae
Paphiopedilum leucochilum;Orchidaceae
Paphiopedilum lowii;Orchidaceae
Paphiopedilum lowii;Orchidaceae
Paphiopedilum lunatum;Orchidaceae
Paphiopedilum malipoense;Orchidaceae
Paphiopedilum micranthum;Orchidaceae
Paphiopedilum micranthum;Orchidaceae
Paphiopedilum micranthum;Orchidaceae
Paphiopedilum micranthum;Orchidaceae
Paphiopedilum micranthum;Orchidaceae
Paphiopedilum micranthum;Orchidaceae
Paphiopedilum moquetteanum;Orchidaceae
Paphiopedilum myanmaricum;Orchidaceae
Paphiopedilum myanmaricum;Orchidaceae
Paphiopedilum niveum;Orchidaceae
Paphiopedilum niveum;Orchidaceae
Paphiopedilum niveum;Orchidaceae
Paphiopedilum papuanum;Orchidaceae
Paphiopedilum parishii;Orchidaceae
Paphiopedilum philippinense;Orchidaceae
Paphiopedilum philippinense;Orchidaceae
Paphiopedilum philippinense;Orchidaceae
Paphiopedilum philippinense;Orchidaceae
Paphiopedilum philippinense;Orchidaceae
Paphiopedilum philippinense;Orchidaceae
Paphiopedilum philippinense;Orchidaceae
Paphiopedilum philippinense;Orchidaceae
Paphiopedilum philippinense;Orchidaceae
Paphiopedilum platyphyllum;Orchidaceae
Paphiopedilum praestans;Orchidaceae
Paphiopedilum praestans;Orchidaceae
Paphiopedilum praestans;Orchidaceae
Paphiopedilum purpuratum;Orchidaceae
Paphiopedilum purpuratum;Orchidaceae
Paphiopedilum randsii;Orchidaceae
Paphiopedilum rotschildianum;Orchidaceae
Paphiopedilum rotschildianum;Orchidaceae
Paphiopedilum rotschildianum;Orchidaceae
Paphiopedilum rotschildianum;Orchidaceae
Paphiopedilum rungsuriyanum;Orchidaceae
Paphiopedilum rungsuriyanum;Orchidaceae
Paphiopedilum sanderianum;Orchidaceae
Paphiopedilum sanderianum;Orchidaceae
Paphiopedilum sanderianum;Orchidaceae
Paphiopedilum sangii;Orchidaceae
Paphiopedilum spicerianum;Orchidaceae
Paphiopedilum spicerianum;Orchidaceae
Paphiopedilum stonei;Orchidaceae
Paphiopedilum stonei;Orchidaceae
Paphiopedilum sugiyamanum;Orchidaceae
Paphiopedilum sukhakulii;Orchidaceae
Paphiopedilum sukhakulii;Orchidaceae
Paphiopedilum supardii;Orchidaceae
Paphiopedilum supardii;Orchidaceae
Paphiopedilum supardii;Orchidaceae
Paphiopedilum superbiens;Orchidaceae
Paphiopedilum superbiens;Orchidaceae
Paphiopedilum thaianum;Orchidaceae
Paphiopedilum tonsum;Orchidaceae
Paphiopedilum urbanianum;Orchidaceae
Paphiopedilum venustum;Orchidaceae
Paphiopedilum venustum;Orchidaceae
Paphiopedilum venustum;Orchidaceae
Paphiopedilum victoria-regina;Orchidaceae
Paphiopedilum vietnamense;Orchidaceae
Paphiopedilum villosum;Orchidaceae
Paphiopedilum villosum;Orchidaceae
Paphiopedilum violascens;Orchidaceae
Paphiopedilum wenshanense;Orchidaceae
Paphiopedilum wenshanense;Orchidaceae
Paphiopedilum wenshanense;Orchidaceae
Paphiopedilum wilhelminae;Orchidaceae
Paphiopedilum wilhelminae;Orchidaceae
Papilionanthe pedunculata;Orchidaceae
Papilionanthe taiwaniana;Orchidaceae
Papilionanthe teres;Orchidaceae
Pappostipa chrysophylla;
Papuacedrus papuana;
Paracostus englerianus;Costaceae
Paracostus englerianus;Costaceae
Paracostus paradoxus;Costaceae
Paradarymonia campostyla;
Paradrymonia aurea;Gesneriaceae
Paradrymonia ciliosa;Gesneriaceae
Paradrymonia hypocyrta;Gesneriaceae
Paradrymonia lurida;Gesneriaceae
Paragenipa lancifolia;Rubiaceae
Parahebe hookeriana;Plantaginaceae (s.l.)
Parahemionitis cordata;Pteridaceae
Parahemionitis cordata;Pteridaceae
Parajubaea sunkha;Arecaceae
Parajubaea torallyi;Arecaceae
Parajubaea torallyi;Arecaceae
Parakmeria lotungensis;
Paraphalaenopsis denevei;Orchidaceae
Paraphalaenopsis labukensis;Orchidaceae
Paraphalaenopsis labukensis;Orchidaceae
Paraphalaenopsis laycockii;Orchidaceae
Paraphalaenopsis laycockii;Orchidaceae
Paraphalaenopsis laycockii;Orchidaceae
Paraphalaenopsis serpentilingua;Orchidaceae
Pararistolochia promissa;Aristolochiaceae
Parasenecio hastatus;Asteraceae
Paraserianthes lophantha;Fabaceae
Paraserianthes lophantha;Fabaceae
Parathelypteris nipponica;Thelypteridaceae
Parietaria officinalis;Urticaceae
Paris quadrifolia;Melanthiaceae
Parkinsonia aculeata;Fabaceae (Caesalpiniaceae)
Parmentiera edulis;Bignoniaceae
Parodia maassii;Cactaceae
Parodia maassii;Cactaceae
Parodia microsperma;Cactaceae
Parolinia ornata;Brassicaceae
Paronychia argentea;Caryophyllaceae
Paronychia kapela;Caryophyllaceae
Paronychia kapela;Caryophyllaceae
Parrotia persica;Hamamelidaceae
Parrotia persica;Hamamelidaceae
Parrotiopsis jacquemontiana;Hamamelidaceae
Parthenium integrifolium;Asteraceae
Parthenium integrifolium;Asteraceae
Parthenium integrifolium;Asteraceae
Parthenium integrifolium;Asteraceae
Parthenocissus henryana;Vitaceae
Parthenocissus inserta;Vitaceae
Parthenocissus quinquefolia;Vitaceae
Parthenocissus quinquefolia;Vitaceae
Parthenocissus quinquefolia;Vitaceae
Parthenocissus quinquefolia;Vitaceae
Parthenocissus tricuspidata;Vitaceae
Parthenocissus tricuspidata;Vitaceae
Parthenocissus tricuspidata;Vitaceae
Parthenocissus tricuspidata;Vitaceae
Parthenocissus tricuspidata;Vitaceae
Passiflora alnifolia;Passifloraceae
Passiflora amethystina;Passifloraceae
Passiflora auriculata;Passifloraceae
Passiflora capsularis;Passifloraceae
Passiflora citrina;Passifloraceae
Passiflora holosericea;Passifloraceae
Passiflora holosericea;Passifloraceae
Passiflora incarnata;Passifloraceae
Passiflora incarnata;Passifloraceae
Passiflora lutea;Passifloraceae
Passiflora platyloba;Passifloraceae
Passiflora quadrangullaris;Passifloraceae
Passiflora sp.;Passifloraceae
Passiflora wilsonii;Passifloraceae
Passiflora x piresii;Passifloraceae
Patersonia occidentalis;Iridaceae
Patrinia gibbosa;Valerianaceae
Patrinia heterophylla;Valerianaceae
Patrinia intermedia;Valerianaceae
Patrinia intermedia;Valerianaceae
Patrinia monandra;Valerianaceae
Patrinia punctiflora;Valerianaceae
Patrinia rupestrris;Valerianaceae
Patrinia scabiosifolia;Valerianaceae
Patrinia sibirica;Valerianaceae
Paullinia cupana;Sapindaceae
Paullinia cupana;Sapindaceae
Paulownia elongata;Paulowniaceae
Paulownia fortunei;Paulowniaceae
Paulownia tomentosa;Paulowniaceae
Pavetta edentula;Rubiaceae
Pavonia <x >glenhillii;Malvaceae
Pavonia erectiflora;Malvaceae
Pearcea abunda;Gesneriaceae
Pearcea abunda;Gesneriaceae
Pearcea hypocyrtiflora;Gesneriaceae
Pearcea rhodotricha;Gesneriaceae
Pearcea sprucei;Gesneriaceae
Peganum harmala;Nitrariaceae
Peganum harmala;Nitrariaceae
Pelagodoxa henryana;Arecaceae
Pelargonium abrotanifolium;Geraniaceae
Pelargonium abrotanifolium;Geraniaceae
Pelargonium acetosum;Geraniaceae
Pelargonium aciculatum;Geraniaceae
Pelargonium aciculatum;Geraniaceae
Pelargonium acraeum;Geraniaceae
Pelargonium aestivale;Geraniaceae
Pelargonium aestivale;Geraniaceae
Pelargonium aestivale;Geraniaceae
Pelargonium aestivale;Geraniaceae
Pelargonium album;Geraniaceae
Pelargonium album;Geraniaceae
Pelargonium album;Geraniaceae
Pelargonium alchemilloides;Geraniaceae
Pelargonium alchemilloides;Geraniaceae
Pelargonium alchemilloides;Geraniaceae
Pelargonium alchemilloides;Geraniaceae
Pelargonium alchemilloides;Geraniaceae
Pelargonium alchemilloides;Geraniaceae
Pelargonium alchemilloides;Geraniaceae
Pelargonium alpinum;Geraniaceae
Pelargonium alternans;Geraniaceae
Pelargonium althaeifolium;Geraniaceae
Pelargonium anethifolium;Geraniaceae
Pelargonium anethifolium;Geraniaceae
Pelargonium antidysentericum;Geraniaceae
Pelargonium appendiculatum;Geraniaceae
Pelargonium appendiculatum;Geraniaceae
Pelargonium appendiculatum;Geraniaceae
Pelargonium appendiculatum;Geraniaceae
Pelargonium aridum;Geraniaceae
Pelargonium aridum;Geraniaceae
Pelargonium aridum;Geraniaceae
Pelargonium aridum;Geraniaceae
Pelargonium articulatum;Geraniaceae
Pelargonium asperifolium;Geraniaceae
Pelargonium auritum;Geraniaceae
Pelargonium auritum;Geraniaceae
Pelargonium australe;Geraniaceae
Pelargonium australe;Geraniaceae
Pelargonium australe;Geraniaceae
Pelargonium australe;Geraniaceae
Pelargonium australe;Geraniaceae
Pelargonium australe;Geraniaceae
Pelargonium australe;Geraniaceae
Pelargonium barklyi;Geraniaceae
Pelargonium betulinum;Geraniaceae
Pelargonium blandfordianum;Geraniaceae
Pelargonium boranense;Geraniaceae
Pelargonium boranense;Geraniaceae
Pelargonium boranense;Geraniaceae
Pelargonium bowkeri;Geraniaceae
Pelargonium bowkeri;Geraniaceae
Pelargonium bowkeri x fulgidum;Geraniaceae
Pelargonium bubonifolium;Geraniaceae
Pelargonium buysii;Geraniaceae
Pelargonium caespitosum;Geraniaceae
Pelargonium caespitosum;Geraniaceae
Pelargonium caffrum;Geraniaceae
Pelargonium caffrum;Geraniaceae
Pelargonium caledonicum;Geraniaceae
Pelargonium campestre;Geraniaceae
Pelargonium campestre;Geraniaceae
Pelargonium candicans;Geraniaceae
Pelargonium candicans;Geraniaceae
Pelargonium candicans;Geraniaceae
Pelargonium canescens;Geraniaceae
Pelargonium capitatum;Geraniaceae
Pelargonium capitatum;Geraniaceae
Pelargonium capitatum;Geraniaceae
Pelargonium carnosum;Geraniaceae
Pelargonium carnosum;Geraniaceae
Pelargonium carnosum;Geraniaceae
Pelargonium carnosum;Geraniaceae
Pelargonium carnosum;Geraniaceae
Pelargonium carnosum;Geraniaceae
Pelargonium caroli-henrici;Geraniaceae
Pelargonium caroli-henrici;Geraniaceae
Pelargonium caucalifolium;Geraniaceae
Pelargonium caucalifolium;Geraniaceae
Pelargonium caucalifolium;Geraniaceae
Pelargonium caucalifolium;Geraniaceae
Pelargonium caylae;Geraniaceae
Pelargonium caylae;Geraniaceae
Pelargonium caylae;Geraniaceae
Pelargonium ceratophyllum;Geraniaceae
Pelargonium ceratophyllum;Geraniaceae
Pelargonium citronellum;Geraniaceae
Pelargonium cordifolium;Geraniaceae
Pelargonium cordifolium;Geraniaceae
Pelargonium cordifolium;Geraniaceae
Pelargonium cordifolium;Geraniaceae
Pelargonium coronopifolium;Geraniaceae
Pelargonium cortusifolium;Geraniaceae
Pelargonium cortusifolium;Geraniaceae
Pelargonium cotyledonis;Geraniaceae
Pelargonium cotyledonis;Geraniaceae
Pelargonium cotyledonis;Geraniaceae
Pelargonium cotyledonis;Geraniaceae
Pelargonium crassicaule;Geraniaceae
Pelargonium crassicaule;Geraniaceae
Pelargonium crassicaule;Geraniaceae
Pelargonium crassipes;Geraniaceae
Pelargonium crispum;Geraniaceae
Pelargonium crispum;Geraniaceae
Pelargonium crispum x cucullatum;Geraniaceae
Pelargonium crithmifolium;Geraniaceae
Pelargonium crithmifolium;Geraniaceae
Pelargonium cucullatum;Geraniaceae
Pelargonium cucullatum;Geraniaceae
Pelargonium cucullatum;Geraniaceae
Pelargonium cucullatum;Geraniaceae
Pelargonium cucullatum;Geraniaceae
Pelargonium cucullatum;Geraniaceae
Pelargonium cucullatum;Geraniaceae
Pelargonium cucullatum;Geraniaceae
Pelargonium cucullatum x fruticosum;Geraniaceae
Pelargonium curviandrum;Geraniaceae
Pelargonium curviandrum;Geraniaceae
Pelargonium dasyphyllum;Geraniaceae
Pelargonium dasyphyllum;Geraniaceae
Pelargonium denticulatum;Geraniaceae
Pelargonium denticulatum;Geraniaceae
Pelargonium denticulatum;Geraniaceae
Pelargonium denticulatum;Geraniaceae
Pelargonium denticulatum;Geraniaceae
Pelargonium desertorum;Geraniaceae
Pelargonium desertorum;Geraniaceae
Pelargonium dichondrifolium;Geraniaceae
Pelargonium dipetalum;Geraniaceae
Pelargonium dolomiticum;Geraniaceae
Pelargonium drummondii;Geraniaceae
Pelargonium drummondii;Geraniaceae
Pelargonium drummondii;Geraniaceae
Pelargonium echinatum;Geraniaceae
Pelargonium echinatum;Geraniaceae
Pelargonium echinatum;Geraniaceae
Pelargonium elongatum;Geraniaceae
Pelargonium elongatum;Geraniaceae
Pelargonium endlicherianum;Geraniaceae
Pelargonium englerianum;Geraniaceae
Pelargonium englerianum;Geraniaceae
Pelargonium englerianum;Geraniaceae
Pelargonium exhibens;Geraniaceae
Pelargonium exhibens;Geraniaceae
Pelargonium exstipulatum;Geraniaceae
Pelargonium exstipulatum;Geraniaceae
Pelargonium fissifolium;Geraniaceae
Pelargonium fragrans;Geraniaceae
Pelargonium frutetorum;Geraniaceae
Pelargonium fruticosum;Geraniaceae
Pelargonium fruticosum;Geraniaceae
Pelargonium fulgidum;Geraniaceae
Pelargonium fulgidum;Geraniaceae
Pelargonium fulgidum;Geraniaceae
Pelargonium gibbosum;Geraniaceae
Pelargonium gibbosum;Geraniaceae
Pelargonium gibbosum;Geraniaceae
Pelargonium glutinosum;Geraniaceae
Pelargonium gracillimum;Geraniaceae
Pelargonium grandicalcaratum;Geraniaceae
Pelargonium grandiflorum;Geraniaceae
Pelargonium grandiflorum;Geraniaceae
Pelargonium grandiflorum;Geraniaceae
Pelargonium grandiflorum;Geraniaceae
"Pelargonium grandiflorum x crispum ""Minor""";Geraniaceae
Pelargonium graveolens;Geraniaceae
Pelargonium graveolens;Geraniaceae
Pelargonium grenvilleae;Geraniaceae
Pelargonium greytonense;Geraniaceae
Pelargonium greytonense;Geraniaceae
Pelargonium griseum;Geraniaceae
Pelargonium griseum;Geraniaceae
Pelargonium grossularioides;Geraniaceae
Pelargonium grossularioides;Geraniaceae
Pelargonium hermanniifolium;Geraniaceae
Pelargonium hirtum;Geraniaceae
Pelargonium hirtum;Geraniaceae
Pelargonium hispidum;Geraniaceae
Pelargonium hybr.;Geraniaceae
Pelargonium hybr.;Geraniaceae
Pelargonium hybr.;Geraniaceae
Pelargonium hybr.;Geraniaceae
Pelargonium hybr.;Geraniaceae
Pelargonium hybr.;Geraniaceae
Pelargonium hybr.;Geraniaceae
Pelargonium hybr.;Geraniaceae
Pelargonium hybr.;Geraniaceae
Pelargonium hybr.;Geraniaceae
Pelargonium hybr.;Geraniaceae
Pelargonium hybr.;Geraniaceae
Pelargonium hybr.;Geraniaceae
Pelargonium hybr.;Geraniaceae
Pelargonium hybr.;Geraniaceae
Pelargonium hybr.;Geraniaceae
Pelargonium hybr.;Geraniaceae
Pelargonium hybr.;Geraniaceae
Pelargonium hybr.;Geraniaceae
Pelargonium hybr.;Geraniaceae
Pelargonium hybr.;Geraniaceae
Pelargonium hybr.;Geraniaceae
Pelargonium hybr.;Geraniaceae
Pelargonium hybr.;Geraniaceae
Pelargonium hybr.;Geraniaceae
Pelargonium hybr.;Geraniaceae
Pelargonium hybr.;Geraniaceae
Pelargonium hybr.;Geraniaceae
Pelargonium hybr.;Geraniaceae
Pelargonium hybr.;Geraniaceae
Pelargonium hybr.;Geraniaceae
Pelargonium hybr.;Geraniaceae
Pelargonium hybr.;Geraniaceae
Pelargonium hybr.;Geraniaceae
Pelargonium hybr.;Geraniaceae
Pelargonium hybr.;Geraniaceae
Pelargonium hybr.;Geraniaceae
Pelargonium hybr.;Geraniaceae
Pelargonium hybr.;Geraniaceae
Pelargonium hybr.;Geraniaceae
Pelargonium hybr.;Geraniaceae
Pelargonium hybr.;Geraniaceae
Pelargonium hybr.;Geraniaceae
Pelargonium hybr.;Geraniaceae
Pelargonium hybr.;Geraniaceae
Pelargonium hybr.;Geraniaceae
Pelargonium hybr.;Geraniaceae
Pelargonium hybr.;Geraniaceae
Pelargonium hybr.;Geraniaceae
Pelargonium hybr.;Geraniaceae
Pelargonium hybr.;Geraniaceae
Pelargonium hybr.;Geraniaceae
Pelargonium hybr.;Geraniaceae
Pelargonium hybr.;Geraniaceae
Pelargonium hybr.;Geraniaceae
Pelargonium hybr.;Geraniaceae
Pelargonium hybr.;Geraniaceae
Pelargonium hybr.;Geraniaceae
Pelargonium hybr.;Geraniaceae
Pelargonium hybr.;Geraniaceae
Pelargonium hybr.;Geraniaceae
Pelargonium hybr.;Geraniaceae
Pelargonium hybr.;Geraniaceae
Pelargonium hybr.;Geraniaceae
Pelargonium hybr.;Geraniaceae
Pelargonium hybr.;Geraniaceae
Pelargonium hybr.;Geraniaceae
Pelargonium hybr.;Geraniaceae
Pelargonium hybr.;Geraniaceae
Pelargonium hybr.;Geraniaceae
Pelargonium hybr.;Geraniaceae
Pelargonium hybr.;Geraniaceae
Pelargonium hybr.;Geraniaceae
Pelargonium hybr.;Geraniaceae
Pelargonium hybr.;Geraniaceae
Pelargonium hybr.;Geraniaceae
Pelargonium hybr.;Geraniaceae
Pelargonium hybr.;Geraniaceae
Pelargonium hybr.;Geraniaceae
Pelargonium hybr.;Geraniaceae
Pelargonium hybr.;Geraniaceae
Pelargonium hybr.;Geraniaceae
Pelargonium hybr.;Geraniaceae
Pelargonium hybr.;Geraniaceae
Pelargonium hybr.;Geraniaceae
Pelargonium hybr.;Geraniaceae
Pelargonium hybr.;Geraniaceae
Pelargonium hybr.;Geraniaceae
Pelargonium hybr.;Geraniaceae
Pelargonium hybr.;Geraniaceae
Pelargonium hybr.;Geraniaceae
Pelargonium hybr.;Geraniaceae
Pelargonium hybr.;Geraniaceae
Pelargonium hybr.;Geraniaceae
Pelargonium hybr.;Geraniaceae
Pelargonium hybr.;Geraniaceae
Pelargonium hybr.;Geraniaceae
Pelargonium hybr.;Geraniaceae
Pelargonium hybr.;Geraniaceae
Pelargonium hybr.;Geraniaceae
Pelargonium hybr.;Geraniaceae
Pelargonium hybr.;Geraniaceae
Pelargonium hybr.;Geraniaceae
Pelargonium hybr.;Geraniaceae
Pelargonium hybr.;Geraniaceae
Pelargonium hybr.;Geraniaceae
Pelargonium hybr.;Geraniaceae
Pelargonium hybr.;Geraniaceae
Pelargonium hybr.;Geraniaceae
Pelargonium hybr.;Geraniaceae
Pelargonium hybr.;Geraniaceae
Pelargonium hybr.;Geraniaceae
Pelargonium hybr.;Geraniaceae
Pelargonium hybr.;Geraniaceae
Pelargonium hybr.;Geraniaceae
Pelargonium hybr.;Geraniaceae
Pelargonium hypoleucum;Geraniaceae
Pelargonium hystrix;Geraniaceae
Pelargonium chamaedrifolium;Geraniaceae
Pelargonium christophoranum;Geraniaceae
Pelargonium incrassatum;Geraniaceae
Pelargonium incrassatum;Geraniaceae
Pelargonium incrassatum;Geraniaceae
Pelargonium inodorum;Geraniaceae
Pelargonium inquinans;Geraniaceae
Pelargonium iocastum;Geraniaceae
Pelargonium ionidiflorum;Geraniaceae
Pelargonium karooicum;Geraniaceae
Pelargonium klinghardtense;Geraniaceae
Pelargonium laevigatum;Geraniaceae
Pelargonium laevigatum;Geraniaceae
Pelargonium laevigatum;Geraniaceae
Pelargonium lanceolatum;Geraniaceae
Pelargonium lateripes;Geraniaceae
Pelargonium laxum;Geraniaceae
Pelargonium leipoldtii;Geraniaceae
Pelargonium leipoldtii;Geraniaceae
Pelargonium lobatum;Geraniaceae
Pelargonium longicaule;Geraniaceae
Pelargonium longifolium;Geraniaceae
Pelargonium luridum;Geraniaceae
Pelargonium luridum;Geraniaceae
Pelargonium luridum;Geraniaceae
Pelargonium luteolum;Geraniaceae
Pelargonium luteum;Geraniaceae
Pelargonium madagascariense;Geraniaceae
Pelargonium madagascariense;Geraniaceae
Pelargonium magenteum;Geraniaceae
Pelargonium minimum;Geraniaceae
Pelargonium mollicomum;Geraniaceae
Pelargonium mollicomum;Geraniaceae
Pelargonium moniliforme;Geraniaceae
Pelargonium multibracteatum;Geraniaceae
Pelargonium multibracteatum;Geraniaceae
Pelargonium multicaule;Geraniaceae
Pelargonium multicaule;Geraniaceae
Pelargonium multiradiatum;Geraniaceae
Pelargonium multiradiatum;Geraniaceae
Pelargonium mutans;Geraniaceae
Pelargonium mutans;Geraniaceae
Pelargonium myrrhifolium;Geraniaceae
Pelargonium myrrhifolium;Geraniaceae
Pelargonium myrrhifolium;Geraniaceae
Pelargonium myrrhifolium;Geraniaceae
Pelargonium myrrhifolium;Geraniaceae
Pelargonium nanum;Geraniaceae
Pelargonium naviculifolium;Geraniaceae
Pelargonium oblongatum;Geraniaceae
Pelargonium oblongatum;Geraniaceae
Pelargonium oblongatum;Geraniaceae
Pelargonium oblongatum;Geraniaceae
Pelargonium oblongatum;Geraniaceae
Pelargonium odoratissimum;Geraniaceae
Pelargonium odoratissimum;Geraniaceae
Pelargonium odoratissimum;Geraniaceae
Pelargonium odoratissimum;Geraniaceae
Pelargonium ochroleucum;Geraniaceae
Pelargonium ochroleucum;Geraniaceae
Pelargonium ochroleucum x luteolum;Geraniaceae
Pelargonium oreophilum;Geraniaceae
Pelargonium otaviense;Geraniaceae
Pelargonium ovale;Geraniaceae
Pelargonium ovale;Geraniaceae
Pelargonium ovale;Geraniaceae
Pelargonium ovale;Geraniaceae
Pelargonium pachypodium;Geraniaceae
Pelargonium panduriforme;Geraniaceae
Pelargonium paniculatum;Geraniaceae
Pelargonium paniculatum;Geraniaceae
Pelargonium paniculatum;Geraniaceae
Pelargonium papilionaceum;Geraniaceae
Pelargonium papilionaceum;Geraniaceae
Pelargonium papilionaceum x hispidum;Geraniaceae
Pelargonium parviflorum;Geraniaceae
Pelargonium parviflorum;Geraniaceae
Pelargonium parvipetalum;Geraniaceae
Pelargonium parvipetalum;Geraniaceae
Pelargonium patulum;Geraniaceae
Pelargonium peltatum;Geraniaceae
Pelargonium peltatum;Geraniaceae
Pelargonium peltatum;Geraniaceae
Pelargonium petroselinifolium;Geraniaceae
Pelargonium petroselinifolium;Geraniaceae
Pelargonium petroselinifolium;Geraniaceae
Pelargonium pinnatum;Geraniaceae
Pelargonium polycephalum;Geraniaceae
Pelargonium praemorsum;Geraniaceae
Pelargonium praemorsum;Geraniaceae
Pelargonium proliferum;Geraniaceae
Pelargonium proliferum;Geraniaceae
Pelargonium pseudoglutinosum;Geraniaceae
Pelargonium pseudoglutinosum;Geraniaceae
Pelargonium pulverulentum;Geraniaceae
Pelargonium pulverulentum;Geraniaceae
Pelargonium pulverulentum;Geraniaceae
Pelargonium punctatum;Geraniaceae
Pelargonium quercetorum;Geraniaceae
Pelargonium quercetorum;Geraniaceae
Pelargonium quercifolium;Geraniaceae
Pelargonium quinquelobatum;Geraniaceae
Pelargonium radens;Geraniaceae
Pelargonium radens;Geraniaceae
Pelargonium radens;Geraniaceae
Pelargonium radens;Geraniaceae
Pelargonium radulifolium;Geraniaceae
Pelargonium ranunculophyllum;Geraniaceae
Pelargonium rapaceum;Geraniaceae
Pelargonium rapaceum;Geraniaceae
Pelargonium rapaceum;Geraniaceae
Pelargonium redactum;Geraniaceae
Pelargonium reniforme;Geraniaceae
Pelargonium reniforme;Geraniaceae
Pelargonium reniforme;Geraniaceae
Pelargonium ribifolium;Geraniaceae
Pelargonium ribifolium;Geraniaceae
Pelargonium ribifolium x laevigatum;Geraniaceae
Pelargonium rodneyanum;Geraniaceae
Pelargonium rodneyanum;Geraniaceae
Pelargonium roseum;Geraniaceae
Pelargonium rubiginosum;Geraniaceae
Pelargonium salmoneum;Geraniaceae
Pelargonium salmoneum;Geraniaceae
Pelargonium scabrum;Geraniaceae
Pelargonium scabrum;Geraniaceae
Pelargonium scabrum;Geraniaceae
Pelargonium senecioides;Geraniaceae
Pelargonium senecioides;Geraniaceae
Pelargonium sericifolium;Geraniaceae
Pelargonium schizopetalum;Geraniaceae
Pelargonium schizopetalum;Geraniaceae
Pelargonium schizopetalum;Geraniaceae
Pelargonium sibthorpiifolium;Geraniaceae
Pelargonium sibthorpiifolium;Geraniaceae
Pelargonium sidoides;Geraniaceae
Pelargonium sp.;Geraniaceae
Pelargonium sp.;Geraniaceae
Pelargonium sp.;Geraniaceae
Pelargonium sp.;Geraniaceae
Pelargonium sp.;Geraniaceae
Pelargonium sp.;Geraniaceae
Pelargonium sp.;Geraniaceae
Pelargonium sp.;Geraniaceae
Pelargonium sp.;Geraniaceae
Pelargonium sp.;Geraniaceae
Pelargonium sp.;Geraniaceae
Pelargonium sp.;Geraniaceae
Pelargonium spinosum;Geraniaceae
Pelargonium stenopetalum;Geraniaceae
Pelargonium stipulaceum;Geraniaceae
Pelargonium stipulaceum;Geraniaceae
Pelargonium stipulaceum x Pelargonium hybr.;Geraniaceae
Pelargonium sublignosum;Geraniaceae
Pelargonium suburbanum;Geraniaceae
Pelargonium suburbanum;Geraniaceae
Pelargonium tabulare;Geraniaceae
Pelargonium tenuicaule;Geraniaceae
Pelargonium tenuicaule;Geraniaceae
Pelargonium ternatum;Geraniaceae
Pelargonium ternatum;Geraniaceae
Pelargonium tetragonum;Geraniaceae
Pelargonium tetragonum;Geraniaceae
Pelargonium tomentosum;Geraniaceae
Pelargonium tomentosum x papilionaceum;Geraniaceae
Pelargonium tongaense;Geraniaceae
Pelargonium tongaense;Geraniaceae
Pelargonium tongaense;Geraniaceae
Pelargonium tongaense;Geraniaceae
Pelargonium tongaense x acetosum x zonale;Geraniaceae
Pelargonium tongaense x multibracteatum;Geraniaceae
Pelargonium tragacanthoides;Geraniaceae
Pelargonium tragacanthoides;Geraniaceae
Pelargonium transvaalense;Geraniaceae
Pelargonium triandrum;Geraniaceae
Pelargonium tricolor;Geraniaceae
Pelargonium tricolor;Geraniaceae
Pelargonium tricolor;Geraniaceae
Pelargonium tricuspidatum;Geraniaceae
Pelargonium trifidum;Geraniaceae
Pelargonium trifidum;Geraniaceae
Pelargonium trifidum;Geraniaceae
Pelargonium trifoliolatum;Geraniaceae
Pelargonium triphyllum;Geraniaceae
Pelargonium triste;Geraniaceae
Pelargonium triste;Geraniaceae
Pelargonium triste;Geraniaceae
Pelargonium vinaceum;Geraniaceae
Pelargonium vinaceum;Geraniaceae
Pelargonium vinaceum;Geraniaceae
Pelargonium violiflorum;Geraniaceae
Pelargonium viscosissimum;Geraniaceae
Pelargonium vitifolium;Geraniaceae
Pelargonium vitifolium;Geraniaceae
Pelargonium whytei;Geraniaceae
Pelargonium worcesterae;Geraniaceae
Pelargonium worcesterae;Geraniaceae
Pelargonium worcesterae;Geraniaceae
Pelargonium worcesterae;Geraniaceae
Pelargonium x citriodorum;Geraniaceae
Pelargonium x citriodorum;Geraniaceae
Pelargonium x ignescens;Geraniaceae
Pelargonium xerophyton;Geraniaceae
Pelargonium xerophyton;Geraniaceae
Pelargonium xerophyton;Geraniaceae
Pelargonium xerophyton;Geraniaceae
Pelargonium zonale;Geraniaceae
Pelargonium zonale;Geraniaceae
Pelargonium zonale;Geraniaceae
Pelargonium zonale;Geraniaceae
Pelargonium zonale;Geraniaceae
Pelargonium zonale;Geraniaceae
Peliosanthes caesia;Asparagaceae (Ruscaceae)
Peliosanthes teta;Asparagaceae (Ruscaceae)
Pellaea atropurpurea;Pteridaceae (Sinopteridaceae)
Pellaea calomelanos;Pteridaceae (Sinopteridaceae)
Pellaea falcata;Pteridaceae (Sinopteridaceae)
Pellaea falcata;Pteridaceae (Sinopteridaceae)
Pellaea paradoxa;Pteridaceae (Sinopteridaceae)
Pellaea rotundifolia;Pteridaceae (Sinopteridaceae)
Pellaea sagittata;Pteridaceae (Sinopteridaceae)
Pellaea viridis;Pteridaceae (Sinopteridaceae)
Pellaea viridis;Pteridaceae (Sinopteridaceae)
Pellaea viridis;Pteridaceae (Sinopteridaceae)
Pellionia sp.;Urticaceae
Peltandra virginica;Araceae
Peltandra virginica;Araceae
Peltoboykinia tellimoides;Saxifragaceae
Pennantia corymbosa;Icacinaceae
Pennisetum alopecuroides;Poaceae
Pennisetum alopecuroides;Poaceae
Pennisetum alopecuroides;Poaceae
Pennisetum alopecuroides;Poaceae
Pennisetum alopecuroides;Poaceae
Pennisetum alopecuroides;Poaceae
Pennisetum alopecuroides;Poaceae
Pennisetum alopecuroides;Poaceae
Pennisetum alopecuroides;Poaceae
Pennisetum alopecuroides;Poaceae
Pennisetum alopecuroides;Poaceae
Pennisetum alopecuroides;Poaceae
Pennisetum alopecuroides;Poaceae
Pennisetum alopecuroides;Poaceae
Pennisetum alopecuroides;Poaceae
Pennisetum alopecuroides;Poaceae
Pennisetum alopecuroides;Poaceae
Pennisetum alopecuroides;Poaceae
Pennisetum alopecuroides;Poaceae
Pennisetum alopecuroides;Poaceae
Pennisetum alopecuroides;Poaceae
Pennisetum alopecuroides;Poaceae
Pennisetum alopecuroides;Poaceae
Pennisetum alopecuroides;Poaceae
Pennisetum alopecuroides;Poaceae
Pennisetum massaicum;Poaceae
Pennisetum orientale;Poaceae
Pennisetum orientale;Poaceae
Pennisetum orientale;Poaceae
Penstemon alpinus;Plantaginaceae (s.l.)
Penstemon ambiguus;Plantaginaceae (s.l.)
Penstemon angustifolius;Plantaginaceae (s.l.)
Penstemon angustifolius;Plantaginaceae (s.l.)
Penstemon attenuatus;Plantaginaceae (s.l.)
Penstemon azureus;Plantaginaceae (s.l.)
Penstemon baccharifolius;Plantaginaceae (s.l.)
Penstemon barbatus;Plantaginaceae (s.l.)
Penstemon barbatus;Plantaginaceae (s.l.)
Penstemon barbatus;Plantaginaceae (s.l.)
Penstemon barbatus;Plantaginaceae (s.l.)
Penstemon barrettiae;Plantaginaceae (s.l.)
Penstemon brandegeei;Plantaginaceae (s.l.)
Penstemon campanulatus;Plantaginaceae (s.l.)
Penstemon canescens;Plantaginaceae (s.l.)
Penstemon cardinalis;Plantaginaceae (s.l.)
Penstemon carnosus;Plantaginaceae (s.l.)
Penstemon cinicola;Plantaginaceae (s.l.)
Penstemon cobaea;Plantaginaceae (s.l.)
Penstemon cobaea;Plantaginaceae (s.l.)
Penstemon confertus;Plantaginaceae (s.l.)
Penstemon confusus;Plantaginaceae (s.l.)
Penstemon crandallii;Plantaginaceae (s.l.)
Penstemon cyaneus;Plantaginaceae (s.l.)
Penstemon cyanocaulis;Plantaginaceae (s.l.)
Penstemon davidsonii;Plantaginaceae (s.l.)
Penstemon davidsonii;Plantaginaceae (s.l.)
Penstemon davidsonii;Plantaginaceae (s.l.)
Penstemon digitalis;Plantaginaceae (s.l.)
Penstemon digitalis;Plantaginaceae (s.l.)
Penstemon digitalis;Plantaginaceae (s.l.)
Penstemon digitalis;Plantaginaceae (s.l.)
Penstemon digitalis;Plantaginaceae (s.l.)
Penstemon ellipticus;Plantaginaceae (s.l.)
Penstemon frutescens;Plantaginaceae (s.l.)
Penstemon fruticosus;Plantaginaceae (s.l.)
Penstemon fruticosus;Plantaginaceae (s.l.)
Penstemon glaber;Plantaginaceae (s.l.)
Penstemon grandiflorus;Plantaginaceae (s.l.)
Penstemon grinnellii;Plantaginaceae (s.l.)
Penstemon hallii;Plantaginaceae (s.l.)
Penstemon heterophyllus;Plantaginaceae (s.l.)
Penstemon heterophyllus;Plantaginaceae (s.l.)
Penstemon hirsutus;Plantaginaceae (s.l.)
Penstemon hirsutus;Plantaginaceae (s.l.)
Penstemon humilis;Plantaginaceae (s.l.)
Penstemon hybr.;Plantaginaceae (s.l.)
Penstemon laricifolius;Plantaginaceae (s.l.)
Penstemon mensarum;Plantaginaceae (s.l.)
Penstemon montanus;Plantaginaceae (s.l.)
Penstemon montanus;Plantaginaceae (s.l.)
Penstemon newberryi;Plantaginaceae (s.l.)
Penstemon newberryi;Plantaginaceae (s.l.)
Penstemon newberryi;Plantaginaceae (s.l.)
Penstemon osterhoutii;Plantaginaceae (s.l.)
Penstemon ovatus;Plantaginaceae (s.l.)
Penstemon pallidus;Plantaginaceae (s.l.)
Penstemon palmeri;Plantaginaceae (s.l.)
Penstemon pinifolius;Plantaginaceae (s.l.)
Penstemon pinifolius;Plantaginaceae (s.l.)
Penstemon pinifolius;Plantaginaceae (s.l.)
Penstemon pinifolius;Plantaginaceae (s.l.)
Penstemon procerus;Plantaginaceae (s.l.)
Penstemon procerus;Plantaginaceae (s.l.)
Penstemon pruinosus;Plantaginaceae (s.l.)
Penstemon pseudospectabilis;Plantaginaceae (s.l.)
Penstemon pumilus;Plantaginaceae (s.l.)
Penstemon richardsonii;Plantaginaceae (s.l.)
Penstemon rupicola;Plantaginaceae (s.l.)
Penstemon rydbergii;Plantaginaceae (s.l.)
Penstemon saxosorum;Plantaginaceae (s.l.)
Penstemon scouleri;Plantaginaceae (s.l.)
Penstemon secundiflorus;Plantaginaceae (s.l.)
Penstemon serrulatus;Plantaginaceae (s.l.)
Penstemon smallii;Plantaginaceae (s.l.)
Penstemon sp.;Plantaginaceae (s.l.)
Penstemon speciosus;Plantaginaceae (s.l.)
Penstemon strictus;Plantaginaceae (s.l.)
Penstemon superbus;Plantaginaceae (s.l.)
Penstemon tiehmii;Plantaginaceae (s.l.)
Penstemon triflorus;Plantaginaceae (s.l.)
Penstemon utahensis;Plantaginaceae (s.l.)
Penstemon utahensis;Plantaginaceae (s.l.)
Penstemon virens;Plantaginaceae (s.l.)
Penstemon virgatus;Plantaginaceae (s.l.)
Penstemon watsonii;Plantaginaceae (s.l.)
Penstemon whippleanus;Plantaginaceae (s.l.)
Penstemon x mexicali;Plantaginaceae (s.l.)
Pentadenia pichinchensis;Gesneriaceae
Pentadiplandra brazzeana;Capparaceae
Pentachondra pumila;Ericaceae
Pentapetes phoenicea;Malvaceae
Pentas hindsioides;Rubiaceae
Penthorum chinense;Penthoraceae
Penthorum sedoides;Penthoraceae
Peperomia columella;Piperaceae
Peperomia columella;Piperaceae
Peperomia ferreyrae;Piperaceae
Peperomia galapagensis;Piperaceae
Peperomia galapagensis;Piperaceae
Peperomia graveolens;Piperaceae
Peperomia hoffmannii;Piperaceae
Peperomia hutchisonii;Piperaceae
Peperomia inaequalifolia;Piperaceae
Peperomia incana;Piperaceae
Peperomia lancifolia;Piperaceae
Peperomia nivalis;Piperaceae
Peperomia pellucida;Piperaceae
Peperomia rotundifolia;Piperaceae
Peperomia scutifolia;Piperaceae
Peperomia sp.;Piperaceae
Peperomia sp.;Piperaceae
Peperomia sp.;Piperaceae
Peperomia sp.;Piperaceae
Peperomia sp.;Piperaceae
Peperomia sp.;Piperaceae
Peperomia sp.;Piperaceae
Peperomia sp.;Piperaceae
Peperomia sp.;Piperaceae
Peperomia sp.;Piperaceae
Peperomia sp.;Piperaceae
Peperomia sp.;Piperaceae
Peperomia sp.;Piperaceae
Peperomia sp.;Piperaceae
Peperomia strawii;Piperaceae
Peperomia wolfgang-krahnii;Piperaceae
Peperomia wolfgang-krahnii;Piperaceae
Pereskia aculeata;Cactaceae
Pereskia sp.;Cactaceae
Pereskia sp.;Cactaceae
Pereskia zinniiflora;Cactaceae
Pereskia zinniiflora;Cactaceae
Pericallis tussilaginis;Asteraceae
Perilla frutescens;Lamiaceae
Perilla frutescens;Lamiaceae
Periploca aphylla;Apocynaceae
Periploca graecum;Apocynaceae
Periploca laevigata;Apocynaceae
Periploca sepium;Apocynaceae
Peristeria lindenii;Orchidaceae
Pernettya mucronata;Ericaceae
Pernettya mucronata;Ericaceae
Pernettya mucronata;Ericaceae
Pernettya nana;Ericaceae
Perovskia abrotanoides;Lamiaceae
Perovskia atriplicifolia;Lamiaceae
Perovskia atriplicifolia;Lamiaceae
Perrottetia arisanensis;Celastraceae
Persea americana;Lauraceae
Persea borbonia;Lauraceae
Persicaria amplexicaulis;Polygonaceae
Persicaria amplexicaulis;Polygonaceae
Persicaria amplexicaulis;Polygonaceae
Persicaria amplexicaulis;Polygonaceae
Persicaria amplexicaulis;Polygonaceae
Persicaria campanulata;Polygonaceae
Persicaria odorata;Polygonaceae
Persicaria tenuicaulis;Polygonaceae
Persicaria virginiana;Polygonaceae
Pescatoria coronaria;Orchidaceae
Pescatoria dayana;Orchidaceae
Pescatoria klabochorum;Orchidaceae
Pescatoria lamellosa;Orchidaceae
Pescatoria wallisii;Orchidaceae
Pescatoria wallisii;Orchidaceae
Petalostemon purpureus;Fabaceae (s.str.)
Petalostemon purpureus;Fabaceae (s.str.)
Petasites hybridus;Asteraceae
Petasites japonicus;Asteraceae
Petiveria alliacea;Phytolaccaceae
Petrea volubilis;Verbenaceae (s.str.)
Petrea volubilis;Verbenaceae (s.str.)
Petrocallis pyrenaica;Brassicaceae
Petrocosmea forrestii;Gesneriaceae
Petrocosmea forrestii;Gesneriaceae
Petrocosmea forrestii;Gesneriaceae
Petrocosmea forrestii;Gesneriaceae
Petrocosmea forrestii;Gesneriaceae
Petrocosmea forrestii;Gesneriaceae
Petrocosmea forrestii;Gesneriaceae
Petrocosmea forrestii;Gesneriaceae
Petrocosmea rosettifolia;Gesneriaceae
Petrorhagia saxifraga;Caryophyllaceae
Petrorhagia saxifraga;Caryophyllaceae
Petroselinum crispum;Apiaceae
Peucedanum cervaria;Apiaceae
Peucedanum officinale;Apiaceae
Peucedanum officinale;Apiaceae
Peucedanum oreoselinum;Apiaceae
Peucedanum ostruthium;Apiaceae
Peucedanum thodei;Apiaceae
Peumus boldus;Monimiaceae
Phacelia campanularia;Hydrophyllaceae
Phacelia parryi;Hydrophyllaceae
Phacelia setigera;Hydrophyllaceae
Phaedranassa cinerea;Amaryllidaceae
Phaedranassa tunguraguae;Amaryllidaceae
Phaedranassa viridiflora;Amaryllidaceae
Phaenocoma prolifera;Asteraceae
Phaenocoma prolifera;Asteraceae
Phaius antoninae;Orchidaceae
Phaius columnaris;Orchidaceae
Phaius flavus;Orchidaceae
Phaius fragilis;Orchidaceae
Phaius humblotii;Orchidaceae
Phaius longicornu;Orchidaceae
Phaius mishmensis;Orchidaceae
Phaius mishmensis;Orchidaceae
Phaius philippinensis;Orchidaceae
Phaius pulchellus;Orchidaceae
Phaius sp.;Orchidaceae
Phaius sp.;Orchidaceae
Phaius tankervilleae;Orchidaceae
Phaius tankervilleae;Orchidaceae
Phaius tankervilleae;Orchidaceae
Phaius tankervilleae;Orchidaceae
Phaius tonkinensis;Orchidaceae
Phaius x Calanthe;Orchidaceae
Phalaenopsis amabilis;Orchidaceae
Phalaenopsis amabilis;Orchidaceae
Phalaenopsis aphrodite;Orchidaceae
Phalaenopsis bundtii;Orchidaceae
Phalaenopsis buyssoniana;Orchidaceae
Phalaenopsis celebensis;Orchidaceae
Phalaenopsis celebensis;Orchidaceae
Phalaenopsis cochlearis;Orchidaceae
Phalaenopsis cornu-cervi;Orchidaceae
Phalaenopsis cornu-cervi;Orchidaceae
Phalaenopsis deliciosa;Orchidaceae
Phalaenopsis doweryensis;Orchidaceae
Phalaenopsis fimbriata;Orchidaceae
Phalaenopsis floresensis;Orchidaceae
Phalaenopsis gibbosa;Orchidaceae
Phalaenopsis gigantea;Orchidaceae
Phalaenopsis gigantea;Orchidaceae
Phalaenopsis gigantea;Orchidaceae
Phalaenopsis hieroglyphica;Orchidaceae
Phalaenopsis honghenensis;Orchidaceae
Phalaenopsis hygrochila;Orchidaceae
Phalaenopsis chibae;Orchidaceae
Phalaenopsis chibae;Orchidaceae
Phalaenopsis javanica;Orchidaceae
Phalaenopsis javanica;Orchidaceae
Phalaenopsis javanica;Orchidaceae
Phalaenopsis kunstleri;Orchidaceae
Phalaenopsis kunstlerii;Orchidaceae
Phalaenopsis lindenii;Orchidaceae
Phalaenopsis lindenii;Orchidaceae
Phalaenopsis lobbii;Orchidaceae
Phalaenopsis lobbii;Orchidaceae
Phalaenopsis malipoensis;Orchidaceae
Phalaenopsis mannii;Orchidaceae
Phalaenopsis mannii;Orchidaceae
Phalaenopsis mannii;Orchidaceae
Phalaenopsis mariae;Orchidaceae
Phalaenopsis mariae;Orchidaceae
Phalaenopsis parishii;Orchidaceae
Phalaenopsis philippinensis;Orchidaceae
Phalaenopsis philippinensis;Orchidaceae
Phalaenopsis pulcherrima;Orchidaceae
Phalaenopsis pulcherrima;Orchidaceae
Phalaenopsis pulchra;Orchidaceae
Phalaenopsis pulchra;Orchidaceae
Phalaenopsis sanderiana;Orchidaceae
Phalaenopsis schilleriana;Orchidaceae
Phalaenopsis schilleriana;Orchidaceae
Phalaenopsis speciosa;Orchidaceae
Phalaenopsis speciosa;Orchidaceae
Phalaenopsis stuartiana;Orchidaceae
Phalaenopsis stuartiana;Orchidaceae
Phalaenopsis tetraspis;Orchidaceae
Phalaenopsis tsii;Orchidaceae
Phalaenopsis venosa;Orchidaceae
Phalaenopsis venosa;Orchidaceae
Phalaenopsis violacea;Orchidaceae
Phalaenopsis violacea;Orchidaceae
Phalaenopsis viridis;Orchidaceae
Phalaenopsis x intermedia;Orchidaceae
Phalaris arundinacea;Poaceae
Phalaris canariensis;Poaceae
Phaleria capitata;Thymelaeaceae
Phaleria macrocarpa;Thymelaeaceae
Pharus latifolius;Poaceae
Pharus latifolius;Poaceae
Phaseolus lunatus;Fabaceae (s.str.)
Phaseolus lunatus;Fabaceae (s.str.)
Phaseolus lunatus;Fabaceae (s.str.)
Phegopteris decursive-pinnata;Thelypteridaceae
Phegopteris decursive-pinnata;Thelypteridaceae
Phellodendron chinense;Rutaceae
Phellodendron japonicum;Rutaceae
Phemeranthus multiflorus;Montiaceae
Phemeranthus punae;Montiaceae
Phemeranthus sp.;Montiaceae
Phenakospermum guyanense;Strelitziaceae
Pherosphaera fitzgeraldii;Podocarpaceae
Pherosphaera fitzgeraldii;Podocarpaceae
Philadelphus <×>falconeri;Hydrangeaceae
Philadelphus <×>lemoinei;Hydrangeaceae
Philadelphus <×>virginalis;Hydrangeaceae
Philadelphus <×>virginalis;Hydrangeaceae
Philadelphus <×>virginalis;Hydrangeaceae
Philadelphus caucasicus;Hydrangeaceae
Philadelphus caucasicus;Hydrangeaceae
Philadelphus coronaius;Hydrangeaceae
Philadelphus coronarius;Hydrangeaceae
Philadelphus delavayi;Hydrangeaceae
Philadelphus henryi;Hydrangeaceae
Philadelphus hybr.;Hydrangeaceae
Philadelphus hybr.;Hydrangeaceae
Philadelphus hybr.;Hydrangeaceae
Philadelphus hybr.;Hydrangeaceae
Philadelphus hybr.;Hydrangeaceae
Philadelphus hybr.;Hydrangeaceae
Philadelphus hybr.;Hydrangeaceae
Philadelphus hybr.;Hydrangeaceae
Philadelphus hybr.;Hydrangeaceae
Philadelphus hybr.;Hydrangeaceae
Philadelphus hybr.;Hydrangeaceae
Philadelphus hybr.;Hydrangeaceae
Philadelphus hybr.;Hydrangeaceae
Philadelphus hybr.;Hydrangeaceae
Philadelphus hybr.;Hydrangeaceae
Philadelphus hybr.;Hydrangeaceae
Philadelphus hybr.;Hydrangeaceae
Philadelphus hybr.;Hydrangeaceae
Philadelphus hybr.;Hydrangeaceae
Philadelphus hybr.;Hydrangeaceae
Philadelphus hybr.;Hydrangeaceae
Philadelphus hybr.;Hydrangeaceae
Philadelphus hybr.;Hydrangeaceae
Philadelphus hybr.;Hydrangeaceae
Philadelphus hybr.;Hydrangeaceae
Philadelphus hybr.;Hydrangeaceae
Philadelphus hybr.;Hydrangeaceae
Philadelphus inodorus;Hydrangeaceae
Philadelphus lewisii;Hydrangeaceae
Philadelphus lewisii;Hydrangeaceae
Philadelphus lewisii;Hydrangeaceae
Philadelphus magdalenae;Hydrangeaceae
Philadelphus microphyllus;Hydrangeaceae
Philadelphus microphyllus;Hydrangeaceae
Philadelphus pekinensis;Hydrangeaceae
Philadelphus satsumanus;Hydrangeaceae
Philadelphus schrenkii;Hydrangeaceae
Philadelphus schrenkii;Hydrangeaceae
Philadelphus schrenkii;Hydrangeaceae
Philadelphus sp.;Hydrangeaceae
Philadelphus tenuifolius;Hydrangeaceae
Philadelphus tomentosus;Hydrangeaceae
Philadelphus tomentosus;Hydrangeaceae
Phillyrea angustifolia;Oleaceae
Phillyrea angustifolia;Oleaceae
Philodendron acutatum;Araceae
Philodendron acutifolium;Araceae
Philodendron alliodorum;Araceae
Philodendron atabapoense;Araceae
Philodendron atabapoense;Araceae
Philodendron balaoanum;Araceae
Philodendron billietiae;Araceae
Philodendron billietiae;Araceae
Philodendron bipennifolium;Araceae
Philodendron bipinnatifolium;Araceae
Philodendron brandtianum;Araceae
Philodendron davidsonii;Araceae
Philodendron debilipeltatum;Araceae
Philodendron elegans;Araceae
Philodendron ernestii;Araceae
Philodendron erubescens;Araceae
Philodendron fibraecataphyllum;Araceae
Philodendron furcatum;Araceae
Philodendron garrosoanum;Araceae
Philodendron genevianum;Araceae
Philodendron geniculatum;Araceae
Philodendron giganteum;Araceae
Philodendron gigas;Araceae
Philodendron gloriosum;Araceae
Philodendron gloriosum;Araceae
Philodendron goeldii;Araceae
Philodendron grandifolium;Araceae
Philodendron grandipes;Araceae
Philodendron hastatum;Araceae
Philodendron hederaceum;Araceae
Philodendron heterocraspedon;Araceae
Philodendron heterophyllum;Araceae
Philodendron hopkinsianum;Araceae
Philodendron insigne;Araceae
Philodendron joepii;Araceae
Philodendron lacerum;Araceae
Philodendron lacerum;Araceae
Philodendron lacerum;Araceae
Philodendron linnaei;Araceae
Philodendron longistylum;Araceae
Philodendron lynamii;Araceae
Philodendron lynnhannoniae;Araceae
Philodendron mamei;Araceae
Philodendron mexicanum;Araceae
Philodendron mexicanum;Araceae
Philodendron ornatum;Araceae
Philodendron ornatum;Araceae
Philodendron pastazanum;Araceae
Philodendron pastazanum;Araceae
Philodendron patriciae;Araceae
Philodendron pinnatilobum;Araceae
Philodendron plowmanii;Araceae
Philodendron plowmanii;Araceae
Philodendron quinquenervium;Araceae
Philodendron radiatum;Araceae
Philodendron radiatum;Araceae
Philodendron recurvifolium;Araceae
Philodendron renauxii;Araceae
Philodendron rubrijuvenile;Araceae
Philodendron rugosum;Araceae
Philodendron sagittifolium;Araceae
Philodendron serpens;Araceae
Philodendron sharonie;Araceae
Philodendron schottianum;Araceae
Philodendron sp.;Araceae
Philodendron sp.;Araceae
Philodendron sp.;Araceae
Philodendron sp.;Araceae
Philodendron sp.;Araceae
Philodendron sp.;Araceae
Philodendron sp.;Araceae
Philodendron sp.;Araceae
Philodendron sp.;Araceae
Philodendron sp.;Araceae
Philodendron sp.;Araceae
Philodendron sp.;Araceae
Philodendron sp.;Araceae
Philodendron sp.;Araceae
Philodendron sp.;Araceae
Philodendron sp.;Araceae
Philodendron sp.;Araceae
Philodendron squamipetiolatum;Araceae
Philodendron subhastatum;Araceae
Philodendron tenue;Araceae
Philodendron tortum;Araceae
Philodendron tortum;Araceae
Philodendron toshibae;Araceae
Philodendron undulatum;Araceae
Philodendron ushanum;Araceae
Philodendron verrucosum;Araceae
Philodendron verrucosum;Araceae
Philodendron verrucosum;Araceae
Philodendron verrucosum;Araceae
Philodendron verrucosum;Araceae
Philodendron warszewiczii;Araceae
Philodendron xanadu;Araceae
Philydrum lanuginosum;Philydraceae
Philydrum lanuginosum;Philydraceae
Phlebodium aureum;Polypodiaceae
Phlebodium aureum;Polypodiaceae
Phlegmariurus sp.;Lycopodiaceae
Phleum arenarium;Poaceae
Phleum pratense;Poaceae
Phlomis × cytherae;Lamiaceae
Phlomis × mobullensis;Lamiaceae
Phlomis × muglensis;Lamiaceae
Phlomis × termessii;Lamiaceae
Phlomis alpina;Lamiaceae
Phlomis alpina;Lamiaceae
Phlomis armeniaca;Lamiaceae
Phlomis atropurpurea;Lamiaceae
Phlomis aurea;Lamiaceae
Phlomis bourgaei;Lamiaceae
Phlomis bovei;Lamiaceae
Phlomis cashmeriana;Lamiaceae
Phlomis cypria;Lamiaceae
Phlomis cypria;Lamiaceae
Phlomis dentosa;Lamiaceae
Phlomis fruticosa;Lamiaceae
Phlomis grandiflora;Lamiaceae
Phlomis grandiflora;Lamiaceae
Phlomis herba-venti;Lamiaceae
Phlomis hybr.;Lamiaceae
Phlomis chimerae;Lamiaceae
Phlomis chrysophylla;Lamiaceae
Phlomis lanata;Lamiaceae
Phlomis lanata;Lamiaceae
Phlomis leucophracta;Lamiaceae
Phlomis longifolia;Lamiaceae
Phlomis lunariifolia;Lamiaceae
Phlomis lycia;Lamiaceae
Phlomis lycia;Lamiaceae
Phlomis lychnitis;Lamiaceae
Phlomis macrophylla;Lamiaceae
Phlomis maximowiczii;Lamiaceae
Phlomis mongolica;Lamiaceae
Phlomis monocephala;Lamiaceae
Phlomis purpurea;Lamiaceae
Phlomis russeliana;Lamiaceae
Phlomis samia;Lamiaceae
Phlomis sieheana;Lamiaceae
Phlomis sp.;Lamiaceae
Phlomis tuberosa;Lamiaceae
Phlomis viscosa;Lamiaceae
Phlox amoena;Polemoniaceae
Phlox amplifolia;Polemoniaceae
Phlox amplifolia;Polemoniaceae
Phlox amplifolia;Polemoniaceae
Phlox amplifolia;Polemoniaceae
Phlox amplifolia;Polemoniaceae
Phlox amplifolia;Polemoniaceae
Phlox amplifolia;Polemoniaceae
Phlox amplifolia;Polemoniaceae
Phlox amplifolia;Polemoniaceae
Phlox amplifolia;Polemoniaceae
Phlox amplifolia;Polemoniaceae
Phlox amplifolia;Polemoniaceae
Phlox bifida;Polemoniaceae
Phlox bifida;Polemoniaceae
Phlox bifida;Polemoniaceae
Phlox carolina;Polemoniaceae
Phlox coviellei;Polemoniaceae
Phlox divaricata;Polemoniaceae
Phlox divaricata;Polemoniaceae
Phlox divaricata;Polemoniaceae
Phlox divaricata;Polemoniaceae
Phlox divaricata;Polemoniaceae
Phlox divaricata;Polemoniaceae
Phlox divaricata;Polemoniaceae
Phlox douglasii;Polemoniaceae
Phlox douglasii;Polemoniaceae
Phlox douglasii;Polemoniaceae
Phlox douglasii;Polemoniaceae
Phlox douglasii;Polemoniaceae
Phlox douglasii;Polemoniaceae
Phlox douglasii;Polemoniaceae
Phlox douglasii;Polemoniaceae
Phlox douglasii;Polemoniaceae
Phlox douglasii;Polemoniaceae
Phlox douglasii;Polemoniaceae
Phlox douglasii;Polemoniaceae
Phlox douglasii;Polemoniaceae
Phlox douglasii;Polemoniaceae
Phlox douglasii hybr.;Polemoniaceae
Phlox glaberrima;Polemoniaceae
Phlox glaberrima;Polemoniaceae
Phlox hybr.;Polemoniaceae
Phlox hybr.;Polemoniaceae
Phlox hybr.;Polemoniaceae
Phlox hybr.;Polemoniaceae
Phlox hybr.;Polemoniaceae
Phlox hybr.;Polemoniaceae
Phlox hybr.;Polemoniaceae
Phlox hybr.;Polemoniaceae
Phlox hybr.;Polemoniaceae
Phlox hybr.;Polemoniaceae
Phlox hybr.;Polemoniaceae
Phlox hybr.;Polemoniaceae
Phlox hybr.;Polemoniaceae
Phlox hybr.;Polemoniaceae
Phlox hybr.;Polemoniaceae
Phlox idahonis;Polemoniaceae
Phlox kelseyi;Polemoniaceae
Phlox maculata;Polemoniaceae
Phlox maculata;Polemoniaceae
Phlox maculata;Polemoniaceae
Phlox maculata;Polemoniaceae
Phlox paniculata;Polemoniaceae
Phlox paniculata;Polemoniaceae
Phlox paniculata;Polemoniaceae
Phlox paniculata;Polemoniaceae
Phlox paniculata;Polemoniaceae
Phlox paniculata;Polemoniaceae
Phlox paniculata;Polemoniaceae
Phlox paniculata;Polemoniaceae
Phlox paniculata;Polemoniaceae
Phlox paniculata;Polemoniaceae
Phlox paniculata;Polemoniaceae
Phlox paniculata;Polemoniaceae
Phlox paniculata;Polemoniaceae
Phlox paniculata;Polemoniaceae
Phlox paniculata;Polemoniaceae
Phlox paniculata;Polemoniaceae
Phlox paniculata;Polemoniaceae
Phlox paniculata;Polemoniaceae
Phlox paniculata;Polemoniaceae
Phlox paniculata;Polemoniaceae
Phlox paniculata;Polemoniaceae
Phlox paniculata;Polemoniaceae
Phlox paniculata;Polemoniaceae
Phlox paniculata;Polemoniaceae
Phlox paniculata;Polemoniaceae
Phlox paniculata;Polemoniaceae
Phlox paniculata;Polemoniaceae
Phlox paniculata;Polemoniaceae
Phlox paniculata;Polemoniaceae
Phlox paniculata;Polemoniaceae
Phlox paniculata;Polemoniaceae
Phlox paniculata;Polemoniaceae
Phlox paniculata;Polemoniaceae
Phlox paniculata;Polemoniaceae
Phlox paniculata;Polemoniaceae
Phlox paniculata;Polemoniaceae
Phlox paniculata;Polemoniaceae
Phlox paniculata;Polemoniaceae
Phlox paniculata;Polemoniaceae
Phlox paniculata;Polemoniaceae
Phlox paniculata;Polemoniaceae
Phlox paniculata;Polemoniaceae
Phlox paniculata;Polemoniaceae
Phlox paniculata;Polemoniaceae
Phlox paniculata;Polemoniaceae
Phlox paniculata;Polemoniaceae
Phlox paniculata;Polemoniaceae
Phlox paniculata;Polemoniaceae
Phlox paniculata;Polemoniaceae
Phlox paniculata;Polemoniaceae
Phlox paniculata;Polemoniaceae
Phlox paniculata;Polemoniaceae
Phlox paniculata;Polemoniaceae
Phlox paniculata;Polemoniaceae
Phlox paniculata;Polemoniaceae
Phlox paniculata;Polemoniaceae
Phlox paniculata;Polemoniaceae
Phlox paniculata;Polemoniaceae
Phlox paniculata;Polemoniaceae
Phlox paniculata;Polemoniaceae
Phlox paniculata;Polemoniaceae
Phlox paniculata;Polemoniaceae
Phlox paniculata;Polemoniaceae
Phlox paniculata;Polemoniaceae
Phlox paniculata;Polemoniaceae
Phlox paniculata;Polemoniaceae
Phlox paniculata;Polemoniaceae
Phlox paniculata;Polemoniaceae
Phlox paniculata;Polemoniaceae
Phlox paniculata;Polemoniaceae
Phlox paniculata;Polemoniaceae
Phlox paniculata;Polemoniaceae
Phlox paniculata;Polemoniaceae
Phlox paniculata;Polemoniaceae
Phlox paniculata;Polemoniaceae
Phlox paniculata;Polemoniaceae
Phlox paniculata;Polemoniaceae
Phlox paniculata;Polemoniaceae
Phlox paniculata;Polemoniaceae
Phlox paniculata;Polemoniaceae
Phlox paniculata;Polemoniaceae
Phlox paniculata;Polemoniaceae
Phlox paniculata;Polemoniaceae
Phlox paniculata;Polemoniaceae
Phlox paniculata;Polemoniaceae
Phlox paniculata;Polemoniaceae
Phlox paniculata;Polemoniaceae
Phlox paniculata;Polemoniaceae
Phlox paniculata;Polemoniaceae
Phlox paniculata;Polemoniaceae
Phlox paniculata;Polemoniaceae
Phlox paniculata;Polemoniaceae
Phlox paniculata;Polemoniaceae
Phlox paniculata;Polemoniaceae
Phlox paniculata;Polemoniaceae
Phlox paniculata;Polemoniaceae
Phlox paniculata;Polemoniaceae
Phlox paniculata;Polemoniaceae
Phlox paniculata;Polemoniaceae
Phlox paniculata;Polemoniaceae
Phlox paniculata;Polemoniaceae
Phlox paniculata;Polemoniaceae
Phlox paniculata;Polemoniaceae
Phlox paniculata;Polemoniaceae
Phlox paniculata;Polemoniaceae
Phlox paniculata;Polemoniaceae
Phlox paniculata;Polemoniaceae
Phlox paniculata;Polemoniaceae
Phlox paniculata;Polemoniaceae
Phlox paniculata;Polemoniaceae
Phlox paniculata;Polemoniaceae
Phlox paniculata;Polemoniaceae
Phlox paniculata;Polemoniaceae
Phlox paniculata;Polemoniaceae
Phlox paniculata;Polemoniaceae
Phlox paniculata;Polemoniaceae
Phlox paniculata;Polemoniaceae
Phlox paniculata;Polemoniaceae
Phlox paniculata;Polemoniaceae
Phlox paniculata;Polemoniaceae
Phlox paniculata;Polemoniaceae
Phlox paniculata;Polemoniaceae
Phlox paniculata;Polemoniaceae
Phlox paniculata;Polemoniaceae
Phlox paniculata;Polemoniaceae
Phlox paniculata;Polemoniaceae
Phlox paniculata;Polemoniaceae
Phlox paniculata;Polemoniaceae
Phlox paniculata;Polemoniaceae
Phlox paniculata;Polemoniaceae
Phlox paniculata;Polemoniaceae
Phlox paniculata;Polemoniaceae
Phlox paniculata;Polemoniaceae
Phlox paniculata;Polemoniaceae
Phlox paniculata;Polemoniaceae
Phlox paniculata;Polemoniaceae
Phlox paniculata;Polemoniaceae
Phlox paniculata;Polemoniaceae
Phlox paniculata;Polemoniaceae
Phlox paniculata;Polemoniaceae
Phlox paniculata;Polemoniaceae
Phlox paniculata;Polemoniaceae
Phlox paniculata;Polemoniaceae
Phlox paniculata;Polemoniaceae
Phlox paniculata;Polemoniaceae
Phlox paniculata;Polemoniaceae
Phlox paniculata;Polemoniaceae
Phlox paniculata;Polemoniaceae
Phlox paniculata;Polemoniaceae
Phlox paniculata;Polemoniaceae
Phlox paniculata;Polemoniaceae
Phlox paniculata;Polemoniaceae
Phlox paniculata;Polemoniaceae
Phlox paniculata;Polemoniaceae
Phlox paniculata;Polemoniaceae
Phlox paniculata;Polemoniaceae
Phlox paniculata;Polemoniaceae
Phlox paniculata;Polemoniaceae
Phlox paniculata;Polemoniaceae
Phlox paniculata;Polemoniaceae
Phlox paniculata;Polemoniaceae
Phlox paniculata;Polemoniaceae
Phlox paniculata;Polemoniaceae
Phlox paniculata;Polemoniaceae
Phlox paniculata;Polemoniaceae
Phlox paniculata;Polemoniaceae
Phlox paniculata;Polemoniaceae
Phlox paniculata;Polemoniaceae
Phlox paniculata;Polemoniaceae
Phlox paniculata;Polemoniaceae
Phlox paniculata;Polemoniaceae
Phlox paniculata;Polemoniaceae
Phlox paniculata;Polemoniaceae
Phlox paniculata;Polemoniaceae
Phlox paniculata;Polemoniaceae
Phlox paniculata;Polemoniaceae
Phlox paniculata;Polemoniaceae
Phlox paniculata;Polemoniaceae
Phlox paniculata;Polemoniaceae
Phlox paniculata;Polemoniaceae
Phlox paniculata;Polemoniaceae
Phlox paniculata;Polemoniaceae
Phlox paniculata;Polemoniaceae
Phlox paniculata;Polemoniaceae
Phlox pilosa;Polemoniaceae
Phlox pilosa;Polemoniaceae
Phlox pilosa;Polemoniaceae
Phlox sp.;Polemoniaceae
Phlox stolonifera;Polemoniaceae
Phlox stolonifera;Polemoniaceae
Phlox stolonifera;Polemoniaceae
Phlox stolonifera;Polemoniaceae
Phlox stolonifera;Polemoniaceae
Phlox stolonifera;Polemoniaceae
Phlox stolonifera;Polemoniaceae
Phlox subulata;Polemoniaceae
Phlox subulata;Polemoniaceae
Phlox subulata;Polemoniaceae
Phlox subulata;Polemoniaceae
Phlox subulata;Polemoniaceae
Phlox subulata;Polemoniaceae
Phlox subulata;Polemoniaceae
Phlox subulata;Polemoniaceae
Phlox subulata;Polemoniaceae
Phlox subulata;Polemoniaceae
Phlox subulata;Polemoniaceae
Phlox subulata;Polemoniaceae
Phlox subulata;Polemoniaceae
Phlox subulata;Polemoniaceae
Phlox subulata;Polemoniaceae
Phlox subulata;Polemoniaceae
Phlox subulata;Polemoniaceae
Phlox subulata;Polemoniaceae
Phlox subulata;Polemoniaceae
Phlox subulata;Polemoniaceae
Phlox subulata;Polemoniaceae
Phlox subulata;Polemoniaceae
Phlox subulata;Polemoniaceae
Phlox subulata;Polemoniaceae
Phlox subulata;Polemoniaceae
Phlox subulata;Polemoniaceae
Phlox subulata;Polemoniaceae
Phlox subulata;Polemoniaceae
Phlox subulata;Polemoniaceae
Phlox subulata;Polemoniaceae
Phlox subulata hybr.;Polemoniaceae
Phlox subulata hybr.;Polemoniaceae
Phlox subulata hybr.;Polemoniaceae
Phlox subulata hybr.;Polemoniaceae
Phlox subulata hybr.;Polemoniaceae
Phlox subulata hybr.;Polemoniaceae
Phlox subulata hybr.;Polemoniaceae
Phlox subulata hybr.;Polemoniaceae
Phlox subulata hybr.;Polemoniaceae
Phlox subulata hybr.;Polemoniaceae
Phoenicophorium borsigianum;Arecaceae
Phoenix canariensis;Arecaceae
Phoenix dactylifera;Arecaceae
Phoenix dactylifera;Arecaceae
Phoenix paludosa;Arecaceae
Phoenix reclinata;Arecaceae
Phoenix roebelinii;Arecaceae
Phoenix roebelinii;Liliopsida
Phoenix theophrasti;Arecaceae
Phoenix theophrasti;Arecaceae
Phoenix theophrasti;Arecaceae
Pholidostachys pulchra;Arecaceae
Pholidota chinensis;Orchidaceae
Pholidota imbricata;Orchidaceae
Pholidota imbricata;Orchidaceae
Pholidota leveilleana;Orchidaceae
Pholidota sp.;Orchidaceae
Pholidota sp.;Orchidaceae
Phormium colensoi;Xanthorrhoeaceae
Phormium tenax;Xanthorrhoeaceae
Phormium tenax;Xanthorrhoeaceae
Phormium tenax;Xanthorrhoeaceae
Phormium tenax;Xanthorrhoeaceae
Phormium tenax;Xanthorrhoeaceae
Phormium tenax;Xanthorrhoeaceae
Phormium tenax;Xanthorrhoeaceae
Photinia beauverdiana;Rosaceae
Photinia koreana;Rosaceae
Photinia niitakyamensis;Rosaceae
Photinia parvifolia;Rosaceae
Photinia serrulata;Rosaceae
Photinia serrulata;Rosaceae
Photinia villosa;Rosaceae
Photinia x fraseri;Rosaceae
Phragmipedium andreetae;Orchidaceae
Phragmipedium besseae;Orchidaceae
Phragmipedium boissierianum;Orchidaceae
Phragmipedium boissierianum;Orchidaceae
Phragmipedium caudatum;Orchidaceae
Phragmipedium fischeri;Orchidaceae
Phragmipedium hirtzii;Orchidaceae
Phragmipedium hirtzii;
Phragmipedium kovachii;Orchidaceae
Phragmipedium lindenii;Orchidaceae
Phragmipedium lindleyanum;Orchidaceae
Phragmipedium longifolium;Orchidaceae
Phragmipedium manzurii;Orchidaceae
Phragmipedium pearcei;Orchidaceae
Phragmipedium pearcei;Orchidaceae
Phragmipedium popowii;Orchidaceae
Phragmipedium roethianum;Orchidaceae
Phragmipedium sargentianum;Orchidaceae
Phragmipedium schlimii;Orchidaceae
Phragmipedium sp.;Orchidaceae
Phragmipedium wallisii;
Phragmipedium warszewiczianum;Orchidaceae
Phragmipedium warszewiczianum;Orchidaceae
Phrynium placentarium;Marantaceae
Phrynium sp.;Marantaceae
Phrynium sp.;Marantaceae
Phuopsis stylosa;Rubiaceae
Phygelius aequalis;Scrophulariaceae ( s.str.)
Phygelius capensis;Scrophulariaceae ( s.str.)
Phyla nodiflora;Verbenaceae (s.str.)
Phyla scaberrima;Verbenaceae (s.str.)
Phyllanthus acidus;Euphorbiaceae
Phyllanthus aeneus;Euphorbiaceae
Phyllanthus arbuscula;Euphorbiaceae
Phyllanthus mirabilis;Euphorbiaceae
Phyllanthus mirabilis;Euphorbiaceae
Phyllanthus nummulariifolius;Euphorbiaceae
Phyllanthus sp.;Euphorbiaceae
Phyllitis scolopendrium;Aspleniaceae
Phyllitis scolopendrium;Aspleniaceae
Phyllitis scolopendrium;Aspleniaceae
Phyllitis scolopendrium;Aspleniaceae
Phyllitis scolopendrium;Aspleniaceae
Phyllocladus aspleniifolius;Podocarpaceae
Phyllocladus aspleniifolius;Podocarpaceae
Phyllocladus hypophyllus;Podocarpaceae
Phyllocladus trichomanoides;Podocarpaceae
Phyllodoce aleutica;Ericaceae
Phyllodoce empetriformis;Ericaceae
Phyllostachys aurea;Poaceae
Phyllostachys aureosulcata;Poaceae
Phyllostachys aureosulcata;Poaceae
Phyllostachys aureosulcata;Poaceae
Phyllostachys bambusoides;Poaceae
Phyllostachys bissetii;Poaceae
Phyllostachys edulis;Poaceae
Phyllostachys glauca;Poaceae
Phyllostachys humilis;Poaceae
Phyllostachys nigra;Poaceae
Phyllostachys nigra;Poaceae
Phyllostachys nigra;Poaceae
Phyllostachys nuda;Poaceae
Phyllostachys praecox;Poaceae
Phyllostachys propinqua;Poaceae
Phyllostachys rubromarginata;Poaceae
Phyllostachys viridiglaucescens;Poaceae
Phyllostachys viridis;Poaceae
Phymatidium tillandsioides;Orchidaceae
Phymatodes scolopendria;Dipteridaceae
Phymatosorus sp.;Polypodiaceae
Physalis alkekengi;Solanaceae
Physalis alkekengi;Solanaceae
Physalis heterophylla;Solanaceae
Physocarpus amurensis;Rosaceae
Physocarpus capitatus;Rosaceae
Physocarpus capitatus;Rosaceae
Physocarpus intermedius;Rosaceae
Physocarpus intermedius;Rosaceae
Physocarpus malvaceus;Rosaceae
Physocarpus opulifolius;Rosaceae
Physocarpus opulifolius;Rosaceae
Physocarpus opulifolius;Rosaceae
Physocarpus opulifolius;Rosaceae
Physocarpus opulifolius;Rosaceae
Physocarpus ribesifolius;Rosaceae
Physocarpus stellatus;Rosaceae
Physocarpus stellatus;Rosaceae
Physokentia insolita;Arecaceae
Physostegia virginiana;Lamiaceae
Physostegia virginiana;Lamiaceae
Physostegia virginiana;Lamiaceae
Physostegia virginiana;Lamiaceae
Physostegia virginiana;Lamiaceae
Physostegia virginiana;Lamiaceae
Physostegia virginiana;Lamiaceae
Physostegia virginiana;Lamiaceae
Physostegia virginiana;Lamiaceae
Physostegia virginiana;Lamiaceae
Physostegia virginiana;Lamiaceae
Physostegia virginiana;Lamiaceae
Phytelephas aequatorialis;Arecaceae
Phytelephas macrocarpa;Arecaceae
Phytelephas tenuicaulis;Arecaceae
Phyteuma sieberii;Campanulaceae
Phytolacca americana;Phytolaccaceae
Phytolacca esculenta;Phytolaccaceae
Piaranthus decipiens;Apocynaceae
Piaranthus decorus;Apocynaceae
Piaranthus geminatus;Apocynaceae
Piaranthus pulcher;Apocynaceae
Piaranthus punctatus;Apocynaceae
Piaranthus sp.;Apocynaceae
Picea abies;Pinaceae
Picea abies;Pinaceae
Picea abies;Pinaceae
Picea abies;Pinaceae
Picea abies;Pinaceae
Picea abies;Pinaceae
Picea abies;Pinaceae
Picea abies;Pinaceae
Picea abies;Pinaceae
Picea abies;Pinaceae
Picea abies;Pinaceae
Picea abies;Pinaceae
Picea abies;Pinaceae
Picea engelmannii;Pinaceae
Picea glauca;Pinaceae
Picea koyamae;Pinaceae
Picea mariana;Pinaceae
Picea obovata;Pinaceae
Picea omorika;Pinaceae
Picea omorika;Pinaceae
Picea omorika;Pinaceae
Picea omorika;Pinaceae
Picea orientalis;Pinaceae
Picea pungens;Pinaceae
Picea pungens;Pinaceae
Picea pungens;Pinaceae
Picea purpurea;Pinaceae
Picea schrenkiana;Pinaceae
Picea sitchensis;Pinaceae
Picea sitchensis;Pinaceae
Picea sitchensis;Pinaceae
Picea torano;Pinaceae
Picea x lutzii;Pinaceae
Picea x mariorika;Pinaceae
Picralima nitida;Apocynaceae
Picrasma quassioides;Simaroubaceae
Pieris floribunda;Ericaceae
Pieris japonica;Ericaceae
Pieris japonica;Ericaceae
Pieris japonica;Ericaceae
Pieris japonica;Ericaceae
Pieris japonica;Ericaceae
Pieris japonica;Ericaceae
Pieris japonica;Ericaceae
Pieris japonica;Ericaceae
Pieris japonica;Ericaceae
Pieris japonica;Ericaceae
Pieris japonica;Ericaceae
Pieris japonica;Ericaceae
Pieris japonica;Ericaceae
Pieris japonica;Ericaceae
Pieris japonica;Ericaceae
Pieris japonica;Ericaceae
Pieris japonica;Ericaceae
Pieris japonica;Ericaceae
Pieris japonica;Ericaceae
Pieris japonica;Ericaceae
Pieris japonica;Ericaceae
Pieris japonica;Ericaceae
Pieris japonica;Ericaceae
Pieris koidzumiana;Ericaceae
Pilea cadierei;Urticaceae
Pilea costaricensis;Urticaceae
Pilea hederacea;Urticaceae
Pilea involucrata;Urticaceae
Pilea mollis;Urticaceae
Pilea nummulariifolia;Urticaceae
Pilea peperomioides;Urticaceae
Pilea pumila;Urticaceae
Pilea sp.;Urticaceae
Pilea sp.;Urticaceae
Pilea sp.;Urticaceae
Pilea sp.;Urticaceae
Pilosocereus gaumeri;Cactaceae
Pilularia globulifera;Marsileaceae
Pimpinella anisum;Apiaceae
Pimpinella saxifraga;Apiaceae
Pinalia stricta;Orchidaceae
Pinanga adangensis;Arecaceae
Pinanga capitata;Arecaceae
Pinanga disticha;Arecaceae
Pinanga philippinensis;Arecaceae
Pinanga quadrijuga;Arecaceae
Pinanga sessilifolia;Arecaceae
Pinanga sp.;Arecaceae
Pinanga sp.;Arecaceae
Pinanga sp.;Arecaceae
Pinanga sp.;Arecaceae
Pinanga sp.;Arecaceae
Pinellia cordata;Araceae
Pinellia cordata;Araceae
Pinellia pedatisecta;Araceae
Pinellia ternata;Araceae
Pinellia tripartita;Araceae
Pinellia tripartita;Araceae
Pinguicula agnata;Lentibulariaceae
Pinguicula agnata;Lentibulariaceae
Pinguicula albida;Lentibulariaceae
Pinguicula alpina;Lentibulariaceae
Pinguicula bohemica;Lentibulariaceae
Pinguicula calderoniae;Lentibulariaceae
Pinguicula conzattii;Lentibulariaceae
Pinguicula crassifolia;Lentibulariaceae
Pinguicula crenatiloba;Lentibulariaceae
Pinguicula cubensis;Lentibulariaceae
Pinguicula cyclosecta;Lentibulariaceae
Pinguicula debbertiana;Lentibulariaceae
Pinguicula debbertiana;Lentibulariaceae
Pinguicula dertosensis;Lentibulariaceae
Pinguicula dertosensis;Lentibulariaceae
Pinguicula ehlersiae;Lentibulariaceae
Pinguicula ehlersiae;Lentibulariaceae
Pinguicula elizabethiae;Lentibulariaceae
Pinguicula emarginata;Lentibulariaceae
Pinguicula emarginata;Lentibulariaceae
Pinguicula emarginata;Lentibulariaceae
Pinguicula emarginata;Lentibulariaceae
Pinguicula esseriana;Lentibulariaceae
Pinguicula esseriana;Lentibulariaceae
Pinguicula esseriana;Lentibulariaceae
Pinguicula filifolia;Lentibulariaceae
Pinguicula gigantea;Lentibulariaceae
Pinguicula gigantea;Lentibulariaceae
Pinguicula gigantea;Lentibulariaceae
Pinguicula gracilis;Lentibulariaceae
Pinguicula grandiflora;Lentibulariaceae
Pinguicula grandiflora;Lentibulariaceae
Pinguicula grandiflora x longifolia;Lentibulariaceae
Pinguicula gypsicola;Lentibulariaceae
Pinguicula hemiepiphytica;Lentibulariaceae
Pinguicula hemiepiphytica;Lentibulariaceae
Pinguicula hemiepiphytica;Lentibulariaceae
Pinguicula heterophylla;Lentibulariaceae
Pinguicula hirtiflora;Lentibulariaceae
Pinguicula hirtiflora;Lentibulariaceae
Pinguicula chilensis;Lentibulariaceae
Pinguicula ibarrae;Lentibulariaceae
Pinguicula ibarrae x moctezumae;Lentibulariaceae
Pinguicula immaculata;Lentibulariaceae
Pinguicula ionantha;Lentibulariaceae
Pinguicula ionantha;Lentibulariaceae
Pinguicula jaumavensis;Lentibulariaceae
Pinguicula kondoi;Lentibulariaceae
Pinguicula kondoi;Lentibulariaceae
Pinguicula laueana;Lentibulariaceae
Pinguicula longifolia;Lentibulariaceae
Pinguicula macroceras;Lentibulariaceae
Pinguicula macrophylla;Lentibulariaceae
Pinguicula martinezii;Lentibulariaceae
Pinguicula medusina;Lentibulariaceae
Pinguicula mesophytica;Lentibulariaceae
Pinguicula mirandae;Lentibulariaceae
Pinguicula moctezumae;Lentibulariaceae
Pinguicula moranensis;Lentibulariaceae
Pinguicula moranensis;Lentibulariaceae
Pinguicula moranensis;Lentibulariaceae
Pinguicula nivalis;Lentibulariaceae
Pinguicula oblongiloba;Lentibulariaceae
Pinguicula orchidioides;Lentibulariaceae
Pinguicula potosiensis;Lentibulariaceae
Pinguicula primuliflora;Lentibulariaceae
Pinguicula pumila;Lentibulariaceae
Pinguicula rectifolia;Lentibulariaceae
Pinguicula rotundiflora;Lentibulariaceae
Pinguicula sp.;Lentibulariaceae
Pinguicula variegata;Lentibulariaceae
Pinguicula vulgaris;Lentibulariaceae
Pinguicula zecheri;Lentibulariaceae
Pinus armandii;Pinaceae
Pinus armandii;Pinaceae
Pinus attenuata;Pinaceae
Pinus attenuata;Pinaceae
Pinus bungeana;Pinaceae
Pinus contorta;Pinaceae
Pinus densiflora;Pinaceae
Pinus densiflora;Pinaceae
Pinus densiflora;Pinaceae
Pinus edulis;Pinaceae
Pinus flexilis;Pinaceae
Pinus heldreichii;Pinaceae
Pinus heldreichii;Pinaceae
Pinus jeffreyi;Pinaceae
Pinus mugo;Pinaceae
Pinus mugo;Pinaceae
Pinus mugo;Pinaceae
Pinus mugo;Pinaceae
Pinus mugo;Pinaceae
Pinus mugo;Pinaceae
Pinus mugo;Pinaceae
Pinus mugo;Pinaceae
Pinus mugo;Pinaceae
Pinus mugo;Pinaceae
Pinus mugo;Pinaceae
Pinus mugo;Pinaceae
Pinus mugo;Pinaceae
Pinus mugo;Pinaceae
Pinus nigra;Pinaceae
Pinus nigra;Pinaceae
Pinus nigra;Pinaceae
Pinus nigra;Pinaceae
Pinus nigra;Pinaceae
Pinus palustris;Pinaceae
Pinus parviflora;Pinaceae
Pinus parviflora;Pinaceae
Pinus parviflora;Pinaceae
Pinus rigida;Pinaceae
Pinus roxburghii;Pinaceae
Pinus sabiniana;Pinaceae
Pinus strobiformis;Pinaceae
Pinus sylvestris;Pinaceae
Pinus sylvestris;Pinaceae
Pinus sylvestris;Pinaceae
Pinus sylvestris;Pinaceae
Pinus sylvestris;Pinaceae
Pinus sylvestris;Pinaceae
Pinus sylvestris;Pinaceae
Pinus sylvestris;Pinaceae
Pinus sylvestris;Pinaceae
Pinus sylvestris;Pinaceae
Pinus tabulaeformis;Pinaceae
Pinus thunbergii;Pinaceae
Pinus thunbergii;Pinaceae
Pinus uncinata;Pinaceae
Pinus wallichiana;Pinaceae
Piper aduncum;Piperaceae
Piper amalago;Piperaceae
Piper arboreum;Piperaceae
Piper artanthe;Piperaceae
Piper auritum;Piperaceae
Piper betle;Piperaceae
Piper clypeatum;Piperaceae
Piper excelsum;Piperaceae
Piper fimbriulatum;Piperaceae
Piper guineense;Piperaceae
Piper kadsura;Piperaceae
Piper kadsura;Piperaceae
Piper magnificum;Piperaceae
Piper muricatum;Piperaceae
Piper nigrum;Piperaceae
Piper nigrum;Piperaceae
Piper nudilimbum;Piperaceae
Piper obtusilimbum;Piperaceae
Piper obtusissimum;Piperaceae
Piper ornatum;Piperaceae
Piper parmatum;Piperaceae
Piper porphyrophyllum;Piperaceae
Piper sarmentosum;Piperaceae
Piper sp.;Piperaceae
Piper sp.;Piperaceae
Piper sp.;Piperaceae
Piper sp.;Piperaceae
Piper sp.;Piperaceae
Piper sp.;Piperaceae
Piper sylvaticum;Piperaceae
Pistacia atlantica;Anacardiaceae
Pistacia khinjuk;Anacardiaceae
Pistacia terebinthus;Anacardiaceae
Pitcairnia andreana;Bromeliaceae
Pitcairnia andreana;Bromeliaceae
Pitcairnia aureobrunnea;Bromeliaceae
Pitcairnia corallina;Bromeliaceae
Pitcairnia echinata;Bromeliaceae
Pitcairnia flammea;Bromeliaceae
Pitcairnia funkiae;Bromeliaceae
Pitcairnia grafii;Bromeliaceae
Pitcairnia heterophylla;Bromeliaceae
Pitcairnia hitchcockiana;Bromeliaceae
Pitcairnia imbricata;Bromeliaceae
Pitcairnia lehmannii;Bromeliaceae
Pitcairnia sp.;Bromeliaceae
Pitcairnia sp.;Bromeliaceae
Pithecoctenium crucigerum;Bignoniaceae
Pittcairnia maidifolia;Bromeliaceae
Pittcairnia maidifolia;Bromeliaceae
Pittcairnia sulphurea;Bromeliaceae
Pittosporum anomalum;Pittosporaceae
Pittosporum anomalum;Pittosporaceae
Pittosporum brevispinum;Pittosporaceae
Pittosporum divaricatum;Pittosporaceae
Pittosporum ferrugineum;Pittosporaceae
Pittosporum hybr.;Pittosporaceae
Pittosporum mannii;Pittosporaceae
Pittosporum sp.;Pittosporaceae
Pittosporum sp.;Pittosporaceae
Pittosporum tenuifolium;Pittosporaceae
Pittosporum tenuifolium;Pittosporaceae
Pittosporum tobira;Pittosporaceae
Pittosporum tobira;Pittosporaceae
Pittosporum tobira;Pittosporaceae
Pittosporum tobira;Pittosporaceae
Pittosporum tobira;Pittosporaceae
Pittosporum tobira;Pittosporaceae
Pittosporum undulatum;Pittosporaceae
Pityrogramma araculco;Pteridaceae
Pityrogramma argentea;Pteridaceae
Pityrogramma calomelanos;Pteridaceae
Plantago afra;Plantaginaceae (s.l.)
Plantago altissima;Plantaginaceae (s.l.)
Plantago altissima;Plantaginaceae (s.l.)
Plantago arborescens;Plantaginaceae (s.l.)
Plantago argentea;Plantaginaceae (s.l.)
Plantago atrata;Plantaginaceae (s.l.)
Plantago camtschatica;Plantaginaceae (s.l.)
Plantago camtschatica;Plantaginaceae (s.l.)
Plantago lanceolata;Plantaginaceae (s.l.)
Plantago lanceolata;Plantaginaceae (s.l.)
Plantago maritima;Plantaginaceae (s.l.)
Plantago muelleri;Plantaginaceae (s.l.)
Plantago muelleri;Plantaginaceae (s.l.)
Plantago subulata;Plantaginaceae (s.l.)
Platanus racemosa;Platanaceae
Platanus x acerifolia;Platanaceae
Platycarya strobilacea;Juglandaceae
Platycarya strobilacea;Juglandaceae
Platycerium alcicorne;Polypodiaceae
Platycerium alcicorne;Polypodiaceae
Platycerium alcicorne;Polypodiaceae
Platycerium alcicorne;Polypodiaceae
Platycerium alcicorne;Polypodiaceae
Platycerium andinum;Polypodiaceae
Platycerium andinum;Polypodiaceae
Platycerium angolense;Polypodiaceae
Platycerium bifurcatum;Polypodiaceae
Platycerium bifurcatum;Polypodiaceae
Platycerium bifurcatum;Polypodiaceae
Platycerium bifurcatum;Polypodiaceae
Platycerium bifurcatum;Polypodiaceae
Platycerium bifurcatum;Polypodiaceae
Platycerium bifurcatum;Polypodiaceae
Platycerium bifurcatum;Polypodiaceae
Platycerium bifurcatum;Polypodiaceae
Platycerium bifurcatum;Polypodiaceae
Platycerium bifurcatum;Polypodiaceae
Platycerium coronarium;Polypodiaceae
Platycerium coronarium;Polypodiaceae
Platycerium coronarium;Polypodiaceae
Platycerium elephantotis;Polypodiaceae
Platycerium elephantotis;Polypodiaceae
Platycerium ellisii;Polypodiaceae
Platycerium ellisii;Polypodiaceae
Platycerium grande;Polypodiaceae
Platycerium grande;Polypodiaceae
Platycerium grande;Polypodiaceae
Platycerium holttumii;Polypodiaceae
Platycerium holttumii;Polypodiaceae
Platycerium holttumii;Polypodiaceae
Platycerium madagascariense;Polypodiaceae
Platycerium madagascariense;Polypodiaceae
Platycerium quadridichotomum;Polypodiaceae
Platycerium quadridichotomum;Polypodiaceae
Platycerium ridleyi;Polypodiaceae
Platycerium ridleyi;Polypodiaceae
Platycerium ridleyi;Polypodiaceae
Platycerium stemaria;Polypodiaceae
Platycerium stemaria;Polypodiaceae
Platycerium stemaria;Polypodiaceae
Platycerium stemaria;Polypodiaceae
Platycerium superbum;Polypodiaceae
Platycerium superbum;Polypodiaceae
Platycerium wallichii;Polypodiaceae
Platycerium wandae;Polypodiaceae
Platycerium wandae;Polypodiaceae
Platycerium wandae;Polypodiaceae
Platycladus orientalis;Cupressaceae
Platycodon grandiflorus;Campanulaceae
Platycodon grandiflorus;Campanulaceae
Platycodon grandiflorus;Campanulaceae
Platycodon grandiflorus;Campanulaceae
Platycodon grandiflorus;Campanulaceae
Platycodon grandiflorus;Campanulaceae
Platycodon grandiflorus;Campanulaceae
Platystele baqueroi;Orchidaceae
Plectocomia himalayana;Arecaceae
Plectocomia himalayana;Arecaceae
Plectranthus bipinnatus;Lamiaceae
Plectranthus ecklonii;Lamiaceae
Plectranthus hadiensis;Lamiaceae
Plectranthus madagascariensis;Lamiaceae
Plectranthus ornatus;Lamiaceae
Plectranthus pentheri;Lamiaceae
Plectranthus rosulatus;Lamiaceae
Plectranthus rosulatus;Lamiaceae
Plectranthus scaposus;Lamiaceae
Plectranthus scaposus;Lamiaceae
Plectranthus scaposus;Lamiaceae
Plectranthus sp.;Lamiaceae
Plectranthus spicatus;Lamiaceae
Plectrelminthus caudatus;Orchidaceae
Pleioblastus distichus;Poaceae
Pleioblastus distichus;Poaceae
Pleioblastus fortunei;Poaceae
Pleioblastus simonii;Poaceae
Pleioblastus viridistriatus;Poaceae
Pleione aurita;Orchidaceae
Pleione aurita;Orchidaceae
Pleione bulbocodioides;Orchidaceae
Pleione bulbocodioides;Orchidaceae
Pleione bulbocodioides;Orchidaceae
Pleione formosana;Orchidaceae
Pleione formosana;Orchidaceae
Pleione formosana;Orchidaceae
Pleione formosana;Orchidaceae
Pleione formosana;Orchidaceae
Pleione formosana;Orchidaceae
Pleione formosana;Orchidaceae
Pleione formosana;Orchidaceae
Pleione formosana;Orchidaceae
Pleione forrestii;Orchidaceae
Pleione forrestii;Orchidaceae
Pleione grandiflora;Orchidaceae
Pleione grandiflora;Orchidaceae
Pleione hybr.;Orchidaceae
Pleione hybr.;Orchidaceae
Pleione hybr.;Orchidaceae
Pleione hybr.;Orchidaceae
Pleione hybr.;Orchidaceae
Pleione hybr.;Orchidaceae
Pleione hybr.;Orchidaceae
Pleione hybr.;Orchidaceae
Pleione hybr.;Orchidaceae
Pleione hybr.;Orchidaceae
Pleione hybr.;Orchidaceae
Pleione hybr.;Orchidaceae
Pleione hybr.;Orchidaceae
Pleione hybr.;Orchidaceae
Pleione hybr.;Orchidaceae
Pleione hybr.;Orchidaceae
Pleione hybr.;Orchidaceae
Pleione hybr.;Orchidaceae
Pleione hybr.;Orchidaceae
Pleione hybr.;Orchidaceae
Pleione hybr.;Orchidaceae
Pleione hybr.;Orchidaceae
Pleione hybr.;Orchidaceae
Pleione hybr.;Orchidaceae
Pleione hybr.;Orchidaceae
Pleione hybr.;Orchidaceae
Pleione hybr.;Orchidaceae
Pleione hybr.;Orchidaceae
Pleione hybr.;Orchidaceae
Pleione hybr.;Orchidaceae
Pleione hybr.;Orchidaceae
Pleione hybr.;Orchidaceae
Pleione hybr.;Orchidaceae
Pleione hybr.;Orchidaceae
Pleione hybr.;Orchidaceae
Pleione chunii;Orchidaceae
Pleione lagenaria;Orchidaceae
Pleione maculata;Orchidaceae
Pleione pleionoides;Orchidaceae
Pleione pleionoides;Orchidaceae
Pleione praecox;Orchidaceae
Pleione praecox;Orchidaceae
Pleione vietnamensis;Orchidaceae
Pleione yunnanensis;Orchidaceae
Pleiospilos compactus;Aizoaceae
Pleiospilos simulans;Aizoaceae
Pleiostachya pruinosa;Marantaceae
Pleiostachya pruinosa;Marantaceae
Pleiostachya pruinosa;Marantaceae
Pleopeltis bombycina;Polypodiaceae
Pleurospermum camtschaticum;Apiaceae
Pleurothallis allenii;Orchidaceae
Pleurothallis cocornaensis;Orchidaceae
Pleurothallis costaricensis;Orchidaceae
Pleurothallis grobyi;Orchidaceae
Pleurothallis grobyi;Orchidaceae
Pleurothallis marthae;Orchidaceae
Pleurothallis neglecta;Orchidaceae
Pleurothallis peculiaris;Orchidaceae
Pleurothallis rubella;Orchidaceae
Pleurothallis schiedei;Orchidaceae
Pleurothallis sp.;Orchidaceae
Pleurothallis sp.;Orchidaceae
Pleurothallis sp.;Orchidaceae
Pleurothallis sp.;Orchidaceae
Pleurothallis titan;Orchidaceae
Pleurothallis truncata;Orchidaceae
Pleurothallis tuerckheimii;Orchidaceae
Pleurothallis villosa;Orchidaceae
Plinia cauliflora;Myrtaceae
Plinia edulis;Myrtaceae
Plinia phitrantha;Myrtaceae
Plinia phitrantha;Myrtaceae
Plocama pendula;Rubiaceae
Plukenetia volubilis;Euphorbiaceae
Plumbago caerulea;Plumbaginaceae
Plumeria cubensis;Apocynaceae
Plumeria rubra;Apocynaceae
Plumeria rubra;Apocynaceae
Plumeria rubra;Apocynaceae
Plumeria sp.;Apocynaceae
Plumeria sp.;Apocynaceae
Poa alpina;Poaceae
Poa alpina;Poaceae
Poa araratica;Poaceae
Poa crassipes;Poaceae
Poa chaixii;Poaceae
Poa labillardierei;Poaceae
Poa versicolor;Poaceae
Podangis dactyloceras;Orchidaceae
Podocarpus acutifolius;Podocarpaceae
Podocarpus acutifolius;Podocarpaceae
Podocarpus alpinus;Podocarpaceae
Podocarpus angustifolius;Podocarpaceae
Podocarpus aristulatus;Podocarpaceae
Podocarpus brassii;Podocarpaceae
Podocarpus costalis;Podocarpaceae
Podocarpus costalis;Podocarpaceae
Podocarpus cunninghamii;Podocarpaceae
Podocarpus elongata;Podocarpaceae
Podocarpus falcatus;Podocarpaceae
Podocarpus hallii;Podocarpaceae
Podocarpus hallii;Podocarpaceae
Podocarpus hallii;Podocarpaceae
Podocarpus henckelii;Podocarpaceae
Podocarpus lawrencei;Podocarpaceae
Podocarpus macrophyllus;Podocarpaceae
Podocarpus nivalis;Podocarpaceae
Podocarpus nivalis;Podocarpaceae
Podocarpus nivalis;Podocarpaceae
Podocarpus nivalis;Podocarpaceae
Podocarpus nivalis;Podocarpaceae
Podocarpus novae-caledoniae;Podocarpaceae
Podocarpus parlatorei;Podocarpaceae
Podocarpus rumphii;Podocarpaceae
Podocarpus salignus;Podocarpaceae
Podocarpus sp.;Podocarpaceae
Podocarpus sp.;Podocarpaceae
Podocarpus spinulosa;Podocarpaceae
Podocarpus totara;Podocarpaceae
Podocarpus totara;Podocarpaceae
Podocarpus totara;Podocarpaceae
Podocarpus urbanii;Podocarpaceae
Podochilus muricatus;Orchidaceae
Podolasia stipitata;Araceae
Podolasia stipitata;Araceae
Podophyllum hexandrum;Berberidaceae
Podophyllum hexandrum;Berberidaceae
Podophyllum hexandrum;Berberidaceae
Podophyllum hexandrum;Berberidaceae
Podophyllum hybr.;Berberidaceae
Podophyllum peltatum;Berberidaceae
Podophyllum peltatum;Berberidaceae
Podranea brycei;Bignoniaceae
Podranea ricasoliana;Bignoniaceae
Pogonia japonica;Orchidaceae
Pogonia ophioglossoides;Orchidaceae
Pogonia ophioglossoides;Orchidaceae
Pogostemon cablin;Lamiaceae
Polemonium caucasicum;Polemoniaceae
Polemonium coeruleum;Polemoniaceae
Polemonium chinense;Polemoniaceae
Polemonium reptans;Polemoniaceae
Polianthes tuberosa;Asparagaceae (Agavaceae)
Polianthes tuberosa;Asparagaceae (Agavaceae)
Pollichia campestris;Caryophyllaceae
Pollichia campestris;Caryophyllaceae
Polycarpaea tenuis;Caryophyllaceae
Polycycnis trullifera;Orchidaceae
Polygala fruticosa;Polygalaceae
Polygala chamaebuxus;Polygalaceae
Polygala chamaebuxus;Polygalaceae
Polygala chamaebuxus;Polygalaceae
Polygala chamaebuxus;Polygalaceae
Polygala chamaebuxus;Polygalaceae
Polygala myrtifolia;Polygalaceae
Polygala virgata;Polygalaceae
Polygonatum arisanense;Asparagaceae (Ruscaceae)
Polygonatum biflorum;Asparagaceae (Ruscaceae)
Polygonatum biflorum;Asparagaceae (Ruscaceae)
Polygonatum biflorum;Asparagaceae (Ruscaceae)
Polygonatum biflorum;Asparagaceae (Ruscaceae)
Polygonatum biflorum;Asparagaceae (Ruscaceae)
Polygonatum biflorum;Asparagaceae (Ruscaceae)
Polygonatum cathcartii;Asparagaceae (Ruscaceae)
Polygonatum cirrhifolium;Asparagaceae (Ruscaceae)
Polygonatum cyrtonema;Asparagaceae (Ruscaceae)
Polygonatum falcatum;Asparagaceae (Ruscaceae)
Polygonatum falcatum;Asparagaceae (Ruscaceae)
Polygonatum franchetii;Asparagaceae (Ruscaceae)
Polygonatum glaberrimum;Asparagaceae (Ruscaceae)
Polygonatum hirtum;Asparagaceae (Ruscaceae)
Polygonatum hookeri;Asparagaceae (Ruscaceae)
Polygonatum humile;Asparagaceae (Ruscaceae)
Polygonatum humile;Asparagaceae (Ruscaceae)
Polygonatum hybr.;Asparagaceae (Ruscaceae)
Polygonatum macranthum;Asparagaceae (Ruscaceae)
Polygonatum macropodum;Asparagaceae (Ruscaceae)
Polygonatum multiflorum;Asparagaceae (Ruscaceae)
Polygonatum multiflorum;Asparagaceae (Ruscaceae)
Polygonatum multiflorum;Asparagaceae (Ruscaceae)
Polygonatum multiflorum;Asparagaceae (Ruscaceae)
Polygonatum nodosum;Asparagaceae (Ruscaceae)
Polygonatum odoratum;Asparagaceae (Ruscaceae)
Polygonatum odoratum;Asparagaceae (Ruscaceae)
Polygonatum odoratum;Asparagaceae (Ruscaceae)
Polygonatum odoratum;Asparagaceae (Ruscaceae)
Polygonatum polyanthemum;Asparagaceae (Ruscaceae)
Polygonatum polyanthemum;Asparagaceae (Ruscaceae)
Polygonatum prattii;Asparagaceae (Ruscaceae)
Polygonatum pubescens;Asparagaceae (Ruscaceae)
Polygonatum punctatum;Asparagaceae (Ruscaceae)
Polygonatum roseum;Asparagaceae (Ruscaceae)
Polygonatum sibiricum;Asparagaceae (Ruscaceae)
Polygonatum sp.;Asparagaceae (Ruscaceae)
Polygonatum stewartianum;Asparagaceae (Ruscaceae)
Polygonatum verticillatum;Asparagaceae (Ruscaceae)
Polygonatum verticillatum;Asparagaceae (Ruscaceae)
Polygonatum x hybr.;Asparagaceae (Ruscaceae)
Polygonatum x hybr.;Asparagaceae (Ruscaceae)
Polygonatum x hybridum;Asparagaceae (Ruscaceae)
Polygonatum x hybridum;Asparagaceae (Ruscaceae)
Polygonatum x hybridum;Asparagaceae (Ruscaceae)
Polygonatum zanlanscianense;Asparagaceae (Ruscaceae)
Polygonum affine;Polygonaceae
Polygonum affine;Polygonaceae
Polygonum affine;Polygonaceae
Polygonum arenarium;Polygonaceae
Polygonum baldschuanicum;Polygonaceae
Polygonum polymorphum;Polygonaceae
Polygonum sp.;Polygonaceae
Polygonum sp.;Polygonaceae
Polymnia canadensis;Asteraceae
Polypodiodes formosana;Polypodiaceae
Polypodiodes chinensis;Polypodiaceae
Polypodioides amoena;
Polypodioides chinensis;
Polypodioides sp.;
Polypodium azoricum;Polypodiaceae
Polypodium fraxinifolium;Polypodiaceae
Polypodium interjectum;Polypodiaceae
Polypodium macaronesicum;Polypodiaceae
Polypodium scouleri;Polypodiaceae
Polypodium sp.;Polypodiaceae
Polypodium vulgare;Polypodiaceae
Polypodium vulgare;Polypodiaceae
Polypodium vulgare;Polypodiaceae
Polypogon monspeliensis;Poaceae
Polyscias guilfoylei;Araliaceae
Polystachya longiscapa;Orchidaceae
Polystachya paniculata;Orchidaceae
Polystachya pubescens;Orchidaceae
Polystachya pubescens;Orchidaceae
Polystachya tayloriana;Orchidaceae
Polystachya teitensis;Orchidaceae
Polystachya teitensis;Orchidaceae
Polystachya valentina;Orchidaceae
Polystichum acrostichoides;Dryopteridaceae
Polystichum acrostichoides;Dryopteridaceae
Polystichum acrostichoides;Dryopteridaceae
Polystichum acrostichoides;Dryopteridaceae
Polystichum aculeatum;Dryopteridaceae
Polystichum aculeatum;Dryopteridaceae
Polystichum andersonii;Dryopteridaceae
Polystichum brachypterum;Dryopteridaceae
Polystichum braunii;Dryopteridaceae
Polystichum cyclolobum;Dryopteridaceae
Polystichum deltodon;Dryopteridaceae
Polystichum chingae;Dryopteridaceae
Polystichum makinoi;Dryopteridaceae
Polystichum munitum;Dryopteridaceae
Polystichum setiferum;Dryopteridaceae
Polystichum setiferum;Dryopteridaceae
Polystichum setiferum;Dryopteridaceae
Polystichum setiferum;Dryopteridaceae
Polystichum setiferum;Dryopteridaceae
Polystichum setiferum;Dryopteridaceae
Polystichum setiferum;Dryopteridaceae
Polystichum setiferum;Dryopteridaceae
Polystichum sp.;Dryopteridaceae
Polystichum stimulans;Dryopteridaceae
Polystichum tsus-simense;Dryopteridaceae
Polystichum tsus-simense;Dryopteridaceae
Polystichum xiphophyllum;Dryopteridaceae
Pomatocalpa spicatum;Orchidaceae
Ponapea ledermanniana;Arecaceae
Poncirus trifoliata;Rutaceae
Poncirus trifoliata;Rutaceae
Ponerorchis graminifolia;Orchidaceae
Populus euphratica;Salicaceae
Populus sp.;Salicaceae
Porophyllum linaria;Asteraceae
Porophyllum ruderale;Asteraceae
Porroglossum echidna;Orchidaceae
Portlandia coccinea;Rubiaceae
Portulaca eruca;Portulacaceae
Portulaca fluvialis;Portulacaceae
Portulaca halimoides;Portulacaceae
Portulaca halimoides;Portulacaceae
Portulaca pilosa;Portulacaceae
Portulaca rubricaulis;Portulacaceae
Portulaca sp.;Portulacaceae
Portulaca werdermannii;Portulacaceae
Portulacaria afra;Didieraceae
Posoqueria sp.;Rubiaceae
Potamogeton alpinus;Potamogetonaceae
Potamogeton crispus;Potamogetonaceae
Potamogeton lucens;Potamogetonaceae
Potamogeton natans;Potamogetonaceae
Potamogeton nodosus;Potamogetonaceae
Potamogeton perfoliatus;Potamogetonaceae
Potamogeton praelongus;Potamogetonaceae
Potentilla alba;Rosaceae
Potentilla anserina;Rosaceae
Potentilla anserina;Rosaceae
Potentilla argentea;Rosaceae
Potentilla argentea;Rosaceae
Potentilla argyrophylla;Rosaceae
Potentilla atrosanguinea;Rosaceae
Potentilla atrosanguinea;Rosaceae
Potentilla crantzii;Rosaceae
Potentilla fissa;Rosaceae
Potentilla fragarioides;Rosaceae
Potentilla fruticosa;Rosaceae
Potentilla fruticosa;Rosaceae
Potentilla fruticosa;Rosaceae
Potentilla glabra;Rosaceae
Potentilla hybr.;Rosaceae
Potentilla hybr.;Rosaceae
Potentilla hybr.;Rosaceae
Potentilla hybr.;Rosaceae
Potentilla inclinata;Rosaceae
Potentilla micrantha;Rosaceae
Potentilla morefieldii;Rosaceae
Potentilla nepalensis;Rosaceae
Potentilla nepalensis;Rosaceae
Potentilla nepalensis;Rosaceae
Potentilla nepalensis;Rosaceae
Potentilla nervosa;Rosaceae
Potentilla neumanniana;Rosaceae
Potentilla orientalis;Rosaceae
Potentilla palustris;Rosaceae
Potentilla parviflora;Rosaceae
Potentilla parvifolia;Rosaceae
Potentilla parvifolia;Rosaceae
Potentilla pulcherrima;Rosaceae
Potentilla rupestris;Rosaceae
Potentilla sp.;Rosaceae
Potentilla sp.;Rosaceae
Potentilla sp.;Rosaceae
Potentilla speciosa;Rosaceae
Potentilla sterilis;Rosaceae
Potentilla tabernaemontani;Rosaceae
Potentilla thurberi;Rosaceae
Potentilla thurberi;Rosaceae
Potentilla thurberi;Rosaceae
Potentilla thuringiaca;Rosaceae
Potentilla tridentata;Rosaceae
Pothos barberianus;Araceae
Pothos barberianus;Araceae
Pothos chinensis;Araceae
Pothos ovatifolius;Araceae
Pothos pilulifer;Araceae
Pothos pilulifer;Araceae
Pothos repens;Araceae
Pothos sp.;Araceae
Pothos sp.;Araceae
Pothos sp.;Araceae
Pothuava nudicaulis;Bromeliaceae
Poupartia minor;Anacardiaceae
Pouteria caimito;Sapotaceae
Prasium majus;Lamiaceae
Pratia pedunculata;Campanulaceae
Preslia cervina;Lamiaceae
Preslia cervina;Lamiaceae
Prestoea ensiformis;Arecaceae
Primula acaulis;Primulaceae
Primula algida;Primulaceae
Primula auriculata;Primulaceae
Primula beesiana;Primulaceae
Primula denticulata;Primulaceae
Primula denticulata;Primulaceae
Primula denticulata;Primulaceae
Primula denticulata;Primulaceae
Primula denticulata;Primulaceae
Primula denticulata;Primulaceae
Primula elatior-hybr.;Primulaceae
Primula elatior-hybr.;Primulaceae
Primula florindae;Primulaceae
Primula japonica;Primulaceae
Primula japonica;Primulaceae
Primula japonica;Primulaceae
Primula maximowiczii;Primulaceae
Primula polyneura;Primulaceae
Primula pubescens hybr.;Primulaceae
Primula rosea;Primulaceae
Primula sikkimensis;Primulaceae
Primula sp.;Primulaceae
Primula veris;Primulaceae
Primula veris;Primulaceae
Primula vulgaris;Primulaceae
Primula vulgaris;Primulaceae
Primula vulgaris-hybr.;Primulaceae
Primulina glandulosa;Gesneriaceae
Primulina ophiopogoides;Gesneriaceae
Primulina tabacum;Gesneriaceae
Prinsepia sinensis;Rosaceae
Prinsepia uniflora;Rosaceae
Prinsepia utilis;Rosaceae
Pritchardia glabrata;Arecaceae
Pritchardia hillebrandii;Liliopsida
Pritchardia remota;Arecaceae
Proboscidea fragrans;Martyniaceae
Procris crenata;Urticaceae
Proiphys amboinensis;Amaryllidaceae
Promenaea xanthina;
Pronephrium penangianum;Thelypteridaceae
Pronephrium sp.;Thelypteridaceae
Pronephrium sp.;Thelypteridaceae
Prosartes hookeri;Colchicaceae
Prostanthera cuneata;Lamiaceae
Prostanthera ovalifolia;Lamiaceae
Prosthechea brassavolae;Orchidaceae
Prosthechea citrina;Orchidaceae
Prosthechea chacaoensis;Orchidaceae
Prosthechea onophlebia;Orchidaceae
Prosthechea trulla;Orchidaceae
Prosthechea vitellina;Orchidaceae
Protea burchellii;Proteaceae
Protea compacta;Proteaceae
Protea cynaroides;Proteaceae
Protea kilimandscharica;Proteaceae
Protea subvestita;Proteaceae
Protea venusta;Proteaceae
Protea venusta;Proteaceae
Prumnopitys andina;Podocarpaceae
Prumnopitys ferruginea;Podocarpaceae
Prumnopitys ladei;Podocarpaceae
Prumnopitys ladei;Podocarpaceae
Prumnopitys taxifolia;Podocarpaceae
Prumnopitys taxifolia;Podocarpaceae
Prunella grandiflora;Lamiaceae
Prunella grandiflora;Lamiaceae
Prunella grandiflora;Lamiaceae
Prunella grandiflora;Lamiaceae
Prunella grandiflora;Lamiaceae
Prunella hyssopifolia;Lamiaceae
Prunus amygdalo-persica;Rosaceae
Prunus ansu;Rosaceae
Prunus argentea;Rosaceae
Prunus avium;Rosaceae
Prunus cerasifera;Rosaceae
Prunus cerasus;Rosaceae
Prunus cerasus;Rosaceae
Prunus divaricata;Rosaceae
Prunus domestica;Rosaceae
Prunus dulcis;Rosaceae
Prunus dulcis;Rosaceae
Prunus dulcis;Rosaceae
Prunus dulcis;Rosaceae
Prunus fruticosa;Rosaceae
Prunus fruticosa;Rosaceae
Prunus glandulosa;Rosaceae
Prunus gondouina;Rosaceae
Prunus grayana;Rosaceae
Prunus hillieri;Rosaceae
Prunus hybr.;Rosaceae
Prunus incisa;Rosaceae
Prunus japonica;Rosaceae
Prunus lannesiana;Rosaceae
Prunus laurocerasus;Rosaceae
Prunus laurocerasus;Rosaceae
Prunus laurocerasus;Rosaceae
Prunus laurocerasus;Rosaceae
Prunus laurocerasus;Rosaceae
Prunus laurocerasus;Rosaceae
Prunus laurocerasus;Rosaceae
Prunus laurocerasus;Rosaceae
Prunus laurocerasus;Rosaceae
Prunus laurocerasus;Rosaceae
Prunus laurocerasus;Rosaceae
Prunus laurocerasus;Rosaceae
Prunus laurocerasus;Rosaceae
Prunus laurocerasus;Rosaceae
Prunus laurocerasus;Rosaceae
Prunus lusitanica;Rosaceae
Prunus maackii;Rosaceae
Prunus mahaleb;Rosaceae
Prunus mandshurica;Rosaceae
Prunus mume;Rosaceae
Prunus mume;Rosaceae
Prunus padus;Rosaceae
Prunus padus;Rosaceae
Prunus padus;Rosaceae
Prunus pedunculata;Rosaceae
Prunus prostrata;Rosaceae
Prunus pseudocerasus;Rosaceae
Prunus sargentii;Rosaceae
Prunus serrula;Rosaceae
Prunus serrulata;Rosaceae
Prunus serrulata;Rosaceae
Prunus serrulata;Rosaceae
Prunus serrulata;Rosaceae
Prunus serrulata;Rosaceae
Prunus serrulata;Rosaceae
Prunus sp.;Rosaceae
Prunus sp.;Rosaceae
Prunus sp.;Rosaceae
Prunus sp.;Rosaceae
Prunus sp.;Rosaceae
Prunus sp.;Rosaceae
Prunus sp.;Rosaceae
Prunus sp.;Rosaceae
Prunus subhirtella;Rosaceae
Prunus subhirtella;Rosaceae
Prunus subhirtella;Rosaceae
Prunus tenella;Rosaceae
Prunus x choreiana;Rosaceae
Prunus x yedoensis;Rosaceae
Pseuderanthemum carruthersii;Acanthaceae
Pseuderanthemum cooperi;Acanthaceae
Pseuderanthemum crenulatum;Acanthaceae
Pseuderanthemum lanceolatum;Acanthaceae
Pseuderanthemum versicolor;Acanthaceae
Pseudobombax simplicifolium;Malvaceae
Pseudocydonia sinensis;Rosaceae
Pseudognaphalium luteoalbum;Asteraceae
Pseudolithos cubiformis;Apocynaceae
Pseudolysimachion barrelieri;Plantaginaceae (s.l.)
Pseudolysimachion hybr.;Plantaginaceae (s.l.)
Pseudolysimachion hybr.;Plantaginaceae (s.l.)
Pseudolysimachion incanum;Plantaginaceae (s.l.)
Pseudolysimachion incanum;Plantaginaceae (s.l.)
Pseudolysimachion incanum;Plantaginaceae (s.l.)
Pseudolysimachion kiusianum;Plantaginaceae (s.l.)
Pseudolysimachion maritimum;Plantaginaceae (s.l.)
Pseudolysimachion maritimum;Plantaginaceae (s.l.)
Pseudolysimachion maritimum;Plantaginaceae (s.l.)
Pseudolysimachion maritimum;Plantaginaceae (s.l.)
Pseudolysimachion maritimum;Plantaginaceae (s.l.)
Pseudolysimachion maritimum;Plantaginaceae (s.l.)
Pseudolysimachion maritimum;Plantaginaceae (s.l.)
Pseudolysimachion maritimum;Plantaginaceae (s.l.)
Pseudolysimachion maritimum;Plantaginaceae (s.l.)
Pseudolysimachion maritimum;Plantaginaceae (s.l.)
Pseudolysimachion maritimum;Plantaginaceae (s.l.)
Pseudolysimachion maritimum;Plantaginaceae (s.l.)
Pseudolysimachion maritimum;Plantaginaceae (s.l.)
Pseudolysimachion maritimum;Plantaginaceae (s.l.)
Pseudolysimachion maritimum;Plantaginaceae (s.l.)
Pseudolysimachion orchideum;Plantaginaceae (s.l.)
Pseudolysimachion sachalinense;Plantaginaceae (s.l.)
Pseudolysimachion spicatum;Plantaginaceae (s.l.)
Pseudolysimachion spicatum;Plantaginaceae (s.l.)
Pseudolysimachion spicatum;Plantaginaceae (s.l.)
Pseudolysimachion spicatum;Plantaginaceae (s.l.)
Pseudolysimachion spicatum;Plantaginaceae (s.l.)
Pseudolysimachion spicatum;Plantaginaceae (s.l.)
Pseudolysimachion spicatum;Plantaginaceae (s.l.)
Pseudolysimachion spicatum;Plantaginaceae (s.l.)
Pseudolysimachion spicatum;Plantaginaceae (s.l.)
Pseudolysimachion spicatum;Plantaginaceae (s.l.)
Pseudolysimachion spicatum;Plantaginaceae (s.l.)
Pseudolysimachion spicatum;Plantaginaceae (s.l.)
Pseudolysimachion spicatum;Plantaginaceae (s.l.)
Pseudolysimachion spicatum;Plantaginaceae (s.l.)
Pseudopanax discolor;Araliaceae
Pseudopanax discolor;Araliaceae
Pseudopanax lessonii;Araliaceae
Pseudopanax lessonii;Araliaceae
Pseudophoenix ekmanii;Arecaceae
Pseudorhipsalis ramulosa;Cactaceae
Pseudosbeckia swynnertonii;Melastomataceae
Pseudoselago gracilis;
Pseudosmodingium barkleyi;Anacardiaceae
Pseudotaxus chienii;Taxaceae
Pseudotaxus chienii;Taxaceae
Pseudotsuga menziesii;Pinaceae
Pseudotsuga menziesii;Pinaceae
Pseudotsuga menziesii;Pinaceae
Pseudotsuga menziesii;Pinaceae
Pseudotsuga menziesii;Pinaceae
Pseudowintera colorata;Winteraceae
Psidium cattleianum;Myrtaceae
Psidium cattleianum;Myrtaceae
Psidium guajava;Myrtaceae
Psilanthus mannii;Rubiaceae
Psilotum complanatum;Psilotaceae
Psoralea pinnata;Fabaceae (s.str.)
Psoralea pinnata;Fabaceae (s.str.)
Psychilis krugii;
Psychilis olivacea;
Psychopsiella limminghei;Orchidaceae
Psychopsis papilio;Orchidaceae
Psychotria erythrocarpa;Rubiaceae
Psychotria maingayi;Rubiaceae
Psychotria nervosa;Rubiaceae
Psychotria poeppigiana;Rubiaceae
Psychotria punctata;Rubiaceae
Ptelea lutescens;Rutaceae
Ptelea trifoliata;Rutaceae
Ptelea trifoliata;Rutaceae
Ptelea trifoliata;Rutaceae
Pteris cretica;Pteridaceae
Pteris dactylina;Pteridaceae
Pteris excelsa;Pteridaceae
Pteris henryi;Pteridaceae
Pteris mertensioides;Pteridaceae
Pteris multifida;Pteridaceae
Pteris multifida;Pteridaceae
Pteris nervosa;Pteridaceae
Pteris ryukyensis;Pteridaceae
Pteris sp.;Pteridaceae
Pteris sp.;Pteridaceae
Pteris sp.;Pteridaceae
Pteris tremula;Pteridaceae
Pteris vittata;Pteridaceae
Pteris vittata;Pteridaceae
Pterisanthes sp.;Vitaceae
Pterocarya rhoifolia;Juglandaceae
Pterocarya stenoptera;Juglandaceae
Pterocarya stenoptera;Juglandaceae
Pteroceltis tatarinowii;Cannabaceae
Pterocephalus depressus;Dipsacaceae
Pterocephalus dumetorum;Dipsacaceae
Pterocephalus multiflorus;Dipsacaceae
Pteroceras teres;Orchidaceae
Pterocereus gaumeri;Cactaceae
Pteronia incana;Asteraceae
Pterostylis coccina;Orchidaceae
Pterostylis curta;Orchidaceae
Pterostylis pedunculata;Orchidaceae
Pterostylis toveyana;Orchidaceae
Pterostyrax corymbosum;Styraceceae
Pterostyrax hispidus;Styraceceae
Pterygodium catholicum;Orchidaceae
Ptilotrichum spinosum;Brassicaceae
Ptilotrichum spinosum;Brassicaceae
Ptilotrichum spinosum;Brassicaceae
Ptilotrichum spinosum;Brassicaceae
Ptisana sambucina;Marattiaceae
Ptychococcus lepidotus;Arecaceae
Ptychosperma macarthurii;Arecaceae
Ptychosperma waitianum;Arecaceae
Puccinellia festuciformis;Poaceae
Pulegium vulgare;Lamiaceae
Pulegium vulgare;Lamiaceae
Pulegium vulgare;Lamiaceae
Pulegium vulgare;Lamiaceae
Pulegium vulgare;Lamiaceae
Pulicaria dysenterica;Asteraceae
Pulicaria stephanocarpa;Asteraceae
Pulmonaria angustifolia;Boraginaceae
Pulmonaria hybr.;Boraginaceae
Pulmonaria hybr.;Boraginaceae
Pulmonaria longifolia;Boraginaceae
Pulmonaria longifolia;Boraginaceae
Pulmonaria mollis;Boraginaceae
Pulmonaria officinalis;Boraginaceae
Pulmonaria officinalis;Boraginaceae
Pulmonaria rubra;Boraginaceae
Pulmonaria rubra;Boraginaceae
Pulmonaria rubra;Boraginaceae
Pulmonaria rubra;Boraginaceae
Pulmonaria saccharata;Boraginaceae
Pulmonaria saccharata;Boraginaceae
Pulmonaria sp.;Boraginaceae
Pulmonaria sp.;Boraginaceae
Pulmonaria x hybr.;Boraginaceae
Pulmonaria x hybr.;Boraginaceae
Pulmonaria x hybr.;Boraginaceae
Pulsatilla albana;Ranunculaceae
Pulsatilla bungeana;Ranunculaceae
Pulsatilla grandis;Ranunculaceae
Pulsatilla grandis;Ranunculaceae
Pulsatilla hungarica;Ranunculaceae
Pulsatilla hybr.;Ranunculaceae
Pulsatilla patens;Ranunculaceae
Pulsatilla patens;Ranunculaceae
Pulsatilla sp.;Ranunculaceae
Pulsatilla subslavica;Ranunculaceae
Pulsatilla turczaninovii;Ranunculaceae
Pulsatilla vulgaris;Ranunculaceae
Pulsatilla vulgaris;Ranunculaceae
Pulsatilla vulgaris;Ranunculaceae
Pulsatilla vulgaris;Ranunculaceae
Pulsatilla zimmermannii;Ranunculaceae
Punica granatum;Lythraceae
Punica granatum;Lythraceae
Punica granatum;Lythraceae
Punica granatum;Lythraceae
Punica protopunica;Lythraceae
Punica protopunica;Lythraceae
Punica protopunica;Lythraceae
Puschkinia scilloides;Asparagaceae (Hyacinthaceae)
Putoria calabrica;Rubiaceae
Puya alpestris;Bromeliaceae
Puya alpestris;Bromeliaceae
Puya coerulea;Bromeliaceae
Puya coerulea;Bromeliaceae
Puya coquimbensis;Bromeliaceae
Puya hoxeyi;Bromeliaceae
Puya mirabilis;Bromeliaceae
Puya raimondii;Bromeliaceae
Puya raimondii;Bromeliaceae
Puya sp.;Bromeliaceae
Puya sp.;Bromeliaceae
Puya venusta;Bromeliaceae
Puya weberiana;Bromeliaceae
Puya x <berteroniana>;Bromeliaceae
Pycnanthemum albescens;Lamiaceae
Pycnanthemum californicum;Lamiaceae
Pycnanthemum curvipes;Lamiaceae
Pycnanthemum flexuosum;Lamiaceae
Pycnanthemum incanum;Lamiaceae
Pycnanthemum montanum;Lamiaceae
Pycnanthemum muticum;Lamiaceae
Pycnanthemum pilosum;Lamiaceae
Pycnanthemum tenuifolium;Lamiaceae
Pycnanthemum virginianum;Lamiaceae
Pycnostachys meyeri;Lamiaceae
Pycnostachys urticifolia;Lamiaceae
Pyracantha coccinea;Rosaceae
Pyracantha coccinea;Rosaceae
Pyracantha coccinea;Rosaceae
Pyracantha coccinea;Rosaceae
Pyracantha hybr.;Rosaceae
Pyracantha hybr.;Rosaceae
Pyracantha hybr.;Rosaceae
Pyracantha sp.;Rosaceae
Pyrenacantha malvifolia;Icacinaceae
Pyrenacantha malvifolia;Icacinaceae
Pyrgophyllum yunnanense;Zingiberaceae
Pyrola rotundifolia;Ericaceae
Pyrostegia venusta;Bignoniaceae
Pyrrosia abbreviata;Polypodiaceae
Pyrrosia acrostichoides;Polypodiaceae
Pyrrosia acrostichoides;Polypodiaceae
Pyrrosia angustata;Polypodiaceae
Pyrrosia angustata;Polypodiaceae
Pyrrosia calvata;Polypodiaceae
Pyrrosia davidii;Polypodiaceae
Pyrrosia distichocarpa;Polypodiaceae
Pyrrosia drakeana;Polypodiaceae
Pyrrosia eberhartii;Polypodiaceae
Pyrrosia eleagnifolia;Polypodiaceae
Pyrrosia eleagnifolia;Polypodiaceae
Pyrrosia hastata;Polypodiaceae
Pyrrosia christii;Polypodiaceae
Pyrrosia lanceolata;Polypodiaceae
Pyrrosia lingua;Polypodiaceae
Pyrrosia lingua;Polypodiaceae
Pyrrosia lingua;Polypodiaceae
Pyrrosia longifolia;Polypodiaceae
Pyrrosia martinii;Polypodiaceae
Pyrrosia nummulariifolia;Polypodiaceae
Pyrrosia oblonga;Polypodiaceae
Pyrrosia petiolosa;Polypodiaceae
Pyrrosia polydactyla;Polypodiaceae
Pyrrosia porosa;Polypodiaceae
Pyrrosia porosa;Polypodiaceae
Pyrrosia samarensis;Polypodiaceae
Pyrrosia sheareri;Polypodiaceae
Pyrrosia sp.;Polypodiaceae
Pyrrosia sp.;Polypodiaceae
Pyrrosia sp.;Polypodiaceae
Pyrrosia sp.;Polypodiaceae
Pyrrosia sp.;Polypodiaceae
Pyrrosia sp.;Polypodiaceae
Pyrrosia stigmosa;Polypodiaceae
Pyrus calleriana;Rosaceae
Pyrus caucasica;Rosaceae
Pyrus communis;Rosaceae
Pyrus elaeagnifolia;Rosaceae
Pyrus fauriei;Rosaceae
Pyrus fauriei;Rosaceae
Pyrus nivalis;Rosaceae
Pyrus pashia;Rosaceae
Pyrus salicifolia;Rosaceae
Pyrus salicifolia;Rosaceae
Pyrus sp.;Rosaceae
Pyrus sp.;Rosaceae
Pyrus spinosa;Rosaceae
Pyrus syriaca;Rosaceae
Pyrus ussuriensis;Rosaceae
Quamoclit vulgaris;Convolvulaceae
Quaqua mammillaris;Apocynaceae
Quaqua ramosa;Apocynaceae
Quercus <x >hispanica;Fagaceae
Quercus <x >hispanica;Fagaceae
Quercus <x >hispanica;Fagaceae
Quercus <x >hispanica;Fagaceae
Quercus <x >kewensis;Fagaceae
Quercus agrifolia;Fagaceae
Quercus alnifolia;Fagaceae
Quercus berberidifolia;Fagaceae
Quercus cerris;Fagaceae
Quercus dentata;Fagaceae
Quercus dentata;Fagaceae
Quercus douglasii;Fagaceae
Quercus dumosa;Fagaceae
Quercus ellipsoidalis;Fagaceae
Quercus frainetto;Fagaceae
Quercus humboldtii;Fagaceae
Quercus ilex;Fagaceae
Quercus imbricaria;Fagaceae
Quercus ithaburensis;Fagaceae
Quercus kelloggii;Fagaceae
Quercus kelloggii;Fagaceae
Quercus leeana;Fagaceae
Quercus liathungensis;Fagaceae
Quercus macrocarpa;Fagaceae
Quercus marilandica;Fagaceae
Quercus mexicana;Fagaceae
Quercus muehlenbergii;Fagaceae
Quercus palustris;Fagaceae
Quercus prinus;Fagaceae
Quercus pyrenaica;Fagaceae
Quercus pyrenaica;Fagaceae
Quercus robur;Fagaceae
Quercus robur;Fagaceae
Quercus robur;Fagaceae
Quercus robur;Fagaceae
Quercus robur;Fagaceae
Quercus robur;Fagaceae
Quercus robur;Fagaceae
Quercus robur;Fagaceae
Quercus robur;Fagaceae
Quercus rubra;Fagaceae
Quercus rubra;Fagaceae
Quercus rubra;Fagaceae
Quercus sp.;Fagaceae
Quercus sp.;Fagaceae
Quercus stellata;Fagaceae
Quercus stenophylloides;Fagaceae
Quercus variabilis;Fagaceae
Quercus velutina;Fagaceae
Quercus wislizenii;Fagaceae
Quercus x libanerris;Fagaceae
Quesnelia liboniana;Bromeliaceae
Quillaja saponaria;Rosaceae
Racinaea fraseri;Bromeliaceae
Racinaea sp.;Bromeliaceae
Ramonda myconi;Gesneriaceae
Ramonda nathaliae;Gesneriaceae
Ramonda serbica;Gesneriaceae
Ramonda serbica;Gesneriaceae
Ranunculus aconitifolius;Ranunculaceae
Ranunculus acris;Ranunculaceae
Ranunculus acris;Ranunculaceae
Ranunculus auricomus;Ranunculaceae
Ranunculus constantinopolitanus;Ranunculaceae
Ranunculus gramineus;Ranunculaceae
Ranunculus granatensis;Ranunculaceae
Ranunculus illyricus;Ranunculaceae
Ranunculus japonicus;Ranunculaceae
Ranunculus lanuginosus;Ranunculaceae
Ranunculus lingua;Ranunculaceae
Ranunculus lingua;Ranunculaceae
Ranunculus lingua;Ranunculaceae
Ranunculus montanus;Ranunculaceae
Ranunculus platanifolius;Ranunculaceae
Ranunculus repens;Ranunculaceae
Ranunculus sp.;Ranunculaceae
Ranzania japonica;Berberidaceae
Raphionacme arabica;Apocynaceae
Raphionacme procumbens;Apocynaceae
Raphionacme sp.;Apocynaceae
Raphionacme sp.;Apocynaceae
Raphionacme velutina;Apocynaceae
Raphionacme zeyheri;Apocynaceae
Ratibida columnifera;Asteraceae
Ratibida columnifera;Asteraceae
Ratibida pinnata;Asteraceae
Rauhia sp.;Amaryllidaceae
Rauvolfia tabernaemontana;Apocynaceae
Ravenala madagascariensis;Strelitziaceae
Ravenala madagascariensis;Strelitziaceae
Ravenea dransfieldii;Arecaceae
Ravenea hildebrandtii;Arecaceae
Ravenea rivularis;Arecaceae
Ravenea rivularis;Arecaceae
Ravenea rivularis;Arecaceae
Ravenea robustior;Arecaceae
Ravenea sambiranensis;Arecaceae
Ravenea sp.;Arecaceae
Ravenea xerophila;Arecaceae
Reaumuria sp.;Tamaricaceae
Rebutia albida;Cactaceae
Rebutia arenacea;Cactaceae
Rebutia deminuta;Cactaceae
Rebutia fiebrigii;Cactaceae
Rebutia fiebrigii;Cactaceae
Rebutia pygmea;Cactaceae
Rebutia pygmea;Cactaceae
Regnellidium diphyllum;Marsileaceae
Regnellidium diphyllum;Marsileaceae
Reichardia tingitana;Asteraceae
Reineckea carnea;Asparagaceae (Ruscaceae)
Reineckea carnea;Asparagaceae (Ruscaceae)
Reinhardtia gracilis;Arecaceae
Reinhardtia simplex;Arecaceae
Reinhardtia simplex;Arecaceae
Remusatia hookeriana;Araceae
Remusatia pumila;Araceae
Renanthera bella;Orchidaceae
Renanthera caloptera;Orchidaceae
Renanthera coccinea;Orchidaceae
Renanthera histrionica;Orchidaceae
Renanthera imschootiana;Orchidaceae
Renanthera matutina;Orchidaceae
Renanthera monachica;Orchidaceae
Renanthera sp.;Orchidaceae
Renanthera vietnamensis;Orchidaceae
Reseda phyteuma;Resedaceae
Restio festuciformis;Restionaceae
Restio festuciformis;Restionaceae
Restrepia flosculata;Orchidaceae
Restrepia fritillina;Orchidaceae
Restrepia muscifera;Orchidaceae
Restrepia roseola;Orchidaceae
Restrepia trichoglossa;Orchidaceae
Restrepiella ophiocephala;Orchidaceae
Restrepiella ophiocephala;Orchidaceae
Restrepiella sp.;Orchidaceae
Retrophyllum comptonii;Podocarpaceae
Retrophyllum minor;Podocarpaceae
Retrophyllum rospigliosii;Podocarpaceae
Retrophyllum rospigliosii;Podocarpaceae
Reynoutria campanulata;Polygonaceae
Rhamnus alaternus;Rhamnaceae
Rhamnus alaternus;Rhamnaceae
Rhamnus alpina;Rhamnaceae
Rhamnus costata;Rhamnaceae
Rhamnus diamantiaca;Rhamnaceae
Rhamnus globosa;Rhamnaceae
Rhamnus koraiensis (citriodora?);Rhamnaceae
Rhamnus lycioides;Rhamnaceae
Rhamnus parvifolia;Rhamnaceae
Rhamnus sp.;Rhamnaceae
Rhamnus sp.;Rhamnaceae
Rhamnus sp.;Rhamnaceae
Rhamnus sp.;Rhamnaceae
Rhamnus utilis;Rhamnaceae
Rhamnus yoshinii;Rhamnaceae
Rhaphidophora beccarii;Araceae
Rhaphidophora cryptantha;Araceae
Rhaphidophora decursiva;Araceae
Rhaphidophora decursiva;Araceae
Rhaphidophora foraminifera;Araceae
Rhaphidophora foraminifera;Araceae
Rhaphidophora hookeri;Araceae
Rhaphidophora korthalsii;Araceae
Rhaphidophora latevaginata;Araceae
Rhaphidophora lobbii;Araceae
Rhaphidophora megasperma;Araceae
Rhaphidophora minor;Araceae
Rhaphidophora minor;Araceae
Rhaphidophora nicolsonii;Araceae
Rhaphidophora pteropoda;Araceae
Rhaphidophora sp.;Araceae
Rhaphidophora sp.;Araceae
Rhaphidophora sp.;Araceae
Rhaphidophora sp.;Araceae
Rhaphidophora sp.;Araceae
Rhaphidophora sp.;Araceae
Rhaphidophora sp.;Araceae
Rhaphidophora sp.;Araceae
Rhaphidophora sp.;Araceae
Rhaphidophora sp.;Araceae
Rhaphidophora stenophylla;Araceae
Rhaphidophora tenuis;Araceae
Rhaphidophora tetrasperma;Araceae
Rhaphidophora tetrasperma;Araceae
Rhapidophyllum hystrix;Arecaceae
Rhapis excelsa;Arecaceae
Rhapis gracilis;Arecaceae
Rhapis humilis;Arecaceae
Rhapis laosensis;Arecaceae
Rhapis multifida;Arecaceae
Rhapis multifida;Arecaceae
Rhapis robusta;Arecaceae
Rhapis subtilis;Arecaceae
Rhaponticum scariosum;Asteraceae
Rhaponticum uniflorum;Asteraceae
Rhazya orientalis;Apocynaceae
Rheum alexandrae;Polygonaceae
Rheum cordatum;Polygonaceae
Rheum palmatum;Polygonaceae
Rheum sp.;Polygonaceae
Rheum sp.;Polygonaceae
Rheum tanguticum;Polygonaceae
Rheum tanguticum;Polygonaceae
Rheum undulatum;Polygonaceae
Rhigozum obovatum;Bignoniaceae
Rhipidoglossum ruttilum;Orchidaceae
Rhipidoglossum xanthopollinium;Orchidaceae
Rhipsalis baccifera;Cactaceae
Rhipsalis baccifera;Cactaceae
Rhipsalis casutta;Cactaceae
Rhipsalis cereuscula;Cactaceae
Rhipsalis elliptica;Cactaceae
Rhipsalis floccosa;Cactaceae
Rhipsalis mesembryanthemoides;Cactaceae
Rhipsalis mesembryanthemoides;Cactaceae
Rhipsalis micrantha;Cactaceae
Rhipsalis paradoxa;Cactaceae
Rhipsalis sp.;Cactaceae
Rhipsalis sp.;Cactaceae
Rhipsalis sp.;Cactaceae
Rhipsalis sp.;Cactaceae
Rhipsalis sp.;Cactaceae
Rhitidophyllum exsertum;Gesneriaceae
Rhitidophyllum tomentosum;Gesneriaceae
Rhizophora sp.;Rhizophoraceae
Rhodanthemum catananche;Asteraceae
Rhodanthemum gayanum;Asteraceae
Rhodanthemum hosmariense;Asteraceae
Rhodiola pachyclados;Crassulaceae
Rhodiola rhodantha;Crassulaceae
Rhodiola rosea;Crassulaceae
Rhodocactus sacharosa;Cactaceae
Rhodocoma capensis;Restionaceae
Rhodocoma foliosa;Restionaceae
Rhododendron acrophilum;Ericaceae
Rhododendron arboreum;Ericaceae
Rhododendron arboreum;Ericaceae
Rhododendron arboreum;Ericaceae
Rhododendron atlanticum;Ericaceae
Rhododendron atlanticum;Ericaceae
Rhododendron austrinum;Ericaceae
Rhododendron austrinum;Ericaceae
Rhododendron bagobonum;Ericaceae
Rhododendron beyerinckianum;Ericaceae
Rhododendron calendulaceum;Ericaceae
Rhododendron calendulaceum;Ericaceae
Rhododendron calendulaceum;Ericaceae
Rhododendron calendulaceum;Ericaceae
Rhododendron caliginis;Ericaceae
Rhododendron canescens;Ericaceae
Rhododendron catawbiense;Ericaceae
Rhododendron catawbiense;Ericaceae
Rhododendron crassifolium;Ericaceae
Rhododendron crassifolium;Ericaceae
Rhododendron cubittii;Ericaceae
Rhododendron cumberlandense;Ericaceae
Rhododendron cumberlandense;Ericaceae
Rhododendron cumberlandense;Ericaceae
Rhododendron cumberlandense;Ericaceae
Rhododendron curviflorum;Ericaceae
Rhododendron dauricum;Ericaceae
Rhododendron dianthosmum;Ericaceae
Rhododendron dianthosmum;Ericaceae
Rhododendron durionifolium;Ericaceae
Rhododendron edanoi;Ericaceae
Rhododendron flammeum;Ericaceae
Rhododendron flammeum;Ericaceae
Rhododendron flammeum;Ericaceae
Rhododendron goodenoughii;Ericaceae
Rhododendron hellwigii;Ericaceae
Rhododendron herzogii;Ericaceae
Rhododendron himantodes;Ericaceae
Rhododendron hybr.;Ericaceae
Rhododendron hybr.;Ericaceae
Rhododendron hybr.;Ericaceae
Rhododendron hybr.;Ericaceae
Rhododendron hybr.;Ericaceae
Rhododendron hybr.;Ericaceae
Rhododendron hybr.;Ericaceae
Rhododendron hybr.;Ericaceae
Rhododendron hybr.;Ericaceae
Rhododendron hybr.;Ericaceae
Rhododendron hybr.;Ericaceae
Rhododendron hybr.;Ericaceae
Rhododendron hybr.;Ericaceae
Rhododendron hybr.;Ericaceae
Rhododendron hybr.;Ericaceae
Rhododendron hybr.;Ericaceae
Rhododendron christi;Ericaceae
Rhododendron christianae;Ericaceae
Rhododendron impeditum;Ericaceae
Rhododendron impeditum;Ericaceae
Rhododendron impeditum;Ericaceae
Rhododendron impeditum;Ericaceae
Rhododendron impeditum;Ericaceae
Rhododendron impeditum;Ericaceae
Rhododendron impeditum;Ericaceae
Rhododendron impeditum;Ericaceae
Rhododendron impeditum;Ericaceae
Rhododendron impeditum;Ericaceae
Rhododendron intranervatum;Ericaceae
Rhododendron japonicum;Ericaceae
Rhododendron japonicum;Ericaceae
Rhododendron japonicum;Ericaceae
Rhododendron japonicum;Ericaceae
Rhododendron japonicum;Ericaceae
Rhododendron japonicum;Ericaceae
Rhododendron japonicum;Ericaceae
Rhododendron japonicum;Ericaceae
Rhododendron japonicum;Ericaceae
Rhododendron japonicum;Ericaceae
Rhododendron jasminiflorum;Ericaceae
Rhododendron jasminiflorum;Ericaceae
Rhododendron jasminiflorum;Ericaceae
Rhododendron javanicum;Ericaceae
Rhododendron javanicum;Ericaceae
Rhododendron javanicum;Ericaceae
Rhododendron javanicum;Ericaceae
Rhododendron kaempferi;Ericaceae
Rhododendron keiskei;Ericaceae
Rhododendron kiusianum;Ericaceae
Rhododendron kochii;Ericaceae
Rhododendron konori;Ericaceae
Rhododendron laetum;Ericaceae
Rhododendron lanceolatum;Ericaceae
Rhododendron lepidotum;Ericaceae
Rhododendron leptanthum;Ericaceae
Rhododendron leytense;Ericaceae
Rhododendron leytense;Ericaceae
Rhododendron loranthiflorum;Ericaceae
Rhododendron loranthiflorum;Ericaceae
Rhododendron macgregoriae;Ericaceae
Rhododendron micromalayanum;Ericaceae
Rhododendron mollis;Ericaceae
Rhododendron mollis;Ericaceae
Rhododendron mollis;Ericaceae
Rhododendron mollis;Ericaceae
Rhododendron nieuwenhuisii;Ericaceae
Rhododendron obtusum;Ericaceae
Rhododendron pauciflorum;Ericaceae
Rhododendron periclymenoides;Ericaceae
Rhododendron periclymenoides;Ericaceae
Rhododendron periclymenoides;Ericaceae
Rhododendron periclymenoides;Ericaceae
Rhododendron periclymenoides;Ericaceae
Rhododendron pontica-hybr.;Ericaceae
Rhododendron pontica-hybr.;Ericaceae
Rhododendron pontica-hybr.;Ericaceae
Rhododendron pontica-hybr.;Ericaceae
Rhododendron pontica-hybr.;Ericaceae
Rhododendron pontica-hybr.;Ericaceae
Rhododendron pontica-hybr.;Ericaceae
Rhododendron pontica-hybr.;Ericaceae
Rhododendron pontica-hybr.;Ericaceae
Rhododendron pontica-hybr.;Ericaceae
Rhododendron ponticum;Ericaceae
Rhododendron prunifolium;Ericaceae
Rhododendron quadrasianum;Ericaceae
Rhododendron quadrasianum;Ericaceae
Rhododendron rarilepidotum;Ericaceae
Rhododendron repens;Ericaceae
Rhododendron repens;Ericaceae
Rhododendron repens;Ericaceae
Rhododendron rhodoleucum;Ericaceae
Rhododendron robinsonii;Ericaceae
Rhododendron rousei;Ericaceae
Rhododendron salicifolium;Ericaceae
Rhododendron serpilifolium;Ericaceae
Rhododendron serrulatum;Ericaceae
Rhododendron schlippenbachii;Ericaceae
Rhododendron schlippenbachii;Ericaceae
Rhododendron sp.;Ericaceae
Rhododendron sp.;Ericaceae
Rhododendron stapfianum;Ericaceae
Rhododendron stenophyllum;Ericaceae
Rhododendron stenophyllum;Ericaceae
Rhododendron suaveolens;Ericaceae
Rhododendron sumatranum;Ericaceae
Rhododendron superbum;Ericaceae
Rhododendron superbum;Ericaceae
Rhododendron taxifolium;Ericaceae
Rhododendron triumphans;Ericaceae
Rhododendron vanvuurenii;Ericaceae
Rhododendron viriosum;Ericaceae
Rhododendron viscosum;Ericaceae
Rhododendron viscosum;Ericaceae
Rhododendron viscosum;Ericaceae
Rhododendron wallichii;Ericaceae
Rhododendron weyrichii;Ericaceae
Rhododendron williamsianum;Ericaceae
Rhododendron williamsii;Ericaceae
Rhododendron wrightianum;Ericaceae
Rhododendron x praecox;Ericaceae
Rhododendron yakushimanum-hybr.;Ericaceae
Rhododendron yakushimanum-hybr.;Ericaceae
Rhododendron zoelleri;Ericaceae
Rhodohypoxis baurii;Hypoxidaceae
Rhodohypoxis baurii;Hypoxidaceae
Rhodohypoxis baurii;Hypoxidaceae
Rhodoleia parvipetala;Hamamelidaceae
Rhodomyrtus tomentosa;Myrtaceae
Rhodophiala bifida;Amaryllidaceae
Rhodophiala rosea;Amaryllidaceae
Rhodospatha latifolia;Araceae
Rhodospatha moritziana;Araceae
Rhodospatha picta;Araceae
Rhodospatha sp.;Araceae
Rhodotypos scandens;Rosaceae
Rhoicissus tomentosa;Vitaceae
Rhopaloblaste singaporensis;Arecaceae
Rhopalostylis sapida;Arecaceae
Rhopalostylis sapida;Arecaceae
Rhus aromatica;Anacardiaceae
Rhus aromatica;Anacardiaceae
Rhus coriaria;Anacardiaceae
Rhus discolor;Anacardiaceae
Rhus glabra;Anacardiaceae
Rhus integrifolia;Anacardiaceae
Rhus integrifolia;Anacardiaceae
Rhus potaninii;Anacardiaceae
Rhus punjabensis;Anacardiaceae
Rhus radicans;Anacardiaceae
Rhus sp.;Anacardiaceae
Rhus succedanea;Anacardiaceae
Rhus trichocarpa;Anacardiaceae
Rhus typhina;Anacardiaceae
Rhus typhina;Anacardiaceae
Rhus typhina;Anacardiaceae
Rhus verniciflua;Anacardiaceae
Rhus virens;Anacardiaceae
Rhynchelytrum repens;Poaceae
Rhynchoglossum notonianum;Gesneriaceae
Rhyncholaelia digbyana;Orchidaceae
Rhyncholaelia digbyana;Orchidaceae
Rhyncholaelia digbyana;Orchidaceae
Rhyncholaelia digbyana;Orchidaceae
Rhyncholaelia glauca;Orchidaceae
Rhynchospora alba;Cyperaceae
Rhynchospora fusca;Cyperaceae
Rhynchostele rossii;Orchidaceae
Rhynchostylis gigantea;Orchidaceae
Rhynchostylis gigantea;Orchidaceae
Rhynchostylis gigantea;Orchidaceae
Rhynchostylis gigantea;Orchidaceae
Rhynchostylis sp.;Orchidaceae
Rhytidocaulon macrolobum;Apocynaceae
Rhytidophyllum autumnale;Gesneriaceae
Rhytidophyllum exsertum;Gesneriaceae
Rhytidophyllum leucomallon;Gesneriaceae
Rhytidophyllum sp.;Gesneriaceae
Rhytidophyllum tomentosum;Gesneriaceae
Ribes <x >gordonianum;Grossulariaceae
Ribes <x >innominatum;Grossulariaceae
Ribes alpinum;Grossulariaceae
Ribes americanum;Grossulariaceae
Ribes cereum;Grossulariaceae
Ribes cynosbati;Grossulariaceae
Ribes diacanthum;Grossulariaceae
Ribes fasciculatum;Grossulariaceae
Ribes laurifolium;Grossulariaceae
Ribes mandshuricum;Grossulariaceae
Ribes missouriense;Grossulariaceae
Ribes nigrum;Grossulariaceae
Ribes nigrum;Grossulariaceae
Ribes nigrum;Grossulariaceae
Ribes nigrum;Grossulariaceae
Ribes nigrum;Grossulariaceae
Ribes nigrum;Grossulariaceae
Ribes nigrum;Grossulariaceae
Ribes nigrum;Grossulariaceae
Ribes niveum;Grossulariaceae
Ribes rubrum;Grossulariaceae
Ribes rubrum;Grossulariaceae
Ribes rubrum;Grossulariaceae
Ribes rubrum;Grossulariaceae
Ribes rubrum;Grossulariaceae
Ribes rubrum;Grossulariaceae
Ribes rubrum;Grossulariaceae
Ribes sanguineum;Grossulariaceae
Ribes sanguineum;Grossulariaceae
Ribes sanguineum;Grossulariaceae
Ribes sanguineum;Grossulariaceae
Ribes sanguineum;Grossulariaceae
Ribes sanguineum;Grossulariaceae
Ribes sanguineum;Grossulariaceae
Ribes sinnonensis;Grossulariaceae
Ribes sp.;Grossulariaceae
Ribes sp.;Grossulariaceae
Ribes sp.;Grossulariaceae
Ribes sp.;Grossulariaceae
Ribes speciosum;Grossulariaceae
Ribes speciusum;Grossulariaceae
Ribes spicatum;Grossulariaceae
Ribes uva-crispa;Grossulariaceae
Ribes uva-crispa;Grossulariaceae
Ribes uva-crispa;Grossulariaceae
Ribes uva-crispa;Grossulariaceae
Ribes uva-crispa;Grossulariaceae
Ribes uva-crispa;Grossulariaceae
Ribes uva-crispa;Grossulariaceae
Ribes uva-crispa;Grossulariaceae
Ribes uva-crispa;Grossulariaceae
Ribes uva-crispa;Grossulariaceae
Ribes uva-crispa;Grossulariaceae
Ribes uva-crispa;Grossulariaceae
Ribes x nidigrolaria;Grossulariaceae
Ricinus communis;Euphorbiaceae
Riedelia arfakensis;Zingiberaceae
Riedelia sp.;Zingiberaceae
Rindera umbellata;Boraginaceae
Rivina humilis;Phytolaccaceae
Robinia pseudoacacia;Fabaceae (s.str.)
Robinia pseudoacacia;Fabaceae (s.str.)
Robinia pseudoacacia;Fabaceae (s.str.)
Robinia pseudoacacia;Fabaceae (s.str.)
Robinia pseudoacacia;Fabaceae (s.str.)
Robinia pseudoacacia;Fabaceae (s.str.)
Robiquetia cerina;Orchidaceae
Rodgersia aesculifolia;Saxifragaceae
Rodgersia aesculifolia;Saxifragaceae
Rodgersia aesculifolia;Saxifragaceae
Rodgersia aesculifolia;Saxifragaceae
Rodgersia aesculifolia;Saxifragaceae
Rodgersia hybr.;Saxifragaceae
Rodgersia pinnata;Saxifragaceae
Rodgersia pinnata;Saxifragaceae
Rodgersia pinnata;Saxifragaceae
Rodgersia pinnata;Saxifragaceae
Rodgersia pinnata;Saxifragaceae
Rodgersia pinnata;Saxifragaceae
Rodgersia pinnata;Saxifragaceae
Rodgersia pinnata;Saxifragaceae
Rodgersia podophylla;Saxifragaceae
Rodgersia podophylla;Saxifragaceae
Rodgersia purdomii;Saxifragaceae
Rodgersia sambucifolia;Saxifragaceae
Rodgersia sambucifolia;Saxifragaceae
Rodgersia sambucifolia;Saxifragaceae
Rodgersia sp.;Saxifragaceae
Rodgersia sp.;Saxifragaceae
Rodgersia sp.;Saxifragaceae
Rodgersia tabularis;Saxifragaceae
Rohdea japonica;Asparagaceae (Ruscaceae)
Rohdea japonica;Asparagaceae (Ruscaceae)
Rohdea japonica;Asparagaceae (Ruscaceae)
Rohdea japonica;Asparagaceae (Ruscaceae)
Rohdea japonica;Asparagaceae (Ruscaceae)
Rohdea japonica;Asparagaceae (Ruscaceae)
Romulea bulbocodium;Iridaceae
Romulea bulbocodium;Iridaceae
Romulea flava;Iridaceae
Romulea gigantea;Iridaceae
Romulea hirta;Iridaceae
Romulea leipoldtii;Iridaceae
Romulea limbarae;Iridaceae
Romulea linaresii;Iridaceae
Romulea linaresii;Iridaceae
Romulea multisulcata;Iridaceae
Romulea ramiflora;Iridaceae
Romulea rosea;Iridaceae
Romulea saldanhensis;Iridaceae
Romulea sp.;Iridaceae
Romulea tabularis;Iridaceae
Ronnbergia allenii;Bromeliaceae
Ronnbergia bilbergioides;Bromeliaceae
Ronnbergia deleonii;Bromeliaceae
Roridula dentata;Roridulaceae
Roridula gorgonias;Roridulaceae
Roridula gorgonias;Roridulaceae
Rorippa amphibia;Brassicaceae
Rosa acicularis;Rosaceae
Rosa acicularis;Rosaceae
Rosa ambiqua;Rosaceae
Rosa amblyotis;Rosaceae
Rosa amblyotis;Rosaceae
Rosa andegavensis;Rosaceae
Rosa arizonica;Rosaceae
Rosa arnoldii;Rosaceae
Rosa arvensis;Rosaceae
Rosa blanda;Rosaceae
Rosa californica;Rosaceae
Rosa californica;Rosaceae
Rosa canina;Rosaceae
Rosa davidii;Rosaceae
Rosa elliptica;Rosaceae
Rosa foetida;Rosaceae
Rosa foetida;Rosaceae
Rosa foetida;Rosaceae
Rosa fujisanensis;Rosaceae
Rosa fujisanensis;Rosaceae
Rosa gallica;Rosaceae
Rosa gallica;Rosaceae
Rosa giraldii;Rosaceae
Rosa glauca;Rosaceae
Rosa hirtula;Rosaceae
Rosa horrida;Rosaceae
Rosa hybr.;Rosaceae
Rosa hybr.;Rosaceae
Rosa hybr.;Rosaceae
Rosa hybr.;Rosaceae
Rosa hybr.;Rosaceae
Rosa hybr.;Rosaceae
Rosa hybr.;Rosaceae
Rosa hybr.;Rosaceae
Rosa hybr.;Rosaceae
Rosa hybr.;Rosaceae
Rosa hybr.;Rosaceae
Rosa hybr.;Rosaceae
Rosa hybr.;Rosaceae
Rosa hybr.;Rosaceae
Rosa hybr.;Rosaceae
Rosa hybr.;Rosaceae
Rosa hybr.;Rosaceae
Rosa hybr.;Rosaceae
Rosa hybr.;Rosaceae
Rosa hybr.;Rosaceae
Rosa hybr.;Rosaceae
Rosa hybr.;Rosaceae
Rosa hybr.;Rosaceae
Rosa hybr.;Rosaceae
Rosa hybr.;Rosaceae
Rosa hybr.;Rosaceae
Rosa hybr.;Rosaceae
Rosa hybr.;Rosaceae
Rosa hybr.;Rosaceae
Rosa hybr.;Rosaceae
Rosa hybr.;Rosaceae
Rosa hybr.;Rosaceae
Rosa hybr.;Rosaceae
Rosa hybr.;Rosaceae
Rosa hybr.;Rosaceae
Rosa hybr.;Rosaceae
Rosa hybr.;Rosaceae
Rosa hybr.;Rosaceae
Rosa hybr.;Rosaceae
Rosa hybr.;Rosaceae
Rosa hybr.;Rosaceae
Rosa hybr.;Rosaceae
Rosa hybr.;Rosaceae
Rosa hybr.;Rosaceae
Rosa hybr.;Rosaceae
Rosa hybr.;Rosaceae
Rosa hybr.;Rosaceae
Rosa hybr.;Rosaceae
Rosa hybr.;Rosaceae
Rosa hybr.;Rosaceae
Rosa hybr.;Rosaceae
Rosa hybr.;Rosaceae
Rosa hybr.;Rosaceae
Rosa hybr.;Rosaceae
Rosa hybr.;Rosaceae
Rosa hybr.;Rosaceae
Rosa hybr.;Rosaceae
Rosa hybr.;Rosaceae
Rosa hybr.;Rosaceae
Rosa hybr.;Rosaceae
Rosa hybr.;Rosaceae
Rosa hybr.;Rosaceae
Rosa hybr.;Rosaceae
Rosa hybr.;Rosaceae
Rosa hybr.;Rosaceae
Rosa hybr.;Rosaceae
Rosa hybr.;Rosaceae
Rosa hybr.;Rosaceae
Rosa hybr.;Rosaceae
Rosa hybr.;Rosaceae
Rosa hybr.;Rosaceae
Rosa hybr.;Rosaceae
Rosa hybr.;Rosaceae
Rosa hybr.;Rosaceae
Rosa hybr.;Rosaceae
Rosa hybr.;Rosaceae
Rosa hybr.;Rosaceae
Rosa hybr.;Rosaceae
Rosa hybr.;Rosaceae
Rosa hybr.;Rosaceae
Rosa hybr.;Rosaceae
Rosa hybr.;Rosaceae
Rosa hybr.;Rosaceae
Rosa hybr.;Rosaceae
Rosa hybr.;Rosaceae
Rosa hybr.;Rosaceae
Rosa hybr.;Rosaceae
Rosa hybr.;Rosaceae
Rosa hybr.;Rosaceae
Rosa hybr.;Rosaceae
Rosa hybr.;Rosaceae
Rosa hybr.;Rosaceae
Rosa hybr.;Rosaceae
Rosa hybr.;Rosaceae
Rosa hybr.;Rosaceae
Rosa hybr.;Rosaceae
Rosa hybr.;Rosaceae
Rosa hybr.;Rosaceae
Rosa hybr.;Rosaceae
Rosa hybr.;Rosaceae
Rosa hybr.;Rosaceae
Rosa hybr.;Rosaceae
Rosa hybr.;Rosaceae
Rosa hybr.;Rosaceae
Rosa hybr.;Rosaceae
Rosa hybr.;Rosaceae
Rosa hybr.;Rosaceae
Rosa chionistrae;Rosaceae
Rosa chionistrae;Rosaceae
Rosa jacutica;Rosaceae
Rosa jundzillii;Rosaceae
Rosa jundzillii;Rosaceae
Rosa kalmiussica;Rosaceae
Rosa karakalensis;Rosaceae
Rosa longicuspis;Rosaceae
Rosa majalis;Rosaceae
Rosa marretii;Rosaceae
Rosa maximowicziana;Rosaceae
Rosa micrantha;Rosaceae
Rosa moyesii;Rosaceae
Rosa moyesii;Rosaceae
Rosa multiflora;Rosaceae
Rosa multiflora;Rosaceae
Rosa multiflora;Rosaceae
Rosa multiflora;Rosaceae
Rosa nanothamnus;Rosaceae
Rosa nitida;Rosaceae
Rosa nitidula;Rosaceae
Rosa oxyodon;Rosaceae
Rosa pendulina;Rosaceae
Rosa pisocarpa;Rosaceae
Rosa pisocarpa;Rosaceae
Rosa rubiginosa;Rosaceae
Rosa rugosa;Rosaceae
Rosa rugosa;Rosaceae
Rosa rugosa;Rosaceae
Rosa rugosa;Rosaceae
Rosa sancti-andreae;Rosaceae
Rosa serafinii;Rosaceae
Rosa sericea;Rosaceae
Rosa sericea;Rosaceae
Rosa setigera;Rosaceae
Rosa setigera;Rosaceae
Rosa setigera;Rosaceae
Rosa sikangensis;Rosaceae
Rosa silverhjelmii;Rosaceae
Rosa simillima;Rosaceae
Rosa sp.;Rosaceae
Rosa sp.;Rosaceae
Rosa sp.;Rosaceae
Rosa sp.;Rosaceae
Rosa sp.;Rosaceae
Rosa sp.;Rosaceae
Rosa sp.;Rosaceae
Rosa sp.;Rosaceae
Rosa sp.;Rosaceae
Rosa sp.;Rosaceae
Rosa sp.;Rosaceae
Rosa sp.;Rosaceae
Rosa sp.;Rosaceae
Rosa sp.;Rosaceae
Rosa sp.;Rosaceae
Rosa sp.;Rosaceae
Rosa sp.;Rosaceae
Rosa sp.;Rosaceae
Rosa spinosissima;Rosaceae
Rosa spinosissima;Rosaceae
Rosa tesquicola;Rosaceae
Rosa tesquicola;Rosaceae
Rosa tianschanica;Rosaceae
Rosa ultramontana;Rosaceae
Rosa virginiana;Rosaceae
Rosa wichuraiana;Rosaceae
Rosa woodsii;Rosaceae
Rosa woodsii;Rosaceae
Rosa x alba;Rosaceae
Rosa x centifolia;Rosaceae
Rosa x centifolia;Rosaceae
Roscoea alpina;Zingiberaceae
Roscoea auriculata;Zingiberaceae
Roscoea auriculata x purpurea;Zingiberaceae
Roscoea brandisii;Zingiberaceae
Roscoea cangshanensis;Zingiberaceae
Roscoea capitata;Zingiberaceae
Roscoea cautleyoides;Zingiberaceae
Roscoea purpurea;Zingiberaceae
Roscoea scillifolia;Zingiberaceae
Roscoea schneideriana;Zingiberaceae
Roscoea sp.;Zingiberaceae
Roscoea wardii;Zingiberaceae
Roscoea x beesiana;Zingiberaceae
Roscoea x beesiana;Zingiberaceae
Roscheria melanochaetes;Arecaceae
Rosmarinus officinalis;Lamiaceae
Rosmarinus officinalis;Lamiaceae
Rosmarinus officinalis;Lamiaceae
Rosmarinus officinalis;Lamiaceae
Rosmarinus officinalis;Lamiaceae
Rosmarinus officinalis;Lamiaceae
Rosmarinus officinalis;Lamiaceae
Rosmarinus officinalis;Lamiaceae
Rosmarinus officinalis;Lamiaceae
Rosmarinus officinalis;Lamiaceae
Rosmarinus officinalis;Lamiaceae
Rosmarinus officinalis;Lamiaceae
Rosmarinus officinalis;Lamiaceae
Rosmarinus officinalis;Lamiaceae
Rosmarinus officinalis;Lamiaceae
Rosmarinus officinalis;Lamiaceae
Rosmarinus officinalis;Lamiaceae
Rosmarinus officinalis;Lamiaceae
Rosmarinus officinalis;Lamiaceae
Rosmarinus tomentosus;Lamiaceae
Rosmarinus x mendizabalii;Lamiaceae
Rosmarinus x noeanus;Lamiaceae
Rossioglossum grande;Orchidaceae
Rosularia serrata;Crassulaceae
Rotala wallichii;Lythraceae
Rotheca myricoides;Lamiaceae
Rothmannia capensis;Rubiaceae
Rothmannia engleriana;Rubiaceae
Rubia tinctorum;Rubiaceae
Rubiaceae sp.;
Rubus arcticus;Rosaceae
Rubus australis;Rosaceae
Rubus austromoravicus;Rosaceae
Rubus bifrons;Rosaceae
Rubus brdensis;Rosaceae
Rubus buergeri;Rosaceae
Rubus cockburnianus;Rosaceae
Rubus cochinchinensis;Rosaceae
Rubus constrictus;Rosaceae
Rubus crataegifolius;Rosaceae
Rubus epipsilos;Rosaceae
Rubus fraxinifolius;Rosaceae
Rubus fruticosus;Rosaceae
Rubus gracilis;Rosaceae
Rubus graecensis;Rosaceae
Rubus henryi;Rosaceae
Rubus henryi;Rosaceae
Rubus henryi;Rosaceae
Rubus hybr.;Rosaceae
Rubus chamaemorus;Rosaceae
Rubus idaeus;Rosaceae
Rubus idaeus;Rosaceae
Rubus idaeus;Rosaceae
Rubus idaeus;Rosaceae
Rubus idaeus;Rosaceae
Rubus idaeus;Rosaceae
Rubus idaeus;Rosaceae
Rubus idaeus;Rosaceae
Rubus idaeus;Rosaceae
Rubus idaeus;Rosaceae
Rubus koehleri;Rosaceae
Rubus kuleszae;Rosaceae
Rubus laciniatus;Rosaceae
Rubus moluccanus;Rosaceae
Rubus nemorosus;Rosaceae
Rubus niveus;Rosaceae
Rubus occidentalis;Rosaceae
Rubus odoratus;Rosaceae
Rubus parvifolius;Rosaceae
Rubus parvus;Rosaceae
Rubus pedemontanus;Rosaceae
Rubus phoenicolasius;Rosaceae
Rubus rolfei;Rosaceae
Rubus saxatilis;Rosaceae
Rubus schleicheri;Rosaceae
Rubus sp.;Rosaceae
Rubus sp.;Rosaceae
Rubus sp.;Rosaceae
Rubus sp.;Rosaceae
Rubus spectabilis;Rosaceae
Rubus squarrosus;Rosaceae
Rubus taiwanicolus;Rosaceae
Rubus thibetanus;Rosaceae
Rubus tricolor;Rosaceae
Rubus ulmifolius;Rosaceae
Rubus vratnensis;Rosaceae
Rubus x stellarcticum;Rosaceae
Rudbeckia fulgida;Asteraceae
Rudbeckia fulgida;Asteraceae
Rudbeckia fulgida;Asteraceae
Rudbeckia fulgida;Asteraceae
Rudbeckia fulgida;Asteraceae
Rudbeckia fulgida;Asteraceae
Rudbeckia fulgida;Asteraceae
Rudbeckia fulgida;Asteraceae
Rudbeckia fulgida;Asteraceae
Rudbeckia fulgida;Asteraceae
Rudbeckia fulgida;Asteraceae
Rudbeckia grandiflora;Asteraceae
Rudbeckia hirta;Asteraceae
Rudbeckia hirta;Asteraceae
Rudbeckia laciniata;Asteraceae
Rudbeckia laciniata;Asteraceae
Rudbeckia laciniata;Asteraceae
Rudbeckia laciniata;Asteraceae
Rudbeckia maxima;Asteraceae
Rudbeckia missouriensis;Asteraceae
Rudbeckia nitida;Asteraceae
Rudbeckia nitida;Asteraceae
Rudbeckia nitida;Asteraceae
Rudbeckia nitida;Asteraceae
Rudbeckia occidentalis;Asteraceae
Rudbeckia occidentalis;Asteraceae
Rudbeckia sp.;Asteraceae
Rudbeckia subtomentosa;Asteraceae
Rudbeckia subtomentosa;Asteraceae
Rudbeckia subtomentosa;Asteraceae
Rudbeckia subtomentosa;Asteraceae
Rudbeckia triloba;Asteraceae
Rudbeckia triloba;Asteraceae
Rudbeckia triloba;Asteraceae
Ruellia caroliniensis;Acanthaceae
Ruellia humilis;Acanthaceae
Ruellia chartacea;Acanthaceae
Rumex acetosella;Polygonaceae
Rumex aquaticus;Polygonaceae
Rumex hydrolapathum;Polygonaceae
Rumex lunaria;Polygonaceae
Rumex sanguineus;Polygonaceae
Rumohra adiantiformis;Dryopteridaceae
Ruscus aculeatus;Asparagaceae (Ruscaceae)
Ruscus aculeatus;Asparagaceae (Ruscaceae)
Ruscus aculeatus;Asparagaceae (Ruscaceae)
Ruscus aculeatus;Asparagaceae (Ruscaceae)
Ruscus aculeatus;Asparagaceae (Ruscaceae)
Ruscus aculeatus;Asparagaceae (Ruscaceae)
Ruscus hypophyllum;Asparagaceae (Ruscaceae)
Ruscus latifolius;Asparagaceae (Ruscaceae)
Ruschia marianae;Aizoaceae
Ruschia pulvinaris;Aizoaceae
Ruspolia seticalyx;Acanthaceae
Russelia equisetiformis;Plantaginaceae (s.l.)
Russelia sarmentosa;Plantaginaceae (s.l.)
Russelia sarmentosa;Plantaginaceae (s.l.)
Ruta corsica;Rutaceae
Ruta corsica;Rutaceae
Ruta graveolens;Rutaceae
Ruta graveolens;Rutaceae
Ruta graveolens;Rutaceae
Ruta graveolens;Rutaceae
Ruta montana;Rutaceae
Rutidea coriacea;Rubiaceae
Ruttya fruticosa;Acanthaceae
Sabal minor;Arecaceae
Sabinaria magnifica;Arecaceae
Saccharum giganteum;Poaceae
Saccharum ravennae;Poaceae
Sagina apetala;Caryophyllaceae
Sagina subulata;Caryophyllaceae
Sagittaria sagittifolia;Alismataceae
Sagittaria sagittifolia;Alismataceae
Saintpaulia brevipilosa;Gesneriaceae
Saintpaulia brevipilosa;Gesneriaceae
Saintpaulia brevipilosa;Gesneriaceae
Saintpaulia confusa;Gesneriaceae
Saintpaulia confusa;Gesneriaceae
Saintpaulia confusa;Gesneriaceae
Saintpaulia confusa;Gesneriaceae
Saintpaulia confusa x difficilis;Gesneriaceae
Saintpaulia difficilis;Gesneriaceae
Saintpaulia diplotricha;Gesneriaceae
Saintpaulia diplotricha;Gesneriaceae
Saintpaulia diplotricha;Gesneriaceae
Saintpaulia diplotricha;Gesneriaceae
Saintpaulia grandifolia;Gesneriaceae
Saintpaulia grotei;Gesneriaceae
Saintpaulia grotei;Gesneriaceae
Saintpaulia hybr.;Gesneriaceae
Saintpaulia hybr.;Gesneriaceae
Saintpaulia hybr.;Gesneriaceae
Saintpaulia hybr.;Gesneriaceae
Saintpaulia hybr.;Gesneriaceae
Saintpaulia hybr.;Gesneriaceae
Saintpaulia hybr.;Gesneriaceae
Saintpaulia hybr.;Gesneriaceae
Saintpaulia hybr.;Gesneriaceae
Saintpaulia hybr.;Gesneriaceae
Saintpaulia hybr.;Gesneriaceae
Saintpaulia hybr.;Gesneriaceae
Saintpaulia hybr.;Gesneriaceae
Saintpaulia hybr.;Gesneriaceae
Saintpaulia hybr.;Gesneriaceae
Saintpaulia hybr.;Gesneriaceae
Saintpaulia hybr.;Gesneriaceae
Saintpaulia hybr.;Gesneriaceae
Saintpaulia hybr.;Gesneriaceae
Saintpaulia hybr.;Gesneriaceae
Saintpaulia hybr.;Gesneriaceae
Saintpaulia hybr.;Gesneriaceae
Saintpaulia hybr.;Gesneriaceae
Saintpaulia hybr.;Gesneriaceae
Saintpaulia hybr.;Gesneriaceae
Saintpaulia hybr.;Gesneriaceae
Saintpaulia hybr.;Gesneriaceae
Saintpaulia hybr.;Gesneriaceae
Saintpaulia hybr.;Gesneriaceae
Saintpaulia hybr.;Gesneriaceae
Saintpaulia hybr.;Gesneriaceae
Saintpaulia hybr.;Gesneriaceae
Saintpaulia hybr.;Gesneriaceae
Saintpaulia hybr.;Gesneriaceae
Saintpaulia hybr.;Gesneriaceae
Saintpaulia hybr.;Gesneriaceae
Saintpaulia hybr.;Gesneriaceae
Saintpaulia hybr.;Gesneriaceae
Saintpaulia hybr.;Gesneriaceae
Saintpaulia hybr.;Gesneriaceae
Saintpaulia hybr.;Gesneriaceae
Saintpaulia hybr.;Gesneriaceae
Saintpaulia hybr.;Gesneriaceae
Saintpaulia hybr.;Gesneriaceae
Saintpaulia hybr.;Gesneriaceae
Saintpaulia hybr.;Gesneriaceae
Saintpaulia hybr.;Gesneriaceae
Saintpaulia hybr.;Gesneriaceae
Saintpaulia hybr.;Gesneriaceae
Saintpaulia hybr.;Gesneriaceae
Saintpaulia hybr.;Gesneriaceae
Saintpaulia hybr.;Gesneriaceae
Saintpaulia hybr.;Gesneriaceae
Saintpaulia hybr.;Gesneriaceae
Saintpaulia hybr.;Gesneriaceae
Saintpaulia hybr.;Gesneriaceae
Saintpaulia hybr.;Gesneriaceae
Saintpaulia hybr.;Gesneriaceae
Saintpaulia hybr.;Gesneriaceae
Saintpaulia hybr.;Gesneriaceae
Saintpaulia hybr.;Gesneriaceae
Saintpaulia hybr.;Gesneriaceae
Saintpaulia hybr.;Gesneriaceae
Saintpaulia hybr.;Gesneriaceae
Saintpaulia hybr.;Gesneriaceae
Saintpaulia hybr.;Gesneriaceae
Saintpaulia hybr.;Gesneriaceae
Saintpaulia hybr.;Gesneriaceae
Saintpaulia hybr.;Gesneriaceae
Saintpaulia hybr.;Gesneriaceae
Saintpaulia hybr.;Gesneriaceae
Saintpaulia hybr.;Gesneriaceae
Saintpaulia hybr.;Gesneriaceae
Saintpaulia hybr.;Gesneriaceae
Saintpaulia hybr.;Gesneriaceae
Saintpaulia hybr.;Gesneriaceae
Saintpaulia hybr.;Gesneriaceae
Saintpaulia hybr.;Gesneriaceae
Saintpaulia hybr.;Gesneriaceae
Saintpaulia hybr.;Gesneriaceae
Saintpaulia hybr.;Gesneriaceae
Saintpaulia hybr.;Gesneriaceae
Saintpaulia hybr.;Gesneriaceae
Saintpaulia hybr.;Gesneriaceae
Saintpaulia hybr.;Gesneriaceae
Saintpaulia hybr.;Gesneriaceae
Saintpaulia hybr.;Gesneriaceae
Saintpaulia hybr.;Gesneriaceae
Saintpaulia hybr.;Gesneriaceae
Saintpaulia hybr.;Gesneriaceae
Saintpaulia hybr.;Gesneriaceae
Saintpaulia hybr.;Gesneriaceae
Saintpaulia hybr.;Gesneriaceae
Saintpaulia hybr.;Gesneriaceae
Saintpaulia hybr.;Gesneriaceae
Saintpaulia hybr.;Gesneriaceae
Saintpaulia hybr.;Gesneriaceae
Saintpaulia hybr.;Gesneriaceae
Saintpaulia hybr.;Gesneriaceae
Saintpaulia hybr.;Gesneriaceae
Saintpaulia hybr.;Gesneriaceae
Saintpaulia hybr.;Gesneriaceae
Saintpaulia hybr.;Gesneriaceae
Saintpaulia hybr.;Gesneriaceae
Saintpaulia hybr.;Gesneriaceae
Saintpaulia hybr.;Gesneriaceae
Saintpaulia hybr.;Gesneriaceae
Saintpaulia hybr.;Gesneriaceae
Saintpaulia hybr.;Gesneriaceae
Saintpaulia hybr.;Gesneriaceae
Saintpaulia hybr.;Gesneriaceae
Saintpaulia hybr.;Gesneriaceae
Saintpaulia hybr.;Gesneriaceae
Saintpaulia hybr.;Gesneriaceae
Saintpaulia hybr.;Gesneriaceae
Saintpaulia hybr.;Gesneriaceae
Saintpaulia hybr.;Gesneriaceae
Saintpaulia hybr.;Gesneriaceae
Saintpaulia hybr.;Gesneriaceae
Saintpaulia hybr.;Gesneriaceae
Saintpaulia hybr.;Gesneriaceae
Saintpaulia hybr.;Gesneriaceae
Saintpaulia hybr.;Gesneriaceae
Saintpaulia hybr.;Gesneriaceae
Saintpaulia hybr.;Gesneriaceae
Saintpaulia hybr.;Gesneriaceae
Saintpaulia hybr.;Gesneriaceae
Saintpaulia hybr.;Gesneriaceae
Saintpaulia hybr.;Gesneriaceae
Saintpaulia hybr.;Gesneriaceae
Saintpaulia hybr.;Gesneriaceae
Saintpaulia hybr.;Gesneriaceae
Saintpaulia hybr.;Gesneriaceae
Saintpaulia hybr.;Gesneriaceae
Saintpaulia hybr.;Gesneriaceae
Saintpaulia hybr.;Gesneriaceae
Saintpaulia hybr.;Gesneriaceae
Saintpaulia hybr.;Gesneriaceae
Saintpaulia hybr.;Gesneriaceae
Saintpaulia hybr.;Gesneriaceae
Saintpaulia hybr.;Gesneriaceae
Saintpaulia hybr.;Gesneriaceae
Saintpaulia hybr.;Gesneriaceae
Saintpaulia hybr.;Gesneriaceae
Saintpaulia hybr.;Gesneriaceae
Saintpaulia hybr.;Gesneriaceae
Saintpaulia hybr.;Gesneriaceae
Saintpaulia hybr.;Gesneriaceae
Saintpaulia hybr.;Gesneriaceae
Saintpaulia hybr.;Gesneriaceae
Saintpaulia hybr.;Gesneriaceae
Saintpaulia hybr.;Gesneriaceae
Saintpaulia hybr.;Gesneriaceae
Saintpaulia hybr.;Gesneriaceae
Saintpaulia hybr.;Gesneriaceae
Saintpaulia hybr.;Gesneriaceae
Saintpaulia hybr.;Gesneriaceae
Saintpaulia hybr.;Gesneriaceae
Saintpaulia hybr.;Gesneriaceae
Saintpaulia hybr.;Gesneriaceae
Saintpaulia hybr.;Gesneriaceae
Saintpaulia hybr.;Gesneriaceae
Saintpaulia hybr.;Gesneriaceae
Saintpaulia hybr.;Gesneriaceae
Saintpaulia hybr.;Gesneriaceae
Saintpaulia hybr.;Gesneriaceae
Saintpaulia hybr.;Gesneriaceae
Saintpaulia hybr.;Gesneriaceae
Saintpaulia hybr.;Gesneriaceae
Saintpaulia hybr.;Gesneriaceae
Saintpaulia hybr.;Gesneriaceae
Saintpaulia hybr.;Gesneriaceae
Saintpaulia hybr.;Gesneriaceae
Saintpaulia hybr.;Gesneriaceae
Saintpaulia hybr.;Gesneriaceae
Saintpaulia hybr.;Gesneriaceae
Saintpaulia hybr.;Gesneriaceae
Saintpaulia hybr.;Gesneriaceae
Saintpaulia hybr.;Gesneriaceae
Saintpaulia hybr.;Gesneriaceae
Saintpaulia hybr.;Gesneriaceae
Saintpaulia hybr.;Gesneriaceae
Saintpaulia hybr.;Gesneriaceae
Saintpaulia hybr.;Gesneriaceae
Saintpaulia hybr.;Gesneriaceae
Saintpaulia hybr.;Gesneriaceae
Saintpaulia hybr.;Gesneriaceae
Saintpaulia hybr.;Gesneriaceae
Saintpaulia hybr.;Gesneriaceae
Saintpaulia hybr.;Gesneriaceae
Saintpaulia hybr.;Gesneriaceae
Saintpaulia hybr.;Gesneriaceae
Saintpaulia hybr.;Gesneriaceae
Saintpaulia hybr.;Gesneriaceae
Saintpaulia hybr.;Gesneriaceae
Saintpaulia hybr.;Gesneriaceae
Saintpaulia hybr.;Gesneriaceae
Saintpaulia hybr.;Gesneriaceae
Saintpaulia hybr.;Gesneriaceae
Saintpaulia hybr.;Gesneriaceae
Saintpaulia hybr.;Gesneriaceae
Saintpaulia hybr.;Gesneriaceae
Saintpaulia hybr.;Gesneriaceae
Saintpaulia hybr.;Gesneriaceae
Saintpaulia hybr.;Gesneriaceae
Saintpaulia hybr.;Gesneriaceae
Saintpaulia hybr.;Gesneriaceae
Saintpaulia hybr.;Gesneriaceae
Saintpaulia hybr.;Gesneriaceae
Saintpaulia intermedia;Gesneriaceae
Saintpaulia intermedia;Gesneriaceae
Saintpaulia ionantha;Gesneriaceae
Saintpaulia ionantha;Gesneriaceae
Saintpaulia ionantha;Gesneriaceae
Saintpaulia ionantha;Gesneriaceae
Saintpaulia ionantha;Gesneriaceae
Saintpaulia ionantha;Gesneriaceae
Saintpaulia ionantha;Gesneriaceae
Saintpaulia ionantha;Gesneriaceae
Saintpaulia ionantha;Gesneriaceae
Saintpaulia ionantha;Gesneriaceae
Saintpaulia ionantha;Gesneriaceae
Saintpaulia ionantha;Gesneriaceae
Saintpaulia magungensis;Gesneriaceae
Saintpaulia magungensis;Gesneriaceae
Saintpaulia pendula;Gesneriaceae
Saintpaulia shumensis;Gesneriaceae
Saintpaulia shumensis;Gesneriaceae
Saintpaulia sp.;Gesneriaceae
Saintpaulia sp.;Gesneriaceae
Saintpaulia teitensis;Gesneriaceae
Saintpaulia tongwensis;Gesneriaceae
Saintpaulia velutina;Gesneriaceae
Salacca zalacca;Liliopsida
Salacia sp.;Celastraceae
Salix arbuscula;Salicaceae
Salix arctica;Salicaceae
Salix arctopaila;Salicaceae
Salix babylonica;Salicaceae
Salix babylonica;Salicaceae
Salix bicolor;Salicaceae
Salix cinerea;Salicaceae
Salix cinerea;Salicaceae
Salix daphnoides;Salicaceae
Salix humilis;Salicaceae
Salix hybr.;Salicaceae
Salix hybr.;Salicaceae
Salix lapponum;Salicaceae
Salix myrsinifolia;Salicaceae
Salix myrtilloides;Salicaceae
Salix neotricha;Salicaceae
Salix palebophylla;Salicaceae
Salix polaris;Salicaceae
Salix purpurea;Salicaceae
Salix purpurea;Salicaceae
Salix repens;Salicaceae
Salix repens;Salicaceae
Salix repens;Salicaceae
Salix rosmarinifolia;Salicaceae
Salix rotundifolia;Salicaceae
Salix sp.;Salicaceae
Salix subopposita;Salicaceae
Salix subopposita x Salix myrtiloides;Salicaceae
Salix triandra;Salicaceae
Salix triandra;Salicaceae
Salix udensis;Salicaceae
Salmonopuntia salmiana;Cactaceae
Salmonopuntia salmiana;Cactaceae
Salsola sp.;Amaranthaceae
Salvia <x >superba;Lamiaceae
Salvia <x >superba;Lamiaceae
Salvia aethiopis;Lamiaceae
Salvia africana-caerulea;Lamiaceae
Salvia africana-lutea;Lamiaceae
Salvia amplexicaulis;Lamiaceae
Salvia apiana;Lamiaceae
Salvia atropatana;Lamiaceae
Salvia austriaca;Lamiaceae
Salvia azurea;Lamiaceae
Salvia azurea;Lamiaceae
Salvia blancoana;Lamiaceae
Salvia broussonetii;Lamiaceae
Salvia buchananii;Lamiaceae
Salvia cadmica;Lamiaceae
Salvia canariensis;Lamiaceae
Salvia candelabrum;Lamiaceae
Salvia candidissima;Lamiaceae
Salvia coahuilensis;Lamiaceae
Salvia coccinea;Lamiaceae
Salvia confertiflora;Lamiaceae
Salvia corrugata;Lamiaceae
Salvia cyanescens;Lamiaceae
Salvia daghestanica;Lamiaceae
Salvia darcyi;Lamiaceae
Salvia deserta;Lamiaceae
Salvia desoleana;Lamiaceae
Salvia digitaloides;Lamiaceae
Salvia discolor;Lamiaceae
Salvia divinorum;Lamiaceae
Salvia dolichantha;Lamiaceae
Salvia dominica;Lamiaceae
Salvia dorisiana;Lamiaceae
Salvia dorrii;Lamiaceae
Salvia eriophora;Lamiaceae
Salvia forskahlei;Lamiaceae
Salvia fruticosa;Lamiaceae
Salvia funerea;Lamiaceae
Salvia garedjii;Lamiaceae
Salvia glutinosa;Lamiaceae
Salvia grandiflora;Lamiaceae
Salvia greggii;Lamiaceae
Salvia greggii;Lamiaceae
Salvia greggii;Lamiaceae
Salvia guaranitica;Lamiaceae
Salvia heldreichiana;Lamiaceae
Salvia hians;Lamiaceae
Salvia hierosolymitana;Lamiaceae
Salvia horminoides;Lamiaceae
Salvia huberi;Lamiaceae
Salvia hybr.;Lamiaceae
Salvia hybr.;Lamiaceae
Salvia hybr.;Lamiaceae
Salvia hybr.;Lamiaceae
Salvia hybr.;Lamiaceae
Salvia hybr.;Lamiaceae
Salvia hybr.;Lamiaceae
Salvia hybr.;Lamiaceae
Salvia hybr.;Lamiaceae
Salvia hybr.;Lamiaceae
Salvia hybr.;Lamiaceae
Salvia hypargeia;Lamiaceae
Salvia chamaedryoides;Lamiaceae
Salvia chinensis;Lamiaceae
Salvia chrysophylla;Lamiaceae
Salvia involucrata;Lamiaceae
Salvia jamensis;Lamiaceae
Salvia jamensis;Lamiaceae
Salvia jamensis;Lamiaceae
Salvia jamensis;Lamiaceae
Salvia judaica;Lamiaceae
Salvia jurisicii;Lamiaceae
Salvia jurisicii;Lamiaceae
Salvia jurisicii;Lamiaceae
Salvia kopetdaghensis;Lamiaceae
Salvia kuznetzovii;Lamiaceae
Salvia lavandulifolia;Lamiaceae
Salvia lavandulifolia;Lamiaceae
Salvia lavandulifolia;Lamiaceae
Salvia lavandulifolia;Lamiaceae
Salvia leucantha;Lamiaceae
Salvia lyrata;Lamiaceae
Salvia lyrata;Lamiaceae
Salvia macrophylla;Lamiaceae
Salvia madrensis;Lamiaceae
Salvia mamaensis;Lamiaceae
Salvia mellifera;Lamiaceae
Salvia microphylla;Lamiaceae
Salvia microphylla;Lamiaceae
Salvia microphylla;Lamiaceae
Salvia microphylla;Lamiaceae
Salvia miltiorhiza;Lamiaceae
Salvia miltiorhiza;Lamiaceae
Salvia mohavensis;Lamiaceae
Salvia multicaulis;Lamiaceae
Salvia napifolia;Lamiaceae
Salvia nemorosa;Lamiaceae
Salvia nemorosa;Lamiaceae
Salvia nemorosa;Lamiaceae
Salvia nemorosa;Lamiaceae
Salvia nemorosa;Lamiaceae
Salvia nemorosa;Lamiaceae
Salvia nemorosa;Lamiaceae
Salvia nemorosa;Lamiaceae
Salvia nemorosa;Lamiaceae
Salvia nemorosa;Lamiaceae
Salvia nemorosa;Lamiaceae
Salvia nemorosa;Lamiaceae
Salvia nemorosa;Lamiaceae
Salvia nemorosa;Lamiaceae
Salvia nemorosa;Lamiaceae
Salvia nemorosa;Lamiaceae
Salvia nemorosa;Lamiaceae
Salvia nemorosa;Lamiaceae
Salvia nemorosa;Lamiaceae
Salvia nemorosa;Lamiaceae
Salvia nemorosa;Lamiaceae
Salvia nemorosa;Lamiaceae
Salvia nemorosa;Lamiaceae
Salvia nemorosa;Lamiaceae
Salvia nemorosa;Lamiaceae
Salvia nemorosa;Lamiaceae
Salvia nemorosa;Lamiaceae
Salvia nemorosa;Lamiaceae
Salvia nemorosa;Lamiaceae
Salvia nemorosa;Lamiaceae
Salvia nemorosa;Lamiaceae
Salvia nemorosa;Lamiaceae
Salvia nemorosa;Lamiaceae
Salvia nemorosa;Lamiaceae
Salvia nemorosa;Lamiaceae
Salvia nemorosa;Lamiaceae
Salvia nemorosa;Lamiaceae
Salvia nemorosa;Lamiaceae
Salvia nemorosa;Lamiaceae
Salvia nemorosa;Lamiaceae
Salvia nemorosa;Lamiaceae
Salvia nemorosa;Lamiaceae
Salvia nemorosa;Lamiaceae
Salvia nemorosa;Lamiaceae
Salvia nemorosa;Lamiaceae
Salvia nemorosa;Lamiaceae
Salvia nemorosa;Lamiaceae
Salvia nemorosa;Lamiaceae
Salvia nemorosa;Lamiaceae
Salvia nemorosa;Lamiaceae
Salvia nemorosa;Lamiaceae
Salvia nemorosa;Lamiaceae
Salvia nemorosa;Lamiaceae
Salvia nemorosa;Lamiaceae
Salvia nemorosa;Lamiaceae
Salvia nemorosa;Lamiaceae
Salvia nemorosa;Lamiaceae
Salvia nemorosa;Lamiaceae
Salvia nemorosa;Lamiaceae
Salvia nemorosa;Lamiaceae
Salvia nemorosa;Lamiaceae
Salvia nevadensis;Lamiaceae
Salvia nipponica;Lamiaceae
Salvia nipponica;Lamiaceae
Salvia nubicola;Lamiaceae
Salvia nutans;Lamiaceae
Salvia officinalis;Lamiaceae
Salvia officinalis;Lamiaceae
Salvia officinalis;Lamiaceae
Salvia officinalis;Lamiaceae
Salvia officinalis;Lamiaceae
Salvia officinalis;Lamiaceae
Salvia officinalis;Lamiaceae
Salvia officinalis;Lamiaceae
Salvia officinalis;Lamiaceae
Salvia officinalis;Lamiaceae
Salvia officinalis;Lamiaceae
Salvia officinalis;Lamiaceae
Salvia officinalis;Lamiaceae
Salvia officinalis;Lamiaceae
Salvia officinalis;Lamiaceae
Salvia pachyphylla;Lamiaceae
Salvia patens;Lamiaceae
Salvia patens;Lamiaceae
Salvia phlomoides;Lamiaceae
Salvia pisidica;Lamiaceae
Salvia pomifera;Lamiaceae
Salvia potentillifolia;Lamiaceae
Salvia pratensis;Lamiaceae
Salvia pratensis;Lamiaceae
Salvia pratensis;Lamiaceae
Salvia pratensis;Lamiaceae
Salvia pratensis;Lamiaceae
Salvia pratensis;Lamiaceae
Salvia pratensis;Lamiaceae
Salvia przewalskii;Lamiaceae
Salvia puberula;Lamiaceae
Salvia recognita;Lamiaceae
Salvia reflexa;Lamiaceae
Salvia regeliana;Lamiaceae
Salvia repens;Lamiaceae
Salvia repens;Lamiaceae
Salvia reptans;Lamiaceae
Salvia ringens;Lamiaceae
Salvia rutilans;Lamiaceae
Salvia scabiosifolia;Lamiaceae
Salvia sclarea;Lamiaceae
Salvia sclarea;Lamiaceae
Salvia sclarea;Lamiaceae
Salvia sclarea;Lamiaceae
Salvia sp.;Lamiaceae
Salvia spathacea;Lamiaceae
Salvia stepposa;Lamiaceae
Salvia superba;Lamiaceae
Salvia superba;Lamiaceae
Salvia taraxacifolia;Lamiaceae
Salvia tesquicola;Lamiaceae
Salvia tomentosa;Lamiaceae
Salvia transcaucasica;Lamiaceae
Salvia transsilvanica;Lamiaceae
Salvia uliginosa;Lamiaceae
Salvia valentina;Lamiaceae
Salvia verbenaca;Lamiaceae
Salvia verticillata;Lamiaceae
Salvia verticillata;Lamiaceae
Salvia verticillata;Lamiaceae
Salvia verticillata;Lamiaceae
Salvia verticillata;Lamiaceae
Salvia verticillata;Lamiaceae
Salvia virgata;Lamiaceae
Salvia viscosa;Lamiaceae
Salvia willeana;Lamiaceae
Salvinia biloba;Salviniaceae
Salvinia cucullata;Salviniaceae
Salvinia natans;Salviniaceae
Salvinia oblongifolia;Salviniaceae
Sambucus adnata;Adoxaceae
Sambucus canadensis;Adoxaceae
Sambucus canadensis;Adoxaceae
Sambucus canadensis;Adoxaceae
Sambucus nigra;Adoxaceae
Sambucus nigra;Adoxaceae
Sambucus nigra;Adoxaceae
Sambucus nigra;Adoxaceae
Sambucus nigra;Adoxaceae
Sambucus nigra;Adoxaceae
Sambucus nigra;Adoxaceae
Sambucus nigra;Adoxaceae
Sambucus nigra;Adoxaceae
Sambucus nigra;Adoxaceae
Sambucus sp.;Adoxaceae
Sambucus sp.;Adoxaceae
Samolus repens;Primulaceae (Theophrastaceae)
Samolus valerandi;Primulaceae (Theophrastaceae)
Sandersonia aurantiaca;Colchicaceae
Sanguinaria canadensis;Papaveraceae
Sanguinaria canadensis;Papaveraceae
Sanguisorba armena;Rosaceae
Sanguisorba canadensis;Rosaceae
Sanguisorba caucasica;Rosaceae
Sanguisorba cretica;Rosaceae
Sanguisorba dodecandra;Rosaceae
Sanguisorba hakusanensis;Rosaceae
Sanguisorba hakusanensis;Rosaceae
Sanguisorba hakusanensis;Rosaceae
Sanguisorba hybr.;Rosaceae
Sanguisorba hybr.;Rosaceae
Sanguisorba hybr.;Rosaceae
Sanguisorba hybr.;Rosaceae
Sanguisorba hybr.;Rosaceae
Sanguisorba hybr.;Rosaceae
Sanguisorba hybr.;Rosaceae
Sanguisorba hybr.;Rosaceae
Sanguisorba hybr.;Rosaceae
Sanguisorba hybr.;Rosaceae
Sanguisorba hybr.;Rosaceae
Sanguisorba magnifica;Rosaceae
Sanguisorba menziesii;Rosaceae
Sanguisorba minor;Rosaceae
Sanguisorba obtusa;Rosaceae
Sanguisorba obtusa;Rosaceae
Sanguisorba obtusa;Rosaceae
Sanguisorba officinalis;Rosaceae
Sanguisorba officinalis;Rosaceae
Sanguisorba officinalis;Rosaceae
Sanguisorba officinalis;Rosaceae
Sanguisorba officinalis;Rosaceae
Sanguisorba officinalis;Rosaceae
Sanguisorba officinalis;Rosaceae
Sanguisorba officinalis;Rosaceae
Sanguisorba officinalis;Rosaceae
Sanguisorba officinalis;Rosaceae
Sanguisorba officinalis;Rosaceae
Sanguisorba poteriifolia;Rosaceae
Sanguisorba tenuifolia;Rosaceae
Sanguisorba tenuifolia;Rosaceae
Sanguisorba tenuifolia;Rosaceae
Sanguisorba tenuifolia;Rosaceae
Sanguisorba tenuifolia;Rosaceae
Sanguisorba tenuifolia;Rosaceae
Sanguisorba tenuifolia;Rosaceae
Sanguisorba tenuifolia;Rosaceae
Sanguisorba tenuifolia;Rosaceae
Sanicula gregaria;Apiaceae
Sanicula marilandica;Apiaceae
Sannantha leratii;
Sannantha virgata;
Sansevieria aethiopica;Asparagaceae (Ruscaceae)
Sansevieria arborescens;Asparagaceae (Ruscaceae)
Sansevieria arborescens;Asparagaceae (Ruscaceae)
Sansevieria arborescens;Asparagaceae (Ruscaceae)
Sansevieria bagamoyensis;Asparagaceae (Ruscaceae)
Sansevieria bella;Asparagaceae (Ruscaceae)
Sansevieria canaliculata;Asparagaceae (Ruscaceae)
Sansevieria cylindrica;Asparagaceae (Ruscaceae)
Sansevieria cylindrica;Asparagaceae (Ruscaceae)
Sansevieria dooneri;Asparagaceae (Ruscaceae)
Sansevieria francisii;Asparagaceae (Ruscaceae)
Sansevieria grandis;Asparagaceae (Ruscaceae)
Sansevieria grandis;Asparagaceae (Ruscaceae)
Sansevieria hyacinthoides;Asparagaceae (Ruscaceae)
Sansevieria hyacinthoides;Asparagaceae (Ruscaceae)
Sansevieria intermedia;Asparagaceae (Ruscaceae)
Sansevieria kirkii;Asparagaceae (Ruscaceae)
Sansevieria kirkii;Asparagaceae (Ruscaceae)
Sansevieria liberica;Asparagaceae (Ruscaceae)
Sansevieria masoniana;Asparagaceae (Ruscaceae)
Sansevieria metallica;Asparagaceae (Ruscaceae)
Sansevieria parva;Asparagaceae (Ruscaceae)
Sansevieria parva;Asparagaceae (Ruscaceae)
Sansevieria roxburghiana;Asparagaceae (Ruscaceae)
Sansevieria sambiranensis;Asparagaceae (Ruscaceae)
Sansevieria scimitariformis;Asparagaceae (Ruscaceae)
Sansevieria senegambica;Asparagaceae (Ruscaceae)
Sansevieria stuckyi;Asparagaceae (Ruscaceae)
Sansevieria suffruticosa;Asparagaceae (Ruscaceae)
Sansevieria suffruticosa;Asparagaceae (Ruscaceae)
Sansevieria thyrsiflora;Asparagaceae (Ruscaceae)
Sansevieria trifasciata;Asparagaceae (Ruscaceae)
Sansevieria trifasciata;Asparagaceae (Ruscaceae)
Sansevieria trifasciata;Asparagaceae (Ruscaceae)
Sansevieria trifasciata;Asparagaceae (Ruscaceae)
Sansevieria trifasciata;Asparagaceae (Ruscaceae)
Sansevieria trifasciata;Asparagaceae (Ruscaceae)
Sansevieria trifasciata;Asparagaceae (Ruscaceae)
Sansevieria volkensii;Asparagaceae (Ruscaceae)
Sansevieria volkensii;Asparagaceae (Ruscaceae)
Santolina benthamiana;Asteraceae
Santolina etrusca;Asteraceae
Santolina etrusca;Asteraceae
Santolina etrusca;Asteraceae
Santolina chamaecyparissus;Asteraceae
Santolina chamaecyparissus;Asteraceae
Santolina chamaecyparissus;Asteraceae
Santolina chamaecyparissus;Asteraceae
Santolina chamaecyparissus;Asteraceae
Santolina chamaecyparissus;Asteraceae
Santolina chamaecyparissus;Asteraceae
Santolina chamaecyparissus;Asteraceae
Santolina chamaecyparissus;Asteraceae
Santolina insularis;Asteraceae
Santolina lindavica;Asteraceae
Santolina neapolitana;Asteraceae
Santolina pinnata;Asteraceae
Santolina rosmarinifolia;Asteraceae
Santolina rosmarinifolia;Asteraceae
Santolina rosmarinifolia;Asteraceae
Santolina serratifolia;Asteraceae
Santolina viridis;Asteraceae
Santolina viridis;Asteraceae
Sapium japonicum;Euphorbiaceae
Saponaria ×olivana;Caryophyllaceae
Saponaria caespitosa;Caryophyllaceae
Saponaria cypria;Caryophyllaceae
Saponaria hybr.;Caryophyllaceae
Saponaria ocymoides;Caryophyllaceae
Saponaria ocymoides;Caryophyllaceae
Saponaria officinalis;Caryophyllaceae
Saponaria officinalis;Caryophyllaceae
Saponaria officinalis;Caryophyllaceae
Saponaria officinalis;Caryophyllaceae
Saponaria officinalis;Caryophyllaceae
Saponaria pamphylica;Caryophyllaceae
Saponaria sicula;Caryophyllaceae
Saponaria x lempergii;Caryophyllaceae
Sarcandra glabra;Chloranthaceae
Sarcocaulon crassicaule;Geraniaceae
Sarcocaulon crassicaule;Geraniaceae
Sarcocaulon crassicaule;Geraniaceae
Sarcocaulon herrei;Geraniaceae
Sarcocaulon lheritieri;Geraniaceae
Sarcocaulon patersonii;Geraniaceae
Sarcocaulon sp.;Geraniaceae
Sarcocaulon vanderietiae;Geraniaceae
Sarcocaulon vanderietiae;Geraniaceae
Sarcococca confusa;Buxaceae
Sarcococca hookeriana;Buxaceae
Sarcococca hookeriana;Buxaceae
Sarcococca hookeriana;Buxaceae
Sarcococca humilis;Buxaceae
Sarcochilus hartmannii;Orchidaceae
Sarcophrynium sp.;Marantaceae
Sarcopoterium spinosum;Rosaceae
Sarcopoterium spinosum;Rosaceae
Saribus rotundifolius;Arecaceae
Sarracenia alata;Sarraceniaceae
Sarracenia alata;Sarraceniaceae
Sarracenia alata;Sarraceniaceae
Sarracenia alata;Sarraceniaceae
Sarracenia alata;Sarraceniaceae
Sarracenia alata;Sarraceniaceae
Sarracenia alata;Sarraceniaceae
Sarracenia alata;Sarraceniaceae
Sarracenia alata;Sarraceniaceae
Sarracenia alata;Sarraceniaceae
Sarracenia alata;Sarraceniaceae
Sarracenia alata;Sarraceniaceae
Sarracenia alata;Sarraceniaceae
Sarracenia alata;Sarraceniaceae
Sarracenia alata;Sarraceniaceae
Sarracenia alata;Sarraceniaceae
Sarracenia alata;Sarraceniaceae
Sarracenia flava;Sarraceniaceae
Sarracenia flava;Sarraceniaceae
Sarracenia flava;Sarraceniaceae
Sarracenia flava;Sarraceniaceae
Sarracenia flava;Sarraceniaceae
Sarracenia flava;Sarraceniaceae
Sarracenia flava;Sarraceniaceae
Sarracenia flava;Sarraceniaceae
Sarracenia flava;Sarraceniaceae
Sarracenia flava;Sarraceniaceae
Sarracenia flava;Sarraceniaceae
Sarracenia flava;Sarraceniaceae
Sarracenia flava;Sarraceniaceae
Sarracenia flava;Sarraceniaceae
Sarracenia flava;Sarraceniaceae
Sarracenia flava;Sarraceniaceae
Sarracenia flava;Sarraceniaceae
Sarracenia flava;Sarraceniaceae
Sarracenia flava;Sarraceniaceae
Sarracenia flava;Sarraceniaceae
Sarracenia flava;Sarraceniaceae
Sarracenia flava;Sarraceniaceae
Sarracenia flava;Sarraceniaceae
Sarracenia flava;Sarraceniaceae
Sarracenia flava;Sarraceniaceae
Sarracenia flava;Sarraceniaceae
Sarracenia flava;Sarraceniaceae
Sarracenia flava;Sarraceniaceae
Sarracenia flava;Sarraceniaceae
Sarracenia flava;Sarraceniaceae
Sarracenia leucophylla;Sarraceniaceae
Sarracenia leucophylla;Sarraceniaceae
Sarracenia leucophylla;Sarraceniaceae
Sarracenia leucophylla;Sarraceniaceae
Sarracenia leucophylla;Sarraceniaceae
Sarracenia leucophylla;Sarraceniaceae
Sarracenia leucophylla;Sarraceniaceae
Sarracenia leucophylla;Sarraceniaceae
Sarracenia leucophylla;Sarraceniaceae
Sarracenia leucophylla;Sarraceniaceae
Sarracenia leucophylla;Sarraceniaceae
Sarracenia minor;Sarraceniaceae
Sarracenia minor;Sarraceniaceae
Sarracenia minor;Sarraceniaceae
Sarracenia minor;Sarraceniaceae
Sarracenia oreophila;Sarraceniaceae
Sarracenia oreophila;Sarraceniaceae
Sarracenia oreophila;Sarraceniaceae
Sarracenia oreophila;Sarraceniaceae
Sarracenia oreophila;Sarraceniaceae
Sarracenia oreophila;Sarraceniaceae
Sarracenia psittacina;Sarraceniaceae
Sarracenia psittacina;Sarraceniaceae
Sarracenia psittacina;Sarraceniaceae
Sarracenia psittacina;Sarraceniaceae
Sarracenia psittacina;Sarraceniaceae
Sarracenia psittacina;Sarraceniaceae
Sarracenia purpurea;Sarraceniaceae
Sarracenia purpurea;Sarraceniaceae
Sarracenia purpurea;Sarraceniaceae
Sarracenia purpurea;Sarraceniaceae
Sarracenia purpurea;Sarraceniaceae
Sarracenia purpurea;Sarraceniaceae
Sarracenia purpurea;Sarraceniaceae
Sarracenia purpurea;Sarraceniaceae
Sarracenia purpurea;Sarraceniaceae
Sarracenia purpurea;Sarraceniaceae
Sarracenia purpurea;Sarraceniaceae
Sarracenia purpurea;Sarraceniaceae
Sarracenia purpurea;Sarraceniaceae
Sarracenia purpurea;Sarraceniaceae
Sarracenia purpurea;Sarraceniaceae
Sarracenia purpurea;Sarraceniaceae
Sarracenia purpurea;Sarraceniaceae
Sarracenia purpurea;Sarraceniaceae
Sarracenia purpurea x flava;Sarraceniaceae
Sarracenia rubra;Sarraceniaceae
Sarracenia rubra;Sarraceniaceae
Sarracenia rubra;Sarraceniaceae
Sarracenia rubra;Sarraceniaceae
Sarracenia rubra;Sarraceniaceae
Sarracenia rubra;Sarraceniaceae
Sarracenia rubra;Sarraceniaceae
Sarracenia rubra;Sarraceniaceae
Sarracenia rubra;Sarraceniaceae
Sarracenia rubra;Sarraceniaceae
Sarracenia rubra;Sarraceniaceae
Sarracenia rubra;Sarraceniaceae
Sarracenia rubra;Sarraceniaceae
Sarracenia rubra;Sarraceniaceae
Sarracenia rubra;Sarraceniaceae
Sarracenia rubra;Sarraceniaceae
Sarracenia rubra;Sarraceniaceae
Sarracenia rubra;Sarraceniaceae
Sarracenia rubra;Sarraceniaceae
Sarracenia rubra;Sarraceniaceae
Sarracenia rubra;Sarraceniaceae
Sarracenia rubra;Sarraceniaceae
Sarracenia rubra;Sarraceniaceae
Sarracenia rubra;Sarraceniaceae
Sarracenia rubra;Sarraceniaceae
Sasa palmata;Poaceae
Sasa palmata;Poaceae
Sassafras albidum;Lauraceae
Satureja coerulea;Lamiaceae
Satureja coerulea;Lamiaceae
Satureja cretica;Lamiaceae
Satureja cuneifolia;Lamiaceae
Satureja douglasii;Lamiaceae
Satureja montana;Lamiaceae
Satureja montana;Lamiaceae
Satureja montana;Lamiaceae
Satureja montana;Lamiaceae
Satureja montana;Lamiaceae
Satureja montana;Lamiaceae
Satureja parnassica;Lamiaceae
Satureja pilosa;Lamiaceae
Satureja repanda;Lamiaceae
Satureja rumelica;Lamiaceae
Satureja santoregia;Lamiaceae
Satureja spicigera;Lamiaceae
Satureja spinosa;Lamiaceae
Satureja subspicata;Lamiaceae
Satureja subspicata;Lamiaceae
Satureja thymbra;Lamiaceae
Satyrium erectum;Orchidaceae
Satyrium membranaceum;Orchidaceae
Satyrium pallens;Orchidaceae
Satyrium pumilum;Orchidaceae
Saurauia napaulensis;Actinidiaceae
Sauromatum giganteum;Araceae
Sauromatum guttatum;Araceae
Sauromatum horsfieldii;Araceae
Sauropus androgynus;Euphorbiaceae
Saururus chinensis;Saururaceae
Saussurea alpina;Asteraceae
Saxegothaea conspicua;Podocarpaceae
Saxegothaea conspicua;Podocarpaceae
Saxegothaea conspicua;Podocarpaceae
Saxifraga <x >geum;Saxifragaceae
Saxifraga <x >geum;Saxifragaceae
Saxifraga aizoides;Saxifragaceae
Saxifraga hirculus;Saxifragaceae
Saxifraga hirta;Saxifragaceae
Saxifraga pulvinaria;Saxifragaceae
Saxifraga rotundifolia;Saxifragaceae
Saxifraga sp.;Saxifragaceae
Saxifraga sp.;Saxifragaceae
Saxifraga stolonifera;Saxifragaceae
Saxifraga stolonifera;Saxifragaceae
Saxifraga umbrosa;Saxifragaceae
Saxifraga umbrosa;Saxifragaceae
Saxifraga umbrosa;Saxifragaceae
Scabiosa africana;Dipsacaceae
Scabiosa argentea;Dipsacaceae
Scabiosa canescens;Dipsacaceae
Scabiosa caucasica;Dipsacaceae
Scabiosa caucasica;Dipsacaceae
Scabiosa caucasica;Dipsacaceae
Scabiosa caucasica;Dipsacaceae
Scabiosa caucasica;Dipsacaceae
Scabiosa columbaria;Dipsacaceae
Scabiosa columbaria;Dipsacaceae
Scabiosa columbaria;Dipsacaceae
Scabiosa columbaria;Dipsacaceae
Scabiosa comosa;Dipsacaceae
Scabiosa drakensbergensis;Dipsacaceae
Scabiosa drakensbergensis;Dipsacaceae
Scabiosa japonica;Dipsacaceae
Scabiosa japonica;Dipsacaceae
Scabiosa lucida;Dipsacaceae
Scabiosa ochroleuca;Dipsacaceae
Scabiosa olgae;Dipsacaceae
Scabiosa ucranica;Dipsacaceae
Scadoxus cinnabarinus;Amaryllidaceae
Scadoxus multiflorus;Amaryllidaceae
Scadoxus multiflorus;Amaryllidaceae
Scadoxus puniceus;Amaryllidaceae
Scaevola crassifolia;Goodeniaceae
Scaevola sericea;Goodeniaceae
Scaevola sp.;Goodeniaceae
Scaphochlamys kunstleri;Zingiberaceae
Scaphochlamys sp.;Zingiberaceae
Scaphochlamys sp.;Zingiberaceae
Scaphosepalum breve;Orchidaceae
Scaphosepalum sp.;Orchidaceae
Scaphosepalum swertiifolium;Orchidaceae
Scaphyglottis behrii;Orchidaceae
Scaphyglottis prolifera;Orchidaceae
Scaphyglottis prolifera;Orchidaceae
Scaphyglottis prolifera;Orchidaceae
Scaphyglottis sp.;Orchidaceae
Scaphyglottis sp.;Orchidaceae
Scaphyglottis sp.;Orchidaceae
Sceletium tortuosum;Aizoaceae
Sceletium tortuosum;Aizoaceae
Sciadopitys verticillata;Sciadopityaceae
Scilla autumnalis;Hyacinthaceae
Scilla bifolia;Hyacinthaceae
Scilla bifolia;Hyacinthaceae
Scilla bifolia;Hyacinthaceae
Scilla forbesii;Hyacinthaceae
Scilla lingulata;Hyacinthaceae
Scilla litardierei;Hyacinthaceae
Scilla luciliae;Hyacinthaceae
Scilla luciliae;Hyacinthaceae
Scilla madeirensis;Hyacinthaceae
Scilla mischtschenkoana;Hyacinthaceae
Scilla monophyllos;Hyacinthaceae
Scilla nervosa;Hyacinthaceae
Scilla scilloides;Hyacinthaceae
Scilla siberica;Hyacinthaceae
Scilla siberica;Hyacinthaceae
Scilla siberica;Hyacinthaceae
Scilla sp.;Hyacinthaceae
Scilla vindobonensis;Hyacinthaceae
Scilla vvedenskyi;Hyacinthaceae
Scindapsus coriaceus;Araceae
Scindapsus hederaceus;Araceae
Scindapsus hederaceus;Araceae
Scindapsus hederaceus;Araceae
Scindapsus hederaceus;Araceae
Scindapsus lucens;Araceae
Scindapsus perakensis;Araceae
Scindapsus pictus;Araceae
Scindapsus treubii;Araceae
Scindapsus treubii;Araceae
Scirpus atrovirens;Cyperaceae
Scirpus radicans;Cyperaceae
Scirpus wichurae;Cyperaceae
Scleranthus perennis;Caryophyllaceae
Scleranthus uniflorus;Caryophyllaceae
Scleria levis;Cyperaceae
Sclerocactus brevispinus;Cactaceae
Sclerocactus cloverae;Cactaceae
Sclerocactus glaucus;Cactaceae
Sclerocactus parviflorus;Cactaceae
Sclerocactus parviflorus;Cactaceae
Sclerocactus parviflorus;Cactaceae
Sclerocactus parviflorus;Cactaceae
Sclerocactus whipplei;Cactaceae
Sclerocactus whipplei;Cactaceae
Scolochloa marchica;Poaceae
Scoparia dulcis;Plantaginaceae (s.l.)
Scopolia carniolica;Solanaceae
Scopolia carniolica;Solanaceae
Scopolia carniolica;Solanaceae
Scopolia carniolica;Solanaceae
Scopolia straminifolia;Solanaceae
Scopolia straminifolia;Solanaceae
Scorzonera cana;Asteraceae
Scorzonera cana;Asteraceae
Scorzonera hispanica;Asteraceae
Scorzonera humilis;Asteraceae
Scorzonera parviflora;Asteraceae
Scorzonera purpurea;Asteraceae
Scorzonera rosea;Asteraceae
Scrophularia auriculata;Scrophulariaceae ( s.str.)
Scrophularia cinerascens;Scrophulariaceae ( s.str.)
Scrophularia kakudensis;Scrophulariaceae ( s.str.)
Scrophularia nodosa;Scrophulariaceae ( s.str.)
Scrophularia umbrosa;Scrophulariaceae ( s.str.)
Scutellaria adenostegia;Lamiaceae
Scutellaria adenostegia;Lamiaceae
Scutellaria albida;Lamiaceae
Scutellaria alpina;Lamiaceae
Scutellaria alpina;Lamiaceae
Scutellaria altissima;Lamiaceae
Scutellaria aurata;Lamiaceae
Scutellaria aurata;Lamiaceae
Scutellaria baicalensis;Lamiaceae
Scutellaria californica;Lamiaceae
Scutellaria coccinea;Lamiaceae
Scutellaria columnae;Lamiaceae
Scutellaria costaricana;Lamiaceae
Scutellaria cypria;Lamiaceae
Scutellaria diffusa;Lamiaceae
Scutellaria diffusa;Lamiaceae
Scutellaria hastifolia;Lamiaceae
Scutellaria hypericifolia;Lamiaceae
Scutellaria hypericifolia;Lamiaceae
Scutellaria incana;Lamiaceae
Scutellaria incana;Lamiaceae
Scutellaria integrifolia;Lamiaceae
Scutellaria lateriflora;Lamiaceae
Scutellaria minor;Lamiaceae
Scutellaria orientalis;Lamiaceae
Scutellaria orientalis;Lamiaceae
Scutellaria orientalis;Lamiaceae
Scutellaria orientalis;Lamiaceae
Scutellaria orientalis;Lamiaceae
Scutellaria orientalis;Lamiaceae
Scutellaria orientalis;Lamiaceae
Scutellaria orientalis;Lamiaceae
Scutellaria orientalis;Lamiaceae
Scutellaria pontica;Lamiaceae
Scutellaria przewalskii;Lamiaceae
Scutellaria regeliana;Lamiaceae
Scutellaria resinosa;Lamiaceae
Scutellaria rubicunda;Lamiaceae
Scutellaria serrata;Lamiaceae
Scutellaria sieberi;Lamiaceae
Scutellaria sieversii;Lamiaceae
Scutellaria suffrutescens;Lamiaceae
Scutellaria ventenatii;Lamiaceae
Scutellaria woronowii;Lamiaceae
Scutellaria zhongdianensis;Lamiaceae
Scuticaria salesiana;Orchidaceae
Scyphularia pentaphylla;Davalliaceae
Secamone sp.;Apocynaceae
Securidaca longipedunculata;Polygalaceae
Securigera orientalis;Fabaceae (s.str.)
Securigera varia;Fabaceae (s.str.)
Securinega suffruticosa;Euphorbiaceae
Securinega suffruticosa;Euphorbiaceae
Sedum acre;Crassulaceae
Sedum adolphi;Crassulaceae
Sedum album;Crassulaceae
Sedum album;Crassulaceae
Sedum album;Crassulaceae
Sedum album;Crassulaceae
Sedum album;Crassulaceae
Sedum album;Crassulaceae
Sedum album;Crassulaceae
Sedum anacampseros;Crassulaceae
Sedum anopetalum;Crassulaceae
Sedum anopetalum;Crassulaceae
Sedum burrito;Crassulaceae
Sedum caucasicum;Crassulaceae
Sedum cauticola;Crassulaceae
Sedum clavifolium;Crassulaceae
Sedum compactum;Crassulaceae
Sedum compressum;Crassulaceae
Sedum cyaneum;Crassulaceae
Sedum dasyphyllum;Crassulaceae
Sedum floriferum;Crassulaceae
Sedum furfuraceum;Crassulaceae
Sedum gypsicola;Crassulaceae
Sedum hernandezii;Crassulaceae
Sedum hintonii;Crassulaceae
Sedum hybr.;Crassulaceae
Sedum hybr.;Crassulaceae
Sedum hybr.;Crassulaceae
Sedum hybr.;Crassulaceae
Sedum hybr.;Crassulaceae
Sedum hybr.;Crassulaceae
Sedum hybr.;Crassulaceae
Sedum hybr.;Crassulaceae
Sedum hybr.;Crassulaceae
Sedum hybr.;Crassulaceae
Sedum hybr.;Crassulaceae
Sedum hybr.;Crassulaceae
Sedum hybr.;Crassulaceae
Sedum hybr.;Crassulaceae
Sedum hybr.;Crassulaceae
Sedum hybr.;Crassulaceae
Sedum hybr.;Crassulaceae
Sedum hybr.;Crassulaceae
Sedum hybr.;Crassulaceae
Sedum hybr.;Crassulaceae
Sedum hybr.;Crassulaceae
Sedum hybr.;Crassulaceae
Sedum hybr.;Crassulaceae
Sedum hybr.;Crassulaceae
Sedum hybr.;Crassulaceae
Sedum hybr.;Crassulaceae
Sedum hybr.;Crassulaceae
Sedum hybr.;Crassulaceae
Sedum hybr.;Crassulaceae
Sedum hybr.;Crassulaceae
Sedum hybr.;Crassulaceae
Sedum hybr.;Crassulaceae
Sedum kamtschaticum;Crassulaceae
Sedum kamtschaticum;Crassulaceae
Sedum kamtschaticum;Crassulaceae
Sedum lanceolatum;Crassulaceae
Sedum latiovalifolium;Crassulaceae
Sedum lucidum;Crassulaceae
Sedum lydium;Crassulaceae
Sedum maximum hybr.;Crassulaceae
Sedum middendorffianum;Crassulaceae
Sedum mocinoanum;Crassulaceae
Sedum moranense;Crassulaceae
Sedum morganianum;Crassulaceae
Sedum niveum;Crassulaceae
Sedum obtusifolium;Crassulaceae
Sedum ochroleucum;Crassulaceae
Sedum oreganum;Crassulaceae
Sedum oregonense;Crassulaceae
Sedum pachyphyllum;Crassulaceae
Sedum pallidum;Crassulaceae
Sedum palmeri;Crassulaceae
Sedum polytrichoides;Crassulaceae
Sedum populifolium;Crassulaceae
Sedum potosinum;Crassulaceae
Sedum reflexum;Crassulaceae
Sedum reflexum;Crassulaceae
Sedum reflexum;Crassulaceae
Sedum rupestre;Crassulaceae
Sedum sediforme;Crassulaceae
Sedum selskianum;Crassulaceae
Sedum sempervivoides;Crassulaceae
Sedum sexangulare;Crassulaceae
Sedum sp.;Crassulaceae
Sedum sp.;Crassulaceae
Sedum sp.;Crassulaceae
Sedum sp.;Crassulaceae
Sedum sp.;Crassulaceae
Sedum sp.;Crassulaceae
Sedum spathulifolium;Crassulaceae
Sedum spathulifolium;Crassulaceae
Sedum spectabile;Crassulaceae
Sedum spectabile;Crassulaceae
Sedum spectabile;Crassulaceae
Sedum spectabile;Crassulaceae
Sedum spurium;Crassulaceae
Sedum spurium;Crassulaceae
Sedum spurium;Crassulaceae
Sedum spurium;Crassulaceae
Sedum spurium;Crassulaceae
Sedum stahlii;Crassulaceae
Sedum stenopetalum;Crassulaceae
Sedum stevenianum;Crassulaceae
Sedum takesimense;Crassulaceae
Sedum takesimense;Crassulaceae
Sedum telephium;Crassulaceae
Sedum telephium;Crassulaceae
Sedum telephium;Crassulaceae
Sedum telephium;Crassulaceae
Sedum treleasei;Crassulaceae
Sedum villosum;Crassulaceae
Seemania sp.;
Seemania sylvatica;
Seemannia gymnostoma;Gesneriaceae
Seemannia nematanthodes;Gesneriaceae
Seemannia sylvatica;Gesneriaceae
Seemannia sylvatica;Gesneriaceae
Seidenfadenia mitrata;Orchidaceae
Selaginella apoda;Selaginellaceae
Selaginella azorica;Selaginellaceae
Selaginella biformis;Selaginellaceae
Selaginella borealis;Selaginellaceae
Selaginella burgeffii;Selaginellaceae
Selaginella concinna;Selaginellaceae
Selaginella delicatula;Selaginellaceae
Selaginella denticulata;Selaginellaceae
Selaginella denticulata;Selaginellaceae
Selaginella diffusa;Selaginellaceae
Selaginella erythropus;Selaginellaceae
Selaginella firmuloides;Selaginellaceae
Selaginella fissidentoides;Selaginellaceae
Selaginella galeottii;Selaginellaceae
Selaginella haematodes;Selaginellaceae
Selaginella haematodes;Selaginellaceae
Selaginella haematodes;Selaginellaceae
Selaginella helferi;Selaginellaceae
Selaginella helferi;Selaginellaceae
Selaginella helvetica;Selaginellaceae
Selaginella cheiromorpha;Selaginellaceae
Selaginella chrysocaulon;Selaginellaceae
Selaginella kraussiana;Selaginellaceae
Selaginella kurzii;Selaginellaceae
Selaginella labordei;Selaginellaceae
Selaginella mairei;Selaginellaceae
Selaginella mairei;Selaginellaceae
Selaginella martensii;Selaginellaceae
Selaginella microphylla;Selaginellaceae
Selaginella mnioides;Selaginellaceae
Selaginella moellendorffii;Selaginellaceae
Selaginella moellendorffii;Selaginellaceae
Selaginella moellendorffii;Selaginellaceae
Selaginella moellendorffii;Selaginellaceae
Selaginella monospora;Selaginellaceae
Selaginella nipponica;Selaginellaceae
Selaginella obtusa;Selaginellaceae
Selaginella pallescens;Selaginellaceae
Selaginella peruviana;Selaginellaceae
Selaginella pilifera;Selaginellaceae
Selaginella pulcherrima;Selaginellaceae
Selaginella rodriguesiana;Selaginellaceae
Selaginella sanguinolenta;Selaginellaceae
Selaginella serpens;Selaginellaceae
Selaginella sertata;Selaginellaceae
Selaginella sinensis;Selaginellaceae
Selaginella sp.;Selaginellaceae
Selaginella sp.;Selaginellaceae
Selaginella sp.;Selaginellaceae
Selaginella sp.;Selaginellaceae
Selaginella sp.;Selaginellaceae
Selaginella sp.;Selaginellaceae
Selaginella sp.;Selaginellaceae
Selaginella sp.;Selaginellaceae
Selaginella sp.;Selaginellaceae
Selaginella sp.;Selaginellaceae
Selaginella sp.;Selaginellaceae
Selaginella stauntoniana;Selaginellaceae
Selaginella tamariscina;Selaginellaceae
Selaginella tamariscina;Selaginellaceae
Selaginella umbrosa;Selaginellaceae
Selaginella uncinata;Selaginellaceae
Selaginella usteri;Selaginellaceae
Selaginella vaginata;Selaginellaceae
Selaginella vaginata;Selaginellaceae
Selaginella versicolor;Selaginellaceae
Selaginella vogelii;Selaginellaceae
Selaginella willdenowii;Selaginellaceae
Selaginella willdenowii;Selaginellaceae
Selaginella willdenowii;Selaginellaceae
Selenicereus grandiflorus;Cactaceae
Selenicereus sp.;Cactaceae
Selenicereus testudo;Cactaceae
Selenicereus wittii;Cactaceae
Selinum wallichianum;Apiaceae
Selliguea ebenipes;Polypodiaceae
Selliguea feeoides;Polypodiaceae
Selliguea sp.;Polypodiaceae
Selliguea sp.;Polypodiaceae
Selliguea triloba;Polypodiaceae
Selliguea triloba;Polypodiaceae
Selliguela sp.;
Semiarundinaria fastuosa;Poaceae
Sempervivum andreanum;Crassulaceae
Sempervivum caucasicum;Crassulaceae
Sempervivum ciliosum;Crassulaceae
Sempervivum marmoreum;Crassulaceae
Sempervivum montanum;Crassulaceae
Sempervivum montanum;Crassulaceae
Sempervivum octopodes;Crassulaceae
Sempervivum pumilum;Crassulaceae
Sempervivum ruthenicum;Crassulaceae
Sempervivum sp.;Crassulaceae
Sempervivum wulfenii;Crassulaceae
Senecio adonidifolius;Asteraceae
Senecio antandroi;Asteraceae
Senecio antandroi;Asteraceae
Senecio aquaticus;Asteraceae
Senecio barbatus;Asteraceae
Senecio barbatus;Asteraceae
Senecio bicolor;Asteraceae
Senecio caloneotes;Asteraceae
Senecio cedrorum;Asteraceae
Senecio cedrorum;Asteraceae
Senecio crassissimus;Asteraceae
Senecio cuneatus;Asteraceae
Senecio cylindricus;Asteraceae
Senecio decaryi;Asteraceae
Senecio decaryi;Asteraceae
Senecio gramineus;Asteraceae
Senecio jacobsenii;Asteraceae
Senecio macrocephalus;Asteraceae
Senecio macroglossus;Asteraceae
Senecio macrospermus;Asteraceae
Senecio mesembryanthemoides;Asteraceae
Senecio mesembryanthemoides;Asteraceae
Senecio oxyriifolius;Asteraceae
Senecio paludosus;Asteraceae
Senecio polyodon;Asteraceae
Senecio praecox;Asteraceae
Senecio rowleyanus;Asteraceae
Senecio scaposus;Asteraceae
Senecio serra;Asteraceae
Senecio sp.;Asteraceae
Senecio sp.;Asteraceae
Senecio velatus;Asteraceae
Senna artemisioides;Fabaceae (Caesalpiniaceae)
Senna candolleana;Fabaceae (Caesalpiniaceae)
Senna didymobotrya;Fabaceae (Caesalpiniaceae)
Senna glutinosa;Fabaceae (Caesalpiniaceae)
Senna meridionalis;Fabaceae (Caesalpiniaceae)
Senna pallida;Fabaceae (Caesalpiniaceae)
Sequoia sempervirens;Cupressaceae
Sequoiadendron giganteum;Cupressaceae
Sequoiadendron giganteum;Cupressaceae
Sequoiadendron giganteum;Cupressaceae
Serenoa repens;Arecaceae
Seriphidium canum;Asteraceae
Serissa foetida;Rubiaceae
Serissa foetida;Rubiaceae
Serpocaulon triseriale;Polypodiaceae
Serratula tinctoria;Asteraceae
Serruria phylicoides;Proteaceae
Sesamothamnus guerichii;Pedaliaceae
Sesamothamnus guerichii;Pedaliaceae
Sesamothamnus lugardii;Pedaliaceae
Sesamothamnus sp.;Pedaliaceae
Seseli annuum;Apiaceae
Seseli austriacum;Apiaceae
Seseli osseum;Apiaceae
Seseli pallasii;Apiaceae
Seseli varium;Apiaceae
Sesleria autumnalis;Poaceae
Sesleria autumnalis;Poaceae
Sesleria bielzii;Poaceae
Sesleria caerulea;Poaceae
Sesleria caerulea;Poaceae
Sesleria caerulea;Poaceae
Sesleria heufleriana;Poaceae
Sesleria heufleriana;Poaceae
Sesleria heufleriana;Poaceae
Sesleria hybr.;Poaceae
Sesleria insularis;Poaceae
Sesleria klasterskyi;Poaceae
Sesleria rigida;Poaceae
Sesleria sadleriana;Poaceae
Sesleria skipetarum;Poaceae
Sesleria tenuifolia;Poaceae
Sesleria uliginosa;Poaceae
Setaria megaphylla;Poaceae
Seyrigia gracilis;Cucurbitaceae
Seyrigia humbertii;Cucurbitaceae
Seyrigia humbertii;Cucurbitaceae
Seyrigia marnieri;Cucurbitaceae
Seyrigia multiflora;Cucurbitaceae
Shepherdia argentea;Elaeagnaceae
Shepherdia argentea;Elaeagnaceae
Shepherdia rotundifolia;Elaeagnaceae
Shibataea kumasasa;Poaceae
Schefflera actinophylla;Araliaceae
Schefflera bipalmatifolia;Araliaceae
Schefflera leucantha;Araliaceae
Schefflera microphylla;Araliaceae
Schefflera sp.;Araliaceae
Schefflera umbellifera;Araliaceae
Scheuchzeria palustris;Scheuchzeriaceae
Scheuchzeria palustris;Scheuchzeriaceae
Scheuchzeria palustris;Scheuchzeriaceae
Schippia concolor;Arecaceae
Schisandra chinensis;Schisandraceae
Schisandra chinensis;Schisandraceae
Schisandra incarnata;Schisandraceae
Schisandra lancifolia;Schisandraceae
Schisandra nigra;Schisandraceae
Schisandra perulata;Schisandraceae
Schisandra sphenanthera;Schisandraceae
Schismatoglottis bogneri;Araceae
Schismatoglottis calyptrata;Araceae
Schismatoglottis erecta;Araceae
Schismatoglottis picta;Araceae
Schismatoglottis pudenda;Araceae
Schismatoglottis pusilla;Araceae
Schismatoglottis sp.;Araceae
Schismatoglottis wallichii;Araceae
Schizachyrium scoparium;Poaceae
Schizachyrium scoparium;Poaceae
Schizachyrium scoparium;Poaceae
Schizachyrium scoparium;Poaceae
Schizachyrium scoparium;Poaceae
Schizachyrium scoparium;Poaceae
Schizanthus grahamii;Solanaceae
Schizanthus pinnatus;Solanaceae
Schizobasis intricata;Asparagaceae (Hyacinthaceae)
Schizocodon soldanelloides;Diapensiaceae
Schizonepeta multifida;Lamiaceae
Schizopepon bryoniifolium;Cucurbitaceae
Schizophragma hydrangeides;Hydrangeaceae
Schizophragma hydrangeoides;Hydrangeaceae
Schizophragma hydrangeoides;Hydrangeaceae
Schizophragma hydrangeoides;Hydrangeaceae
Schlimmia condorana;Orchidaceae
Schlumbergera hybr.;Cactaceae
Schoenoplectus lacustris;Cyperaceae
Schoenoplectus tabernaemontani;Cyperaceae
Schoenoplectus tabernaemontani;Cyperaceae
Schoenoplectus tabernaemontani;Cyperaceae
Schoenoplectus triqueter;Cyperaceae
Schoenoplectus triqueter;Cyperaceae
Schoenorchis fragrans;Orchidaceae
Schoenorchis micrantha;Orchidaceae
Schoenorchis scolopendria;Orchidaceae
Schoenorchis seidenfadenii;Orchidaceae
Schoenorchis sp.;Orchidaceae
Schoenus ferrugineus;Cyperaceae
Schoenus nigricans;Cyperaceae
Schomburgkia gloriosa;Orchidaceae
Schomburgkia moyobambae;Orchidaceae
Schomburgkia sp.;Orchidaceae
Schomburgkia sp.;Orchidaceae
Schomburgkia sp.;Orchidaceae
Schomburgkia sp.;Orchidaceae
Schomburgkia splendida;Orchidaceae
Schomburgkia superbiens;Orchidaceae
Schomburgkia undulata;Orchidaceae
Schomburgkia wallisii;Orchidaceae
Schotia afra;Fabaceae (Caesalpiniaceae)
Schotia brachypetala;Fabaceae (Caesalpiniaceae)
Schotia latifolia;Fabaceae (Caesalpiniaceae)
Schotia latifolia;Fabaceae (Caesalpiniaceae)
Siamanthus siliquosus;Zingiberaceae
Sibiraea laevigata;Rosaceae
Sibiraea laevigata;Rosaceae
Sibiraea laevigata;Rosaceae
Sibiraea sp.;Rosaceae
Sibiraea tomentosa;Rosaceae
Sideritis clandestina;Lamiaceae
Sideritis cypria;Lamiaceae
Sideritis endressii;Lamiaceae
Sideritis ferrensis;Lamiaceae
Sideritis gomerae;Lamiaceae
Sideritis hirsuta;Lamiaceae
Sideritis hyssopifolia;Lamiaceae
Sideritis hyssopifolia;Lamiaceae
Sideritis infernalis;Lamiaceae
Sideritis lotsyi;Lamiaceae
Sideritis lotsyi;Lamiaceae
Sideritis macrostachys;Lamiaceae
Sideritis phlomoides;Lamiaceae
Sideritis pisidica;Lamiaceae
Sideritis raeseri;Lamiaceae
Sideritis raeseri;Lamiaceae
Sideritis scardica;Lamiaceae
Sideritis scardica;Lamiaceae
Sideritis scardica;Lamiaceae
Sideritis syriaca;Lamiaceae
Sideritis syriaca;Lamiaceae
Sideroxylon spinosum;Sapotaceae
Sideroxylon spinosum;Sapotaceae
Silene armeria;Caryophyllaceae
Silene caryophylloides;Caryophyllaceae
Silene fruticosa;Caryophyllaceae
Silene goulimyi;Caryophyllaceae
Silene graminifolia;Caryophyllaceae
Silene chlorofolia;Caryophyllaceae
Silene italica;Caryophyllaceae
Silene nemoralis;Caryophyllaceae
Silene otites;Caryophyllaceae
Silene regia;Caryophyllaceae
Silene repens;Caryophyllaceae
Silene rupestris;Caryophyllaceae
Silene saxifraga;Caryophyllaceae
Silene schafta;Caryophyllaceae
Silene sp.;Caryophyllaceae
Silene sp.;Caryophyllaceae
Silene sp.;Caryophyllaceae
Silene sp.;Caryophyllaceae
Silene undulata;Caryophyllaceae
Silene uniflora;Caryophyllaceae
Silene uniflora;Caryophyllaceae
Silene viscosa;Caryophyllaceae
Silene vulgaris;Caryophyllaceae
Siliquamomum alcicorne;Zingiberaceae
Siliquamomum oreodoxa;Zingiberaceae
Siliquamomum oreodoxa;Zingiberaceae
Siliquamomum tonkinense;Zingiberaceae
Silphium asteriscus;Asteraceae
Silphium asteriscus;Asteraceae
Silphium compositum;Asteraceae
Silphium integrifolium;Asteraceae
Silphium integrifolium;Asteraceae
Silphium integrifolium;Asteraceae
Silphium integrifolium;Asteraceae
Silphium laciniatum;Asteraceae
Silphium mohrii;Asteraceae
Silphium perfoliatum;Asteraceae
Silphium perfoliatum;Asteraceae
Silphium perfoliatum;Asteraceae
Silphium terebinthinaceum;Asteraceae
Silphium terebinthinaceum;Asteraceae
Silphium wasiotense;Asteraceae
Silybum marianum;Asteraceae
Simmondsia cainensis;Simmondsiaceae
Simmondsia chinensis;Simmondsiaceae
Simmondsia chinensis;Simmondsiaceae
Sinningia aggregata;Gesneriaceae
Sinningia bulbosa;Gesneriaceae
Sinningia bullata;Gesneriaceae
Sinningia canescens;Gesneriaceae
Sinningia canescens;Gesneriaceae
Sinningia cardinalis;Gesneriaceae
Sinningia cardinalis;Gesneriaceae
Sinningia cardinalis;Gesneriaceae
Sinningia concinna;Gesneriaceae
Sinningia conspicua;Gesneriaceae
Sinningia douglasii;Gesneriaceae
Sinningia eumorpha;Gesneriaceae
Sinningia guttata;Gesneriaceae
Sinningia helioana;Gesneriaceae
Sinningia helleri;Gesneriaceae
Sinningia iarae;Gesneriaceae
Sinningia iarae;Gesneriaceae
Sinningia incarnata;Gesneriaceae
Sinningia insularis;Gesneriaceae
Sinningia leucotricha;Gesneriaceae
Sinningia leucotricha;Gesneriaceae
Sinningia lineata;Gesneriaceae
Sinningia macropoda;Gesneriaceae
Sinningia macrostachya;Gesneriaceae
Sinningia macrostachya;Gesneriaceae
Sinningia mauroana;Gesneriaceae
Sinningia muscicola;Gesneriaceae
Sinningia pusilla;Gesneriaceae
Sinningia reitzii;Gesneriaceae
Sinningia reitzii;Gesneriaceae
Sinningia sellovii;Gesneriaceae
Sinningia sp.;Gesneriaceae
Sinningia speciosa;Gesneriaceae
Sinningia speciosa;Gesneriaceae
Sinningia speciosa;Gesneriaceae
Sinningia speciosa;Gesneriaceae
Sinningia speciosa;Gesneriaceae
Sinningia speciosa;Gesneriaceae
Sinningia striata;Gesneriaceae
Sinningia tubiflora;Gesneriaceae
Sinningia tubiflora;Gesneriaceae
Sinningia warmingii;Gesneriaceae
Sinningia warmingii;Gesneriaceae
Sinocalycalycanthus raustonii;Calycanthaceae
Sinocalycanthus chinensis;Calycanthaceae
Sinocrassula densirosulata;Crassulaceae
Sinocrassula yunnanensis;Crassulaceae
Sinojackia xylocarpa;Styraceceae
Sinomenium acutum;Menispermaceae
Sinowilsonia henryi;Hamamelidaceae
Sisyndite spartea;Zygophyllaceae
Sisyrinchium angustifolium;Iridaceae
Sisyrinchium californicum;Iridaceae
Sisyrinchium macrocarpum;Iridaceae
Sisyrinchium striatum;Iridaceae
Sium latifolium;Apiaceae
Sium latifolium;Apiaceae
Sium latifolium;Apiaceae
Sium sisarum;Apiaceae
Skimmia japonica;Rutaceae
Skimmia japonica;Rutaceae
Skimmia japonica;Rutaceae
Skimmia japonica;Rutaceae
Skimmia japonica;Rutaceae
Skimmia japonica;Rutaceae
Skimmia japonica;Rutaceae
Skimmia japonica;Rutaceae
Skimmia japonica;Rutaceae
Smilacina fusca;Asparagaceae (Ruscaceae)
Smilacina henryi;Asparagaceae (Ruscaceae)
Smilacina japonica;Asparagaceae (Ruscaceae)
Smilacina oleracea;Asparagaceae (Ruscaceae)
Smilacina racemosa;Asparagaceae (Ruscaceae)
Smilacina racemosa x stellata;Asparagaceae (Ruscaceae)
Smilacina stellata;Asparagaceae (Ruscaceae)
Smilax hispida;Smilacaceae
Smilax china;Smilacaceae
Smilax lasineura;Smilacaceae
Smilax nipponica;Smilacaceae
Smilax riparia;Smilacaceae
Smilax riparia;Smilacaceae
Smilax rotundifolia;Smilacaceae
Smilax sieboldii;Smilacaceae
Smilax sp.;Smilacaceae
Smilax walterii;Smilacaceae
Smithiantha cinnabarina;Gesneriaceae
Smithiantha cinnabarina;Gesneriaceae
Smithiantha hybr.;Gesneriaceae
Smithiantha hybr.;Gesneriaceae
Smithiantha hybr.;Gesneriaceae
Smithiantha multiflora;Gesneriaceae
Smitinandia micrantha;Orchidoideae
Smyrnium perfoliatum;Apiaceae
Sobennikoffia humbertiana;Orchidaceae
Sobennikoffia robusta;Orchidaceae
Sobennikoffia robusta;Orchidaceae
Sobralia decora;Orchidaceae
Sobralia dichotoma;Orchidaceae
Sobralia fimbriata;Orchidaceae
Sobralia fragrans;Orchidaceae
Sobralia hirtzii;Orchidaceae
Sobralia chrysostoma;Orchidaceae
Sobralia macrantha;Orchidaceae
Sobralia macrantha;Orchidaceae
Sobralia powellii;Orchidaceae
Socratea exorrhiza;Arecaceae
Soehrensia formosa;
Soehrensia huascha;
Soehrensia tarijensis;
Solandra grandiflora;Solanaceae
Solandra grandiflora;Solanaceae
Solandra maxima;Solanaceae
Solanum betaceum;Solanaceae
Solanum dulcamara;Solanaceae
Solanum dulcamara;Solanaceae
Solanum evolvulifolium;Solanaceae
Solanum cheesmaniae;Solanaceae
Solanum mammosum;Solanaceae
Solanum mammosum;Solanaceae
Solanum pyracanthos;Solanaceae
Solanum quitoense;Solanaceae
Solanum rantonnetii;Solanaceae
Solanum rantonnetii;Solanaceae
Solanum sp.;Solanaceae
Solanum uleanum;Solanaceae
Soldanella pindicola;Primulaceae
Soldanella pindicola;Primulaceae
Solenidiopsis tigroides;Orchidaceae
Solenostemon scutellarioides;Lamiaceae
Solenostemon scutellarioides;Lamiaceae
Solenostemon scutellarioides;Lamiaceae
Solenostemon scutellarioides;Lamiaceae
Solenostemon scutellarioides;Lamiaceae
Solenostemon scutellarioides;Lamiaceae
Solenostemon scutellarioides;Lamiaceae
Solenostemon scutellarioides;Lamiaceae
Solenostemon scutellarioides;Lamiaceae
Solenostemon scutellarioides;Lamiaceae
Solenostemon scutellarioides;Lamiaceae
Solenostemon scutellarioides;Lamiaceae
Solenostemon scutellarioides;Lamiaceae
Solenostemon scutellarioides;Lamiaceae
Solenostemon scutellarioides;Lamiaceae
Solenostemon scutellarioides;Lamiaceae
Solenostemon scutellarioides;Lamiaceae
Solenostemon scutellarioides;Lamiaceae
Solenostemon scutellarioides;Lamiaceae
Solenostemon scutellarioides;Lamiaceae
Solenostemon scutellarioides;Lamiaceae
Solenostemon scutellarioides;Lamiaceae
Solenostemon scutellarioides;Lamiaceae
Solenostemon scutellarioides;Lamiaceae
Solenostemon scutellarioides;Lamiaceae
Solenostemon scutellarioides;Lamiaceae
Solenostemon scutellarioides;Lamiaceae
Solenostemon scutellarioides;Lamiaceae
Solenostemon scutellarioides;Lamiaceae
Solenostemon scutellarioides;Lamiaceae
Solenostemon scutellarioides;Lamiaceae
Solenostemon scutellarioides;Lamiaceae
Solenostemon scutellarioides;Lamiaceae
Solenostemon scutellarioides;Lamiaceae
Solenostemon scutellarioides;Lamiaceae
Solenostemon scutellarioides;Lamiaceae
Solenostemon scutellarioides;Lamiaceae
Solenostemon scutellarioides;Lamiaceae
Solenostemon scutellarioides;Lamiaceae
Solenostemon scutellarioides;Lamiaceae
Solenostemon scutellarioides;Lamiaceae
Solenostemon scutellarioides;Lamiaceae
Solenostemon scutellarioides;Lamiaceae
Solenostemon scutellarioides;Lamiaceae
Solenostemon scutellarioides;Lamiaceae
Solenostemon scutellarioides;Lamiaceae
Solenostemon scutellarioides;Lamiaceae
Solenostemon scutellarioides;Lamiaceae
Solenostemon scutellarioides;Lamiaceae
Solenostemon scutellarioides;Lamiaceae
Solenostemon scutellarioides;Lamiaceae
Solenostemon scutellarioides;Lamiaceae
Solenostemon scutellarioides;Lamiaceae
Solenostemon scutellarioides;Lamiaceae
Solenostemon scutellarioides;Lamiaceae
Solenostemon scutellarioides;Lamiaceae
Solenostemon scutellarioides;Lamiaceae
Solenostemon scutellarioides;Lamiaceae
Solenostemon scutellarioides;Lamiaceae
Solenostemon scutellarioides;Lamiaceae
Solenostemon scutellarioides;Lamiaceae
Solenostemon scutellarioides;Lamiaceae
Solidago altissima;Asteraceae
Solidago arguta;Asteraceae
Solidago bicolor;Asteraceae
Solidago buckleyi;Asteraceae
Solidago caesia;Asteraceae
Solidago caesia;Asteraceae
Solidago canadensis;Asteraceae
Solidago canadensis;Asteraceae
Solidago canadensis;Asteraceae
Solidago cutleri;Asteraceae
Solidago drummondii;Asteraceae
Solidago drummondii;Asteraceae
Solidago flexicaulis;Asteraceae
Solidago flexicaulis;Asteraceae
Solidago gigantea;Asteraceae
Solidago glomerata;Asteraceae
Solidago hybr.;Asteraceae
Solidago hybr.;Asteraceae
Solidago hybr.;Asteraceae
Solidago hybr.;Asteraceae
Solidago hybr.;Asteraceae
Solidago hybr.;Asteraceae
Solidago hybr.;Asteraceae
Solidago hybr.;Asteraceae
Solidago hybr.;Asteraceae
Solidago hybr.;Asteraceae
Solidago hybr.;Asteraceae
Solidago hybr.;Asteraceae
Solidago hybr.;Asteraceae
Solidago hybr.;Asteraceae
Solidago hybr.;Asteraceae
Solidago hybr.;Asteraceae
Solidago hybr.;Asteraceae
Solidago hybr.;Asteraceae
Solidago juncea;Asteraceae
Solidago juncea;Asteraceae
Solidago laterifolia;Asteraceae
Solidago macrophylla;Asteraceae
Solidago multiradiata;Asteraceae
Solidago nemoralis;Asteraceae
Solidago odora;Asteraceae
Solidago ohioensis;Asteraceae
Solidago patula;Asteraceae
Solidago patula;Asteraceae
Solidago petiolaris;Asteraceae
Solidago petiolaris;Asteraceae
Solidago plumosa;Asteraceae
Solidago ptarmicoides;Asteraceae
Solidago riddellii;Asteraceae
Solidago rigida;Asteraceae
Solidago rigida;Asteraceae
Solidago rigida;Asteraceae
Solidago rigida;Asteraceae
Solidago roanensis;Asteraceae
Solidago rugosa;Asteraceae
Solidago rugosa;Asteraceae
Solidago sempervirens;Asteraceae
Solidago sempervirens;Asteraceae
Solidago simplex;Asteraceae
Solidago speciosa;Asteraceae
Solidago speciosa;Asteraceae
Solidago speciosa;Asteraceae
Solidago sphacelata;Asteraceae
Solidago squarrosa;Asteraceae
Solidago virgaurea;Asteraceae
Solidago virgaurea;Asteraceae
Solidago virgaurea;Asteraceae
Solidago virgaurea;Asteraceae
Sollya heterophylla;Pittosporaceae
Sollya heterophylla;Pittosporaceae
Sommieria leucophylla;Arecaceae
Sommieria leucophylla;Arecaceae
Sonchus congestus;Asteraceae
Sonchus hierrensis;Asteraceae
Sonchus palmensis;Asteraceae
Sophora arizonica;Fabaceae (s.str.)
Sophora davidii;Fabaceae (s.str.)
Sophora davidii;Fabaceae (s.str.)
Sophora japonica;Fabaceae (s.str.)
Sophora microphylla;Fabaceae (s.str.)
Sophora prostrata;Fabaceae (s.str.)
Sophora sp.;Fabaceae (s.str.)
Sophora tomentosa;Fabaceae (s.str.)
Sophronitis alagoensis;Orchidaceae
Sophronitis brevipedunculata;Orchidaceae
Sophronitis brevipenduculata;Orchidaceae
Sophronitis cernua;Orchidaceae
Sophronitis cernua;Orchidaceae
Sophronitis coccinea;Orchidaceae
Sophronitis mantiqueirae;Orchidaceae
Sophronitis wittigiana;Orchidaceae
Sorbaria assurgens;Rosaceae
Sorbaria kirilowii;Rosaceae
Sorbaria sorbifolia;Rosaceae
Sorbaria sorbifolia;Rosaceae
Sorbaria sp.;Rosaceae
Sorbaria sp.;Rosaceae
Sorbaria tomentosa;Rosaceae
Sorbus alnifolia;Rosaceae
Sorbus alnifolia;Rosaceae
Sorbus anglica;Rosaceae
Sorbus assorteaniana;Rosaceae
Sorbus aucuparia;Rosaceae
Sorbus aucuparia;Rosaceae
Sorbus aucuparia;Rosaceae
Sorbus borbasii;Rosaceae
Sorbus dumosa;Rosaceae
Sorbus forrestii;Rosaceae
Sorbus fruticosa;Rosaceae
Sorbus hybrida;Rosaceae
Sorbus chamaemelispus;Rosaceae
Sorbus koehneana;Rosaceae
Sorbus koehneana;Rosaceae
Sorbus matsumurana;Rosaceae
Sorbus meinichii;Rosaceae
Sorbus minima;Rosaceae
Sorbus mougeotii;Rosaceae
Sorbus mougeotii;Rosaceae
Sorbus pogonopetala;Rosaceae
Sorbus pohuashanensis;Rosaceae
Sorbus pratti;Rosaceae
Sorbus prattii;Rosaceae
Sorbus prattii;Rosaceae
Sorbus pseudogracilis;Rosaceae
Sorbus quernea;Rosaceae
Sorbus randaiensis;Rosaceae
Sorbus rufoferruginea;Rosaceae
Sorbus rufo-feruginea;Rosaceae
Sorbus sp.;Rosaceae
Sorbus sp.;Rosaceae
Sorbus thibetica;Rosaceae
Sorghastrum nutans;Poaceae
Sorghastrum nutans;Poaceae
Sorghastrum nutans;Poaceae
Sorghastrum nutans;Poaceae
Sorghastrum nutans;Poaceae
Sorghastrum nutans;Poaceae
Sparaxis tricolor;Iridaceae
Sparganium emersum;Typhaceae (Sparganiaceae)
Sparganium erectum;Typhaceae (Sparganiaceae)
Sparganium erectum;Typhaceae (Sparganiaceae)
Sparganium erectum;Typhaceae (Sparganiaceae)
Sparganium natans;Typhaceae (Sparganiaceae)
Spartium junceum;Fabaceae (s.str.)
Spathantheum orbignyanum;Araceae
Spathicarpa sagittata;Araceae
Spathiphyllum cannifolium;Araceaae
Spathiphyllum cochlearispathum;Araceaae
Spathiphyllum floribundum;Araceaae
Spathiphyllum friedrichsthalii;Araceaae
Spathiphyllum guindiense;Araceaae
Spathiphyllum ivanportillae;Araceaae
Spathiphyllum pygmaeum;Araceaae
Spathiphyllum silvicola;Araceaae
Spathiphyllum sp.;Araceaae
Spathiphyllum wendlandii;Araceaae
Spathodea campanulata;Bignoniaceae
Spathoglottis chrysantha;Orchidaceae
Spathoglottis ixioides;Orchidaceae
Spathoglottis lobbii;Orchidaceae
Spathoglottis plicata;Orchidaceae
Spathoglottis sp.;Orchidaceae
Spathoglottis sp.;Orchidaceae
Spathoglottis sp.;Orchidaceae
Spathoglottis sp.;Orchidaceae
Spathoglottis sp.;Orchidaceae
Specklinia grobyi;Orchidaceae
Speirantha convallarioides;Asparagaceae (Ruscaceae)
Speirantha gardenii;Asparagaceae (Ruscaceae)
Sphaeralcea ambigua;Malvaceae
Sphaeralcea ambigua;Malvaceae
Sphaeropteris cooperi;Cyatheaceae
Sphagneticola calendulacea;Asteraceae
Sphagnum papillosum;
Sphagnum squarrosum;
Sphyrospermum ellipticum;Ericaceae
Spiraea arcuata;Rosaceae
Spiraea betulifolia;Rosaceae
Spiraea douglasii;Rosaceae
Spiraea fauriena;Rosaceae
Spiraea formosana;Rosaceae
Spiraea henryi;Rosaceae
Spiraea humilis;Rosaceae
Spiraea hypericifolia;Rosaceae
Spiraea hypericifolia;Rosaceae
Spiraea chamaedryfolia;Rosaceae
Spiraea chinensis;Rosaceae
Spiraea japonica;Rosaceae
Spiraea japonica;Rosaceae
Spiraea japonica;Rosaceae
Spiraea japonica;Rosaceae
Spiraea media;Rosaceae
Spiraea media;Rosaceae
Spiraea mollifolia;Rosaceae
Spiraea mongolica;Rosaceae
Spiraea nipponica;Rosaceae
Spiraea nipponica;Rosaceae
Spiraea pseudocrenata;Rosaceae
Spiraea pubescens;Rosaceae
Spiraea salicifolia;Rosaceae
Spiraea sp.;Rosaceae
Spiraea sp.;Rosaceae
Spiraea sp.;Rosaceae
Spiraea sp.;Rosaceae
Spiraea sp.;Rosaceae
Spiraea sp.;Rosaceae
Spiraea sp.;Rosaceae
Spiraea sp.;Rosaceae
Spiraea sp.;Rosaceae
Spiraea sp.;Rosaceae
Spiraea sp.;Rosaceae
Spiraea sp.;Rosaceae
Spiraea sp.;Rosaceae
Spiraea sp.;Rosaceae
Spiraea sp.;Rosaceae
Spiraea veitchii;Rosaceae
Spiraea x blanda;Rosaceae
Spiraea x bumalda;Rosaceae
Spiraea x bumalda;Rosaceae
Spiranthes cernua;Orchidaceae
Spiranthes cernua;Orchidaceae
Spirodela polyrhiza;Araceae
Spodiopogon sibiricus;Poaceae
Spodiopogon sibiricus;Poaceae
Spodiopogon sibiricus;Poaceae
Sporobolus airoides;Poaceae
Sporobolus airoides;Poaceae
Sporobolus airoides;Poaceae
Sporobolus airoides;Poaceae
Sporobolus airoides;Poaceae
Sporobolus compositus;Poaceae
Sporobolus heterolepis;Poaceae
Sporobolus heterolepis;Poaceae
Sporobolus heterolepis;Poaceae
Sporobolus heterolepis;Poaceae
Sporobolus heterolepis;Poaceae
Sporobolus heterolepis;Poaceae
Sporobolus wrightii;Poaceae
Squamellaria huxleyana;Rubiaceae
Squamellaria imberbis;Rubiaceae
Squamellaria major;Rubiaceae
Squamellaria wilsonii;Rubiaceae
Staehelina petiolata;Asteraceae
Stahlianthus sp.;Zingiberaceae
Stahlianthus sp.;Zingiberaceae
Stachyphrynium sp.;Marantaceae
Stachyphrynium sp.;Marantaceae
Stachys abchasica;Lamiaceae
Stachys abchasica;Lamiaceae
Stachys betoniciflora;Lamiaceae
Stachys byzantina;Lamiaceae
Stachys byzantina;Lamiaceae
Stachys byzantina;Lamiaceae
Stachys byzantina;Lamiaceae
Stachys byzantina;Lamiaceae
Stachys candida;Lamiaceae
Stachys citrina;Lamiaceae
Stachys cretica;Lamiaceae
Stachys cretica;Lamiaceae
Stachys discolor;Lamiaceae
Stachys germanica;Lamiaceae
Stachys iberica;Lamiaceae
Stachys lavandulifolia;Lamiaceae
Stachys macrantha;Lamiaceae
Stachys macrantha;Lamiaceae
Stachys macrantha;Lamiaceae
Stachys macrantha;Lamiaceae
Stachys macrantha;Lamiaceae
Stachys menthifolia;Lamiaceae
Stachys monieri;Lamiaceae
Stachys monieri;Lamiaceae
Stachys monieri;Lamiaceae
Stachys nivea;Lamiaceae
Stachys officinalis;Lamiaceae
Stachys officinalis;Lamiaceae
Stachys orientalis;Lamiaceae
Stachys palustris;Lamiaceae
Stachys recta;Lamiaceae
Stachys thirkei;Lamiaceae
Stachys tymphaea;Lamiaceae
Stachyurus praecox;Stachyuraceae
Stachyurus praecox;Stachyuraceae
Stachyurus salicifolius;Stachyuraceae
Stangeria eriopus;Stangeriaceae
Stangeria eriopus;Stangeriaceae
Stangeria eriopus;Stangeriaceae
Stangeria eriopus;Stangeriaceae
Stangeria eriopus;Stangeriaceae
Stangeria eriopus;Stangeriaceae
Stanhopea bueraremensis;Orchidaceae
Stanhopea candida;Orchidaceae
Stanhopea connata;Orchidaceae
Stanhopea connata;Orchidaceae
Stanhopea cornuta;Orchidaceae
Stanhopea embreei;Orchidaceae
Stanhopea embreei;Orchidaceae
Stanhopea florida;Orchidaceae
Stanhopea hernandezii;Orchidaceae
Stanhopea impressa;Orchidaceae
Stanhopea inodora;Orchidaceae
Stanhopea insignis;Orchidaceae
Stanhopea intermedia;Orchidaceae
Stanhopea jenischiana;Orchidaceae
Stanhopea pseudoradiosa;Orchidaceae
Stanhopea saccata;Orchidaceae
Stanhopea tigrina;Orchidaceae
Stanhopea tigrina;Orchidaceae
Stanleya pinnata;Brassicaceae
Stapelia asterias;Apocynaceae
Stapelia flavo-purpurea;Apocynaceae
Stapelia gettleffii;Apocynaceae
Stapelia gigantea;Apocynaceae
Stapelia grandiflora;Apocynaceae
Stapelia grandiflora;Apocynaceae
Stapelia grandiflora;Apocynaceae
Stapelia grandiflora;Apocynaceae
Stapelia hirsuta;Apocynaceae
Stapelia hirsuta;Apocynaceae
Stapelia hirsuta;Apocynaceae
Stapelia leendertziae;Apocynaceae
Stapelia pillansii;Apocynaceae
Stapelia tsomoensis;Apocynaceae
Stapelia villetiae;Apocynaceae
Stapelianthus decaryi;Apocynaceae
Stapelianthus decaryi;Apocynaceae
Stapelianthus decaryi;Apocynaceae
Stapelianthus decaryi;Apocynaceae
Stapelianthus decaryi;Apocynaceae
Stapelianthus decaryi;Apocynaceae
Stapelianthus decaryi;Apocynaceae
Stapelianthus madagascariensis;Apocynaceae
Stapelianthus pilosus;Apocynaceae
Stapelianthus pilosus;Apocynaceae
Stapelianthus sp.;Apocynaceae
Staphylea bumalda;Staphyleaceae
Staphylea bumalda;Staphyleaceae
Staphylea holocarpa;Staphyleaceae
Staphylea trifolia;Staphyleaceae
Staurogyne repens;Acanthaceae
Staurochilus fasciatus;Orchidaceae
Steganotaenia araliacea;Apiaceae
Stegnogramma sp.;Thelypteridaceae
Stegolepis guianensis;Rapateaceae
Stegolepis ligulata;Rapateaceae
Stelis argentata;Orchidaceae
Stelis gelida;Orchidaceae
Stelis sp.;Orchidaceae
Stelis sp.;Orchidaceae
Stelis sp.;Orchidaceae
Stellaria holostea;Caryophyllaceae
Stenocarpus sp.;Proteaceae
Stenoglottis hybr.;Orchidaceae
Stenoglottis longifolia;Orchidaceae
Stenogramma pozoi;
Stenochlaena madagascarica;Blechnaceae
Stenochlaena tenuifolia;Blechnaceae
Stenomesson sp.;Amaryllidaceae
Stenorrhynchos speciosum;Orchidaceae
Stenospermation popayanense;Araceae
Stenospermation sp.;Araceae
Stenospermation sp. n.;Araceae
Stenospermation ulei;Araceae
Stephanandra hybr.;Rosaceae
Stephanandra incisa;Rosaceae
Stephanandra incisa;Rosaceae
Stephanandra incisa;Rosaceae
Stephanandra tanakae;Rosaceae
Stephania erecta;Menispermaceae
Stephania kaweesakii;Menispermaceae
Stephania pierrei;Menispermaceae
Stephania suberosa;Menispermaceae
Stephanostema stenocarpum;Apocynaceae
Stephanotis floribunda;Apocynaceae
Sterculia africana;Malvaceae
Sterculia africana;Malvaceae
Sterculia sp.;Malvaceae
Stereospermum euphoroides;Bignoniaceae
Sternbergia clusiana;Amaryllidaceae
Sternbergia colchiciflora;Amaryllidaceae
Sternbergia lutea;Amaryllidaceae
Sternbergia lutea;Amaryllidaceae
Sternbergia lutea;Amaryllidaceae
Sternbergia sicula;Amaryllidaceae
Steudnera henryana;Araceae
Steudnera kerrii;Araceae
Stevia rebaudiana;Asteraceae
Stewartia koreana;Theaceae
Stewartia monadelpha;Theaceae
Stewartia pseudocamellia;Theaceae
Stictocardia macalusoi;Convolvulaceae
Stigmaphyllon littorale;Malpighiaceae
Stigmaphyllon littorale;Malpighiaceae
Stipa calamagrostis;Poaceae
Stipa capillata;Poaceae
Stipa gigantea;Poaceae
Stipa ichu;Poaceae
Stipa pekinensis;Poaceae
Stipa pennata;Poaceae
Stipa pulcherrima;Poaceae
Stipa sp.;Poaceae
Stipa speciosa;Poaceae
Stipa splendens;Poaceae
Stipa tenacissima;Poaceae
Stranvaesia davidiana;Rosaceae
Stranvaesia davidiana;Rosaceae
Stranvaesia davidiana;Rosaceae
Stratiotes aloides;Hydrocharitaceae
Streblus ilicifolius;Moraceae
Strelitzia juncea;Strelitziaceae
Strelitzia reginae;Strelitziaceae
Strelitzia reginae;Strelitziaceae
Streptocarpus bindseili;Gesneriaceae
Streptocarpus buchananii;Gesneriaceae
Streptocarpus candidus;Gesneriaceae
Streptocarpus candidus;Gesneriaceae
Streptocarpus caulescens;Gesneriaceae
Streptocarpus caulescens;Gesneriaceae
Streptocarpus caulescens;Gesneriaceae
Streptocarpus confusus;Gesneriaceae
Streptocarpus cooperi;Gesneriaceae
Streptocarpus cooperi;Gesneriaceae
Streptocarpus cyaneus;Gesneriaceae
Streptocarpus cyaneus;Gesneriaceae
Streptocarpus cyaneus;Gesneriaceae
Streptocarpus daviesii;Gesneriaceae
Streptocarpus denticulatus;Gesneriaceae
Streptocarpus denticulatus;Gesneriaceae
Streptocarpus dunnii;Gesneriaceae
Streptocarpus dunnii;Gesneriaceae
Streptocarpus galpinii;Gesneriaceae
Streptocarpus gardenii;Gesneriaceae
Streptocarpus glandulosissimus;Gesneriaceae
Streptocarpus grandis;Gesneriaceae
Streptocarpus haygarthii;Gesneriaceae
Streptocarpus haygarthii;Gesneriaceae
Streptocarpus hildebrandtii;Gesneriaceae
Streptocarpus hilsenbergii;Gesneriaceae
Streptocarpus hybr.;Gesneriaceae
Streptocarpus hybr.;Gesneriaceae
Streptocarpus kirkii;Gesneriaceae
Streptocarpus kunhardtii;Gesneriaceae
Streptocarpus levis;Gesneriaceae
Streptocarpus levis;Gesneriaceae
Streptocarpus micranthus;Gesneriaceae
Streptocarpus nobilis;Gesneriaceae
Streptocarpus nobilis;Gesneriaceae
Streptocarpus oliganthus;Gesneriaceae
Streptocarpus pallidiflorus;Gesneriaceae
Streptocarpus pentherianus;Gesneriaceae
Streptocarpus pentherianus;Gesneriaceae
Streptocarpus pole-evansii;Gesneriaceae
Streptocarpus polyanthus;Gesneriaceae
Streptocarpus primulifolius;Gesneriaceae
Streptocarpus primulifolius;Gesneriaceae
Streptocarpus pusillus;Gesneriaceae
Streptocarpus rexii;Gesneriaceae
Streptocarpus roseoalbus;Gesneriaceae
Streptocarpus roseoalbus;Gesneriaceae
Streptocarpus saxorum;Gesneriaceae
Streptocarpus sp.;Gesneriaceae
Streptocarpus sp.;Gesneriaceae
Streptocarpus sp.;Gesneriaceae
Streptocarpus sp.;Gesneriaceae
Streptocarpus sp.;Gesneriaceae
Streptocarpus sp.;Gesneriaceae
Streptocarpus sp.;Gesneriaceae
Streptocarpus sp.;Gesneriaceae
Streptocarpus stomandrus;Gesneriaceae
Streptocarpus thompsonii;Gesneriaceae
Streptocarpus variabilis;Gesneriaceae
Streptocarpus wendlandii;Gesneriaceae
Streptocarpus wendlandii;Gesneriaceae
Streptopus simplex;Liliaceae
Streptosolen jamesonii;Solanaceae
Strobilanthes auriculata ;Acanthaceae
Strobilanthes rankanensis;Acanthaceae
Stromanthe sanguinea;Marantaceae
Strongylodon macrobotrys;Fabaceae (s.str.)
Strophanthus boivinii;Apocynaceae
Strophanthus gerrardii;Apocynaceae
Strophanthus gratus;Apocynaceae
Strophanthus kombe;Apocynaceae
Strophanthus petersianus;Apocynaceae
Strophanthus preussii;Apocynaceae
Strophanthus speciosus;Apocynaceae
Strophanthus speciosus;Apocynaceae
Strychnos spinosa;Loganiaceae
Strychnos spinosa;Loganiaceae
Stylidium caespitosum;Stylidiaceae
Stylidium debile;Stylidiaceae
Styrax japonicus;Styraceceae
Styrax japonicus;Styraceceae
Styrax obassia;Styraceceae
Styrax officinalis;Styraceceae
Styrax officinalis;Styraceceae
Succisa pratensis;Dipsacaceae
Succisa pratensis;Dipsacaceae
Sudamerlycaste peruviana;Orchidaceae
Sutera foetida;Scrophulariaceae (s.str.)
Sutherlandia frutescens;Fabaceae (s.str.)
Swainsona formosa;Fabaceae (s.str.)
Swietenia macrophylla;Meliaceae
Syagrus cardenasii;Arecaceae
Syagrus vagans;Arecaceae
Symhoricarpos sp.;Caprifoliaceae
Symphoricarpos <x> doorenbosii;Rosopsida
Symphoricarpos <x> doorenbosii;Caprifoliaceae
Symphoricarpos <x> doorenbosii;Caprifoliaceae
Symphoricarpos <x> doorenbosii;Caprifoliaceae
Symphoricarpos <x> chenaultii;Caprifoliaceae
Symphoricarpos <x> chenaultii;Caprifoliaceae
Symphoricarpos hybr.;Caprifoliaceae
Symphoricarpos oreophilus;Caprifoliaceae
Symphyandra zangezur;Campanulaceae
Symphyotrichum oolentangiense;Asteraceae
Symphyotrichum pilosum;Asteraceae
Symphytum asperum;Boraginaceae
Symphytum asperum;Boraginaceae
Symphytum azureum;Boraginaceae
Symphytum bohemicum;Boraginaceae
Symphytum cordatum;Boraginaceae
Symphytum cordatum;Boraginaceae
Symphytum grandiflorum;Boraginaceae
Symphytum grandiflorum;Boraginaceae
Symphytum hybr.;Boraginaceae
Symphytum ibericum;Boraginaceae
Symphytum ibericum;Boraginaceae
Symphytum officinale;Boraginaceae
Symphytum officinale;Boraginaceae
Symphytum sp.;Boraginaceae
Symphytum sp.;Boraginaceae
Symphytum tuberosum;Boraginaceae
Symphytum x uplandicum;Boraginaceae
Symplocarpus foetidus;Araceae
Symplocarpus renifolius;Araceae
Syncarpha paniculata;Asteraceae
Syncarpha vestita;Asteraceae
Syncarpha vestita;Asteraceae
Synechanthus fibrosus;Arecaceae
Synechanthus fibrosus;Arecaceae
Synechanthus fibrosus;Arecaceae
Synechanthus warscewiczianus;Arecaceae
Syneilesis aconitifolia;Asteraceae
Syneilesis intermedia;Asteraceae
Syneilesis palmata;Asteraceae
Syngonanthus chrysanthus;Eriocaulaceae
Syngonium angustatum;Araceae
Syngonium angustatum;Araceae
Syngonium angustatum;Araceae
Syngonium auritum;Araceae
Syngonium erythrophyllum;Araceae
Syngonium chiapense;Araceae
Syngonium neglectum;Araceae
Syngonium podophyllum;Araceae
Syngonium rayi;Araceae
Syngonium schottianum;Araceae
Syngonium sp.;Araceae
Syngonium sp.;Araceae
Syngonium steyermarckii;Araceae
Syngonium triphyllum;Araceae
Syngonium wendlandii;Araceae
Synsepalum dulcificum;Sapotaceae
Synsepalum dulcificum;Sapotaceae
Syrenia cana;Brassicaceae
Syringa amurensis;Oleaceae
Syringa diversifolia;Oleaceae
Syringa emodi;Oleaceae
Syringa josikaea;Oleaceae
Syringa komarowii;Oleaceae
Syringa meyeri;Oleaceae
Syringa meyeri;Oleaceae
Syringa meyeri;Oleaceae
Syringa microphylla;Oleaceae
Syringa microphylla;Oleaceae
Syringa oblata;Oleaceae
Syringa patula;Oleaceae
Syringa pinetorum;Oleaceae
Syringa protolaciniata;Oleaceae
Syringa reticulata;Oleaceae
Syringa rhodopea;Oleaceae
Syringa sp.;Oleaceae
Syringa sp.;Oleaceae
Syringa sp.;Oleaceae
Syringa tigerstedtii;Oleaceae
Syringa tigerstedtii;Oleaceae
Syringa villosa;Oleaceae
Syringa vulgaris;Oleaceae
Syringa vulgaris;Oleaceae
Syringa vulgaris;Oleaceae
Syringa vulgaris;Oleaceae
Syringa vulgaris;Oleaceae
Syringa vulgaris;Oleaceae
Syringa vulgaris;Oleaceae
Syringa vulgaris;Oleaceae
Syringa vulgaris;Oleaceae
Syringa vulgaris;Oleaceae
Syringa vulgaris;Oleaceae
Syringa vulgaris;Oleaceae
Syringa vulgaris;Oleaceae
Syringa vulgaris;Oleaceae
Syringa vulgaris;Oleaceae
Syringa vulgaris;Oleaceae
Syringa vulgaris;Oleaceae
Syringa vulgaris;Oleaceae
Syringa vulgaris;Oleaceae
Syringa vulgaris;Oleaceae
Syringa vulgaris;Oleaceae
Syringa vulgaris;Oleaceae
Syringa vulgaris;Oleaceae
Syringa vulgaris;Oleaceae
Syringa vulgaris;Oleaceae
Syringa vulgaris;Oleaceae
Syringa vulgaris;Oleaceae
Syringa vulgaris;Oleaceae
Syringa vulgaris;Oleaceae
Syringa vulgaris;Oleaceae
Syringa vulgaris;Oleaceae
Syringa vulgaris;Oleaceae
Syringa vulgaris;Oleaceae
Syringa wolfii;Oleaceae
Syringa wolfii;Oleaceae
Syringa x chinensis;Oleaceae
Syringa x prestoniae;Oleaceae
Syringa x swegiflexa;Oleaceae
Syringa yunnanensis;Oleaceae
Syzygium aromaticum;Myrtaceae
Syzygium buxifolium;Myrtaceae
Syzygium cumini;Myrtaceae
Syzygium jambos;Myrtaceae
Syzygium malaccense;Myrtaceae
Syzygium sp.;Myrtaceae
Tabebuia sp.;Bignoniaceae
Tabebuia sp.;Bignoniaceae
Tabernaemontana divaricata;Apocynaceae
Tabernanthe iboga;Apocynaceae
Tacca chantrieri;Taccaceae
Tacca chantrieri;Taccaceae
Tacca chantrieri;Taccaceae
Tacca chantrieri;Taccaceae
Tacca chantrieri;Taccaceae
Tacca leontopetaloides;Taccaceae
Tacca macrantha;Taccaceae
Tacca palmata;Taccaceae
Tacca plantaginea;Taccaceae
Tacca sp.;Taccaceae
Taccarum weddelianum;Araceae
Tagetes minuta;Asteraceae
Tahina spectabilis;Arecaceae
Tachiadenus carinatus;Gentianaceae
Tachiadenus sp.;Gentianaceae
Taiwania cryptomerioides;Cupressaceae
Taiwania cryptomerioides;Cupressaceae
Taiwania cryptomerioides;Cupressaceae
Talbotia elegans;Velloziaceae
Talinum caffrum;Talinaceae
Talinum caffrum;Talinaceae
Talinum cachaquiensis;Talinaceae
Talinum calycinum;Talinaceae
Talinum fruticosum;Talinaceae
Talinum paniculatum;Talinaceae
Talinum paniculatum;Talinaceae
Tamarindus indica;Fabaceae (Caesalpiniaceae)
Tamarindus indica;Fabaceae (Caesalpiniaceae)
Tamarix aphylla;Tamaricaceae
Tamarix chinensis;Tamaricaceae
Tamarix chinensis;Tamaricaceae
Tamarix macrocarpa;Tamaricaceae
Tamarix macrocarpa;Tamaricaceae
Tamarix mannifera;Tamaricaceae
Tamarix mannifera;Tamaricaceae
Tamarix parviflora;Tamaricaceae
Tamarix parviflora;Tamaricaceae
Tamarix sp.;Tamaricaceae
Tamarix sp.;Tamaricaceae
Tamarix sp.;Tamaricaceae
Tamarix sp.;Tamaricaceae
Tamarix sp.;Tamaricaceae
Tamarix sp.;Tamaricaceae
Tamarix tarimensis;Tamaricaceae
Tamarix tetragyna;Tamaricaceae
Tanacetum armenum;Asteraceae
Tanacetum balsamita;Asteraceae
Tanacetum cinerariifolium;Asteraceae
Tanacetum coccineum;Asteraceae
Tanacetum coccineum;Asteraceae
Tanacetum coccineum;Asteraceae
Tanacetum coccineum;Asteraceae
Tanacetum coccineum;Asteraceae
Tanacetum corymbosum;Asteraceae
Tanacetum corymbosum;Asteraceae
Tanacetum corymbosum;Asteraceae
Tanacetum corymbosum;Asteraceae
Tanacetum densum;Asteraceae
Tanacetum hyb.;Asteraceae
Tanacetum millefolium;Asteraceae
Tanacetum parthenium;Asteraceae
Tanacetum vulgare;Asteraceae
Tanacetum vulgare;Asteraceae
Tanacetum vulgare;Asteraceae
Tanacetum vulgare;Asteraceae
Tanacetum vulgare;Asteraceae
Tanakaea radicans;
Tapeinochilos ananassae;Costaceae
Tapeinochilos densus;Costaceae
Tapeinochilos densus;Costaceae
Tapiscia sinensis;Staphyleaceae
Taraxacum arcuatum;Asteraceae
Taraxacum bessarabicum;Asteraceae
Taraxacum hollandicum;Asteraceae
Taraxacum prunicolor;Asteraceae
Taraxacum sp.;Asteraceae
Tarenna supra-axillaris;Rubiaceae
Tarchonanthus camphoratus;Asteraceae
Tavaresia barklyi;
Taxodium ascendens;Cupressaceae
Taxodium mucronatum;Cupressaceae
Taxus baccata;Taxaceae
Taxus baccata;Taxaceae
Taxus baccata;Taxaceae
Taxus baccata;Taxaceae
Taxus cuspidata;Taxaceae
Taxus floridana;Taxaceae
Taxus x media;Taxaceae
Taxus x media;Taxaceae
Taxus x media;Taxaceae
Tecoma capensis;Bignoniaceae
Tecoma capensis;Bignoniaceae
Tecoma garrocha;Bignoniaceae
Tecoma sp.;Bignoniaceae
Tecoma sp.;Bignoniaceae
Tecomanthe dendrophila;Bignoniaceae
Tecomanthe speciosa;Bignoniaceae
Tecomanthe venusta;Bignoniaceae
Tecomaria capensis;Bignoniaceae
Tectaria barclayi;Tectariaceae
Tectaria decurrens;Tectariaceae
Tectaria gemmifera;Tectariaceae
Tectaria sp.;Tectariaceae
Tectaria sp.;Tectariaceae
Tectaria sp.;Tectariaceae
Tectaria sp.;Tectariaceae
Tectaria sp.;Tectariaceae
Tectaria sp.;Tectariaceae
Tectaria sp.;Tectariaceae
Tectaria zeilanica;Tectariaceae
Teedia lucida;Scrophulariaceae ( s.str.)
Tellima grandiflora;Saxifragaceae
Tellima grandiflora;Saxifragaceae
Tellima grandiflora;Saxifragaceae
Telopea speciosissima;Proteaceae
Telopea truncata;Proteaceae
Telopea truncata;Proteaceae
Templetonia retusa;Fabaceae (s.str.)
Tephrocactus articulatus;Cactaceae
Tephroseris aurantiaca;Asteraceae
Tephroseris crispa;Asteraceae
Tephroseris helenitis;Asteraceae
Terminalia sp.;Combretaceae
Tetracentron sinense;Trochodendraceae
Tetraclinis articulata;Cupressaceae
Tetraclinis articulata;Cupressaceae
Tetradenia cordata;Lamiaceae
Tetradenia nervosa;Lamiaceae
Tetradenia riparia;Lamiaceae
Tetradium daniellii;Rutaceae
Tetradium glabrifolium;Rutaceae
Tetranema mexicanum;Plantaginaceae (s.l.)
Tetrapanax papyrifer;Araliaceae
Teucridium parvifolium;Lamiaceae
Teucrium ackermannii;Lamiaceae
Teucrium arduinii;Lamiaceae
Teucrium aroanium;Lamiaceae
Teucrium asiaticum;Lamiaceae
Teucrium aureum;Lamiaceae
Teucrium aureum;Lamiaceae
Teucrium canadense;Lamiaceae
Teucrium canadense;Lamiaceae
Teucrium cossonii;Lamiaceae
Teucrium cuneifolium;Lamiaceae
Teucrium cyprium;Lamiaceae
Teucrium divaricatum;Lamiaceae
Teucrium divaricatum;Lamiaceae
Teucrium flavum;Lamiaceae
Teucrium flavum;Lamiaceae
Teucrium fruticans;Lamiaceae
Teucrium halacsyanum;Lamiaceae
Teucrium hircanicum;Lamiaceae
Teucrium chamaedrys;Lamiaceae
Teucrium chamaedrys;Lamiaceae
Teucrium chamaedrys;Lamiaceae
Teucrium chamaedrys;Lamiaceae
Teucrium charidemi;Lamiaceae
Teucrium karpasiticum;Lamiaceae
Teucrium kotschyanum;Lamiaceae
Teucrium lamiifolium;Lamiaceae
Teucrium lusitanicum;Lamiaceae
Teucrium marum;Lamiaceae
Teucrium massiliense;Lamiaceae
Teucrium montanum;Lamiaceae
Teucrium musimonum;Lamiaceae
Teucrium orientale;Lamiaceae
Teucrium polium;Lamiaceae
Teucrium polium;Lamiaceae
Teucrium procerum;Lamiaceae
Teucrium pseudochamaepitys;Lamiaceae
Teucrium pyrenaicum;Lamiaceae
Teucrium scorodonia;Lamiaceae
Teucrium scorodonia;Lamiaceae
Teucrium sp.;Lamiaceae
Teucrium vincentinum;Lamiaceae
Teucrium x lucidrys;Lamiaceae
Thalictrum actaeifolium;Ranunculaceae
Thalictrum actaeifolium;Ranunculaceae
Thalictrum aquilegiifolium;Ranunculaceae
Thalictrum aquilegiifolium;Ranunculaceae
Thalictrum aquilegiifolium;Ranunculaceae
Thalictrum atriplex;Ranunculaceae
Thalictrum contortum;Ranunculaceae
Thalictrum dasycarpum;Ranunculaceae
Thalictrum delavayi;Ranunculaceae
Thalictrum delavayi;Ranunculaceae
Thalictrum delavayi;Ranunculaceae
Thalictrum delavayi;Ranunculaceae
Thalictrum delavayi;Ranunculaceae
Thalictrum delavayi;Ranunculaceae
Thalictrum delavayi;Ranunculaceae
Thalictrum elegans;Ranunculaceae
Thalictrum fendleri;Ranunculaceae
Thalictrum filamentosum;Ranunculaceae
Thalictrum finetii;Ranunculaceae
Thalictrum flavum;Ranunculaceae
Thalictrum flavum;Ranunculaceae
Thalictrum flavum;Ranunculaceae
Thalictrum foetidum;Ranunculaceae
Thalictrum hybr.;Ranunculaceae
Thalictrum ichangense;Ranunculaceae
Thalictrum lucidum;Ranunculaceae
Thalictrum minus;Ranunculaceae
Thalictrum minus;Ranunculaceae
Thalictrum morisonii;Ranunculaceae
Thalictrum petaloideum;Ranunculaceae
Thalictrum pubescens;Ranunculaceae
Thalictrum rochebrunnianum;Ranunculaceae
Thalictrum simplex;Ranunculaceae
Thalictrum simplex;Ranunculaceae
Thalictrum sp.;Ranunculaceae
Thalictrum sp.;Ranunculaceae
Thalictrum sphaerostachyum;Ranunculaceae
Thalictrum yunnanense;Ranunculaceae
Thamnochortus pluristachyus;Restionaceae
Thaumatococcus danielii;Marantaceae
Thayeria cornucopia;Polypodiaceae
Thelesperma burridgeanum;Asteraceae
Thelocactus bicolor;Cactaceae
Thelocactus hexaedrophorus;Cactaceae
Thelocactus hexaedrophorus;Cactaceae
Thelocactus setispinus;Cactaceae
Thelychiton speciosus;Orchidaceae
Thelymitra granitora;Orchidaceae
Thelymitra macmillanii;Orchidaceae
Thelymitra nuda;Orchidaceae
Thelypteris noveboracensis;Thelypteridaceae
Themeda triandra;Poaceae
Theobroma cacao;Malvaceae
Thermopsis caroliniana;Fabaceae (s.str.)
Thermopsis caroliniana;Fabaceae (s.str.)
Thermopsis lanceolata;Fabaceae (s.str.)
Thevetia peruviana;Apocynaceae
Thevetia peruviana;Apocynaceae
Thevetia peruviana;Apocynaceae
Thibaudia sp.;Ericaceae
Thrinax ekmaniana;Arecaceae
Thrinax radiata;Arecaceae
Thrixspermum centipeda;Orchidaceae
Thrixspermum sp.;Orchidaceae
Thuja koraiensis;Cupressaceae
Thuja occidentalis;Cupressaceae
Thuja occidentalis;Cupressaceae
Thuja occidentalis;Cupressaceae
Thuja plicata;Cupressaceae
Thuja plicata;Cupressaceae
Thuja standishii;Cupressaceae
Thujopsis dolabrata;Cupressaceae
Thunbergia battiscombei;Acanthaceae
Thunbergia capensis;Acanthaceae
Thunbergia dregeana;Acanthaceae
Thunbergia erecta;Acanthaceae
Thunbergia grandiflora;Acanthaceae
Thunbergia laurifolia;Acanthaceae
Thunbergia laurifolia;Acanthaceae
Thunbergia mysorensis;Acanthaceae
Thunbergia natalensis;Acanthaceae
Thunia alba;Orchidaceae
Thunia marshalliana;Orchidaceae
Thymus <x >citriodorus;Lamiaceae
Thymus <x >citriodorus;Lamiaceae
Thymus <x >citriodorus;Lamiaceae
Thymus <x >citriodorus;Lamiaceae
Thymus <x >citriodorus;Lamiaceae
Thymus <x >citriodorus;Lamiaceae
Thymus <x >citriodorus;Lamiaceae
Thymus <x >citriodorus;Lamiaceae
Thymus <x >citriodorus;Lamiaceae
Thymus <x >citriodorus;Lamiaceae
Thymus <x >faustinoi;Lamiaceae
Thymus acicularis;Lamiaceae
Thymus acicularis;Lamiaceae
Thymus altaicus;Lamiaceae
Thymus argaeus;Lamiaceae
Thymus argaeus;Lamiaceae
Thymus austriacus;Lamiaceae
Thymus azoricus;Lamiaceae
Thymus brachychilus;Lamiaceae
Thymus camphoratus;Lamiaceae
Thymus capitatus;Lamiaceae
Thymus cappadocicus;Lamiaceae
Thymus ciliatus;Lamiaceae
Thymus comosus;Lamiaceae
Thymus doerfleri;Lamiaceae
Thymus dolomiticus;Lamiaceae
Thymus dzevanovskyi;Lamiaceae
Thymus embergeri;Lamiaceae
Thymus extremus;Lamiaceae
Thymus fragrantissimus;Lamiaceae
Thymus glabrescens;Lamiaceae
Thymus haussknechtii;Lamiaceae
Thymus hybr.;Lamiaceae
Thymus hybr.;Lamiaceae
Thymus hybr.;Lamiaceae
Thymus hybr.;Lamiaceae
Thymus hybr.;Lamiaceae
Thymus hybr.;Lamiaceae
Thymus hybr.;Lamiaceae
Thymus hybr.;Lamiaceae
Thymus hybr.;Lamiaceae
Thymus hybr.;Lamiaceae
Thymus hybr.;Lamiaceae
Thymus hybr.;Lamiaceae
Thymus hybr.;Lamiaceae
Thymus hybr.;Lamiaceae
Thymus hybr.;Lamiaceae
Thymus hybr.;Lamiaceae
Thymus hybr.;Lamiaceae
Thymus hybr.;Lamiaceae
Thymus cherlerioides;Lamiaceae
Thymus incertus;Lamiaceae
Thymus integer;Lamiaceae
Thymus kosteleckyanus;Lamiaceae
Thymus leucostomus;Lamiaceae
Thymus leucotrichus;Lamiaceae
Thymus linearis;Lamiaceae
Thymus longicaulis;Lamiaceae
Thymus longicaulis;Lamiaceae
Thymus longicaulis;Lamiaceae
Thymus marshallianus;Lamiaceae
Thymus marshallianus;Lamiaceae
Thymus mastichina;Lamiaceae
Thymus mastichina;Lamiaceae
Thymus neiceffii;Lamiaceae
Thymus neiceffii;Lamiaceae
Thymus nitens;Lamiaceae
Thymus nummularius;Lamiaceae
Thymus oenipontanus;Lamiaceae
Thymus pannonicus;Lamiaceae
Thymus pavlovii;Lamiaceae
Thymus praecox;Lamiaceae
Thymus praecox;Lamiaceae
Thymus praecox;Lamiaceae
Thymus praecox;Lamiaceae
Thymus praecox;Lamiaceae
Thymus praecox;Lamiaceae
Thymus praecox;Lamiaceae
Thymus praecox;Lamiaceae
Thymus praecox;Lamiaceae
Thymus pseudolanuginosus;Lamiaceae
Thymus pulegioides;Lamiaceae
Thymus pulegioides;Lamiaceae
Thymus pulcherrimus;Lamiaceae
Thymus pulvinatus;Lamiaceae
Thymus rotundifolius;Lamiaceae
Thymus saturejoides;Lamiaceae
Thymus serpyllum;Lamiaceae
Thymus serpyllum;Lamiaceae
Thymus serpyllum;Lamiaceae
Thymus sibiricus;Lamiaceae
Thymus sibthorpii;Lamiaceae
Thymus sipyleus;Lamiaceae
Thymus sipyleus;Lamiaceae
Thymus sipyleus;Lamiaceae
Thymus sp.;Lamiaceae
Thymus sp.;Lamiaceae
Thymus sp.;Lamiaceae
Thymus striatus;Lamiaceae
Thymus thracicus;Lamiaceae
Thymus thracicus;Lamiaceae
Thymus tiflisiensis;Lamiaceae
Thymus villosus;Lamiaceae
Thymus vulgaris;Lamiaceae
Thymus vulgaris;Lamiaceae
Thymus vulgaris;Lamiaceae
Thymus vulgaris;Lamiaceae
Thymus vulgaris;Lamiaceae
Thymus vulgaris;Lamiaceae
Thymus vulgaris;Lamiaceae
Thymus vulgaris;Lamiaceae
Thymus vulgaris;Lamiaceae
Thymus zheguliensis;Lamiaceae
Thymus zygioides;Lamiaceae
Thymus zygis;Lamiaceae
Tiarella cordifolia;Saxifragaceae
Tiarella cordifolia;Saxifragaceae
Tiarella cordifolia;Saxifragaceae
Tiarella cordifolia;Saxifragaceae
Tiarella hybr.;Saxifragaceae
Tiarella hybr.;Saxifragaceae
Tiarella hybr.;Saxifragaceae
Tiarella hybr.;Saxifragaceae
Tiarella hybr.;Saxifragaceae
Tiarella trifoliata;Saxifragaceae
Tibouchina urvilleana;Melastomataceae
Tilia amurensis;Malvaceae
Tilia cordata;Malvaceae
Tilia cordata;Malvaceae
Tilia cordata;Malvaceae
Tilia dasystyla;Malvaceae
Tilia dasystyla;Malvaceae
Tilia heterophylla;Malvaceae
Tilia chinensis;Malvaceae
Tilia chingiana;Malvaceae
Tilia insularis;Malvaceae
Tilia intonsa;Malvaceae
Tilia japonica;Malvaceae
Tilia japonica;Malvaceae
Tilia kiusiana;Malvaceae
Tilia mandshurica;Malvaceae
Tilia mongolica;Malvaceae
Tilia olivieri;Malvaceae
Tilia paucicostata;Malvaceae
Tilia platyphyllos;Malvaceae
Tilia platyphyllos;Malvaceae
Tilia platyphyllos;Malvaceae
Tilia platyphyllos;Malvaceae
Tilia sp.;Malvaceae
Tilia tomentosa;Malvaceae
Tillaea aquatica;Crassulaceae
Tillandsia acostae;Bromeliaceae
Tillandsia acostae;Bromeliaceae
Tillandsia aeranthos;Bromeliaceae
Tillandsia aeranthos;Bromeliaceae
Tillandsia aeranthos;Bromeliaceae
Tillandsia aeranthos;Bromeliaceae
Tillandsia aeranthos;Bromeliaceae
Tillandsia aeranthos;Bromeliaceae
Tillandsia aguascalientensis;Bromeliaceae
Tillandsia aizoides;Bromeliaceae
Tillandsia aizoides;Bromeliaceae
Tillandsia albafrana;Bromeliaceae
Tillandsia albertiana;Bromeliaceae
Tillandsia albertiana;Bromeliaceae
Tillandsia albertiana;Bromeliaceae
Tillandsia albertiana;Bromeliaceae
Tillandsia albertiana;Bromeliaceae
Tillandsia albertiana;Bromeliaceae
Tillandsia albertiana;Bromeliaceae
Tillandsia albida;Bromeliaceae
Tillandsia albida;Bromeliaceae
Tillandsia albida;Bromeliaceae
Tillandsia albida;Bromeliaceae
Tillandsia albida;Bromeliaceae
Tillandsia albida;Bromeliaceae
Tillandsia albida;Bromeliaceae
Tillandsia albida;Bromeliaceae
Tillandsia albida;Bromeliaceae
Tillandsia albida;Bromeliaceae
Tillandsia alvareziae;Bromeliaceae
Tillandsia amquitensis;Bromeliaceae
Tillandsia anceps;Bromeliaceae
Tillandsia andrieuxii;Bromeliaceae
Tillandsia angulosa;Bromeliaceae
Tillandsia araujei;Bromeliaceae
Tillandsia araujei;Bromeliaceae
Tillandsia araujei;Bromeliaceae
Tillandsia araujei;Bromeliaceae
Tillandsia araujei;Bromeliaceae
Tillandsia araujei;Bromeliaceae
Tillandsia arequitae;Bromeliaceae
Tillandsia arequitae;Bromeliaceae
Tillandsia argentea;Bromeliaceae
Tillandsia argentina;Bromeliaceae
Tillandsia argentina;Bromeliaceae
Tillandsia argentina;Bromeliaceae
Tillandsia ariza-juliae;Bromeliaceae
Tillandsia atroviridipetala;Bromeliaceae
Tillandsia atroviridipetala;Bromeliaceae
Tillandsia atroviridipetala;Bromeliaceae
Tillandsia aureobrunnea;Bromeliaceae
Tillandsia aureobrunnea;Bromeliaceae
Tillandsia bagua-grandensis;Bromeliaceae
Tillandsia baileyi;Bromeliaceae
Tillandsia baileyi;Bromeliaceae
Tillandsia baileyi;Bromeliaceae
Tillandsia baileyi;Bromeliaceae
Tillandsia balbisiana;Bromeliaceae
Tillandsia balbisiana;Bromeliaceae
Tillandsia balsasensis;Bromeliaceae
Tillandsia balsasensis;Bromeliaceae
Tillandsia bartramii;Bromeliaceae
Tillandsia bartramii;Bromeliaceae
Tillandsia benthamiana;Bromeliaceae
Tillandsia bergerii;Bromeliaceae
Tillandsia bergerii;Bromeliaceae
Tillandsia bergerii;Bromeliaceae
Tillandsia bergerii;Bromeliaceae
Tillandsia bergerii;Bromeliaceae
Tillandsia bermejoensis;Bromeliaceae
Tillandsia brachycaulos;Bromeliaceae
Tillandsia brachycaulos;Bromeliaceae
Tillandsia brachycaulos;Bromeliaceae
Tillandsia brachycaulos;Bromeliaceae
Tillandsia brachycaulos;Bromeliaceae
Tillandsia brachycaulos;Bromeliaceae
Tillandsia brachycaulos;Bromeliaceae
Tillandsia bryoides;Bromeliaceae
Tillandsia bryoides;Bromeliaceae
Tillandsia bryoides;Bromeliaceae
Tillandsia bryoides;Bromeliaceae
Tillandsia bryoides;Bromeliaceae
Tillandsia bryoides;Bromeliaceae
Tillandsia bulbosa;Bromeliaceae
Tillandsia bulbosa;Bromeliaceae
Tillandsia bulbosa;Bromeliaceae
Tillandsia bulbosa;Bromeliaceae
Tillandsia bulbosa;Bromeliaceae
Tillandsia bulbosa;Bromeliaceae
Tillandsia butzii;Bromeliaceae
Tillandsia butzii;Bromeliaceae
Tillandsia butzii;Bromeliaceae
Tillandsia butzii;Bromeliaceae
Tillandsia butzii;Bromeliaceae
Tillandsia butzii;Bromeliaceae
Tillandsia butzii;Bromeliaceae
Tillandsia butzii;Bromeliaceae
Tillandsia butzii;Bromeliaceae
Tillandsia butzii;Bromeliaceae
Tillandsia butzii;Bromeliaceae
Tillandsia cacticola;Bromeliaceae
Tillandsia cacticola;Bromeliaceae
Tillandsia cacticola;Bromeliaceae
Tillandsia cacticola;Bromeliaceae
Tillandsia cacticola;Bromeliaceae
Tillandsia cacticola;Bromeliaceae
Tillandsia caerulea;Bromeliaceae
Tillandsia caerulea;Bromeliaceae
Tillandsia caliginosa;Bromeliaceae
Tillandsia caliginosa;Bromeliaceae
Tillandsia caliginosa;Bromeliaceae
Tillandsia caliginosa;Bromeliaceae
Tillandsia caliginosa;Bromeliaceae
Tillandsia calothyrsus;Bromeliaceae
Tillandsia cameulea;Bromeliaceae
Tillandsia capillaris;Bromeliaceae
Tillandsia capillaris;Bromeliaceae
Tillandsia capillaris;Bromeliaceae
Tillandsia capillaris;Bromeliaceae
Tillandsia capillaris;Bromeliaceae
Tillandsia capillaris;Bromeliaceae
Tillandsia capillaris;Bromeliaceae
Tillandsia capillaris;Bromeliaceae
Tillandsia capillaris;Bromeliaceae
Tillandsia capillaris;Bromeliaceae
Tillandsia capitata;Bromeliaceae
Tillandsia capitata;Bromeliaceae
Tillandsia capitata;Bromeliaceae
Tillandsia capitata;Bromeliaceae
Tillandsia caput-medusae;Bromeliaceae
Tillandsia caput-medusae;Bromeliaceae
Tillandsia caput-medusae;Bromeliaceae
Tillandsia cardenasii;Bromeliaceae
Tillandsia cardenasii;Bromeliaceae
Tillandsia carminea;Bromeliaceae
Tillandsia castellani;Bromeliaceae
Tillandsia caulescens;Bromeliaceae
Tillandsia caulescens;Bromeliaceae
Tillandsia caulescens;Bromeliaceae
Tillandsia caulescens;Bromeliaceae
Tillandsia cauligera;Bromeliaceae
Tillandsia cauligera;Bromeliaceae
Tillandsia cauligera;Bromeliaceae
Tillandsia circinnatioides;Bromeliaceae
Tillandsia cocoensis;Bromeliaceae
Tillandsia comarapaensis;Bromeliaceae
Tillandsia comarapaensis;Bromeliaceae
Tillandsia comarapaensis;Bromeliaceae
Tillandsia comarapaensis;Bromeliaceae
Tillandsia concolor;Bromeliaceae
Tillandsia copanensis;Bromeliaceae
Tillandsia copanensis;Bromeliaceae
Tillandsia crispa;Bromeliaceae
Tillandsia crocata;Bromeliaceae
Tillandsia crocata;Bromeliaceae
Tillandsia cryptopoda;Bromeliaceae
Tillandsia dependens;Bromeliaceae
Tillandsia diaguitensis;Bromeliaceae
Tillandsia diaguitensis;Bromeliaceae
Tillandsia diaguitensis;Bromeliaceae
Tillandsia diguetii;Bromeliaceae
Tillandsia disticha;Bromeliaceae
Tillandsia disticha;Bromeliaceae
Tillandsia disticha;Bromeliaceae
Tillandsia disticha;Bromeliaceae
Tillandsia dorotheae;Bromeliaceae
Tillandsia dura;Bromeliaceae
Tillandsia durangensis;Bromeliaceae
Tillandsia duratii;Bromeliaceae
Tillandsia duratii;Bromeliaceae
Tillandsia duratii;Bromeliaceae
Tillandsia duratii;Bromeliaceae
Tillandsia duratii;Bromeliaceae
Tillandsia edithae;Bromeliaceae
Tillandsia edithae;Bromeliaceae
Tillandsia edithae x albertiana;Bromeliaceae
Tillandsia edithae x albertiana;Bromeliaceae
Tillandsia edithae x albertiana;Bromeliaceae
Tillandsia elizabethae;Bromeliaceae
Tillandsia erubescens;Bromeliaceae
Tillandsia extensa;Bromeliaceae
Tillandsia fasciculata;Bromeliaceae
Tillandsia fasciculata;Bromeliaceae
Tillandsia fasciculata;Bromeliaceae
Tillandsia fasciculata;Bromeliaceae
Tillandsia fasciculata;Bromeliaceae
Tillandsia fasciculata;Bromeliaceae
Tillandsia fasciculata;Bromeliaceae
Tillandsia fasciculata;Bromeliaceae
Tillandsia fasciculata;Bromeliaceae
Tillandsia ferreyrae;Bromeliaceae
Tillandsia ferrisiana;Bromeliaceae
Tillandsia ferrisiana;Bromeliaceae
Tillandsia festucoides;Bromeliaceae
Tillandsia filifolia;Bromeliaceae
Tillandsia filifolia;Bromeliaceae
Tillandsia flabellata;Bromeliaceae
Tillandsia flabellata;Bromeliaceae
Tillandsia flabellata;Bromeliaceae
Tillandsia flabellata;Bromeliaceae
Tillandsia flexuosa;Bromeliaceae
Tillandsia flexuosa;Bromeliaceae
Tillandsia floribunda;Bromeliaceae
Tillandsia fresnilloensis;Bromeliaceae
Tillandsia fresnilloensis;Bromeliaceae
Tillandsia fresnilloensis;Bromeliaceae
Tillandsia fresnilloensis;Bromeliaceae
Tillandsia fresnilloensis;Bromeliaceae
Tillandsia fresnilloensis;Bromeliaceae
Tillandsia fresnilloensis;Bromeliaceae
Tillandsia fresnilloensis;Bromeliaceae
Tillandsia fuchsii;Bromeliaceae
Tillandsia fuchsii;Bromeliaceae
Tillandsia fuchsii;Bromeliaceae
Tillandsia fuchsii;Bromeliaceae
Tillandsia fuchsii;Bromeliaceae
Tillandsia fuchsii;Bromeliaceae
Tillandsia fuchsii;Bromeliaceae
Tillandsia fuchsii;Bromeliaceae
Tillandsia funckiana;Bromeliaceae
Tillandsia funebris;Bromeliaceae
Tillandsia gardneri;Bromeliaceae
Tillandsia gardneri;Bromeliaceae
Tillandsia gardneri;Bromeliaceae
Tillandsia gardneri;Bromeliaceae
Tillandsia gayi;Bromeliaceae
Tillandsia geminiflora;Bromeliaceae
Tillandsia geminiflora;Bromeliaceae
Tillandsia geraensis;Bromeliaceae
Tillandsia geraensis;Bromeliaceae
Tillandsia gerdae;Bromeliaceae
Tillandsia gilliesii;Bromeliaceae
Tillandsia globosa;Bromeliaceae
Tillandsia globosa;Bromeliaceae
Tillandsia harrisii;Bromeliaceae
Tillandsia harrisii;Bromeliaceae
Tillandsia harrisii;Bromeliaceae
Tillandsia harrisii;Bromeliaceae
Tillandsia heteromorpha;Bromeliaceae
Tillandsia heteromorpha;Bromeliaceae
Tillandsia heteromorpha;Bromeliaceae
Tillandsia hildae;Bromeliaceae
Tillandsia hildae;Bromeliaceae
Tillandsia hildae;Bromeliaceae
Tillandsia hondurensis;Bromeliaceae
Tillandsia humilis;Bromeliaceae
Tillandsia humilis;Bromeliaceae
Tillandsia humilis;Bromeliaceae
Tillandsia chaetophylla;Bromeliaceae
Tillandsia chaetophylla;Bromeliaceae
Tillandsia chaetophylla;Bromeliaceae
Tillandsia chartacea;Bromeliaceae
Tillandsia chartacea;Bromeliaceae
Tillandsia chiapensis;Bromeliaceae
Tillandsia chiapensis;Bromeliaceae
Tillandsia chiapensis;Bromeliaceae
Tillandsia ignesiae;Bromeliaceae
Tillandsia ignesiae;Bromeliaceae
Tillandsia ignesiae;Bromeliaceae
Tillandsia incarnata;Bromeliaceae
Tillandsia incarnata;Bromeliaceae
Tillandsia incarnata;Bromeliaceae
Tillandsia intermedia;Bromeliaceae
Tillandsia ionantha;Bromeliaceae
Tillandsia ionantha;Bromeliaceae
Tillandsia ionantha;Bromeliaceae
Tillandsia ionantha;Bromeliaceae
Tillandsia ionantha;Bromeliaceae
Tillandsia ionantha;Bromeliaceae
Tillandsia ionantha;Bromeliaceae
Tillandsia ionantha;Bromeliaceae
Tillandsia ionantha;Bromeliaceae
Tillandsia ionantha;Bromeliaceae
Tillandsia ionantha;Bromeliaceae
Tillandsia ionantha;Bromeliaceae
Tillandsia ionantha;Bromeliaceae
Tillandsia ionantha;Bromeliaceae
Tillandsia ionantha;Bromeliaceae
Tillandsia ionantha;Bromeliaceae
Tillandsia ionantha;Bromeliaceae
Tillandsia ionantha;Bromeliaceae
Tillandsia ionantha;Bromeliaceae
Tillandsia ionantha;Bromeliaceae
Tillandsia ionantha;Bromeliaceae
Tillandsia ionantha x stricta;Bromeliaceae
Tillandsia ionantha x stricta;Bromeliaceae
Tillandsia ixioides;Bromeliaceae
Tillandsia ixioides;Bromeliaceae
Tillandsia janishiana;Bromeliaceae
Tillandsia jucunda;Bromeliaceae
Tillandsia juncea;Bromeliaceae
Tillandsia juncea;Bromeliaceae
Tillandsia juncea;Bromeliaceae
Tillandsia juncea;Bromeliaceae
Tillandsia juncea;Bromeliaceae
Tillandsia juncifolia;Bromeliaceae
Tillandsia kammii;Bromeliaceae
Tillandsia kammii;Bromeliaceae
Tillandsia kammii;Bromeliaceae
Tillandsia karwinskyana;Bromeliaceae
Tillandsia kautskyi;Bromeliaceae
Tillandsia kautskyi;Bromeliaceae
Tillandsia kautskyi x brachycaulos;Bromeliaceae
Tillandsia kegeliana;Bromeliaceae
Tillandsia kirschnekii;Bromeliaceae
Tillandsia kirschnekii;Bromeliaceae
Tillandsia kolbii;Bromeliaceae
Tillandsia landbeckii;Bromeliaceae
Tillandsia landbeckii;Bromeliaceae
Tillandsia landbeckii;Bromeliaceae
Tillandsia latifolia;Bromeliaceae
Tillandsia latifolia;Bromeliaceae
Tillandsia latifolia;Bromeliaceae
Tillandsia latifolia;Bromeliaceae
Tillandsia latifolia;Bromeliaceae
Tillandsia latifolia;Bromeliaceae
Tillandsia latifolia;Bromeliaceae
Tillandsia latifolia;Bromeliaceae
Tillandsia lautneri;Bromeliaceae
Tillandsia lautneri;Bromeliaceae
Tillandsia leonamiana;Bromeliaceae
Tillandsia leonamiana;Bromeliaceae
Tillandsia lepidosepala;Bromeliaceae
Tillandsia lindeni;Bromeliaceae
Tillandsia loliacea;Bromeliaceae
Tillandsia loliacea;Bromeliaceae
Tillandsia loliacea;Bromeliaceae
Tillandsia loliacea;Bromeliaceae
Tillandsia loliacea;Bromeliaceae
Tillandsia lorentziana;Bromeliaceae
Tillandsia lorentziana;Bromeliaceae
Tillandsia lymanii;Bromeliaceae
Tillandsia macbrideana;Bromeliaceae
Tillandsia magnusiana;Bromeliaceae
Tillandsia magnusiana;Bromeliaceae
Tillandsia magnusiana;Bromeliaceae
Tillandsia mallemontii;Bromeliaceae
Tillandsia mallemontii;Bromeliaceae
Tillandsia mallemontii;Bromeliaceae
Tillandsia mallemontii;Bromeliaceae
Tillandsia marconae;Bromeliaceae
Tillandsia matudae;Bromeliaceae
Tillandsia mauryana;Bromeliaceae
Tillandsia mauryana;Bromeliaceae
Tillandsia mauryana;Bromeliaceae
Tillandsia meridionalis;Bromeliaceae
Tillandsia meridionalis;Bromeliaceae
Tillandsia meridionalis;Bromeliaceae
Tillandsia meridionalis;Bromeliaceae
Tillandsia meridionalis;Bromeliaceae
Tillandsia meridionalis;Bromeliaceae
Tillandsia meridionalis;Bromeliaceae
Tillandsia micans;Bromeliaceae
Tillandsia micans;Bromeliaceae
Tillandsia micans;Bromeliaceae
Tillandsia mitlaensis;Bromeliaceae
Tillandsia mitlaensis;Bromeliaceae
Tillandsia mitlaensis;Bromeliaceae
Tillandsia mitlaensis;Bromeliaceae
Tillandsia mitlaensis;Bromeliaceae
Tillandsia mitlaensis;Bromeliaceae
Tillandsia mollis;Bromeliaceae
Tillandsia mollis;Bromeliaceae
Tillandsia montana;Bromeliaceae
Tillandsia montana;Bromeliaceae
Tillandsia moscosoi;Bromeliaceae
Tillandsia muhriae;Bromeliaceae
Tillandsia myosura;Bromeliaceae
Tillandsia myosura;Bromeliaceae
Tillandsia myosura;Bromeliaceae
Tillandsia myosura;Bromeliaceae
Tillandsia nana;Bromeliaceae
Tillandsia nana;Bromeliaceae
Tillandsia nana;Bromeliaceae
Tillandsia nana;Bromeliaceae
Tillandsia nana;Bromeliaceae
Tillandsia nana;Bromeliaceae
Tillandsia nana;Bromeliaceae
Tillandsia narthecioides;Bromeliaceae
Tillandsia narthecioides;Bromeliaceae
Tillandsia neglecta;Bromeliaceae
Tillandsia neglecta;Bromeliaceae
Tillandsia neglecta;Bromeliaceae
Tillandsia neglecta;Bromeliaceae
Tillandsia neglecta;Bromeliaceae
Tillandsia oerstediana;Bromeliaceae
Tillandsia orogenes;Bromeliaceae
Tillandsia oroyensis;Bromeliaceae
Tillandsia oroyensis;Bromeliaceae
Tillandsia oroyensis;Bromeliaceae
Tillandsia paleacea;Bromeliaceae
Tillandsia paleacea;Bromeliaceae
Tillandsia paleacea;Bromeliaceae
Tillandsia paleacea;Bromeliaceae
Tillandsia paleacea;Bromeliaceae
Tillandsia paleacea;Bromeliaceae
Tillandsia paleacea;Bromeliaceae
Tillandsia paleacea;Bromeliaceae
Tillandsia paleacea;Bromeliaceae
Tillandsia paleacea;Bromeliaceae
Tillandsia paleacea;Bromeliaceae
Tillandsia paleacea;Bromeliaceae
Tillandsia paraensis;Bromeliaceae
Tillandsia paraensis;Bromeliaceae
Tillandsia pauciflora;Bromeliaceae
Tillandsia paucifolia;Bromeliaceae
Tillandsia pedicellata;Bromeliaceae
Tillandsia peiranoi;Bromeliaceae
Tillandsia plagiotropica;Bromeliaceae
Tillandsia plagiotropica;Bromeliaceae
Tillandsia pleiostycha;Bromeliaceae
Tillandsia plumosa;Bromeliaceae
Tillandsia plumosa;Bromeliaceae
Tillandsia plumosa;Bromeliaceae
Tillandsia plumosa;Bromeliaceae
Tillandsia plumosa;Bromeliaceae
Tillandsia pohliana;Bromeliaceae
Tillandsia pohliana;Bromeliaceae
Tillandsia pohliana;Bromeliaceae
Tillandsia pohliana;Bromeliaceae
Tillandsia pohliana;Bromeliaceae
Tillandsia polita;Bromeliaceae
Tillandsia polita;Bromeliaceae
Tillandsia polystachia;Bromeliaceae
Tillandsia polystachia;Bromeliaceae
Tillandsia ponderosa;Bromeliaceae
Tillandsia praschekii;Bromeliaceae
Tillandsia praschekii;Bromeliaceae
Tillandsia pruinosa;Bromeliaceae
Tillandsia pruinosa;Bromeliaceae
Tillandsia pseudobaileyi;Bromeliaceae
Tillandsia pseudosetacea;Bromeliaceae
Tillandsia pueblensis;Bromeliaceae
Tillandsia pueblensis;Bromeliaceae
Tillandsia pueblensis;Bromeliaceae
Tillandsia pueblensis;Bromeliaceae
Tillandsia pulchella;Bromeliaceae
Tillandsia punctulata;Bromeliaceae
Tillandsia purpurea;Bromeliaceae
Tillandsia purpurea;Bromeliaceae
Tillandsia purpurea;Bromeliaceae
Tillandsia queroensis;Bromeliaceae
Tillandsia rectangula;Bromeliaceae
Tillandsia rectangula;Bromeliaceae
Tillandsia rectangula;Bromeliaceae
Tillandsia rectifolia;Bromeliaceae
Tillandsia rectifolia;Bromeliaceae
Tillandsia recurvata;Bromeliaceae
Tillandsia recurvata;Bromeliaceae
Tillandsia recurvata;Bromeliaceae
Tillandsia recurvifolia;Bromeliaceae
Tillandsia recurvifolia;Bromeliaceae
Tillandsia recurvifolia;Bromeliaceae
Tillandsia reichenbachii;Bromeliaceae
Tillandsia reichenbachii;Bromeliaceae
Tillandsia reichenbachii;Bromeliaceae
Tillandsia reichenbachii;Bromeliaceae
Tillandsia reichenbachii;Bromeliaceae
Tillandsia reichenbachii;Bromeliaceae
Tillandsia rodrigueziana;Bromeliaceae
Tillandsia rodrigueziana;Bromeliaceae
Tillandsia secunda;Bromeliaceae
Tillandsia seideliana;Bromeliaceae
Tillandsia seleriana;Bromeliaceae
Tillandsia seleriana;Bromeliaceae
Tillandsia seleriana;Bromeliaceae
Tillandsia seleriana;Bromeliaceae
Tillandsia seleriana;Bromeliaceae
Tillandsia seleriana;Bromeliaceae
Tillandsia seleriana;Bromeliaceae
Tillandsia setacea;Bromeliaceae
Tillandsia setacea;Bromeliaceae
Tillandsia setacea;Bromeliaceae
Tillandsia schatzlii;Bromeliaceae
Tillandsia schatzlii;Bromeliaceae
Tillandsia schatzlii;Bromeliaceae
Tillandsia schiedeana;Bromeliaceae
Tillandsia schiedeana;Bromeliaceae
Tillandsia schiedeana;Bromeliaceae
Tillandsia schiedeana;Bromeliaceae
Tillandsia schiedeana;Bromeliaceae
Tillandsia schiedeana;Bromeliaceae
Tillandsia schiedeana;Bromeliaceae
Tillandsia schiedeana;Bromeliaceae
Tillandsia schiedeana;Bromeliaceae
Tillandsia schiedeana;Bromeliaceae
Tillandsia schiedeana;Bromeliaceae
Tillandsia schiedeana;Bromeliaceae
Tillandsia schiedeana;Bromeliaceae
Tillandsia schreiteri;Bromeliaceae
Tillandsia schusteri;Bromeliaceae
Tillandsia sp.;Bromeliaceae
Tillandsia sp.;Bromeliaceae
Tillandsia sp.;Bromeliaceae
Tillandsia sp.;Bromeliaceae
Tillandsia sp.;Bromeliaceae
Tillandsia sp.;Bromeliaceae
Tillandsia sp.;Bromeliaceae
Tillandsia sp.;Bromeliaceae
Tillandsia sp.;Bromeliaceae
Tillandsia sp.;Bromeliaceae
Tillandsia sp.;Bromeliaceae
Tillandsia sp.;Bromeliaceae
Tillandsia sp.;Bromeliaceae
Tillandsia sp.;Bromeliaceae
Tillandsia sp.;Bromeliaceae
Tillandsia sp.;Bromeliaceae
Tillandsia sp.;Bromeliaceae
Tillandsia sp.;Bromeliaceae
Tillandsia sp.;Bromeliaceae
Tillandsia sp.;Bromeliaceae
Tillandsia sp.;Bromeliaceae
Tillandsia sp.;Bromeliaceae
Tillandsia sp.;Bromeliaceae
Tillandsia sp.;Bromeliaceae
Tillandsia sp.;Bromeliaceae
Tillandsia sp.;Bromeliaceae
Tillandsia sp.;Bromeliaceae
Tillandsia sp.;Bromeliaceae
Tillandsia sp.;Bromeliaceae
Tillandsia sp.;Bromeliaceae
Tillandsia sp.;Bromeliaceae
Tillandsia sp.;Bromeliaceae
Tillandsia sp.;Bromeliaceae
Tillandsia sp.;Bromeliaceae
Tillandsia sp.;Bromeliaceae
Tillandsia sp.;Bromeliaceae
Tillandsia sp.;Bromeliaceae
Tillandsia sp.;Bromeliaceae
Tillandsia sp.;Bromeliaceae
Tillandsia sp.;Bromeliaceae
Tillandsia sp.;Bromeliaceae
Tillandsia sp.;Bromeliaceae
Tillandsia sp.;Bromeliaceae
Tillandsia sp.;Bromeliaceae
Tillandsia sp.;Bromeliaceae
Tillandsia sp.;Bromeliaceae
Tillandsia sp.;Bromeliaceae
Tillandsia sp.;Bromeliaceae
Tillandsia sp.;Bromeliaceae
Tillandsia sp.;Bromeliaceae
Tillandsia sp.;Bromeliaceae
Tillandsia sp.;Bromeliaceae
Tillandsia sp.;Bromeliaceae
Tillandsia sp.;Bromeliaceae
Tillandsia sp.;Bromeliaceae
Tillandsia sp.;Bromeliaceae
Tillandsia sp.n.;Bromeliaceae
Tillandsia sphaerocephala;Bromeliaceae
Tillandsia spiralipetala;Bromeliaceae
Tillandsia sprengeliana;Bromeliaceae
Tillandsia sprengeliana;Bromeliaceae
Tillandsia standleyi;Bromeliaceae
Tillandsia stellifera;Bromeliaceae
Tillandsia straminea;Bromeliaceae
Tillandsia straminea;Bromeliaceae
Tillandsia straminea;Bromeliaceae
Tillandsia straminea;Bromeliaceae
Tillandsia straminea;Bromeliaceae
Tillandsia straminea;Bromeliaceae
Tillandsia straminea;Bromeliaceae
Tillandsia streptocarpa;Bromeliaceae
Tillandsia streptocarpa;Bromeliaceae
Tillandsia streptocarpa;Bromeliaceae
Tillandsia streptocarpa;Bromeliaceae
Tillandsia streptocarpa;Bromeliaceae
Tillandsia streptophylla;Bromeliaceae
Tillandsia streptophylla;Bromeliaceae
Tillandsia streptophylla;Bromeliaceae
Tillandsia streptophylla;Bromeliaceae
Tillandsia streptophylla;Bromeliaceae
Tillandsia streptophylla;Bromeliaceae
Tillandsia streptophylla x brachycaulos;Bromeliaceae
Tillandsia stricta;Bromeliaceae
Tillandsia stricta;Bromeliaceae
Tillandsia stricta;Bromeliaceae
Tillandsia stricta;Bromeliaceae
Tillandsia stricta;Bromeliaceae
Tillandsia stricta;Bromeliaceae
Tillandsia stricta;Bromeliaceae
Tillandsia stricta;Bromeliaceae
Tillandsia stricta;Bromeliaceae
Tillandsia stricta;Bromeliaceae
Tillandsia stricta;Bromeliaceae
Tillandsia stricta;Bromeliaceae
Tillandsia subteres;Bromeliaceae
Tillandsia sucrei;Bromeliaceae
Tillandsia tectorum;Bromeliaceae
Tillandsia tectorum;Bromeliaceae
Tillandsia tectorum;Bromeliaceae
Tillandsia tectorum;Bromeliaceae
Tillandsia tectorum;Bromeliaceae
Tillandsia tectorum;Bromeliaceae
Tillandsia tectorum;Bromeliaceae
Tillandsia tectorum;Bromeliaceae
Tillandsia tectorum;Bromeliaceae
Tillandsia tenuifolia;Bromeliaceae
Tillandsia tenuifolia;Bromeliaceae
Tillandsia tenuifolia;Bromeliaceae
Tillandsia tenuifolia;Bromeliaceae
Tillandsia tenuifolia;Bromeliaceae
Tillandsia tenuifolia;Bromeliaceae
Tillandsia tenuifolia;Bromeliaceae
Tillandsia tenuifolia;Bromeliaceae
Tillandsia tenuifolia;Bromeliaceae
Tillandsia tenuifolia;Bromeliaceae
Tillandsia tetrantha;Bromeliaceae
Tillandsia tortilis;Bromeliaceae
Tillandsia tricolor;Bromeliaceae
Tillandsia tricolor;Bromeliaceae
Tillandsia tricolor;Bromeliaceae
Tillandsia triglochinoides;Bromeliaceae
Tillandsia tricholepis;Bromeliaceae
Tillandsia tricholepis;Bromeliaceae
Tillandsia tricholepis;Bromeliaceae
Tillandsia turquinensis;Bromeliaceae
Tillandsia usneoides;Bromeliaceae
Tillandsia utriculata;Bromeliaceae
Tillandsia utriculata;Bromeliaceae
Tillandsia utriculata;Bromeliaceae
Tillandsia utriculata;Bromeliaceae
Tillandsia velickiana;Bromeliaceae
Tillandsia velutina;Bromeliaceae
Tillandsia vernicosa;Bromeliaceae
Tillandsia vernicosa;Bromeliaceae
Tillandsia vernicosa;Bromeliaceae
Tillandsia vincentiensis;Bromeliaceae
Tillandsia vincentiensis;Bromeliaceae
Tillandsia virescens;Bromeliaceae
Tillandsia virescens;Bromeliaceae
Tillandsia wagneriana;Bromeliaceae
Tillandsia wagneriana;Bromeliaceae
Tillandsia weberi;Bromeliaceae
Tillandsia werdermannii;Bromeliaceae
Tillandsia werdermannii;Bromeliaceae
Tillandsia werneriana;Bromeliaceae
Tillandsia x correalei;Bromeliaceae
Tillandsia x victoriae;Bromeliaceae
Tillandsia xerographica;Bromeliaceae
Tillandsia xerographica;Bromeliaceae
Tillandsia xiphioides;Bromeliaceae
Tinospora tenera;Menispermaceae
Titanopsis fulleri;Aizoaceae
Titanotrichum oldhamii;Gesneriaceae
Todea barbara;Osmundaceae
Tofieldia coccinea;Tofieldaceae
Tofieldia nuda;Tofieldaceae
Tofieldia pusilla;Tofieldaceae
Tofieldia sp.;Tofieldaceae
Tolmiea menziesii;Saxifragaceae
Tolmiea menziesii;Saxifragaceae
Tolpis barbata;Asteraceae
Tolumnia hawkesiana;Orchidaceae
Toona sinensis;Meliaceae
Toona sinensis;Meliaceae
Torenia concolor;Linderniaceae
Torenia fournieri;Linderniaceae
Torenia sp.;Linderniaceae
Torenia violacea;Linderniaceae
Tornabenea bischoffii;Apiaceae
Torreya californica;Taxaceae
Torreya grandis;Taxaceae
Tovaria pendula;Tovariaceae
Tradescantia hybr.;Commelinaceae
Tradescantia hybr.;Commelinaceae
Tradescantia occidentalis;Commelinaceae
Tradescantia occidentalis;Commelinaceae
Tradescantia ohiensis;Commelinaceae
Tradescantia ohiensis;Commelinaceae
Tradescantia ohiensis;Commelinaceae
Tradescantia sillamontana;Commelinaceae
Tradescantia sp.;Commelinaceae
Tradescantia subaspera;Commelinaceae
Tradescantia x andersoniana;Commelinaceae
Tradescantia x andersoniana;Commelinaceae
Tradescantia x andersoniana;Commelinaceae
Trachelospermum jasminoides;Apocynaceae
Trachelospermum jasminoides;Apocynaceae
Trachelospermum jasminoides;Apocynaceae
Tracheospermum sp.;Apocynaceae
Trachycarpus fortunei;Arecaceae
Trachycarpus fortunei;Arecaceae
Trachycarpus fortunei;Arecaceae
Trachycarpus fortunei;Arecaceae
Trachycarpus fortunei;Arecaceae
Trachycarpus fortunei;Arecaceae
Trachycarpus fortunei;Arecaceae
Trachycarpus geminisectus;Arecaceae
Trachycarpus martianus;Arecaceae
Trachycarpus nana;Arecaceae
Trachycarpus princeps;Arecaceae
Trachycarpus takil;Arecaceae
Trachyphrynium braunianum;Marantaceae
Trachystemon orientalis;Boraginaceae
Trapa natans;Lythraceae
Trautvetteria caroliniensis;Ranunculaceae
Trema micrantha;Cannabaceae
Tremacron aurantiacum;Gesneriaceae
Trevesia burckii;Araliaceae
Trevesia burckii;Araliaceae
Trevesia sp.;Araliaceae
Trevesia sp.;Araliaceae
Trevesia sp.;Araliaceae
Trevesia sp.;Araliaceae
Triantha glutinosa;
Trias nasuta;Orchidaceae
Tricyclandra leandrii;Cucurbitaceae
Tricyrtis affinis;Liliaceae
Tricyrtis formosana;Liliaceae
Tricyrtis formosana;Liliaceae
Tricyrtis formosana;Liliaceae
Tricyrtis formosana;Liliaceae
Tricyrtis formosana;Liliaceae
Tricyrtis formosana;Liliaceae
Tricyrtis hirta;Liliaceae
Tricyrtis hirta;Liliaceae
Tricyrtis hirta;Liliaceae
Tricyrtis hirta;Liliaceae
Tricyrtis hirta;Liliaceae
Tricyrtis hybr.;Liliaceae
Tricyrtis hybr.;Liliaceae
Tricyrtis hybr.;Liliaceae
Tricyrtis hybr.;Liliaceae
Tricyrtis ishiiana;Liliaceae
Tricyrtis lasiocarpa;Liliaceae
Tricyrtis latifolia;Liliaceae
Tricyrtis latifolia;Liliaceae
Tricyrtis macrantha;Liliaceae
Tricyrtis macrantha;Liliaceae
Tricyrtis macranthopsis;Liliaceae
Tricyrtis macropoda;Liliaceae
Tricyrtis maculata;Liliaceae
Tricyrtis puberula;Liliaceae
Tricyrtis stolonifera;Liliaceae
Tridax procumbens;Asteraceae
Trifolium alpestre;Fabaceae (s.str.)
Trifolium arvense;Fabaceae (s.str.)
Trifolium fragiferum;Fabaceae (s.str.)
Trifolium fragiferum;Fabaceae (s.str.)
Trifolium montanum;Fabaceae (s.str.)
Trifolium pannonicum;Fabaceae (s.str.)
Trifolium pratense;Fabaceae (s.str.)
Trifolium retusum;Fabaceae (s.str.)
Trifolium rubens;Fabaceae (s.str.)
Triglochin maritimum;Juncaginaceae
Triglochin scilloides;Juncaginaceae
Triglochin sp.;Juncaginaceae
Trigonidium egertonianum;Orchidaceae
Trigonidium egertonianum;Orchidaceae
Trichantha purpureovittata;Gesneriaceae
Trichantha sp.;Gesneriaceae
Trichocentrum sprucei;Orchidaceae
Trichocereus sp.;Cactaceae
Trichoceros parviflorus;
Trichoceros platyceros;Orchidaceae
Trichocladus crinitus;Hamamelidaceae
Trichodesma scotti;Boraginaceae
Trichodiadema intonsum;Aizoaceae
Trichodiadema mirabile;Aizoaceae
Trichodiadema peersii;Aizoaceae
Trichoglottis brachiata;Orchidaceae
Trichoglottis brachyata;Orchidaceae
Trichoglottis geminata;Orchidaceae
Trichoglottis latisepala;Orchidaceae
Trichoglottis philippinensis;Orchidaceae
Trichoglottis pusilla;Orchidaceae
Trichoglottis retusa;Orchidaceae
Trichoglottis seidenfadenii;Orchidaceae
Trichoglottis sp.;Orchidaceae
Trichophorum alpinum;Cyperaceae
Trichophorum cespitosum;Cyperaceae
Trichopilia marginata;Orchidaceae
Trichopilia suavis;Orchidaceae
Trichosanthes homophylla;Cucurbitaceae
Trichosanthes kirilowii;Cucurbitaceae
Trichotosia microphylla;Orchidaceae
Trichotosia microphylla;Orchidaceae
Trimezia martinicensis;Iridaceae
Trimezia steyermarkii;Iridaceae
Triosteum aurantiacum;Caprifoliaceae
Triosteum erythrocarpum;Caprifoliaceae
Triosteum erythrocarpum;Caprifoliaceae
Triosteum himalayanum;Caprifoliaceae
Triosteum perfoliatum;Caprifoliaceae
Triosteum pinnatifidum;Caprifoliaceae
Triosteum pinnatifidum;Caprifoliaceae
Tripetaleia bracteata;Ericaceae
Tripetaleia paniculata;Ericaceae
Tripolium pannonicum;Asteraceae
Tripterygium regelii;Celastraceae
Trisetella cordeliae;
Trithrinax campestris;Arecaceae
Trithrinax campestris;Arecaceae
Trithrinax schizophylla;Arecaceae
Trochetiopsis ebenus;Malvaceae
Trochodendron aralioides;Trochodendraceae
Trochodendron aralioides;Trochodendraceae
Trochodendron aralioides;Trochodendraceae
Trochomeriopsis diversifolia;Cucurbitaceae
Trochomeriopsis diversifolia;Cucurbitaceae
Trollius altissimus;Ranunculaceae
Trollius hybr.;Ranunculaceae
Trollius hybr.;Ranunculaceae
Trollius hybr.;Ranunculaceae
Trollius chinensis;Ranunculaceae
Trollius x cultorum;Ranunculaceae
Trollius x cultorum;Ranunculaceae
Trollius x cultorum;Ranunculaceae
Trollius x cultorum;Ranunculaceae
Trollius x cultorum;Ranunculaceae
Tromotriche herrei;Apocynaceae
Tromotriche revoluta;Apocynaceae
Tropaeolum leptophyllum;Tropaeolaceae
Tropaeolum majus;Tropaeolaceae
Tsuga canadensis;Pinaceae
Tsuga canadensis;Pinaceae
Tsuga diversifolia;Pinaceae
Tsuga mertensiana;Pinaceae
Tsuga sieboldii;Pinaceae
Tulbaghia acutiloba;Amaryllidaceae (Alliaceae)
Tulbaghia capensis;Amaryllidaceae (Alliaceae)
Tulbaghia ludwigiana;Amaryllidaceae (Alliaceae)
Tulbaghia simmleri;Amaryllidaceae (Alliaceae)
Tulbaghia simmleri;Amaryllidaceae (Alliaceae)
Tulbaghia violacea;Amaryllidaceae (Alliaceae)
Tulipa batalini;Liliaceae
Tulipa batalini;Liliaceae
Tulipa biflora;Liliaceae
Tulipa clusiana;Liliaceae
Tulipa clusiana;Liliaceae
Tulipa clusiana;Liliaceae
Tulipa clusiana;Liliaceae
Tulipa clusiana;Liliaceae
Tulipa cretica;Liliaceae
Tulipa didieri;Liliaceae
Tulipa fosteriana;Liliaceae
Tulipa fosteriana;Liliaceae
Tulipa fosteriana;Liliaceae
Tulipa fosteriana;Liliaceae
Tulipa greigi;Liliaceae
Tulipa greigi;Liliaceae
Tulipa greigi;Liliaceae
Tulipa greigi;Liliaceae
Tulipa greigi;Liliaceae
Tulipa greigi;Liliaceae
Tulipa greigi;Liliaceae
Tulipa greigi;Liliaceae
Tulipa humilis;Liliaceae
Tulipa hybr.;Liliaceae
Tulipa hybr.;Liliaceae
Tulipa hybr.;Liliaceae
Tulipa hybr.;Liliaceae
Tulipa hybr.;Liliaceae
Tulipa hybr.;Liliaceae
Tulipa hybr.;Liliaceae
Tulipa hybr.;Liliaceae
Tulipa hybr.;Liliaceae
Tulipa hybr.;Liliaceae
Tulipa hybr.;Liliaceae
Tulipa hybr.;Liliaceae
Tulipa hybr.;Liliaceae
Tulipa hybr.;Liliaceae
Tulipa hybr.;Liliaceae
Tulipa hybr.;Liliaceae
Tulipa hybr.;Liliaceae
Tulipa hybr.;Liliaceae
Tulipa hybr.;Liliaceae
Tulipa hybr.;Liliaceae
Tulipa hybr.;Liliaceae
Tulipa hybr.;Liliaceae
Tulipa hybr.;Liliaceae
Tulipa hybr.;Liliaceae
Tulipa hybr.;Liliaceae
Tulipa hybr.;Liliaceae
Tulipa hybr.;Liliaceae
Tulipa hybr.;Liliaceae
Tulipa hybr.;Liliaceae
Tulipa hybr.;Liliaceae
Tulipa hybr.;Liliaceae
Tulipa hybr.;Liliaceae
Tulipa hybr.;Liliaceae
Tulipa hybr.;Liliaceae
Tulipa hybr.;Liliaceae
Tulipa hybr.;Liliaceae
Tulipa hybr.;Liliaceae
Tulipa hybr.;Liliaceae
Tulipa hybr.;Liliaceae
Tulipa hybr.;Liliaceae
Tulipa hybr.;Liliaceae
Tulipa hybr.;Liliaceae
Tulipa hybr.;Liliaceae
Tulipa kaufmanniana;Liliaceae
Tulipa kaufmanniana;Liliaceae
Tulipa kaufmanniana;Liliaceae
Tulipa kaufmanniana;Liliaceae
Tulipa kaufmanniana;Liliaceae
Tulipa kaufmanniana;Liliaceae
Tulipa kaufmanniana;Liliaceae
Tulipa kolpakowskiana;Liliaceae
Tulipa linifolia;Liliaceae
Tulipa montana;Liliaceae
Tulipa neustruevae;Liliaceae
Tulipa orphanidea;Liliaceae
Tulipa orphanidea;Liliaceae
Tulipa orphanidea;Liliaceae
Tulipa praestans;Liliaceae
Tulipa praestans;Liliaceae
Tulipa praestans;Liliaceae
Tulipa pulchella;Liliaceae
Tulipa pulchella;Liliaceae
Tulipa pulchella;Liliaceae
Tulipa pulchella;Liliaceae
Tulipa saxatilis;Liliaceae
Tulipa saxatilis;Liliaceae
Tulipa sp.;Liliaceae
Tulipa tarda;Liliaceae
Tulipa turkestanica;Liliaceae
Tulipa urumiensis;Liliaceae
Tulipa vvedenskyi;Liliaceae
Tulipa vvedenskyi;Liliaceae
Tupistra grandistigma;Asparagaceae (Ruscaceae)
Tupistra wattii;Asparagaceae (Ruscaceae)
Turbina corymbosa;Convolvulaceae
Turbinicarpus valdezianus;Cactaceae
Turnera diffusa;Turneraceae
Turnera ulmifolia;Turneraceae
Turraea heterophylla;Meliaceae
Turraea heterophylla;Meliaceae
Tylecodon paniculatus;Crassulaceae
Tylecodon paniculatus;Crassulaceae
Tylecodon paniculatus;Crassulaceae
Tylecodon pearsonii;Crassulaceae
Tylecodon reticulatus;Crassulaceae
Tylecodon singularis;Crassulaceae
Tylecodon singularis;Crassulaceae
Tylecodon wallichii;Crassulaceae
Tylophora cordata;Apocynaceae
Tylosema fassoglensis;Fabaceae (Caesalpiniaceae)
Typha angustifolia;Typhaceae
Typha angustifolia;Typhaceae
Typha domingensis;Typhaceae
Typha latifolia;Typhaceae
Typha latifolia;Typhaceae
Typha laxmannii;Typhaceae
Typha minima;Typhaceae
Typha shuttleworthii;Typhaceae
Typha shuttleworthii;Typhaceae
Typhonium corrugatum;Araceae
Typhonium divaricatum;Araceae
Typhonium huense;Araceae
Typhonium trilobatum;Araceae
Typhonium trilobatum;Araceae
Typhonium trilobatum;Araceae
Typhonium trilobatum;Araceae
Typhonium trilobatum;Araceae
Typhonium venosum;Araceae
Typhonodorum lindleyanum;Araceae
Typhonodorum lindleyanum;Araceae
Ulearum donbursii;Araceae
Ulearum sagittatum;Araceae
Ulearum sagittatum;Araceae
Ulex europaeus;Fabaceae (s.str.)
Ulmus alata;Ulmaceae
Ulmus davidiana;Ulmaceae
Ulmus glabra;Ulmaceae
Ulmus glabra;Ulmaceae
Ulmus glabra;Ulmaceae
Ulmus hybr.;Ulmaceae
Ulmus hybr.;Ulmaceae
Ulmus hybr.;Ulmaceae
Ulmus parvifolia;Ulmaceae
Ulmus parvifolia;Ulmaceae
Ulmus parvifolia;Ulmaceae
Ulmus parvifolia;Ulmaceae
Ulmus parvifolia;Ulmaceae
Ulmus parvifolia;Ulmaceae
Ulmus parvifolia;Ulmaceae
Ulmus pumila;Ulmaceae
Ulmus sp.;Ulmaceae
Ulmus x elegantissima;Ulmaceae
Uncarina abbreviata;Pedaliaceae
Uncarina ankaranensis;Pedaliaceae
Uncarina decaryi;Pedaliaceae
Uncarina decaryi;Pedaliaceae
Uncarina decaryi;Pedaliaceae
Uncarina decaryi;Pedaliaceae
Uncarina decaryi;Pedaliaceae
Uncarina decaryi;Pedaliaceae
Uncarina decaryi;Pedaliaceae
Uncarina decaryi;Pedaliaceae
Uncarina decaryi;Pedaliaceae
Uncarina grandidieri;Pedaliaceae
Uncarina grandidieri;Pedaliaceae
Uncarina ihlenfeldtiana;Pedaliaceae
Uncarina ihlenfeldtiana;Pedaliaceae
Uncarina ihlenfeldtiana;Pedaliaceae
Uncarina leandrii;Pedaliaceae
Uncarina leptocarpa;Pedaliaceae
Uncarina leptocarpa;Pedaliaceae
Uncarina leptocarpa;Pedaliaceae
Uncarina leptocarpa;Pedaliaceae
Uncarina peltata;Pedaliaceae
Uncarina perrieri;Pedaliaceae
Uncarina platycarpa;Pedaliaceae
Uncarina roeoesliana;Pedaliaceae
Uncarina roeoesliana;Pedaliaceae
Uncarina roeoesliana;Pedaliaceae
Uncarina sakalava;Pedaliaceae
Uncarina sakalava;Pedaliaceae
Uncarina sp.;Pedaliaceae
Uncarina sp.;Pedaliaceae
Uncarina sp.;Pedaliaceae
Uncarina sp.;Pedaliaceae
Uncarina sp.;Pedaliaceae
Uncarina sp.;Pedaliaceae
Uncarina sp.;Pedaliaceae
Uncarina sp.;Pedaliaceae
Uncarina sp.;Pedaliaceae
Uncarina sp. nova;Pedaliaceae
Uncarina stellulifera;Pedaliaceae
Uncarina stellulifera;Pedaliaceae
Uncarina stellulifera;Pedaliaceae
Uncinia egmontiana;Cyperaceae
Urena lobata;Malvaceae
Urera baccifera;Urticaceae
Urginea maritima;Hyacinthaceae
Uroskinnera spectabilis;Plantaginaceae (s.l.)
Urospatha grandis;Araceae
Urospatha sagittifolia;Araceae
Ursinia alpina;Asteraceae
Ursinia anethoides;Asteraceae
Ursinia anthemoides;Asteraceae
Ursinia cakilefolia;Asteraceae
Ursinia calenduliflora;Asteraceae
Ursinia nana;Asteraceae
Ursinia sp.;Asteraceae
Urtica atrovirens;Urticaceae
Urtica bianorii;Urticaceae
Urtica dioica;Urticaceae
Urtica ferox;Urticaceae
Urtica membranacea;Urticaceae
Utricularia adpressa;Lentibulariaceae
Utricularia alpina;Lentibulariaceae
Utricularia alpina;Lentibulariaceae
Utricularia alpina;Lentibulariaceae
Utricularia alpina;Lentibulariaceae
Utricularia alpina;Lentibulariaceae
Utricularia amethystina;Lentibulariaceae
Utricularia amethystina;Lentibulariaceae
Utricularia amethystina;Lentibulariaceae
Utricularia andongensis;Lentibulariaceae
Utricularia arenaria;Lentibulariaceae
Utricularia arenaria;Lentibulariaceae
Utricularia arnhemica;Lentibulariaceae
Utricularia arnhemica;Lentibulariaceae
Utricularia asplundii;Lentibulariaceae
Utricularia asplundii;Lentibulariaceae
Utricularia aurea;Lentibulariaceae
Utricularia aureomaculata;Lentibulariaceae
Utricularia aureomaculata;Lentibulariaceae
Utricularia babui;Lentibulariaceae
Utricularia bifida;Lentibulariaceae
Utricularia bifida;Lentibulariaceae
Utricularia bifida;Lentibulariaceae
Utricularia biloba;Lentibulariaceae
Utricularia biloba;Lentibulariaceae
Utricularia bisquamata;Lentibulariaceae
Utricularia bisquamata;Lentibulariaceae
Utricularia bisquamata;Lentibulariaceae
Utricularia bisquamata;Lentibulariaceae
Utricularia blanchetii;Lentibulariaceae
Utricularia blanchetii;Lentibulariaceae
Utricularia blanchetii;Lentibulariaceae
Utricularia blanchetii;Lentibulariaceae
Utricularia blanchetii;Lentibulariaceae
Utricularia bosminifera;Lentibulariaceae
Utricularia bremii;Lentibulariaceae
Utricularia caerulea;Lentibulariaceae
Utricularia calycifida;Lentibulariaceae
Utricularia calycifida;Lentibulariaceae
Utricularia calycifida;Lentibulariaceae
Utricularia calycifida;Lentibulariaceae
Utricularia campbelliana;Lentibulariaceae
Utricularia cornuta;Lentibulariaceae
Utricularia delicatula;Lentibulariaceae
Utricularia dichotoma;Lentibulariaceae
Utricularia dichotoma;Lentibulariaceae
Utricularia dichotoma;Lentibulariaceae
Utricularia endresii;Lentibulariaceae
Utricularia endresii;Lentibulariaceae
Utricularia endresii;Lentibulariaceae
Utricularia endresii;Lentibulariaceae
Utricularia firmula;Lentibulariaceae
Utricularia firmula;Lentibulariaceae
Utricularia flaccida;Lentibulariaceae
Utricularia geminiloba;Lentibulariaceae
Utricularia geminiloba;Lentibulariaceae
Utricularia geminiloba;Lentibulariaceae
Utricularia graminifolia;Lentibulariaceae
Utricularia graminifolia;Lentibulariaceae
Utricularia heterosepala;Lentibulariaceae
Utricularia hirta;Lentibulariaceae
Utricularia hirta;Lentibulariaceae
Utricularia hispida;Lentibulariaceae
Utricularia hispida;Lentibulariaceae
Utricularia humboldtii;Lentibulariaceae
Utricularia humboldtii;Lentibulariaceae
Utricularia humboldtii;Lentibulariaceae
Utricularia chrysantha;Lentibulariaceae
Utricularia chrysantha;Lentibulariaceae
Utricularia inflata;Lentibulariaceae
Utricularia intermedia;Lentibulariaceae
Utricularia involvens;Lentibulariaceae
Utricularia jamesoniana;Lentibulariaceae
Utricularia jamesoniana;Lentibulariaceae
Utricularia juncea;Lentibulariaceae
Utricularia juncea;Lentibulariaceae
Utricularia juncea;Lentibulariaceae
Utricularia juncea;Lentibulariaceae
Utricularia juncea;Lentibulariaceae
Utricularia juncea;Lentibulariaceae
Utricularia kamienskii;Lentibulariaceae
Utricularia laciniata;Lentibulariaceae
Utricularia lasiocaulis;Lentibulariaceae
Utricularia lateriflora;Lentibulariaceae
Utricularia lateriflora;Lentibulariaceae
Utricularia lateriflora;Lentibulariaceae
Utricularia lateriflora;Lentibulariaceae
Utricularia laxa;Lentibulariaceae
Utricularia livida;Lentibulariaceae
Utricularia livida;Lentibulariaceae
Utricularia livida;Lentibulariaceae
Utricularia livida;Lentibulariaceae
Utricularia livida;Lentibulariaceae
Utricularia livida;Lentibulariaceae
Utricularia livida;Lentibulariaceae
Utricularia livida;Lentibulariaceae
Utricularia livida;Lentibulariaceae
Utricularia livida;Lentibulariaceae
Utricularia livida;Lentibulariaceae
Utricularia livida;Lentibulariaceae
Utricularia longeciliata;Lentibulariaceae
Utricularia longifolia;Lentibulariaceae
Utricularia longifolia;Lentibulariaceae
Utricularia longifolia;Lentibulariaceae
Utricularia macrorhiza;Lentibulariaceae
Utricularia macrorhiza;Lentibulariaceae
Utricularia menziesii;Lentibulariaceae
Utricularia menziesii;Lentibulariaceae
Utricularia microcalyx;Lentibulariaceae
Utricularia minor;Lentibulariaceae
Utricularia minutissima;Lentibulariaceae
Utricularia monanthos;Lentibulariaceae
Utricularia monanthos;Lentibulariaceae
Utricularia monanthos;Lentibulariaceae
Utricularia moniliformis;Lentibulariaceae
Utricularia nana;Lentibulariaceae
Utricularia nana;Lentibulariaceae
Utricularia nana;Lentibulariaceae
Utricularia nelumbifolia;Lentibulariaceae
Utricularia nelumbifolia;Lentibulariaceae
Utricularia nephrophylla;Lentibulariaceae
Utricularia nephrophylla;Lentibulariaceae
Utricularia nephrophylla;Lentibulariaceae
Utricularia nervosa;Lentibulariaceae
Utricularia nervosa;Lentibulariaceae
Utricularia novae-zelandiae;Lentibulariaceae
Utricularia odorata;Lentibulariaceae
Utricularia odorata;Lentibulariaceae
Utricularia odorata;Lentibulariaceae
Utricularia odorata;Lentibulariaceae
Utricularia ochroleuca;Lentibulariaceae
Utricularia parthenopipes;Lentibulariaceae
Utricularia parthenopipes;Lentibulariaceae
Utricularia parthenopipes;Lentibulariaceae
Utricularia paulinae;Lentibulariaceae
Utricularia praelonga;Lentibulariaceae
Utricularia praelonga;Lentibulariaceae
Utricularia praetermissa;Lentibulariaceae
Utricularia praetermissa;Lentibulariaceae
Utricularia praetermissa;Lentibulariaceae
Utricularia prehensilis;Lentibulariaceae
Utricularia prehensilis;Lentibulariaceae
Utricularia prehensilis;Lentibulariaceae
Utricularia pubescens;Lentibulariaceae
Utricularia pubescens;Lentibulariaceae
Utricularia pubescens;Lentibulariaceae
Utricularia pubescens;Lentibulariaceae
Utricularia pusilla;Lentibulariaceae
Utricularia quelchii;Lentibulariaceae
Utricularia quelchii;Lentibulariaceae
Utricularia quelchii;Lentibulariaceae
Utricularia quelchii;Lentibulariaceae
Utricularia quelchii;Lentibulariaceae
Utricularia quelchii;Lentibulariaceae
Utricularia reflexa;Lentibulariaceae
Utricularia reniformis;Lentibulariaceae
Utricularia reniformis;Lentibulariaceae
Utricularia resupinata;Lentibulariaceae
Utricularia resupinata;Lentibulariaceae
Utricularia reticulata;Lentibulariaceae
Utricularia rostrata;Lentibulariaceae
Utricularia sandersonii;Lentibulariaceae
Utricularia sandersonii;Lentibulariaceae
Utricularia sandersonii;Lentibulariaceae
Utricularia scandens;Lentibulariaceae
Utricularia scandens;Lentibulariaceae
Utricularia scandens;Lentibulariaceae
Utricularia simplex;Lentibulariaceae
Utricularia simplex;Lentibulariaceae
Utricularia simulans;Lentibulariaceae
Utricularia simulans;Lentibulariaceae
Utricularia sp.;Lentibulariaceae
Utricularia sp.;Lentibulariaceae
Utricularia sp.;Lentibulariaceae
Utricularia sp.;Lentibulariaceae
Utricularia steyermarkii;Lentibulariaceae
Utricularia striata;Lentibulariaceae
Utricularia striatula;Lentibulariaceae
Utricularia striatula;Lentibulariaceae
Utricularia striatula;Lentibulariaceae
Utricularia striatula;Lentibulariaceae
Utricularia subulata;Lentibulariaceae
Utricularia subulata;Lentibulariaceae
Utricularia tricolor;Lentibulariaceae
Utricularia tricolor;Lentibulariaceae
Utricularia tricolor;Lentibulariaceae
Utricularia tricolor;Lentibulariaceae
Utricularia tridentata;Lentibulariaceae
Utricularia tridentata;Lentibulariaceae
Utricularia trichophylla;Lentibulariaceae
Utricularia triloba;Lentibulariaceae
Utricularia troupinii;Lentibulariaceae
Utricularia uliginosa;Lentibulariaceae
Utricularia uliginosa;Lentibulariaceae
Utricularia uliginosa;Lentibulariaceae
Utricularia uniflora;Lentibulariaceae
Utricularia volubilis;Lentibulariaceae
Utricularia warburgii;Lentibulariaceae
Utricularia welwitschii;Lentibulariaceae
Utricularia welwitschii;Lentibulariaceae
Uvaria chamae;Annonaceae
Uvularia grandiflora;Colchicaceae
Uvularia perfoliata;Colchicaceae
Uvularia perfoliata;Colchicaceae
Uvularia sessilifolia;Colchicaceae
Vaccinium angustifolium;Ericaceae
Vaccinium barbatum;Ericaceae
Vaccinium corymbosum;Ericaceae
Vaccinium corymbosum;Ericaceae
Vaccinium corymbosum;Ericaceae
Vaccinium corymbosum;Ericaceae
Vaccinium corymbosum;Ericaceae
Vaccinium corymbosum;Ericaceae
Vaccinium corymbosum;Ericaceae
Vaccinium corymbosum;Ericaceae
Vaccinium corymbosum;Ericaceae
Vaccinium corymbosum;Ericaceae
Vaccinium corymbosum;Ericaceae
Vaccinium corymbosum;Ericaceae
Vaccinium corymbosum;Ericaceae
Vaccinium corymbosum;Ericaceae
Vaccinium corymbosum;Ericaceae
Vaccinium corymbosum;Ericaceae
Vaccinium corymbosum;Ericaceae
Vaccinium corymbosum;Ericaceae
Vaccinium crassifolium;Ericaceae
Vaccinium floribundum;Ericaceae
Vaccinium macrocarpon;Ericaceae
Vaccinium macrocarpon;Ericaceae
Vaccinium macrocarpon;Ericaceae
Vaccinium macrocarpon;Ericaceae
Vaccinium myrsinites;Ericaceae
Vaccinium myrtillus;Ericaceae
Vaccinium myrtiloides;Ericaceae
Vaccinium ovalifolium;Ericaceae
Vaccinium stapfianum;Ericaceae
Vaccinium vitis-idaea;Ericaceae
Vaccinium vitis-idaea;Ericaceae
Vaccinium vitis-idaea;Ericaceae
Vaccinium vitis-idaea;Ericaceae
Vaccinium vitis-idaea;Ericaceae
Vaccinium vitis-idaea;Ericaceae
Vaccinium vitis-idaea;Ericaceae
Valeriana alliariifolia;Valerianaceae
Valeriana caucasica;Valerianaceae
Valeriana dioica;Valerianaceae
Valeriana montana;Valerianaceae
Valeriana officinalis;Valerianaceae
Valeriana stolonifera;Valerianaceae
Valeriana tripteris;Valerianaceae
Valeriana tripteris;Valerianaceae
Vancouveria hexandra;Berberidaceae
Vancouveria chrysantha;Berberidaceae
Vanda alpina;Orchidaceae
Vanda bidupensis;Orchidaceae
Vanda coerulea;Orchidaceae
Vanda coerulescens;Orchidaceae
Vanda cootesii;Orchidaceae
Vanda denisoniana;Orchidaceae
Vanda dennisoniana;Orchidaceae
Vanda foetida;Orchidaceae
Vanda hybr.;Orchidaceae
Vanda javierae;Orchidaceae
Vanda lamellata;Orchidaceae
Vanda lilacina;Orchidaceae
Vanda limbata;Orchidaceae
Vanda lozunica;Orchidaceae
Vanda mariae;Orchidaceae
Vanda merrillii;Orchidaceae
Vanda roeblingiana;Orchidaceae
Vanda sanderiana;Orchidaceae
Vanda sp.;Orchidaceae
Vanda sp.;Orchidaceae
Vandopsis gigantea;Orchidaceae
Vandopsis lissochiloides;Orchidaceae
Vandopsis parishii;Orchidaceae
Vangueria infausta;Rubiaceae
Vangueria madagascariensis;Orchidaceae
Vanhouttea lanata;Gesneriaceae
Vanhouttea pendula;Gesneriaceae
Vanilla africana;Orchidaceae
Vanilla albida;Orchidaceae
Vanilla atropogon;Orchidaceae
Vanilla borneensis;Orchidaceae
Vanilla crenulata;Orchidaceae
Vanilla fragrans;Orchidaceae
Vanilla imperialis;Orchidaceae
Vanilla madagascariensis;Orchidaceae
Vanilla perrieri;Orchidaceae
Vanilla philippinensis;Orchidaceae
Vanilla planifolia;Orchidaceae
Vanilla pompona;Orchidaceae
Vanilla pompona;Orchidaceae
Vanilla sp.;Orchidaceae
Vanilla tahitensis;Orchidaceae
Vasconcellea pubescens;Caricaceae
Vasconcellea pubescens;Caricaceae
Vasconcellea quercifolia;Caricaceae
Vasconcellea sp.;Caricaceae
Vasqueziella boliviana;Orchidaceae
Vauquelinia californica;Rosaceae
Veillonia alba;Arecaceae
Vella pseudocytisus;Brassicaceae
Vella spinosa;Brassicaceae
Veltheimia bracteata;Asparagaceae (Hyacinthaceae)
Veratrum album;Melanthiaceae
Veratrum californicum;Melanthiaceae
Veratrum dahuricum;Melanthiaceae
Veratrum formosanum;Melanthiaceae
Veratrum grandiflorum;Melanthiaceae
Veratrum maackii;Melanthiaceae
Veratrum maackii;Melanthiaceae
Veratrum nigrum;Melanthiaceae
Veratrum sp.;Melanthiaceae
Veratrum sp.;Melanthiaceae
Veratrum sp.;Melanthiaceae
Veratrum sp.;Melanthiaceae
Verbascum arcturus;Scrophulariaceae ( s.str.)
Verbascum banaticum;Scrophulariaceae ( s.str.)
Verbascum blattaria;Scrophulariaceae ( s.str.)
Verbascum cystolithicum;Scrophulariaceae ( s.str.)
Verbascum eriophorum;Scrophulariaceae ( s.str.)
Verbascum eriophorum;Scrophulariaceae ( s.str.)
Verbascum levanticum;Scrophulariaceae ( s.str.)
Verbascum lychnitis;Scrophulariaceae ( s.str.)
Verbascum nigrum;Scrophulariaceae ( s.str.)
Verbascum phoeniceum;Scrophulariaceae ( s.str.)
Verbascum phoeniceum;Scrophulariaceae ( s.str.)
Verbascum rotundifolium;Scrophulariaceae ( s.str.)
Verbascum sinuatum;Scrophulariaceae ( s.str.)
Verbascum songaricum;Scrophulariaceae ( s.str.)
Verbascum undulatum;Scrophulariaceae ( s.str.)
Verbena hastata;Verbenaceae (s.str.)
Verbena hastata;Verbenaceae (s.str.)
Verbena hastata;Verbenaceae (s.str.)
Verbena macdougalii;Verbenaceae (s.str.)
Verbena macdougalii;Verbenaceae (s.str.)
Verbena officinalis;Verbenaceae (s.str.)
Verbena officinalis;Verbenaceae (s.str.)
Verbena rigida;Verbenaceae (s.str.)
Verbena rigida;Verbenaceae (s.str.)
Verbena stricta;Verbenaceae (s.str.)
Verbena urticifolia;Verbenaceae (s.str.)
Verbesina alternifolia;Asteraceae
Verbesina alternifolia;Asteraceae
Verbesina helianthoides;Asteraceae
Verbesina virginica;Asteraceae
Verhuellia lunaria;Piperaceae
Vernonia angustifolia x missurica;Asteraceae
Vernonia arkansana;Asteraceae
Vernonia baldwinii;Asteraceae
Vernonia baldwinii;Asteraceae
Vernonia crinita;Asteraceae
Vernonia crinita;Asteraceae
Vernonia crinita;Asteraceae
Vernonia fasciculata;Asteraceae
Vernonia fasciculata;Asteraceae
Vernonia gigantea;Asteraceae
Vernonia gigantea;Asteraceae
Vernonia gigantea;Asteraceae
Vernonia gigantea;Asteraceae
Vernonia lettermanni;Asteraceae
Vernonia lettermanni;Asteraceae
Vernonia lettermanni;Asteraceae
Vernonia missurica;Asteraceae
Vernonia missurica;Asteraceae
Vernonia noveboracensis;Asteraceae
Vernonia noveboracensis;Asteraceae
Vernonia noveboracensis;Asteraceae
Vernonia sp.;Asteraceae
Veronica anagallis-aquatica;Plantaginaceae (s.l.)
Veronica anagallis-aquatica;Plantaginaceae (s.l.)
Veronica anagalloides;Plantaginaceae (s.l.)
Veronica armena;Plantaginaceae (s.l.)
Veronica austriaca;Plantaginaceae (s.l.)
Veronica austriaca;Plantaginaceae (s.l.)
Veronica bachofenii;Plantaginaceae (s.l.)
Veronica beccabunga;Plantaginaceae (s.l.)
Veronica beccabunga;Plantaginaceae (s.l.)
Veronica bellidioides;Plantaginaceae (s.l.)
Veronica bellidioides;Plantaginaceae (s.l.)
Veronica cinerea;Plantaginaceae (s.l.)
Veronica cuneifolia;Plantaginaceae (s.l.)
Veronica cuneifolia;Plantaginaceae (s.l.)
Veronica gentianoides;Plantaginaceae (s.l.)
Veronica gentianoides;Plantaginaceae (s.l.)
Veronica gentianoides;Plantaginaceae (s.l.)
Veronica gentianoides;Plantaginaceae (s.l.)
Veronica grandis;Plantaginaceae (s.l.)
Veronica hybr.;Plantaginaceae (s.l.)
Veronica hybr.;Plantaginaceae (s.l.)
Veronica hybr.;Plantaginaceae (s.l.)
Veronica hybr.;Plantaginaceae (s.l.)
Veronica hybr.;Plantaginaceae (s.l.)
Veronica jacquini;Plantaginaceae (s.l.)
Veronica kotschyana;Plantaginaceae (s.l.)
Veronica liwanensis;Plantaginaceae (s.l.)
Veronica longifolia;Plantaginaceae (s.l.)
Veronica longifolia;Plantaginaceae (s.l.)
Veronica longifolia;Plantaginaceae (s.l.)
Veronica longifolia;Plantaginaceae (s.l.)
Veronica longifolia;Plantaginaceae (s.l.)
Veronica longifolia hybr.;Plantaginaceae (s.l.)
Veronica macrostachya;Plantaginaceae (s.l.)
Veronica multifida;Plantaginaceae (s.l.)
Veronica officinalis;Plantaginaceae (s.l.)
Veronica oltensis;Plantaginaceae (s.l.)
Veronica orientalis;Plantaginaceae (s.l.)
Veronica pinnata;Plantaginaceae (s.l.)
Veronica polifolia;Plantaginaceae (s.l.)
Veronica porphyriana;Plantaginaceae (s.l.)
Veronica prostrata;Plantaginaceae (s.l.)
Veronica prostrata;Plantaginaceae (s.l.)
Veronica prostrata;Plantaginaceae (s.l.)
Veronica prostrata;Plantaginaceae (s.l.)
Veronica prostrata;Plantaginaceae (s.l.)
Veronica repens;Plantaginaceae (s.l.)
Veronica rotunda;Plantaginaceae (s.l.)
Veronica sachalinensis;Plantaginaceae (s.l.)
Veronica saturejoides;Plantaginaceae (s.l.)
Veronica scardica;Plantaginaceae (s.l.)
Veronica scutellata;Plantaginaceae (s.l.)
Veronica schmidtiana;Plantaginaceae (s.l.)
Veronica sp.;Plantaginaceae (s.l.)
Veronica sp.;Plantaginaceae (s.l.)
Veronica sp.;Plantaginaceae (s.l.)
Veronica sp.;Plantaginaceae (s.l.)
Veronica spicata;Plantaginaceae (s.l.)
Veronica spicata;Plantaginaceae (s.l.)
Veronica spicata;Plantaginaceae (s.l.)
Veronica spicata;Plantaginaceae (s.l.)
Veronica spuria;Plantaginaceae (s.l.)
Veronica surculosa;Plantaginaceae (s.l.)
Veronica teucrium;Plantaginaceae (s.l.)
Veronica teucrium;Plantaginaceae (s.l.)
Veronica thymoides;Plantaginaceae (s.l.)
Veronica traedwellii;Plantaginaceae (s.l.)
Veronica urticifolia;Plantaginaceae (s.l.)
Veronicastrum hybr.;Plantaginaceae (s.l.)
Veronicastrum japonicum;Plantaginaceae (s.l.)
Veronicastrum sachalinense;Plantaginaceae (s.l.)
Veronicastrum sibiricum;Plantaginaceae (s.l.)
Veronicastrum sibiricum;Plantaginaceae (s.l.)
Veronicastrum sibiricum;Plantaginaceae (s.l.)
Veronicastrum sibiricum;Plantaginaceae (s.l.)
Veronicastrum sibiricum;Plantaginaceae (s.l.)
Veronicastrum sp.;Plantaginaceae (s.l.)
Veronicastrum villosulum;Plantaginaceae (s.l.)
Veronicastrum virginicum;Plantaginaceae (s.l.)
Veronicastrum virginicum;Plantaginaceae (s.l.)
Veronicastrum virginicum;Plantaginaceae (s.l.)
Veronicastrum virginicum;Plantaginaceae (s.l.)
Veronicastrum virginicum;Plantaginaceae (s.l.)
Veronicastrum virginicum;Plantaginaceae (s.l.)
Veronicastrum virginicum;Plantaginaceae (s.l.)
Veronicastrum virginicum;Plantaginaceae (s.l.)
Veronicastrum virginicum;Plantaginaceae (s.l.)
Veronicastrum virginicum;Plantaginaceae (s.l.)
Veronicastrum virginicum;Plantaginaceae (s.l.)
Veronicastrum virginicum;Plantaginaceae (s.l.)
Veronicastrum virginicum;Plantaginaceae (s.l.)
Veronicastrum virginicum;Plantaginaceae (s.l.)
Veronicastrum virginicum;Plantaginaceae (s.l.)
Veronicastrum virginicum;Plantaginaceae (s.l.)
Veronicastrum virginicum;Plantaginaceae (s.l.)
Verschaffeltia splendida;Arecaceae
Vestia foetida;Solanaceae
Vestia foetida;Solanaceae
Viburnum acerifolium;Adoxaceae
Viburnum acerifolium;Adoxaceae
Viburnum bitchiuense;Adoxaceae
Viburnum bitchiuense;Adoxaceae
Viburnum cotinifolium;Adoxaceae
Viburnum dentatum;Adoxaceae
Viburnum dentatum;Adoxaceae
Viburnum dentatum;Adoxaceae
Viburnum dentatum;Adoxaceae
Viburnum dilatatum;Adoxaceae
Viburnum dilatatum;Adoxaceae
Viburnum ellipticum;Adoxaceae
Viburnum erosum;Adoxaceae
Viburnum erubescens;Adoxaceae
Viburnum farreri;Adoxaceae
Viburnum farreri;Adoxaceae
Viburnum farreri;Adoxaceae
Viburnum henryi;Adoxaceae
Viburnum hupehense;Adoxaceae
Viburnum lantana;Adoxaceae
Viburnum lantana;Adoxaceae
Viburnum lantana;Adoxaceae
Viburnum lantana;Adoxaceae
Viburnum lentago;Adoxaceae
Viburnum opulus;Adoxaceae
Viburnum opulus;Adoxaceae
Viburnum opulus;Adoxaceae
Viburnum opulus;Adoxaceae
Viburnum opulus;Adoxaceae
Viburnum orientale;Adoxaceae
Viburnum plicatum;Adoxaceae
Viburnum propinquum;Adoxaceae
Viburnum rafinesquianum;Adoxaceae
Viburnum rhytidophyllum;Adoxaceae
Viburnum rhytidophyllum;Adoxaceae
Viburnum rhytidophyllum;Adoxaceae
Viburnum sargentii;Adoxaceae
Viburnum sp.;Adoxaceae
Viburnum sp.;Adoxaceae
Viburnum sp.;Adoxaceae
Viburnum sp.;Adoxaceae
Viburnum tinus;Adoxaceae
Viburnum tinus;Adoxaceae
Viburnum x bodnantense;Adoxaceae
Viburnum x burkwoodii;Adoxaceae
Viburnum x burkwoodii;Adoxaceae
Viburnum x burkwoodii;Adoxaceae
Viburnum x globosum;Adoxaceae
Viburnum x juddii;Adoxaceae
Viburnum x pragense;Adoxaceae
Viburnum x rhytidocarpum;Adoxaceae
Viburnum x rhytidophylloides;Adoxaceae
Viburnum x rhytidophylloides;Adoxaceae
Viburnum x rhytidophylloides;Adoxaceae
Vigna subterranea;Fabaceae (s.str.)
Villadia batesii;Crassulaceae
Villadia imbricata;Crassulaceae
Vinca herbacea;Apocynaceae
Vinca herbacea;Apocynaceae
Vinca major;Apocynaceae
Vinca minor;Apocynaceae
Vinca minor;Apocynaceae
Vinca minor;Apocynaceae
Vinca minor;Apocynaceae
Vinca minor;Apocynaceae
Vinca minor;Apocynaceae
Vinca minor;Apocynaceae
Vinca minor;Apocynaceae
Vinca minor;Apocynaceae
Vinca minor;Apocynaceae
Vinca minor;Apocynaceae
Vinca minor;Apocynaceae
Vinca minor;Apocynaceae
Vinca minor;Apocynaceae
Vinca minor;Apocynaceae
Vinca minor;Apocynaceae
Vinca minor;Apocynaceae
Vinca minor;Apocynaceae
Vinca minor;Apocynaceae
Vinca minor;Apocynaceae
Vinca minor;Apocynaceae
Vinca minor;Apocynaceae
Vinca minor;Apocynaceae
Vinca minor;Apocynaceae
Vinca minor;Apocynaceae
Vinca minor;Apocynaceae
Vinca minor;Apocynaceae
Vinca minor;Apocynaceae
Vincetoxicum funebre;Apocynaceae
Vincetoxicum hirundinaria;Apocynaceae
Vincetoxicum nigrum;Apocynaceae
Vincetoxicum purpurascens;Apocynaceae
Vincetoxicum sp.;Apocynaceae
Viola arborescens;Violaceae
Viola canadensis;Violaceae
Viola canina;Violaceae
Viola cornuta;Violaceae
Viola elatior;Violaceae
Viola hirta;Violaceae
Viola hirta;Violaceae
Viola chaerophylloides;Violaceae
Viola labradorica;Violaceae
Viola labradorica;Violaceae
Viola langsdorffii;Violaceae
Viola mandshurica;Violaceae
Viola odorata;Violaceae
Viola odorata;Violaceae
Viola odorata;Violaceae
Viola odorata;Violaceae
Viola odorata;Violaceae
Viola odorata;Violaceae
Viola odorata;Violaceae
Viola odorata;Violaceae
Viola odorata;Violaceae
Viola odorata;Violaceae
Viola odorata;Violaceae
Viola palmata;Violaceae
Viola palustris;Violaceae
Viola reichenbachiana;Violaceae
Viola rupestris;Violaceae
Viola selkirkii;Violaceae
Viola sororia;Violaceae
Viola sororia;Violaceae
Viola sororia;Violaceae
Viola sororia;Violaceae
Viola sororia;Violaceae
Viola sp.;Violaceae
Viola stagnina;Violaceae
Viola suavis;Violaceae
Viola uliginosa;Violaceae
Viola verecunda;Violaceae
Visnea mocanera;Pentaphyllacaceae
Vitellaria paradoxa;Sapotaceae
Vitex agnus-castus;Lamiaceae
Vitex agnus-castus;Lamiaceae
Vitex agnus-castus;Lamiaceae
Vitex negundo;Lamiaceae
Vitex negundo;Lamiaceae
Vitex negundo;Lamiaceae
Vitis aestivalis;Vitaceae
Vitis amurensis;Vitaceae
Vitis coignetiae;Vitaceae
Vitis coignetiae;Vitaceae
Vitis coignetiae;Vitaceae
Vitis labrusca;Vitaceae
Vitis palmata;Vitaceae
Vitis palmata;Vitaceae
Vitis riparia;Vitaceae
Vitis vinifera;Vitaceae
Vitis vinifera;Vitaceae
Vitis vinifera;Vitaceae
Vitis vinifera;Vitaceae
Vitis vinifera;Vitaceae
Vitis vinifera;Vitaceae
Vitis vinifera;Vitaceae
Vitis vinifera;Vitaceae
Vitis vinifera;Vitaceae
Vitis vinifera;Vitaceae
Vitis vinifera;Vitaceae
Vitis vinifera;Vitaceae
Vitis vinifera;Vitaceae
Vitis vinifera;Vitaceae
Vitis vinifera;Vitaceae
Vitis vinifera;Vitaceae
Vitis vinifera;Vitaceae
Vitis vinifera;Vitaceae
Vitis vinifera;Vitaceae
Vitis vinifera;Vitaceae
Vitis vinifera;Vitaceae
Vitis vinifera;Vitaceae
Vitis vinifera;Vitaceae
Vitis vinifera;Vitaceae
Vitis vinifera;Vitaceae
Vitis vinifera;Vitaceae
Vitis vinifera;Vitaceae
Vitis vinifera;Vitaceae
Vitis vinifera;Vitaceae
Vitis vinifera;Vitaceae
Vitis vinifera;Vitaceae
Vitis vinifera;Vitaceae
Vitis vinifera;Vitaceae
Vitis vinifera;Vitaceae
Vitis vinifera;Vitaceae
Vitis vinifera;Vitaceae
Vitis vinifera;Vitaceae
Vitis vinifera;Vitaceae
Vitis vinifera;Vitaceae
Vitis vinifera;Vitaceae
Vitis vinifera;Vitaceae
Vitis vinifera;Vitaceae
Vitis vinifera;Vitaceae
Vitis vinifera;Vitaceae
Vitis vinifera;Vitaceae
Vitis vinifera;Vitaceae
Vitis vinifera;Vitaceae
Vitis vinifera;Vitaceae
Vitis vinifera;Vitaceae
Vitis vinifera;Vitaceae
Vitis vinifera;Vitaceae
Vitis vinifera;Vitaceae
Vitis vinifera;Vitaceae
Vitis vinifera;Vitaceae
Vitis vinifera;Vitaceae
Vitis vinifera;Vitaceae
Vitis vinifera;Vitaceae
Vitis vinifera;Vitaceae
Vitis vinifera;Vitaceae
Vitis vinifera;Vitaceae
Vitis vinifera;Vitaceae
Vitis vinifera;Vitaceae
Vitis vinifera;Vitaceae
Vitis vinifera;Vitaceae
Vitis vinifera;Vitaceae
Vitis vinifera;Vitaceae
Vitis vinifera;Vitaceae
Vitis vinifera;Vitaceae
Vitis vinifera;Vitaceae
Vitis vinifera;Vitaceae
Vitis vinifera;Vitaceae
Vitis vinifera;Vitaceae
Vitis vinifera;Vitaceae
Vitis vinifera;Vitaceae
Vitis vinifera;Vitaceae
Vitis vinifera;Vitaceae
Vitis vinifera;Vitaceae
Vitis vinifera;Vitaceae
Vitis vinifera;Vitaceae
Vitis vinifera;Vitaceae
Vitis vinifera;Vitaceae
Vitis vinifera;Vitaceae
Vitis vinifera;Vitaceae
Vitis vinifera;Vitaceae
Vittaria graminifolia;Pteridaceae
Vittaria graminifolia;Pteridaceae
Vittaria sp.;Pteridaceae
Vriesea ampla;Bromeliaceae
Vriesea espinosae;Bromeliaceae
Vriesea fosteriana;Bromeliaceae
Vriesea gladioliflora;Bromeliaceae
Vriesea glutinosa;Bromeliaceae
Vriesea hybr.;Bromeliaceae
Vriesea imperialis;Bromeliaceae
Vriesea petraea;Bromeliaceae
Vriesea procera;Bromeliaceae
Vriesea saundersii;Bromeliaceae
Vriesea sp.;Bromeliaceae
Vriesea splendens;Bromeliaceae
Vriesia heliconioides;Bromeliaceae
Wahlenbergia lobelioides;Campanulaceae
Wachendorfia paniculata;Haemodoraceae
Waldsteinia fragarioides;Rosaceae
Waldsteinia geoides;Rosaceae
Waldsteinia ternata;Rosaceae
Waldsteinia ternata;Rosaceae
Wallichia disticha;Arecaceae
Wallichia oblongifolia;Arecaceae
Wallichia oblongifolia;Arecaceae
Warczewiczella discolor;Orchidaceae
Warczewiczella timbiensis;Orchidaceae
Warczewiczella timbioensis;Orchidaceae
Wasabia japonica;Brassicaceae
Washingtonia filifera;Arecaceae
Washingtonia robusta;Arecaceae
Watsonia pillansii;Iridaceae
Weigela coraeensis;Diervilleaceae
Weigela coraeensis;Diervilleaceae
Weigela decora;Diervilleaceae
Weigela decora;Diervilleaceae
Weigela florida;Diervilleaceae
Weigela hybr.;Diervilleaceae
Weigela hybr.;Diervilleaceae
Weigela sp.;Diervilleaceae
Weigela subsessilis;Diervilleaceae
Weigelia hortensis;Diervilleaceae
Weigelia sp.;Diervilleaceae
Welwitschia mirabilis;Welwitschiaceae
Welwitschia mirabilis;Welwitschiaceae
Wendlandiella gracilis;Arecaceae
Werauhia gigantea;Bromeliaceae
Westringia brevifolia;Lamiaceae
Westringia brevifolia;Lamiaceae
White-sloanea crassa;Apocynaceae
White-sloanea crassa;Apocynaceae
Whitfieldia elongata;Acanthaceae
Widdringtonia cedarbergensis;Cupressaceae
Widdringtonia nodiflora;Cupressaceae
Widdringtonia schwarzii;Cupressaceae
Wikstroemia chamaedaphne;Thymelaeaceae
Wistaria hybr.;Fabaceae (s.str.)
Wistaria hybr.;Fabaceae (s.str.)
Wistaria hybr.;Fabaceae (s.str.)
Wistaria hybr.;Fabaceae (s.str.)
Wistaria sinensis;Fabaceae (s.str.)
Wistaria sinensis;Fabaceae (s.str.)
Wistaria sinensis;Fabaceae (s.str.)
Wistaria sinensis;Fabaceae (s.str.)
Wistaria sinensis;Fabaceae (s.str.)
Wisteria macrostachya;Fabaceae (s.str.)
Wisteriopsis reticulata;
Withania riebeckii;Solanaceae
Withania somnifera;Solanaceae
Withania somnifera;Solanaceae
Wodyetia bifurcata;Liliopsida
Wodyetia bifurcata;Liliopsida
Wolffia arrhiza;Araceae
Woodsia obtusa;Woodsiaceae
Woodsia sp.;Woodsiaceae
Woodsia sp.;Woodsiaceae
Woodsia sp.;Woodsiaceae
Woodwardia areolata;Blechnaceae
Woodwardia orientalis;Blechnaceae
Woodwardia radicans;Blechnaceae
Woodwardia spinulosa;Blechnaceae
Woodwardia unigemmata;Blechnaceae
Woodwardia unigemmata;Blechnaceae
Woodwardia virginica;Blechnaceae
Wrightia religiosa;Apocynaceae
Wulfenia carinthiaca;Plantaginaceae (s.l.)
Wurfbainia sp.;
Wyethia helianthoides;Asteraceae
Wyethia scabra;Asteraceae
Wyethia scabra;Asteraceae
x Achimenantha hybr.;Gesneriaceae
x Achimenantha hybr.;Gesneriaceae
x Achimenantha hybr.;Gesneriaceae
x Achimenantha hybr.;Gesneriaceae
x Achimenantha hybr.;Gesneriaceae
x Achimenantha hybr.;Gesneriaceae
x Brassocattleya binosa;Orchidaceae
x Carmispartium;Fabaceae (s.str.)
x Carmispartium hutchinsii;Fabaceae (s.str.)
x Cupressocyparis leylandii;Cupressaceae
x Cupressocyparis leylandii;Cupressaceae
x Heucherella hybr.;Saxifragaceae
x Hippeastrella sp.;Amaryllidaceae
x Chitalpa tashkentensis;Bignoniaceae
x Chitalpa tashkentensis;Bignoniaceae
x Ledodendron hybr.;Ericaceae
x Mahoberberis aquicandidula;Berberidaceae
x Pachyveria scheideckeri;Crassulaceae
x Ruttyruspolia hybr.;Acanthaceae
x Smithicodonia hybr.;
x Solidaster hybr.;Asteraceae
x Solidaster luteus;Asteraceae
x Solidaster luteus;Asteraceae
x Sorbocotoneaster pozdnjakovii;Rosaceae
x Sorbocrataegus hybr.;Rosaceae
x Sorbopyrus auricularis;Rosaceae
x Sycoparrotia semidecidua;Hamamelidaceae
Xanthoceras sorbifolium;Sapindaceae
Xanthoceras sorbifolium;Sapindaceae
Xanthocyparis nootkatensis;Cupressaceae
Xanthorhiza simplicissima;Ranunculaceae
Xanthorrhoea glauca;Xanthorrhoeaceae
Xanthorrhoea johnsonii;Xanthorrhoeaceae
Xanthorrhoea preissii;Xanthorrhoeaceae
Xanthosoma atrovirens;Araceae
Xanthosoma atrovirens;Araceae
Xanthosoma pubescens;Araceae
Xanthosoma sagittifolium;Araceae
Xanthosoma sp.;Araceae
Xanthosoma violaceum;Araceae
Xeranthemum cylindraceum;Asteraceae
Xeronema callistemon;Xanthorrhoeaceae
Xeronema moorei;Xanthorrhoeaceae
Xerophyta dasylirioides;Velloziaceae
Xerophyta retinervis;Velloziaceae
Xerophyta sp.;Velloziaceae
Xerophyta sp.;Velloziaceae
Xerophyta viscosa;Velloziaceae
Xerosicyos danguyi;Cucurbitaceae
Xerosicyos pubescens;Cucurbitaceae
Xerosicyos sp.;Cucurbitaceae
xGasteraloe hybr.;Xanthorrhoeaceae
xGasterhaworthia bayfieldii;
xHeucherella hybr.;Saxifragaceae
xHeucherella hybr.;Saxifragaceae
xHeucherella hybr.;Saxifragaceae
xHeucherella hybr.;Saxifragaceae
xHeucherella hybr.;Saxifragaceae
xHeucherella hybr.;Saxifragaceae
xHeucherella hybr.;Saxifragaceae
xHeucherella hybr.;Saxifragaceae
xHeucherella hybr.;Saxifragaceae
xHeucherella hybr.;Saxifragaceae
xHeucherella hybr.;Saxifragaceae
xHeucherella hybr.;Saxifragaceae
xHeucherella hybr.;Saxifragaceae
xHeucherella hybr.;Saxifragaceae
xHeucherella hybr.;Saxifragaceae
xHeucherella hybr.;Saxifragaceae
xHeucherella hybr.;Saxifragaceae
xHeucherella hybr.;Saxifragaceae
xHeucherella hybr.;Saxifragaceae
xHibanobambusa tranquillans;Poaceae
xMahoberberis neuberti;Berberidaceae
xSinocalycalycanthus raustonii;Calycanthaceae
Xylobium hyacinthinum;Orchidaceae
Xyris caroliniana;Xyridaceae
Xyris grandis;Xyridaceae
Xyris jupicai;Xyridaceae
Xyris laxifolia;Xyridaceae
Xyris sp.;Xyridaceae
Xysmalobium undulatum;Apocynaceae
Ypsilandra thibetica;Melanthiaceae
Ypsilandra thibetica;Melanthiaceae
Ypsilandra yunnanensis;Melanthiaceae
Yucca aloifolia;Asparagaceae (Agavaceae)
Yucca aloifolia;Asparagaceae (Agavaceae)
Yucca angustissima;Asparagaceae (Agavaceae)
Yucca baccata;Asparagaceae (Agavaceae)
Yucca baccata;Asparagaceae (Agavaceae)
Yucca brevifolia;Asparagaceae (Agavaceae)
Yucca capensis;Asparagaceae (Agavaceae)
Yucca carnerosana;Asparagaceae (Agavaceae)
Yucca constricta;Asparagaceae (Agavaceae)
Yucca elata;Asparagaceae (Agavaceae)
Yucca elata;Asparagaceae (Agavaceae)
Yucca elata;Asparagaceae (Agavaceae)
Yucca faxoniana;Asparagaceae (Agavaceae)
Yucca filamentosa;Asparagaceae (Agavaceae)
Yucca glauca;Asparagaceae (Agavaceae)
Yucca gloriosa;Asparagaceae (Agavaceae)
Yucca nana;Asparagaceae (Agavaceae)
Yucca pallida;Asparagaceae (Agavaceae)
Yucca rostrata;Asparagaceae (Agavaceae)
Yucca rostrata;Asparagaceae (Agavaceae)
Yucca rupicola;Asparagaceae (Agavaceae)
Yucca sp.;Asparagaceae (Agavaceae)
Yucca thompsoniana;Asparagaceae (Agavaceae)
Yucca thompsoniana;Asparagaceae (Agavaceae)
Yucca valida;Asparagaceae (Agavaceae)
Zamia acuminata;Zamiaceae
Zamia amblyphyllidia;Zamiaceae
Zamia amblyphyllidia;Zamiaceae
Zamia angustifolia;Zamiaceae
Zamia angustifolia;Zamiaceae
Zamia angustifolia;Zamiaceae
Zamia cremnophila;Zamiaceae
Zamia decumbens;Zamiaceae
Zamia dressleri;Zamiaceae
Zamia encephalartoides;Zamiaceae
Zamia erosa;Zamiaceae
Zamia fairchildiana;Zamiaceae
Zamia fischeri;Zamiaceae
Zamia fischeri;Zamiaceae
Zamia furfuracea;Zamiaceae
Zamia furfuracea;Zamiaceae
Zamia furfuracea;Zamiaceae
Zamia imperialis;Zamiaceae
Zamia inermis;Zamiaceae
Zamia integrifolia;Zamiaceae
Zamia integrifolia;Zamiaceae
Zamia ipetiensis;Zamiaceae
Zamia kickxii;Zamiaceae
Zamia loddigesii;Zamiaceae
Zamia loddigesii;Zamiaceae
Zamia lucayana;Zamiaceae
Zamia lucayana;Zamiaceae
Zamia manicata;Zamiaceae
Zamia muricata;Zamiaceae
Zamia nana;Zamiaceae
Zamia nesophila;Zamiaceae
Zamia neurophyllidia;Zamiaceae
Zamia obliqua;Zamiaceae
Zamia obliqua;Zamiaceae
Zamia paucijuga;Zamiaceae
Zamia paucijuga;Zamiaceae
Zamia portoricensis;Zamiaceae
Zamia pseudoparasitica;Zamiaceae
Zamia pumila;Zamiaceae
Zamia pumila;Zamiaceae
Zamia purpurea;Zamiaceae
Zamia purpurea;Zamiaceae
Zamia purpurea;Zamiaceae
Zamia purpurea;Zamiaceae
Zamia pygmaea;Zamiaceae
Zamia roezlii;Zamiaceae
Zamia skinneri;Zamiaceae
Zamia sp.;Zamiaceae
Zamia sp.;Zamiaceae
Zamia sp.;Zamiaceae
Zamia sp.;Zamiaceae
Zamia sp.;Zamiaceae
Zamia sp. Vinales;Zamiaceae
Zamia spartea;Zamiaceae
Zamia spartea;Zamiaceae
Zamia splendens;Zamiaceae
Zamia standleyi;Zamiaceae
Zamia standleyi;Zamiaceae
Zamia variegata;Zamiaceae
Zamia vazquezii;Zamiaceae
Zamia vazquezii;Zamiaceae
Zamia vazquezii;Zamiaceae
Zamia vazquezii;Zamiaceae
Zamioculcas zamiifolia;Araceae
Zamioculcas zamiifolia;Araceae
Zamioculcas zamiifolia;Araceae
Zantedeschia aethiopica;Araceae
Zantedeschia aethiopica;Araceae
Zantedeschia aethiopica;Araceae
Zantedeschia albomaculata;Araceae
Zantedeschia albomaculata;Araceae
Zantedeschia hybr.;Araceae
Zantedeschia hybr.;Araceae
Zantedeschia hybr.;Araceae
Zantedeschia hybr.;Araceae
Zantedeschia hybr.;Araceae
Zantedeschia hybr.;Araceae
Zantedeschia hybr.;Araceae
Zantedeschia hybr.;Araceae
Zantedeschia hybr.;Araceae
Zantedeschia hybr.;Araceae
Zantedeschia hybr.;Araceae
Zantedeschia hybr.;Araceae
Zantedeschia hybr.;Araceae
Zantedeschia hybr.;Araceae
Zantedeschia hybr.;Araceae
Zantedeschia hybr.;Araceae
Zantedeschia hybr.;Araceae
Zantedeschia hybr.;Araceae
Zantedeschia hybr.;Araceae
Zantedeschia hybr.;Araceae
Zantedeschia hybr.;Araceae
Zantedeschia hybr.;Araceae
Zantedeschia hybr.;Araceae
Zantedeschia hybr.;Araceae
Zantedeschia hybr.;Araceae
Zantedeschia hybr.;Araceae
Zantedeschia hybr.;Araceae
Zantedeschia hybr.;Araceae
Zantedeschia hybr.;Araceae
Zantedeschia jucunda;Araceae
Zantedeschia odorata;Araceae
Zantedeschia pentlandii;Araceae
Zantedeschia rehmannii;Araceae
Zanthoxylum alatum;Rutaceae
Zanthoxylum americanum;Rutaceae
Zanthoxylum clava-herculis;Rutaceae
Zanthoxylum piperitum;Rutaceae
Zanthoxylum piperitum;Rutaceae
Zanthoxylum schinifolium;Rutaceae
Zanthoxylum simulans;Rutaceae
Zanthoxylum simulans;Rutaceae
Zauschneria californica;Onagraceae
Zauschneria californica;Onagraceae
Zauschneria californica;Onagraceae
Zauschneria californica;Onagraceae
Zauschneria californica;Onagraceae
Zauschneria californica;Onagraceae
Zauschneria californica;Onagraceae
Zauschneria californica;Onagraceae
Zauschneria garrettii;Onagraceae
Zauschneria septentrionalis;Onagraceae
Zehneria scabra;Cucurbitaceae
Zehneria sp.;Cucurbitaceae
Zelkova carpinifolia;Ulmaceae
Zelkova carpinifolia;Ulmaceae
Zelkova serrata;Ulmaceae
Zelkova serrata;Ulmaceae
Zelkova serrata;Ulmaceae
Zelkova sinica;Ulmaceae
Zenobia pulverulenta;Ericaceae
Zephyranthes candida;Amaryllidaceae
Zeuxine nervosa;Orchidaceae
Zigadenus elegans;Melanthiaceae
Zigadenus sp.;Melanthiaceae
Zingiber aurantiacum;Zingiberaceae
Zingiber capitatum;Zingiberaceae
Zingiber cardiocheilum;Zingiberaceae
Zingiber clarkei;Zingiberaceae
Zingiber collinsii;Zingiberaceae
Zingiber discolor;Zingiberaceae
Zingiber griffithii;Zingiberaceae
Zingiber chrysanthum;Zingiberaceae
Zingiber lecongkietii;Zingiberaceae
Zingiber malaysianum;Zingiberaceae
Zingiber mellis;Zingiberaceae
Zingiber mioga;Zingiberaceae
Zingiber mioga-hybr.;Zingiberaceae
Zingiber monophyllum;Zingiberaceae
Zingiber neotruncatum;Zingiberaceae
Zingiber nudicarpum;Zingiberaceae
Zingiber officinale;Zingiberaceae
Zingiber pseudopungens;Zingiberaceae
Zingiber puberulum;Zingiberaceae
Zingiber recurvatum;Zingiberaceae
Zingiber rubens;Zingiberaceae
Zingiber singapurense;Zingiberaceae
Zingiber sp.;Zingiberaceae
Zingiber sp.;Zingiberaceae
Zingiber sp.;Zingiberaceae
Zingiber sp.;Zingiberaceae
Zingiber sp.;Zingiberaceae
Zingiber sp.;Zingiberaceae
Zingiber sp.;Zingiberaceae
Zingiber sp.;Zingiberaceae
Zingiber sp.;Zingiberaceae
Zingiber sp.;Zingiberaceae
Zingiber sp.;Zingiberaceae
Zingiber sp.;Zingiberaceae
Zingiber yersinii;Zingiberaceae
Zingiber zerumbet;Zingiberaceae
Zingiber zerumbet;Zingiberaceae
Zingiber zerumbet;Zingiberaceae
Zinnia angustifolia;Asteraceae
Zinnia grandiflora;Asteraceae
Zinnia maritima;Asteraceae
Zinnia peruviana;Asteraceae
Zinnia peruviana;Asteraceae
Zinnia peruviana;Asteraceae
Zizania latifolia;Poaceae
Zizia aurea;Apiaceae
Ziziphora clinopodioides;Lamiaceae
Ziziphora clinopodioides;Lamiaceae
Ziziphus jujuba;Rhamnaceae
Zombia antillarum;Arecaceae
Zootrophion trivalve;Orchidaceae
Zoysia tenuifolia;Poaceae
Zygopetalum mackaii;Orchidaceae
Zygopetalum maculatum;Orchidaceae
Zygopetalum microphytum;Orchidaceae
Zygopetalum triste;Orchidaceae
Zygopetalum triste;Orchidaceae
Zygosicyos sp.;Cucurbitaceae
Zygosicyos tripartitus;Cucurbitaceae
Zygosicyos tripartitus;Cucurbitaceae
;Orchidaceae
