Code emplacement;No Semis;Taxons;Nom acquisition
AquaGrd-BassinBras;221125;Caltha palustris;Caltha palustris
AquaGrd-BassinBras;220372;Lycopus europaeus;Ranunculus montanus aggr.
AquaGrd-BassinBras;221886;Pulicaria dysenterica;Pulicaria dysenterica 
AquaGrd-BassinBras;98577;Stellaria holostea;Stellaria holostea
AquaGrd-BassinBras;221535;Senecio erraticus;Senecio erraticus
AquaGrd-BassinBras;221234;Pleione formosana;Pleione formosana
AquaGrd-BassinBras;216017;Carex pulicaris;Carex pumila
AquaGrd-BassinEtang;221077;Butomus umbellatus;Butomus umbellatus L.
AquaGrd-BassinEtang;221081;Glandora rosmarinifolia;Lithodora rosmarinifolia
AquaMarais;220038;Hottonia palustris;Hottonia palustris
AquaMarais;221725;Pilularia globulifera ;Pilularia globulifera L.
"AquaTourbièreA
0";206871;Erica tetralix;Erica tetrlix
AquaTourbièreA0;206872;Potentilla palustris;Potentilla palustris
AquaTourbièreA10;90862;Vinca minor;Vinca minor L.
AquaTourbièreA10;90864;Salix x cotteti;Salix x cottetii
AquaTourbièreA10;221735;Vaccinium uliginosum;Vaccinium uliginosum
AquaTourbièreA10;220090;Ledum palustre;Ledum palustre L.
AquaTourbièreA10;221190;Vicia sepium;Vicia sepium L.
AquaTourbièreA10;221188;;Vicia hirsuta
AquaTourbièreA10;90863;Morus alba var. pendula;Morus nigra cv. ‘'Pendula'‘
AquaTourbièreA10;216099;Ornithogalum umbellatum;Ornithogalum umbellatum
AquaTourbièreA10;222068;Eleocharis palustris;Eleocharis palustris
AquaTourbièreA10;219031;Carex pallescens;Carex pallescens
AquaTourbièreA10;217210;Cladium mariscus;Cladium mariscus
AquaTourbièreA10;221002;Iris sibirica;Iris sibirica
AquaTourbièreA10;206874;Erica vagans;Erica vagans
AquaTourbièreP03;222051;Carex alba;Carex alba
Arboretum;90888;Corydalis lutea;Corydalis lutea (L.) DC.
ArboretumCouchant1;200451;Fagus sylvatica var. atropurpurea;Fagus  sylvatica L.atropurpurea
ArboretumCouchant1;200452;Poncirus trifoliata;Poncirus trifoliata (L.) Raf.
ArboretumCouchant1;200453;Populus alba;Populus alba L.
ArboretumCouchant1;200454;Pinus cembra;Pinus cembra L.
ArboretumCouchant1;200455;Pinus wallichiana;Pinus wallichiana A.B. Jacks.
ArboretumCouchant1;751857;Rhododendron catawbiense;Rhododendron catawbiense Michx.
ArboretumCouchant1;200457;Gaultheria x wisleyensis;Gaultheria x wisleyensis Marchant ex D.J. Middleton
ArboretumCouchant1;75919;Clethra alnifolia;Clethra alnifolia L.
ArboretumCouchant1;200460;Digitalis purpurea;Digitalis purpurea L.
ArboretumCouchant1;200461;Acer saccharum;Acer saccharum Marsh. subsp. saccharum 
ArboretumCouchant1;200463;Ilex aquifolium;Ilex aquifolium L.
ArboretumCouchant1;200464;Ilex aquifolium;Ilex  aquifolium L.
ArboretumCouchant1;200465;Ilex aquifolium;Ilex aquifolium L.
ArboretumCouchant2;200472;Nothofagus obliqua;Nothofagus obliqua (Bl.) Oerst.
ArboretumCouchant2;200473;Metasequoia glyptostroboides;Metasequoia glyptostroboides Hu et Cheng
ArboretumCouchant2;200508;Ribes alpinum;Ribes alpinum L.
ArboretumCouchant2;200510;Ribes uva-crispa;Ribes uva-crispa L.
ArboretumCouchant2;200509;Prunus padus;Prunus padus L.
ArboretumCouchant2;205509;Salix purpurea;Salix purpurea
ArboretumCouchant2;205510;Salix elaeagnos ‘Angustifolia’;Salix eleagnos cv. ‘angustifolia‘
ArboretumCouchant2;200484;Lonicera caerulea;Lonicera caerulea L.
ArboretumCouchant3;200466;Salix caprea;Salix caprea L.
ArboretumCouchant3;200467;Symplocos paniculata;Symplocos paniculata (Thunb.) Miq.
ArboretumCouchant3;200468;Rosa pendulina;Rosa pendulina L.
ArboretumCouchant3;200469;Sambucus nigra;Sambucus nigra L.
ArboretumCouchant3;200470;Salix caprea;Salix caprea L.
ArboretumCouchant3;200471;Nothofagus sp.;Nothofagus 
ArboretumCouchant3;200474;Listera ovata;Listera ovata (L.) R. Br.
ArboretumCouchant3;200475;Castanea sativa;Castanea sativa Miller
ArboretumCouchant3;200476;Viburnum opulus;Viburnum opulus
ArboretumCouchant3;200477;Cornus mas;Cornus mas L.
ArboretumCouchant3;200478;Corylus avellana;Corylus avellana L.
ArboretumCouchant3;200479;Prunus mahaleb;Prunus mahaleb L.
ArboretumCouchant3;200480;Cornus mas;Cornus mas L.
ArboretumCouchant3;200481;Viburnum lantana;Viburnum lantana L.
ArboretumCouchant3;200482;Sorbus domestica;Sorbus domestica L.
ArboretumCouchant3;200483;Sorbus aucuparia;Sorbus aucuparia L.
ArboretumCouchant3;200484;Lonicera caerulea;Lonicera caerulea L.
ArboretumCouchant3;200485;Sambucus racemosa;Sambucus racemosa L.
ArboretumCouchant3;200486;Acer campestre;Acer campestre L.
ArboretumCouchant3;200487;Salix viminalis;Salix viminalis L.
ArboretumCouchant3;200488;Euonymus europaeus;Euonymus europaeus L.
ArboretumCouchant3;200489;Crataegus laevigata;Crataegus oxyacantha
ArboretumCouchant3;200490;;Euonymus canadensis
ArboretumCouchant3;200491;Rhamnus cathartica;Rhamnus cathartica L.
ArboretumCouchant3;200492;Sorbus mougeotii;Sorbus mougeotii Soyer-Will.&Godron
ArboretumCouchant3;205508;Sorbus aria;Sorbus aria
ArboretumCouchant3;200494;Hippophaë rhamnoides;Hippophaë rhamnoides L.
ArboretumCouchant3;200495;Hippophaë rhamnoides;Hippophaë rhamnoides L.
ArboretumCouchant3;200496;Ilex aquifolium;Ilex aquifolium L.
ArboretumCouchant3;200497;Laburnum anagyroides;Laburnum anagyroides Medikus
ArboretumCouchant3;200498;Juniperus communis;Juniperus communis L.
ArboretumCouchant3;200499;Sorbus torminalis;Sorbus torminalis (L.) Crantz, Alouchier, Allier
ArboretumCouchant3;200500;Pyrus communis;Pyrus  communis L.
ArboretumCouchant3;200501;Camellia japonica;Camellia japonica L.
ArboretumCouchant3;200502;Skimmia japonica;Skimmia japonica Thunb.
ArboretumCouchant3;200503;Pieris japonica ‘Red forme’;Pieris japonica (Thunb. ex Murr.) D. Don ex G. Don cv. ‘'Red forme'‘
ArboretumCouchant3;200504;Skimmia japonica;Skimmia japonica Thunb.
ArboretumCouchant3;200505;Chionanthus virginicus;Chionanthus virginicus L.
ArboretumCouchant3;200506;Nyssa sinensis;Nyssa sinensis Oliv.
ArboretumCouchant3;200507;Listera ovata;Listera ovata (L.) R. Br.
ArboretumCouchant4;200511;Castanea sativa;Castanea sativa Miller
ArboretumCouchant4;200512;Maclura pomifera;Maclura pomifera (Raf.) Schneid.
ArboretumCouchant4;200513;Bergenia ciliata;Bergenia ciliata (Haw.) Sternb.
ArboretumCouchant4;200514;Rodgersia pinnata;Rodgersia  pinnata Franch.
ArboretumCouchant4;200515;Heracleum mantegazzianum;Heracleum mantegazzianum Somm. et Levier
ArboretumCouchant4;200516;Anemone ranunculoides;Anemone ranunculoides L.
ArboretumCouchant4;825616;Acanthus mollis;Acanthus mollis L.
ArboretumCouchant4;200518;Arum italicum;Arum italicum Miller
ArboretumCouchant4;200519;Bergenia sp.;Bergenia sp.
ArboretumCouchant4;200520;Rodgersia tabularis;Rodgersia tabularis (Hemsl.) Kom.
ArboretumCouchant4;696801;Pinus banksiana;Pinus banksiana Lamb.
ArboretumCouchant4;200522;Rhododendron ferrugineum;Rhododendron ferrugineum L.
ArboretumCouchant4;200523;Daphne mezereum f. alba;Daphne mezereum L. f. albo 
ArboretumCouchant4;200524;Fragaria sp.;Fragaria sp
ArboretumCouchant4;200525;Dactylorhiza maculata;Dactylorhiza maculata (L.) Soo
ArboretumCouchant4;200526;Matteuccia struthiopteris;Matteuccia  struthiopteris (L.) Tod.
ArboretumCouchant4;200527;Ligularia przewalskii;Ligularia przewalskii (Maxim.) Diels
ArboretumCouchant4;200528;Alchemilla mollis;Alchemilla mollis (Buser) Rothm.
ArboretumCouchant4;751009;Ligularia sibirica var. speciosa;Ligularia fischeri Turcz
ArboretumCouchant4;200530;Sassafras albidum;Sassafras albidum (Nutt.) Nees var. albidum 
ArboretumCouchant4;200531;Biarum tenuifolium;Arum tenuifolium
ArboretumCouchant4;200532;Fragaria moschata;Fragaria moschata West.
ArboretumCouchant4;200533;Rodgersia aesculifolia;Rodgersia aesculifolia Batal.
ArboretumCouchant4;200534;Pinellia ternata;Pinellia ternata (Thunb.) Breit.
ArboretumCouchant4;200535;Alchemilla speciosa;Alchemilla speciosa ?
ArboretumCouchant4;200536;Bergenia x schmidtii;Bergenia x schmidtii (Regel) Silva Tarouca
ArboretumCouchant4;200538;Daphne mezereum;Daphne  mezereum ?
ArboretumEst1;205103;Viburnum tinus;Viburnum tinus
ArboretumEst1;205103;Viburnum tinus;Viburnum tinus
ArboretumEst1;205103;Viburnum tinus;Viburnum tinus
ArboretumEst1;205104;Sophora japonica ‘Pendula’;Sophora japonica cv. ‘pendula‘
ArboretumEst1;204276;Cotoneaster sp.;Cotoneaster Sp.
ArboretumEst1;204260;Berberis thunbergii ‘Atropurpurea’;Berberis thunbergii cv. ‘'Atropurpurea'‘
ArboretumEst1;204256;Prunus laurocerasus;Prunus lauracerasus
ArboretumEst1;204256;Prunus laurocerasus;Prunus lauracerasus
ArboretumEst1;8612;Colutea persica;Colutea persica
ArboretumEst1;204259;Berberis candidula;Berberis candidula
ArboretumEst1;204260;Berberis thunbergii ‘Atropurpurea’;Berberis thunbergii cv. ‘'Atropurpurea'‘
ArboretumEst1;851140;Lonicera xylosteum;Lonicera xylosteum
ArboretumEst1;204256;Prunus laurocerasus;Prunus lauracerasus
ArboretumEst1;84;Calycanthus fertilis var. laevigatus;Calycanthus floridus var. laevigatus 
ArboretumEst1;204257;Lonicera pileata;Lonicera pileata
ArboretumEst1;204258;Potentilla fruticosa;Potentilla fruticosa
ArboretumEst1;204258;Potentilla fruticosa;Potentilla fruticosa
ArboretumEst1;204258;Potentilla fruticosa;Potentilla fruticosa
ArboretumEst1;836746;Rhodotypos scandens;Rhodotypos scandens
ArboretumEst1;204257;Lonicera pileata;Lonicera pileata
ArboretumEst2;204263;Rosmarinus officinalis;Rosmarinus officinalis
ArboretumEst2;204265;Mespilus germanica;Mespilus germanica
ArboretumEst2;204266;Spiraea x ‘Anthony Waterer’;"Spiraea bumalda  X "" """"Anthony Waterer"""""" "
ArboretumEst2;204267;Diervilla x splendens;Diervilla sp.
ArboretumEst2;205105;Vincetoxicum nigrum;Vincetoxicum nigrum
ArboretumEst2;205106;Ficus carica;Ficus carica
ArboretumEst2;205107;Asphodeline liburnica;Asphodeline liburnica
ArboretumEst3;204268;Chaenomeles  japonica;Choenomeles japonica
ArboretumEst3;794469;Dipelta floribunda;Dipelta floribunda
ArboretumEst3;794571;Cornus florida;Cornus florida
ArboretumEst3;815090;Chimonanthus praecox ‘Grandiflorus’;Chimonanhus praecox var. grandiflora 
ArboretumEst3;204272;Callicarpa bodinieri var. giraldii;Callicarpa Giraldiana
ArboretumEst3;896586;Chaenomeles sinensis;Choenomeles speciosa
ArboretumEst3;825842;Cercocarpus montanus var. glaber;Cercocarpus betuloides
ArboretumEst3;204275;Prunus laurocerasus;Prunus lauracerasus
ArboretumMidiA;90306;Larix decidua;Larix decidua Mill.
ArboretumMidiA;90609;Cryptomeria japonica var. araucarioides;Cryptomeria japonica var. araucarioides 
ArboretumMidiA;90307;Larix gmelinii var. japonica;Larix gmelinii (Rupr.) Kuzen var. japonica 
ArboretumMidiA;794436;Genista aetnensis;Genista aetnensis (Biv.)DC.
ArboretumMidiA;90309;Diervilla rivularis;Diervilla rivularis Gatt.
ArboretumMidiA;773128;Firmiana simplex;Firmiana simplex (L.) W. F. Wight
ArboretumMidiA;2134;Cotoneaster splendens;Cotoneaster splendens Flinck & Hylmo
ArboretumMidiA;221709;Koelreuteria paniculata;Koelreuteria paniculata
ArboretumMidiA;708491;Cotoneaster x antoninae;Cotoneaster neo - antoninae A. Vassiliev
ArboretumMidiA;90315;Indigofera heterantha;Indigofera gerardiana Wall. ex Bak.
ArboretumMidiA;90318;Oemleria cerasiformis;Oemleria cerasiformis (Torr. et A. Gray ex Hook. et Arn.) Landon
ArboretumMidiA;90320;Dipelta yunnanensis;Dipelta yunnanensis Franch.
ArboretumMidiA;90322;Podocarpus nivalis;Podocarpus nivalis Hook.
ArboretumMidiA;90323;Betula apoiensis;Betula opaiensis
ArboretumMidiA;90325;Berberis candidula;Berberis candidula (C.K.Schneid.)C.K. Schneid.
ArboretumMidiA;221676;Silene viscaria;Silene viscaria
ArboretumMidiA;221302;Kerria japonica;Kerria japonica
ArboretumMidiA;222050;Salvia sclarea var. turkestanica;Salvia sclarea var. turkestanica
ArboretumMidiA;221718;Silene viscaria;Silene viscaria
ArboretumMidiA;221713;Artemisia vallesiaca;Artemisia vallesiaca
ArboretumMidiA;221719;Veronica austriaca;Veronica austriaca
ArboretumMidiA;222052;Sauromatum venosum;Sauromatum venosum
ArboretumMidiA;675230;Cotoneaster rotundifolius;Cotoneaster prostrata
ArboretumMidiA;221300;Angelica gigas;Angelica gigas
ArboretumMidiA;222053;Salvia argentea;Salvia argentea
ArboretumMidiA;222054;Gunnera manicata;Gunnera manicata
ArboretumMidiA;222055;Aloysia polystachya;Lippia polystachya
ArboretumMidiA;222056;Lavandula dentata;Lavandula dentata
ArboretumMidiA0;9925;Crataegus azarolus;Crataegus azarolus L.
ArboretumMidiA0;90300;Vitis riparia;Vitis riparia Michx.
ArboretumMidiA0;90305;Cotoneaster microphyllus;Cotoneaster microphyllus Wall. ex Lindl.
ArboretumMidiA0;90313;Sophora davidii;Sophora davidii (Franch.) Skeels
ArboretumMidiA0;90314;Prunus mume;Prunus mume Sieb. et Zucc.
ArboretumMidiA0;90316;Sempervivum guiseppi;Sempervivum guiseppi
ArboretumMidiA0;90317;Geranium ibericum ‘Rosemoor’;Geranium ibericum Cav.'Rosemoor'
ArboretumMidiA0;90319;Geranium cinereum ‘Ballerina’;Geranium cinereum Cav.'Ballerina'
ArboretumMidiA0;90321;Geranium ibericum ‘Rosemoor’;Geranium ibericum Cav.'Rosemoor'
ArboretumMidiA0;90324;Geranium himalayense X pratense ‘Johnson's Blue’;Geranium 'Johnson's Blue'
ArboretumMidiA2;93500;Alyssoides utriculata subsp. bulgarica;Alyssoides utriculata (L.) Moench.  subsp. bulgarica (Sagroski) Hartvig
ArboretumMidiA2;205826;Phlomis fruticosa;Phlomis fruticosa L.
ArboretumMidiA2;221720;;Rosa sp.
ArboretumMidiA2;205564;Salvia microphylla;salvia microphylla
ArboretumMidiA2;220064;Cotoneaster Zimmermanii;Cotoneaster zimmermannii J.Fryer & B.Hylm
ArboretumMidiA2;220065;Ruscus aculeatus;Ruscus aculeatus L.
ArboretumMidiA2;221168;Anthyllis montana;Anthyllis montana ssp. montana
ArboretumMidiA2;221706;Dianthus gratianopolitanus;Dianthus gratianopolitanus
ArboretumMidiA2;221707;Ballota acetabulosa;Ballota acetabulosa
ArboretumMidiA2;221708;;Rosa sp.
ArboretumMidiB;90329;Sophora japonica ‘Pendula’;Sophora japonica L. var. pendula 
ArboretumMidiB;9270;Yucca filamentosa;Yucca filamentosa L.
ArboretumMidiB;90332;Yucca baccata;Yucca baccata Torr.
ArboretumMidiB;4728;Rhamnus saxatilis;Rhamnus saxatilis Jacq. subsp. saxatilis 
ArboretumMidiB;90335;Styrax officinalis;Styrax officinalis L.
ArboretumMidiB;90336;Coriaria myrtifolia;Coriaria myrtifolia L.
ArboretumMidiB;90337;Quercus ilex;Quercus ilex L.
ArboretumMidiB;897;Shepherdia argentea;Shepherdia argentea (Pursh)Nutt.
ArboretumMidiB;90339;Poncirus trifoliata;Poncirus trifoliata (L.) Raf.
ArboretumMidiB;90340;Lagerstroemia indica;Lagerstroemia indica L.
ArboretumMidiB;1766;Jasminum fruticans;Jasminum fruticans L.
ArboretumMidiB;90342;Ficus carica;Ficus carica L.
ArboretumMidiB;90344;Arbutus unedo;Arbutus unedo L.
ArboretumMidiB;90346;Nandina domestica;Nandina domestica Thunb. ex Murr.
ArboretumMidiB0;90327;Euonymus nanus var. turcestanicus;Euonymus nanus (Dieck) Krysht. var. turcestanicus 
ArboretumMidiB0;90328;Yucca glauca;Yucca glauca Nutt. ex Fras.
ArboretumMidiB0;90331;Populus nigra subsp. pyramidalis;Populus nigra L. subsp. pyramidalis 
ArboretumMidiB0;90333;Yucca gloriosa;Yucca gloriosa L.
ArboretumMidiB0;90343;Eriobotrya japonica;Eriobotrya japonica (Thunb.) Lindl.
ArboretumMidiB0;90345;Sorbus americana;Sorbus americana Marsh.
ArboretumMidiC;84260;Prunus prostrata;Prunus prostrata Labill.
ArboretumMidiC;90351;Cupressus sempervirens;Cupressus sempervirens L.
ArboretumMidiC;90352;Escallonia alpina;Escallonia alpina Poepp. & Endl.
ArboretumMidiC;90353;Deutzia crenata;Deutzia crenata Sieb. et Zucc.
ArboretumMidiC;90354;Cercocarpus montanus;Cercocarpus montanus Raf.
ArboretumMidiC;90355;Morus alba;Morus alba L.
ArboretumMidiC;90356;Aesculus parviflora;Aesculus parviflora Walt.
ArboretumMidiC;90357;Paliurus spina-christi;Paliurus spina-christi Mill.
ArboretumMidiC;205092;;Prumnopitys andina (poepp. ex Endl.) de Laub.
ArboretumMidiC;90360;Rosa caesia;Rosa corymbifera Borkh.
ArboretumMidiC;90361;Quercus suber;Quercus suber L.
ArboretumMidiC;90362;Calycanthus floridus;Calycanthus floridus L.
ArboretumMidiC;783925;Garrya elliptica;Garrya elliptica Dougl. ex Lindl.
ArboretumMidiC;9925;Crataegus azarolus;Crataegus azarolus L.
ArboretumMidiC;7881;Physocarpus opulifolius;Physocarpus opulifolius (L.) Maxim.
ArboretumMidiC;216136;Prunus dulcis ‘Roses du Portugal’;Prunus dulcis'Rosa Portugal'
ArboretumMidiC;216134;Prunus dulcis ‘Blanches du Portugal’;Prunus dulcis'Weisse Portugal'
ArboretumMidiC;90370;Rhus vernix;Toxicodendron vernix (L.) O. Kuntze
ArboretumMidiC;221710;Quercus ilex;Quercus ilex
ArboretumMidiC;220072;Prunus spinosa;Prunus spinosa L.
ArboretumMidiC;221711;Sorbus domestica;Sorbus domestica
ArboretumMidiC0;822753;Dianthus arboreus;Dianthus arboreus L.
ArboretumMidiC0;216227;Juniperus thurifera;Juniperus thurifera
ArboretumMidiC0;90358;Edgeworthia papyrifera;Edgeworthia gardnerii Meissn.
ArboretumMidiC0;825582;Halimodendron halodendron;Halimodendron halodendron (Pall.) Voss
ArboretumMidiC0;863;Syringa yunnanensis;Syringa yunnanensis Franch.
ArboretumMidiC0;90366;Syringa wulingensis;Syringa wulingensis Skvortz. & W. Wang
ArboretumMidiC0;90367;Syringa wulingensis;Syringa wulingensis Skvortz. & W. Wang
ArboretumMidiC0;90368;Melia azedarach;Melia azedarach L.
ArboretumMidiC0;90369;Fremontodendron californicum;Fremontodendron californicum (Torr.) Coville
ArboretumMidiC0;90371;Populus nigra subsp. pyramidalis;Populus nigra L. subsp. pyramidalis 
ArboretumMidiC0;90372;Cotoneaster sp.;Cotoneaster sp.
ArboretumMidiD;90578;Cercidiphyllum japonicum;Cercidiphyllum japonicum Sieb. et Zucc.
ArboretumMidiD;696774;Cornus sericea;Cornus sericea L.
ArboretumMidiD;220073;Ligusticum japonicum;Ligustrum japonicum var. rotundifolium 
ArboretumMidiD;587;Photinia davidiana;Stranvaesia davidiana Decne.
ArboretumMidiD;90582;Lonicera syringantha var. wolfii;Lonicera syringantha Maxim. var. wolfii 
ArboretumMidiD;90584;Ginkgo biloba;Ginkgo biloba L.
ArboretumMidiD;804644;Exochorda korolkowii;Exochorda korolkowii Lavallée
ArboretumMidiD;90587;Idesia polycarpa;Idesia polycarpa Maxim.
ArboretumMidiD;90588;Calycanthus fertilis var. laevigatus;Calycanthus floridus L. var. laevigatus 
ArboretumMidiD;90589;Deutzia longifolia;Deutzia longifolia Franch.
ArboretumMidiD;761884;Parrotiopsis jacquemontiana;Parrotiopsis jacquemontiana (Decne.) Rehd.
ArboretumMidiD;794;Cornus capitata;Cornus capitata Wall.
ArboretumMidiD;90592;Cupressus sempervirens f. stricta;Cupressus sempervirens L. f. stricta  
ArboretumMidiD;90594;Syringa pubescens subsp. microphylla;Syringa microphylla Diels
ArboretumMidiD0;90581;Prunus baldschuanica;Prunus baldschuanica Regel.
ArboretumMidiD0;90583;Decaisnea fargesii;Decaisnea fargesii Franch.
ArboretumMidiD0;90593;Satureja montana var. repens;Satureja montana var. repens 
ArboretumMidiE;90595;Pinus nigra;Pinus nigra Arnold
ArboretumMidiE;90596;Pinus nigra;Pinus nigra Arnold
ArboretumMidiE;90597;Erica carnea;Erica carnea L.
ArboretumMidiE;215173;Polypodium vulgare;Polypodium vulgare L.
ArboretumMidiE;90598;Taxus baccata;Taxus baccata L.
ArboretumMidiE;90600;Pinus peuce;Pinus peuce Griseb.
ArboretumMidiE;3240;Chamaecyparis nootkatensis;Chamaecyparis nootkatensis (D. Don) Spach
ArboretumMidiE;851204;Scabiosa cretica;Scabiosa cretica L.
ArboretumMidiE;90605;Pinus aristata;Pinus aristata
ArboretumMidiE;90607;Pinus densiflora;Pinus densiflora Sieb. et Zucc.
ArboretumMidiE;90608;Picea smithiana;Picea smithiana (Wall.) Boiss.
ArboretumMidiE;220074;Elaeagnus pungens;Elaeagnus pungens Thunb.
ArboretumMidiE;1119;Cotoneaster rotundifolius;Cotoneaster rotundifolius Wall. ex Lindl.
ArboretumMidiE0;219045;Campanula cervicaria;Campanula cervicaria
ArboretumMidiE0;772574;Cerastium tomentosum;Cerastium tomentosum L.
ArboretumMidiE0;708788;Cotoneaster x antoninae;Cotoneaster antoninae
ArboretumMidiE0;90602;Picea abies;Picea abies (L.) Karst.
ArboretumMidiE0;90604;Orchis militaris;Orchis militaris L.
ArboretumMidiE0;90606;Potentilla cuneata;Potentilla ambigua Cambess.
ArboretumMidiE0;221727;Betula pendula var. carelica;Betula pendula var.Carelica
ArboretumMidiE0;90609;Cryptomeria japonica var. araucarioides;Cryptomeria japonica var. araucarioides 
ArboretumMidiE0;773213;Betula populifolia;Betula populifolia Marsh.
ArboretumMidiE0;90611;Betula pubescens;Betula alba
ArboretumMidiE0;90612;Betula pendula;Betula pendula
ArboretumMidiE0;90613;Betula albosinensis;Betula albosinensis Burk.
ArboretumMidiE0;1365;Betula pubescens subsp. tortuosa;Betula tortuosa
ArboretumMidiE0;2513;Cotoneaster sikangensis;Cotoneaster sikengensis Flinck & Hylmö
ArboretumMidiE1;215325;Arctostaphylos uva-ursi;Arctostaphylos uva-ursi
ArboretumMidiF;90619;Lonicera microphylla;Lonicera microphylla Willd. ex Roem. et Schult.
ArboretumMidiF0;90617;Salix yezoalpina;Salix nakamurana Koidz. var. yezoalpina 
ArboretumMidiF0;90626;Miscanthus sacchariflorus;Miscanthus sacchariflorus (Maxim.) Hack.
ArboretumMidiF0;90633;Paeonia delavayi;Paeonia delavayi Franch.
ArboretumMidiF0;90618;Thymus sp.;Thymus sp.
ArboretumMidiF0;90627;Miscanthus sinensis ‘Zebrinus’;Miscanthus sinensis (Thunb.) Anderss. cv. ‘' Zebrinus'‘
ArboretumMidiF0;90628;Cortaderia selloana;Cortaderia selloana Aschers. et Graebn.
ArboretumMidiF0;90620;;Salix liliput
ArboretumMidiF0;90621;Geranium cinereum subsp. subcaulescens;Geranium subcaulescens L'Hérit. ex DC.
ArboretumMidiF0;784037;Euptelea polyandra;Euptelea polyandra Sieb. et Zucc.
ArboretumMidiF0;90622;Helianthemum sp.;Helianthemum sp.
ArboretumMidiF0;6017;Aronia melanocarpa;Aronia melanocarpa (Michx.) Elliott
ArboretumMidiF0;90623;Chamaecytisus purpureus;Cytisus purpureus Scop.
ArboretumMidiF1;90624;Nepeta racemosa;Nepeta mussinii
ArboretumMidiF1;90625;Coronilla valentina subsp. glauca;Coronilla glauca L.
ArboretumMidiF2;84382;Dipelta floribunda;Dipelta floribunda Maxim.
ArboretumMidiF2;90632;Cornus florida;Cornus florida L.
ArboretumMidiG0;893109;Potentilla purpurea;Potentilla purpurea Hook
ArboretumMidiG0;851204;Scabiosa cretica;Scabiosa cretica L.
ArboretumMidiG0;90651;Phlox subulata;Phlox subulata L.
ArboretumMidiG0;90652;Arabis x variegata;Arabis variegata
ArboretumMidiG0;90653;Linum flavum;Linum flavum L.
ArboretumMidiG0;90663;Callicarpa japonica;Callicarpa japonica Thunb.
ArboretumMidiG0;708492;Ribes saxatile;Ribes saxatile Pall.
ArboretumMidiG1;90647;Lavandula angustifolia;Lavandula angustifolia Mill.
ArboretumMidiG1;221724;Euphorbia spinosa;Euphorbia spinosa
ArboretumMidiG1;90650;Cotoneaster sikangensis;Cotoneaster sikangensis Flink & Hymö
ArboretumMidiG2;93123;Acer circinatum;Acer circinatum Pursh
ArboretumMidiG2;205096;Clematis orientalis;Clematis orientalis L.
ArboretumMidiG2;206668;Clematis montana;Clematis montana Buch.-Ham. ex DC.
ArboretumMidiG2;205122;;Clematis campaniflora Brot.
ArboretumMidiG2;90656;Exochorda giraldii var. wilsonii;Exochorda giraldii Hesse var. wilsonii 
ArboretumMidiG2;90657;Exochorda racemosa;Exochorda racemosa (Lindl.) Rehd.
ArboretumMidiG2;221721;Hydrangea anomala;Hydrangea  anomala
ArboretumMidiG2;221722;Hedera colchica;Hedera colchica
ArboretumMidiG2;90658;Spiraea nipponica var. tosaensis;Spiraea nipponica Maxim.tosaensis
ArboretumMidiG2;90659;Buxus balearica;Buxus balearica Lam.
ArboretumMidiG2;90660;Ginkgo biloba;Ginkgo biloba L.
ArboretumMidiG2;772808;Lonicera microphylla;Lonicera microphylla Willd. ex Roem. et Schult.
ArboretumMidiG2;90662;Loropetalum chinense;Loropetalum chinense (R. Br.) Oliv.
ArboretumMidiG2;795008;Rhus aromatica;Rhus aromatica Ait.
ArboretumMidiG2;90665;Ligustrum lucidum;Ligustrum lucidum Ait.
ArboretumMidiH;90676;Perovskia atriplicifolia;Perovskia atriplicifolia Benth.
ArboretumMidiH;5342;Cornus kousa var. chinensis;Cornus kousa Hance var. chinensis 
ArboretumMidiH;8144;Petteria ramentacea;Petteria ramentacea (Sieber) K.B. Presl
ArboretumMidiH;90680;Ribes fasciculatum;Ribes fasciculatum Sieb. et Zucc.
ArboretumMidiH;90681;Microbiota decussata;Microbiota decussata Kom.
ArboretumMidiH;893224;Hovenia dulcis;Hovenia dulcis Thunb.
ArboretumMidiH;90686;Cornus pumila;Cornus pumila
ArboretumMidiH;882772;Stachyurus chinensis;Stachyurus chinensis Franch.
ArboretumMidiH;882521;Abelia chinensis;Abelia chinensis R.Br.
ArboretumMidiH;922;Juniperus virginiana;Juniperus virginiana L.
ArboretumMidiH;762173;Lonicera korolkowi;Lonicera korolkowi Stapf
ArboretumMidiH;90691;Rhodotypos scandens;Rhodotypos scandens (Thunb.) Mak.
ArboretumMidiH;5149;Cotoneaster rotundifolius;Cotoneaster prostrata Baker
ArboretumMidiH;3252;Pinus mugo;Pinus mugo Turra
ArboretumMidiH;2460;Lespedeza bicolor;Lespedeza bicolor Turcz.
ArboretumMidiH;220303;Helleborus foetidus;Helleborus foetidus
ArboretumMidiH;98307;Corylopsis willmottiae;Corylopsis willmottiae Rehder & Wilson
ArboretumMidiH;98305;Corylopsis glabrescens;Corylopsis glabrescens Franch. & Sav.
ArboretumMidiH;205091;Corylopsis gotoana;Corylopsis gotoana Mak.
ArboretumMidiH;90696;Phellodendron japonicum;Phellodendron japonicum Maxim.
ArboretumMidiH;98306;Corylopsis spicata;Corylopsis spicata Siebold & Zucc.
ArboretumMidiH;94093;Corylopsis sinensis;Corylopsis sinensis Hemsl.
ArboretumMidiH0;4694;Callicarpa shirasawana;Callicarpa shirasawana
ArboretumMidiH0;93330;Chimonanthus nitens;Chimonanthus nitens Oliv.
ArboretumMidiH0;90684;Zanthoxylum bungeanum;Zanthoxylum simulans ? Hance
ArboretumMidiH0;90685;Acer pensylvanicum;Acer pensylvanicum L.
ArboretumMidiH0;3916;Amorpha nana;Amorpha nana Nutt.
ArboretumMidiI;221794;Fritillaria meleagris;Fritillaria meleagris
ArboretumMidiI;90704;Choisya ternata;Choisya ternata H.B.K.
ArboretumMidiI;90706;Fontanesia phillyreoides var. fortunei;Fontanesia fortunei Carr.
ArboretumMidiI;90708;Hepatica nobilis;Hepatica nobilis Schreber
ArboretumMidiI;772717;Prunus virginiana;Prunus virginiana L.
ArboretumMidiI;90711;Spiraea sp.;Spiraea sp.
ArboretumMidiI;90713;Colutea arborescens;Colutea arborescens L.
ArboretumMidiI;90714;Hermodactylus tuberosus;Hermodactylus tuberosus (L.) Miller
ArboretumMidiI;90718;Kerria japonica f. fl. pleno;Kerria japonica (L.) DC.fl. pleno
ArboretumMidiI;2428;Prunus cerasus;Prunus cerasifera Ehrh.
ArboretumMidiI;90722;Hepatica nobilis;Hepatica nobilis Schreber
ArboretumMidiI;90723;Frangula purshiana;Rhamnus purshiana DC.
ArboretumMidiI;90724;Chimonanthus fragrans;Chimonanthus praecox (L.) Link
ArboretumMidiI;90725;Cotoneaster divaricatus;Cotoneaster divaricatus Rehd. et Wils.
ArboretumMidiI;90726;Potentilla fruticosa var. obtusifolia;Potentilla fruticosa L.obtusifolia
ArboretumMidiI;90727;Pinus sylvestris ‘Repanda’;Pinus sylvestris L. cv. ‘'Repanda'‘
ArboretumMidiI;95599;Cotoneaster nummularioides;Cotoneaster nummularioides Pojark.
ArboretumMidiI;90731;Fraxinus ornus;Fraxinus ornus L.
ArboretumMidiI;494;Carpinus turczaninovii;Carpinus turczaninovii Hance
ArboretumMidiI;2461;Rhamnus davuricus;Rhamnus davuricus Pall.
ArboretumMidiI;90748;Anacyclus pyrethrum var. depressus;Anacyclus pyrethrum (L.) Link var. depressus 
ArboretumMidiI;220310;Sesleria  heufleriana;Selsleria heufleriana
ArboretumMidiI;220311;Allium sphaerocephalon;Allium sphaerocephalon
ArboretumMidiI;220312;Euphorbia seguieriana subsp. niciciana;Euphorbia seguieriana  subsp. niciciana 
ArboretumMidiI;221164;Daphne laureola;Daphne laureola L.
ArboretumMidiI0;90701;Helianthemum sp.;Helianthemum sp.
ArboretumMidiI0;90702;Campanula poscharskyana f. fl. roseo;Campanula poscharskyanafl. roseo
ArboretumMidiI0;90703;Malus hupehensis;Malus hupehensis (Pamp.) Rehd.
ArboretumMidiI0;90705;Cotoneaster henryanus;Cotoneaster henryanus (Schneid.) Rehd. et Wils.
ArboretumMidiI0;696948;Rosa prattii;Rosa prattii Hemsl.
ArboretumMidiI0;90709;Lilium candidum;Lilium candidum L.
ArboretumMidiI0;90712;Hydrangea arborescens;Hydrangea arborescens L. subsp. arborescens 
ArboretumMidiI0;90715;Cotoneaster horizontalis var. prostrata;Cotoneaster horizontalis Decne var. prostrata 
ArboretumMidiI0;90716;Agapanthus campanulatus f. albus;Agapanthus campanulatus'Albus'
ArboretumMidiI0;90717;Hamamelis mollis;Hamamelis mollis Oliv.
ArboretumMidiI0;90719;Syringa reflexa;Syringa reflexa Schneid.
ArboretumMidiI0;90721;Sophora microphylla;Sophora microphylla Aiton
ArboretumMidiI0;90729;Aubrieta x cultorum ‘Gurgedyke’;Aubrieta hybr.'Gurgedyke'
ArboretumMidiI0;90730;Dianthus hybride ‘La Bourboule Alba’;Dianthus gratianopolitanus cv. ‘'La Bourbrille Alba'‘
ArboretumMidiI0;90732;Geranium sanguineum ‘Album’;Geranium sanguineum cv. ‘'Album'‘
ArboretumMidiI0;90733;Corydalis flexuosa ‘Purple Leaf Form’;Corydalis flexuosa Franch.'Purple Leaf Form'
ArboretumMidiI0;90735;Geranium x lindavicum ‘Apple Blossom’;Geranium x lindavicum cv. ‘'Apple Blossom'‘
ArboretumMidiI0;90736;Helianthemum Hybride ‘Lawrenson's Pink’;Helianthemum hybrides cv. ‘'Lawrenson's Pink'‘
ArboretumMidiI0;90737;Abeliophyllum distichum;Abeliophyllum distichum Nakai
ArboretumMidiI0;90739;Geranium grandiflorum ‘Alpinum’;Geranium himalayense cv. ‘'Alpinum'‘
ArboretumMidiI0;90740;Adonis amurensis;Adonis amurensis Regel et Radde
ArboretumMidiI0;90741;Erythronium hybride ‘Pagoda’;Erythronium tuolumnense Appleg. cv. ‘'Pagoda'‘
ArboretumMidiI0;90742;Corydalis flexuosa ‘China Blue’;Corydalis flexuosa cv. ‘'China Blue'‘
ArboretumMidiI0;90743;Arctostaphylos uva-ursi;Arctostaphylos uva-ursi (L.) Sprengel
ArboretumMidiI0;90744;Waldsteinia ternata;Waldsteinia ternata (Stephan) Fritsch
ArboretumMidiI0;90745;Aubrieta x cultorum ‘Winterberg’;Aubrieta Hybriden cv. ‘'Winterberg'‘
ArboretumMidiI0;90746;Dianthus hybride ‘Whitefield Ruby’;Dianthus gratianopolitanus cv. ‘'Whitefield Ruby'‘
ArboretumMidiI0;90747;Geranium x cantabrigiense ‘Karmina’;Geranium x cantabrigiense cv. ‘'Karmina'‘
ArboretumMidiI0;90749;Dianthus gratianopolitanus ‘Princes Charmoy’;Dianthus gratianopolitanus Vill. cv. ‘'Princes Charmoy'‘
ArboretumMidiI0;90750;Sorbus domestica;Sorbus domestica L.
ArboretumMidiI0;220309;Anthericum liliago;Anthericum liliago
ArboretumMidiJ;90756;Cotoneaster harrysmithii;Cotoneaster harrysmithii Flinck & Hylmo
ArboretumMidiJ;90757;Corylus avellana ‘contorta’;"Corylus avellana L.""contorta"""
ArboretumMidiJ;90758;Hamamelis vernalis;Hamamelis vernalis Sarg.
ArboretumMidiJ;772780;Kalopanax septemlobus;Kalopanax septemlobus (Thunb. ex A. Murray) Koidz. Baumaralie, Castor Araliaseptemlobus
ArboretumMidiJ;90760;Spiraea x billardii;Spiraea billardii
ArboretumMidiJ;7729;Lonicera caerulea;Lonicera caerulea L.
ArboretumMidiJ;90763;Acer opalus;Acer opalus Miller
ArboretumMidiJ;90764;Aster limprichtii;Aster limprichtii 
ArboretumMidiJ;221729;Corokia cotoneaster;Coroka cotoneaster
ArboretumMidiJ;221730;;Loropetalum chinense cv. 'Burgundi'
ArboretumMidiJ;90765;Lonicera myrtillus;Lonicera myrtillus Hook.f. et Thoms.
ArboretumMidiJ;90775;Sedum dasyphyllum var. glanduliferum;Sedum dasyphyllum L.var. glanduliferum
ArboretumMidiJ0;90762;Leycesteria formosa;Leycesteria formosa Wall.
ArboretumMidiJ0;90766;Saxifraga x apiculata;Saxifraga apiculata
ArboretumMidiJ0;90767;Thymus x citriodorus var. aurea;Thymus x citriodorusvar. aurea
ArboretumMidiJ0;783772;Aubrieta gracilis;Aubrietia gracilisssp. scardica
ArboretumMidiJ0;90769;Veronica prostrata;Veronica prostrata L.
ArboretumMidiJ0;90770;Aurinia saxatile ‘Compactum’;Alyssum  saxatilevar. nanus
ArboretumMidiJ0;90771;Aubrieta sp.;Aubrieta sp.
ArboretumMidiJ0;90772;Minuartia imbricata;Minuartia imbricata
ArboretumMidiJ0;90773;Hypericum olympicum var. minus;"Hypericum olympicum L.""minor"""
ArboretumMidiJ0;90774;Phlox subulata;Phlox subulata L.
ArboretumMidiJ0;90776;Iberis sempervirens;Iberis sempervirens L.
ArboretumMidiJ0;90777;Aubrieta x cultorum ‘Blue Emperor’;"Aubrieta ""Blue Emperor"""
ArboretumMidiJ0;90778;Campanula portenschlagiana;Campanula portenschlagiana Schult.
ArboretumMidiJ0;90779;Dianthus gratianopolitanus ‘Chaperon rouge’;"Dianthus gratianopolitanus Vill.""Chaperon rouge"""
ArboretumMidiJ0;90780;Sedum cauticola ‘Robustum’;"Sedum cauticola Praeg.""robustum"""
ArboretumMidiJ0;90781;Aubrieta x cultorum ‘Red Carpet’;"Aubrieta ""Red Carpet"""
ArboretumMidiJ0;90782;Dianthus gratianopolitanus ‘Thérèse’;Dianthus gratianopolitanus'Thérèse'
ArboretumMidiJ0;90783;Aubrieta sp.;Aubrieta sp.
ArboretumMidiJ0;90784;Campanula poscharskyana ‘Stella’;"Campanula poscharskyana Degen""Stella"""
ArboretumMidiJ0;90785;Origanum majorana f. fl. roseo;Origanum majoranafl. roseo
ArboretumMidiJ0;90786;Dianthus gratianopolitanus ‘Feuerhexe’;"Dianthus gratianopolitanus Vill.""Feuerhexe"""
ArboretumMidiJ0;90787;Glandora oleifolia;Lithodora oleifolia (Lapeyr.) Griseb.
ArboretumMidiJ0;90788;Aubrieta x cultorum ‘Gloriosa’;Aubrieta gloriosa
ArboretumMidiJ0;90789;Iberis sempervirens;Iberis sempervirens L.
ArboretumMidiJ0;90790;Aubrieta sp.;Aubrieta sp.
ArboretumMidiJ0;90791;Epimedium perralderianum;Epimedium perralderianum Coss.
ArboretumMidiJ0;90792;Achillea ageratifolia subsp. serbica;Achillea serbica Nyman
ArboretumMidiJ0;90793;Hypericum olympicum var. grandiflorum;Hypericum olympicum L.grandiflorum
ArboretumMidiJ0;90794;Iberis sempervirens ‘Snowflake’;"Iberis sempervirens L.""Snowflake"""
ArboretumMidiJ0;90795;Calamintha nepeta;Calamintha nepeta (L.) Savi subsp. nepeta 
ArboretumMidiJ0;90796;Dianthus roysii;Dianthus gratianopolitanus'Royzii'
ArboretumMidiJ0;90797;Aubrieta x cultorum ‘Winterberg’;Aubrieta hybrides cv. ‘'Winterberg'‘
ArboretumMidiJ0;90798;Dianthus gratianopolitanus ‘Thérèse’;Dianthus gratianopolitanus'Thérèse'
ArboretumMidiJ0;90799;Silene schafta var. splendens;Silene schafta S.G. Gmel. ex Hohensplendens
ArboretumMidiK;762056;Colutea gracilis;Colutea gracilis Freyn et Sint.
ArboretumMidiK;119;Jasminum humile;Jasminum humile L.
ArboretumMidiK;3360;Platycarya strobilacea;Platycarya strobilacea Sieb. et Zucc.
ArboretumMidiK;2521;Elsholtzia stauntonii;Elsholtzia stauntonii Benth.
ArboretumMidiK;90806;Spiraea blumei;Spiraea blumei G. Don
ArboretumMidiK;90812;Lavandula angustifolia;"Lavandula angustifolia Mill. cv. ‘""Rosea""‘"
ArboretumMidiK0;783924;Fothergilla major;Fothergilla major (Sims) Lodd.
ArboretumMidiK0;90807;Phlox subulata;Phlox subulata L.
ArboretumMidiK0;90808;Saxifraga juniperifolia;Saxifraga juniperifolia Adams
ArboretumMidiK0;90809;Aubrieta x cultorum ‘Kelmscott’;"Aubrieta Hybr.cult.""Kelmscott"""
ArboretumMidiK0;90810;Phlox subulata;Phlox subulata L.
ArboretumMidiK0;90811;Nepeta x faassenii ‘Superba’;"Nepeta x faassenii""Superba"""
ArboretumMidiK0;90813;Helianthemum Hybride ‘Golden Queen’;"Helianthemum ""Golden Queen"""
ArboretumMidiK0;90814;Aubrieta x cultorum ‘Rosenteppich’;"Aubrieta cult. ""Rosenteppich"""
ArboretumMidiK0;90815;Asplenium ceterach;Asplenium ceterach L.
ArboretumMidiK0;90816;Penstemon barrettiae;Penstemon barrettiae A. Gray
ArboretumMidiK0;90817;Chiastophyllum oppositifolium;Chiastophyllum oppositifolium (Ledeb. ex Nordm.)
ArboretumMidiK0;90818;Iberis pruitii;Iberis pruitii Tineo
ArboretumMidiK0;90819;Haberlea rhodopensis;Haberlea rhodopensis Friv.
ArboretumMidiK0;90820;Saxifraga spathularis;Saxifraga spathularis
ArboretumMidiK0;851218;Hypericum olympicum var. minus;Hypericum olympicum L. var. minus 
ArboretumMidiK0;90822;Helianthemum Hybride ‘Pink Double’;Helianthemum  hybridecv
ArboretumMidiK0;90823;Minuartia plantaginea;Minuartia plantaginea
ArboretumMidiL0;90826;Betula platyphylla;Betula platyphylla Sukatsch.
ArboretumMidiL0;20,022;Akebia trifoliata;Akebia trifoliata (Thunb.) Koidz.
ArboretumMidiL0;90826;Betula platyphylla;Betula platyphylla Sukatsch.
ArboretumMidiL0;90837;Apios americana;Apios americana Medic.
ArboretumMidiL0;90827;Taxus baccata;Taxus baccata L.
ArboretumMidiL0;773121;Sorbaria grandiflora;Sorbaria grandiflora (Sweet) Maxim.
ArboretumMidiL0;90840;Lonicera pileata;Lonicera pileata Oliv.
ArboretumMidiL0;4910;Cephalaria alpina;Cephalaria alpina (L.) Roemer et Schultes
ArboretumMidiL0;90841;Elaeagnus macrophylla;Elaeagnus macrophylla Thunb.
ArboretumMidiL0;90832;Genista tournefortii;Genista tournefortii
ArboretumMidiL0;9570;Cotoneaster Zimmermanii;Cotoneaster Zimmermanii
ArboretumMidiL0;90845;Elaeagnus x submacrophylla ‘Ebbingii’;Elaeagnus x submacrophylla Serv. cv. ‘'Ebbingii'‘
ArboretumMidiL0;90846;Lonicera nitida;Lonicera nitida Wils.
ArboretumMidiL0;851120;Rhus chinensis;Rhus chinensis Mill.
ArboretumMidiL1;9683;Eucommia ulmoides;Eucommia ulmoides Oliver
ArboretumMidiL1;90831;Thalictrum flavum;Thalictrum flavum L. subsp. riparium 
ArboretumMidiL1;221728;Liriope spicata;Liriope spicata
ArboretumMidiL1;90834;Aruncus dioicus;Aruncus dioicus (Walt.) Fern.
ArboretumMidiL2;90838;Diospyros kaki;Diospyros kaki L.
ArboretumMidiL2;90839;Arundo donax;Arundo donax L.
ArboretumMidiL2;825768;Distylium racemosum;Distylium racemosum Sieb. et Zucc.
ArboretumMidiL2;90843;Gymnocladus dioicus;Gymnocladus dioicus (L.) K. Koch.
ArboretumMidiL2;90844;Tamarix chinensis;Tamarix chinensis Lour.
ArboretumMidiL2;825769;Ehretia acuminata;Ehretia thyrsiflora (S. & Z.) Nakai
ArboretumMidiL2;90848;Acer monspessulanum;Acer monspessulanum L.
ArboretumMidiL2;825401;Ulmus parvifolia;Ulmus parvifolia Jacq.
ArboretumMidiL2;90851;Acer saccharinum;Acer saccharinum L.
ArboretumMidiL2;90852;Thuja orientalis;Thuja orientalis L.
ArboretumMidiL2;90853;Betula sp.;Betula sp.
ArboretumMidiL2;90854;Ostrya carpinifolia;Ostrya carpinifolia Scop.
ArboretumMidiL2;220087;Laburnum alpinum;Laburnum alpinum (Mill.) Bercht. & J.Presl
ArboretumMidiL2;221731;Elaeagnus angustifolia;Elaeagnus angustifolia
ArboretumMidiM;90865;Euonymus fortunei var. radicans;Euonymus fortunei (Turcz.) Hand.-Mazz. var. radicans 
ArboretumMidiM;221732;;Rosa moschata 'Trier'
ArboretumMidiM;221733;Cerastium tomentosum;Cerastium tomentosum
ArboretumMidiM;90866;Teucrium chamaedrys;Teucrium chamaedrysfl. albo
ArboretumMidiM;213403;Prunus domestica subsp.  insititia;"Prunus ""Damassine"""
"ArboretumMidiM
0";220135;Erica carnea;Erica carnea L.
ArboretumMidiM0;90855;Pinus mugo var. pumilio;Pinus mugo Turrapumilio
ArboretumMidiM0;90856;Betula nana;Betula nana L.
ArboretumMidiM0;90857;Pinus mugo;Pinus mugo Turra subsp. mugo 
ArboretumMidiM0;90861;Ranunculus aconitifolius subsp. typicus;Ranunculus aconitifolius L. subsp. typicus 
ArboretumMidiM1;90868;Hamamelis virginiana;Hamamelis virginiana L.
ArboretumMidiM1;90870;Juniperus x pfitzeriana;"Juniperus chinensis""pfitzeriana"""
ArboretumMidiN;90891;Crataegus monogyna;Crataegus monogyna Jacq.
ArboretumMidiN;94251;Zanthoxylum americanum;Zanthoxylum americanum Mill.
ArboretumMidiN;221734;Kniphofia sp.;Kniphoffia sp.
ArboretumMidiN;90894;Vincetoxicum hirundinaria;Vincetoxicum hirundinaria Medicus
ArboretumMidiN;90896;Pteridium aquilinum;Pteridium aquilinum (L.) Kuhn
ArboretumMidiN0;719858;Geum heterocarpum;Geum heterocarpum Boiss.
ArboretumMidiN0;90859;Crocus sp.;Crocus sp.
ArboretumMidiN0;90860;Potentilla sp.;Potentilla sp.
ArboretumMidiN0;893008;Caragana arborescens;Caragana arborescens Lam.
ArboretumMidiN0;90871;Aubrieta sp.;Aubrieta sp.
ArboretumMidiN0;90872;Centranthus ruber;Centranthus ruber
ArboretumMidiN0;90873;Aubrieta sp.;Aubrieta sp.
ArboretumMidiN0;90874;Aubrieta sp.;Aubrieta sp.
ArboretumMidiN0;90875;Dianthus roysii;Dianthus gratianopolitanus cv. ‘'Royzii'‘
ArboretumMidiN0;90876;Aubrieta sp.;Aubrieta sp.
ArboretumMidiN0;90877;Aubrieta sp.;Aubrieta sp.
ArboretumMidiN0;90878;Aubrieta x cultorum ‘Winterberg’;Aubrieta 'Winterberg'
ArboretumMidiN0;90879;Aubrieta sp.;Aubrieta sp.
ArboretumMidiN0;90880;Aubrieta sp.;Aubrieta sp.
ArboretumMidiN0;90881;Acantholimon sp.;Acantholimon sp.
ArboretumMidiN0;90882;Aubrieta sp.;Aubrieta sp.
ArboretumMidiN0;90883;Aubrieta sp.;Aubrieta sp.
ArboretumMidiN0;90884;Aubrieta sp.;Aubrieta sp.
ArboretumMidiN0;90885;Aubrieta sp.;Aubrieta sp.
ArboretumMidiN0;90886;Dianthus roysii;Dianthus  gratianopolitanus'Royzii'
ArboretumMidiN0;90887;Aubrieta x cultorum ‘Winterberg’;Aubrieta 'Winterberg'
ArboretumMidiN0;90889;Juniperus communis;Juniperus communis L.
ArboretumMidiN0;90890;Crataegus laevigata;Crataegus laevigata (Poiret) DC.
ArboretumMidiN0;90892;Haplopappus glutinosus;Haplopappus coronopifolius DC.
ArboretumMidiN0;96101;Cistus populifolius subsp. major;Cistus populifolius subsp. major 
ArboretumMidiN0;90895;Vinca major;Vinca major L.
ArboretumOuest0;9259;Acer hybride ‘Ougon - Itaya’;"Acer japonicum cv. ‘ ""Ougon - Itaya""‘"
ArboretumOuest0;200403;Cotoneaster horizontalis;Cotoneaster horizontalis Decne
ArboretumOuest0;200399;Cotoneaster praecox;Cotonoeaster praecox (Bois et Berthault) Vilmorin-Andrieux
ArboretumOuest0;200442;Phyllodoce aleutica;Phyllodoce aleutica (Spreng.) A. Heller
ArboretumOuest0;200401;Anemone blanda ‘Radar’;"Anemone ""Radar"""
ArboretumOuest0;200402;Cotoneaster rotundifolius;Cotoneaster rotundifolius Wall. ex Lindl.
ArboretumOuest0;9344;Cotoneaster discolor;Cotoneaster discolor
ArboretumOuest0;200405;Crocus korolkowii;Crocus korolkowii Maw ex Regel
ArboretumOuest0;8516;Cotoneaster horizontalis f. Saxatilis;"Cotoneaster horizontalis Dcne.""Saxatilis"""
ArboretumOuest0;200407;Crocus angustifolius;Crocus angustifolius West.
ArboretumOuest0;200435;Erica sp.;Erica 
ArboretumOuest0;8488;Cotoneaster suavis;Cotoneaster suaris
ArboretumOuest0;200409;Crocus dalmaticus;Crocus dalmaticus Vis.
ArboretumOuest0;794375;Oxydendrum arboreum;Oxydendrun arboreum (L.) DC.
ArboretumOuest0;215010;Acer griseum;Acer griseum
ArboretumOuest0;200410;Cotoneaster dielsianus;Cotoneaster dielsianus E. Pritz.
ArboretumOuest0;8657;Vaccinium uliginosum;Vaccinium uliginosum L.
ArboretumOuest0;8657;Vaccinium uliginosum;Vaccinium uliginosum L.
ArboretumOuest0;8657;Vaccinium uliginosum;Vaccinium uliginosum L.
ArboretumOuest0;8657;Vaccinium uliginosum;Vaccinium uliginosum L.
ArboretumOuest0;200416;Lavandula sp.;Lavandula 
ArboretumOuest0;200375;Enkianthus recurvus;Enkianthus recurvus Craib
ArboretumOuest0;200418;Calamintha nepeta;Calamintha nepeta (L.) Savi subsp.  nepeta 
ArboretumOuest0;9258;Acer palmatum ‘Shin-De-Shoujou’;"Acer palmatum cv. ‘ ""Shin-De-Shoujou""‘"
ArboretumOuest0;200439;Erica sp.;Erica 
ArboretumOuest0;200376;;Rhododendron -Koshuta 1600-
ArboretumOuest0;200438;Vaccinium delavayi;Vaccinium delavayi
ArboretumOuest1;200390;Ribes sanguineum;Ribes sanguineum Pursh
ArboretumOuest1;200394;Ailanthus altissima;Ailanthus altissima (Mill.) Swingle
ArboretumOuest1;5400;Cotoneaster smithii;"Cotoneaster smithii ? ""working names"""
ArboretumOuest1;214045;;
ArboretumOuest1;214044;Syringa meyeri ‘Palibin’;Syringa meyeri cv. ‘'Palibin'‘
ArboretumOuest1;214043;;Centaurea bella
ArboretumOuest1;200392;Ruscus hypophyllum;Ruscus hypophyllum L.
ArboretumOuest1;200444;Cotoneaster sp.;Cotoneaster 
ArboretumOuest1;200393;Sasa veitchii ‘minor’;Sasa veitchii Makino & Shibata'minor'
ArboretumOuest1;200445;Cotoneaster sp.;Cotoneaster 
ArboretumOuest1;213240;Acer campestre;Acer  campestre
ArboretumOuest1;200423;Syringa afghanica;Syringa afghanica Schneid.
ArboretumOuest1;200396;Cotoneaster henryanus;Cotoneaster henryanus Rehd. & Wils.
ArboretumOuest1;2514;Cotoneaster obscurus;Cotoneaster obscurus Rehd. et  Wils.
ArboretumOuest1;215009;Acer pseudo - sieboldianum;Acer pseudo-sieboldianum
ArboretumOuest1;200420;Cotoneaster multiflorus;Cotoneaster multiflorus Bunge
ArboretumOuest1;200421;Cotoneaster simonsii;Cotoneaster simonsii Bak.
ArboretumOuest1;200422;Cotoneaster adpressus;Cotoneaster adpressus Bois.
ArboretumOuest1;200424;Rosa chinensis ‘minima’;"Rosa chinensis Jacq.""minima"""
ArboretumOuest1;200425;Anemone blanda;Anemone blanda Schott et Kotschy
ArboretumOuest1;200426;Daphne cneorum ‘'Major'’;Daphne cneorum L. var.  'Major' 
ArboretumOuest1;208021;Ipomoea purpurea;Ipomea purpurea (L.) Rhot
ArboretumOuest1;200427;Othonna cheirifolia;Hertia cheirifolia (L.) O. Kuntze
ArboretumOuest1;200428;Gazania pinnata;Gazania pinnata (Thunb.) Less.
ArboretumOuest1;200443;Ipomoea hederacea;Ipomaea hederacea Jacq.
ArboretumOuest1;220097;;Aronia melanocarpa var. 'Viking' 
ArboretumOuest1;221712;Gunnera tinctoria;Gunnera tinctoria
ArboretumOuest2;200415;;Stachyurus praecox Sieb. et Zucc.
ArboretumOuest2;200398;Taxus baccata ‘Fastigiata’;"Taxus baccata L.""Fastigiata"""
ArboretumOuest2;200430;Acer palmatum ‘Satsuki - Beni’;"Acer palmatum cv. ‘ ""Satsuki - Beni""‘"
ArboretumOuest2;200400;Cotoneaster zabelii;Cotoneaster zabelii Schneid.
ArboretumOuest2;200411;Stephanandra tanakae;Stephanandra tanakae (Franch. et Sav.) Franch. et Sav.
ArboretumOuest2;805009;Pinus mugo var. pumilio;Pinus mugo Turra subsp.  pumilio (Haenke) Franco
ArboretumOuest2;9260;Acer palmatum ‘Satsuki - Beni’;"Acer palmatum Thunb. ex Murr. var. cv. ""Satsuki - Beni"" "
ArboretumOuest2;893043;Liriodendron chinense;Liriodendron chinensis (Hemsl.) Sarg.
ArboretumOuest2;220105;Acer japonicum ‘Aconitifolium’;Acer  japonicum 'aconitifolium'
ArboretumOuest2;220104;Acer oliverianum subsp. formosanum;Acer oliverianum subsp. formosanum 
ArboretumOuest2;220103;Acer palmatum ‘Sumi Nagashi’;Acer palmatumsumi ndgashi
ArboretumOuest2;220102;Acer japonicum ‘vitifolium’;Acer japonicum cv. ‘'vitifolium'‘
ArboretumOuest3;200374;Quercus rubra;Quercus rubra L.
ArboretumOuest3;220116;Buxus sempervirens ‘Rotundifolia’;Buxus sempervirens L.
ArboretumOuest3;220110;Cornus mas;Cornus mas L.
ArboretumOuest3;220111;;Cornus officinalis Siebold & Zucc.
ArboretumOuest3;220112;Prunus laurocerasus;Prunus laurocerasus L.
ArboretumOuest3;220113;;Rhododendron sp.
ArboretumOuest3;220109;Prunus padus;Prunus padus L.
ArboretumOuest3;220106;Rhododendron luteum;Rhododendron luteum Sweet
ArboretumOuest3;200434;Rhododendron yakushimanum;Rhododendron yakushimanam Nakaiyakushimanum
ArboretumOuest3;220108;Vaccinium corymbosum;Vaccinium corymbosum L.
ArboretumOuest3;221207;;Ligustrum sinense
ArboretumOuest3;221226;Pieris japonica;Pieris japonica
ArboretumOuest3;8966;Rhododendron micranthum;Rhododendron micranthum Turcz.
ArboretumOuest3;220118;;Phyllostachys nigra (Lodd. ex Lindl.) Munro
ArboretumOuest4;220121;;Cupressus macrocarpa Hartw.
ArboretumOuest4;200417;Laurus nobilis;Laurus nobilis L.
ArboretumOuest4;200419;Juniperus oxycedrus;Juniperus oxycedrus L.
ArboretumOuest4;221161;Cymbalaria muralis;Cymbalaria muralis
ArboretumOuest4;221343;Vitis vinifera;Vitis vinifera 'Nero'
ArboretumOuest4;90676;Perovskia atriplicifolia;Perovskia atriplicifolia Benth.
ArboretumOuest4;220120;Rosa rugosa;Rosa rugosa Thunb.
ArboretumOuest4;220123;;Rosa x rugosa cv. ‘Thérèse Bugnet‘
ArboretumOuest4;220122;Umbellularia californica;Umbellularia californica (Hook. & Arn.) Nutt.
ArboretumOuest4;220119;Vitex agnus-castus;Vitex agnus-castus L.
ArboretumOuest4;221811;Galium odoratum;Galium odoratum
ArboretumOuest4;221812;;Polystichum setiferum 
ArboretumOuest4;221813;Myrrhis odorata;Myrrhis odorata
ArboretumOuest4;221814;;Mentha x rotundifolia
ArboretumOuest4;221815;Convallaria majalis;Convallaria majalis
ArboretumOuest4;221816;Thymus vulgaris;Thymus vulgaris
ArboretumOuest4;221817;Rosmarinus officinalis;Rosmarinus officinalis
ArboretumOuest4;221818;Helichrysum italicum;Helichrysum italicum cv. 'Curry'
ArboretumOuest4;221819;Narcissus poeticus;Narcissus poeticus var. recurvus
ArboretumOuest4;221820;Salvia sp.;Salvia sp.
ArboretumOuest4;221821;Lonicera sp.;Lonicera sp.
ArboretumOuest4;221822;Narcissus poeticus;Narcissus poeticus
CoucheBulbesGélifs;202276;Ornithogalum longibracteatum;Ornithogalum longibracteatum
CoucheBulbesGélifs;96748;;Ophiopogon japonicus (L. f.) Ker-Gawl.
CoucheBulbesGélifs;70114;;Arisarum simorrhium Dur
CoucheBulbesGélifs;96760;Commelina tuberosa;Commelina tuberosa L.
CoucheBulbesGélifs;206844;Capparis spinosa subsp. rupestris;Capparis spinosa subsp. inermis Turra
CoucheBulbesGélifs;98600;;Lachenalia aloides var. quadricolor 
CoucheBulbesGélifs;96756;;Amorphophallus konjac K. Koch
CoucheBulbesGélifs;96766;Chasmanthe aethiopica;Antholyza aethiopica L. var. vittigera (Salisbury) Baker
CoucheBulbesGélifs;206538;;Biarum raemseleri
CoucheBulbesGélifs;96772;;Gladiolus natalensis (Eckl.) Reinw. ex Hook.
CoucheBulbesGélifs;96769;;Narcissus tazetta L. subsp. italica 
CoucheBulbesGélifs;97586;;
CoucheBulbesGélifs;96797;;Albuca melleri
CoucheBulbesGélifs;96759;;Urginea maritima (L.) Bak.
CoucheBulbesGélifs;206540;;Urginea maritima (L.) Bak.
CoucheBulbesGélifs;96812;;Romulea rosea
CoucheBulbesGélifs;206541;;indéterminé 
CoucheBulbesGélifs;96781;;Hyacinthoides hispanica X non-scripta
CoucheBulbesGélifs;80882;Colchicum lusitanicum;Colchicum lusitanicum
CoucheBulbesGélifs;96807;;Freesia refracta (Jacq.) Eckl. ex Klatt
CoucheBulbesGélifs;96754;;Zephyranthes atamasco (L.) Herb.
CoucheBulbesGélifs;96806;;Lycoris radiata (L'Hérit.) Herb.
CoucheBulbesGélifs;98606;;Lachenalia aloides var. aurea 
CoucheBulbesGélifs;96750;;Antholyza aethiopica L. var. vittigera (Salisbury) Baker
CoucheBulbesGélifs;206542;;Pancratium maritimum
CoucheBulbesGélifs;96793;;Doryanthes excelsa
CoucheBulbesGélifs;200146;;Zephyranthes minima
CoucheBulbesGélifs;77337;;Liriope minor
CoucheBulbesGélifs;96792;;Crinum X powellii
CoucheBulbesGélifs;88798;Oncostema peruviana;Scilla peruviana L.
CoucheBulbesGélifs;96800;Oncostema peruviana;Scilla peruviana L.
CoucheBulbesGélifs;96783;;Biarum carratracense (Haenseler ex Willk.) Font Quer
CoucheBulbesGélifs;96758;;Eucomis autumnalis (Mill.) Chitt.
CoucheBulbesGélifs;96801;;Ferraria undulata
CoucheBulbesGélifs;87204;Iris unguicularis;Iris unguicularis
CoucheBulbesGélifs;96784;;Watsonia bulbillifera J. W. Math. & L. Bol.
CoucheBulbesGélifs;96798;;Ferraria undulata
CoucheBulbesGélifs;96765;;Tulbaghia capensis L.
CoucheBulbesGélifs;96799;Zephyranthes candida;Zephyranthes candida (Lindl.) Herb.
CoucheBulbesGélifs;206537;;Amaryllis bella-donna
CoucheBulbesGélifs;96774;;Cyanelia capensis
CoucheBulbesGélifs;200145;;Zephyranthes lindleyana
CoucheBulbesGélifs;96803;;Aa 
CoucheBulbesGélifs;96795;;Hypoxis sp.
CoucheBulbesGélifs;76480;;Aa 
CoucheBulbesGélifs;206543;;Scilla maritima
CoucheBulbesGélifs;96749;;Polygonatum humile
CoucheBulbesGélifs;96782;;Dasylirion longissimum Lem.
CoucheBulbesGélifs;97557;;Oxalis deppei Lodd. ex Sweet
CoucheBulbesGélifs;96757;;Anigozanthos flavidus DC.
CoucheBulbesGélifs;206535;;Dianella ?? 
CoucheBulbesGélifs;96817;Iris japonica;Iris japonica Thunb.
CoucheBulbesGélifs;96814;;Amaryllis bella-donna L.
CoucheBulbesGélifs;97559;;Iris xiphium L.
CoucheBulbesGélifs;96777;Liriope graminifolia;Liriope graminifolia
CoucheBulbesGélifs;96818;Beschorneria yuccoides;Beschorneria yuccoides
CoucheBulbesGélifs;206536;;Tulbagia 
CoucheBulbesGélifs;97534;;Eucomis bicolor Bak.
CoucheBulbesGélifs;97573;;
CoucheBulbesGélifs;97554;;Dierama pulcherrimum (Hook. f.) Back
CoucheBulbesGélifs;96751;Anomatheca laxa;Anomatheca laxa (Thunb.) Goldblatt
CoucheBulbesGélifs;97581;;
CoucheBulbesGélifs;97575;;
CoucheBulbesGélifs;97546;;Hermodactylus tuberosus (L.) Mil.
CoucheBulbesGélifs;96796;;Albuca canadensis
CoucheBulbesGélifs;75435;;Iris bakeriana M. Foster
CoucheBulbesGélifs;97545;;Iris bakeriana M. Foster
CoucheBulbesGélifs;96826;;Crinum bulbispermum (Burm. f.) Milne-Redh. et Schweickerdt
CoucheBulbesGélifs;96819;Veltheimia bracteata;Veltheimia bracteata Bak.
CoucheBulbesGélifs;96825;;Romulea rosea
CoucheBulbesGélifs;97542;;Zephyranthes tubiflora (L'Hérit.) Schinz
CoucheBulbesGélifs;97538;;Habranthus tubispathus (L'Hérit.) Traub
CoucheBulbesGélifs;97583;;
CoucheBulbesGélifs;97552;Dracunculus vulgaris;Dracunculus  vulgaris Schott
CoucheBulbesGélifs;97537;;Sauromatum venosum (Ait.) Kunth
CoucheBulbesGélifs;77603;;Iris persica L.
CoucheBulbesGélifs;77448;;Lachenalia unifolia Jacq.
CoucheBulbesGélifs;97585;;Tigridia pavonia (L.f.) DC.
CoucheBulbesGélifs;97571;;Geissorhiza imbricata Ker. -Gawl.
CoucheBulbesGélifs;97539;;Amaryllis bella-donna L.
CoucheBulbesGélifs;77441;;Barbiana disticha
CoucheBulbesGélifs;76242;;Lapiedra martinezii Lag.
CoucheBulbesGélifs;97553;;Aristea cyanea Ait.
CoucheBulbesGélifs;97567;;Dietes grandiflora
CoucheBulbesGélifs;96805;;Eucomis comosa (Houtt.) Wehrh.
CoucheBulbesGélifs;97582;;
CoucheBulbesGélifs;96748;;Ophiopogon japonicus (L. f.) Ker-Gawl.
CoucheBulbesGélifs;87204;Iris unguicularis;Iris unguicularis
CoucheBulbesGélifs;206534;;Eucomis zambeschia
CoucheBulbesGélifs;97563;;Arisarum vulgare O. Targ.-Tozz.
CoucheBulbesGélifs;77337;;Liriope minor
CoucheBulbesGélifs;202204;Lilium monadelphum;Lilium monadelphum
CoucheBulbesGélifs;97556;;Tulbaghia violacea Harv.
CoucheBulbesGélifs;97543;;Riposcis rooperi
CoucheBulbesGélifs;96782;;Dasylirion longissimum Lem.
CoucheBulbesGélifs;77591;;Neomarica vittata Spagne
CoucheBulbesGélifs;206844;Capparis spinosa subsp. rupestris;Capparis spinosa subsp. inermis Turra
CoucheBulbesRust;86726;;Fritillaria imperialis
CoucheBulbesRust;88637;;Fritillaria messanensis
CoucheBulbesRust;76052;;Fritillaria raddeana
CoucheBulbesRust;87917;;Fritillaria messanensis
CoucheBulbesRust;91205;;Fritillaria tubiformis subsp. modrigei 
CoucheBulbesRust;87940;;Fritillaria camtschatcensis
CoucheBulbesRust;98515;;Fritillaria messanensis
CoucheBulbesRust;84432;;Fritillaria graeca
CoucheBulbesRust;81153;Fritillaria pyrenaica;Fritillaria cf. pyrenaica
CoucheBulbesRust;98511;Fritillaria sp.;Fritillaria sp.
CoucheBulbesRust;94088;Fritillaria acmopetala;Frittillaria acmopetala
CoucheBulbesRust;90007;;Fritillaria gibbosa
CoucheBulbesRust;93228;Fritillaria pyrenaica;Fritillaria pyrenaica L.
CoucheBulbesRust;87884;Fritillaria pontica;Fritillaria pontica
CoucheBulbesRust;89220;;Fritillaria messanensis subsp. gracilis 
CoucheBulbesRust;95505;;Fritillaria graeca subsp. tessala 
CoucheBulbesRust;93074;;Fritillaria caucasica
CoucheBulbesRust;99014;Fritillaria lutea;Fritillaria lutea
CoucheBulbesRust;99139;Fritillaria acmopetala;Fritillaria acmopetala
CoucheBulbesRust;82081;;Erythronium revolutum
CoucheBulbesRust;91090;;Fritillaria pyrenaica
CoucheBulbesRust;89026;;Erythronium helenae
CoucheBulbesRust;76115;Fritillaria pyrenaica;Fritillaria pyrenaica
CoucheBulbesRust;87073;;Erythronium oreganum
CoucheBulbesRust;95504;Fritillaria lanceolata;Fritillaria lanceolata
CoucheBulbesRust;98524;;Fritillaria tenella
CoucheBulbesRust;91061;;Fritillaria michailovskyi
CoucheBulbesRust;95606;Erythronium americanum;Erythronium americanum Ker-Gawl.
CoucheBulbesRust;91080;;Erythronium oreganum
CoucheBulbesRust;93595;Lilium concolor var. partheneion;Lilium concolor var. partheneion Bak.
CoucheBulbesRust;86544;;Lilium martagon var. sanguineum 
CoucheBulbesRust;83202;Lilium martagon f. Flore albo;Lilium martagon f. flore-albo 
CoucheBulbesRust;200158;Lilium martagon f. Flore albo;Lilium martagon f. album 
CoucheBulbesRust;95507;;Lilium martagon subsp. caucasicum 
CoucheBulbesRust;88540;;Lilium speciosum var. ruburum 
CoucheBulbesRust;93594;Lilium amabile;Lilium amabile Palibin
CoucheBulbesRust;87384;Lilium pumilum;Lilium pumilum
CoucheBulbesRust;87183;;Lilium carniolicum
CoucheBulbesRust;90233;;Lilium auratum
CoucheBulbesRust;93303;Lilium columbianum;Lilium columbianum
CoucheBulbesRust;98556;;Lilium formosanum
CoucheBulbesRust;89980;;Lilium dalmaticum
CoucheBulbesRust;86470;Lilium pumilum;Lilium pumilum
CoucheBulbesRust;93049;Lilium tenuifolium;Lilium tenuifolium Fisch.
CoucheBulbesRust;92100;Lilium bulbiferum subsp. croceum;Lilium croceum
CoucheBulbesRust;2368;;Lilium caucasicum
CoucheBulbesRust;98576;;Lilium pomponium
CoucheBulbesRust;99053;Iris ruthenica;Iris ruthenica
CoucheBulbesRust;95512;;Iris planifolia
CoucheBulbesRust;872410;;Iris magnifica
CoucheBulbesRust;872425;;Iris reticulata
CoucheBulbesRust;93645;Iris setosa;Iris setosa
CoucheBulbesRust;93646;;Iris sanguinea
CoucheBulbesRust;87204;Iris unguicularis;Iris unguicularis
CoucheBulbesRust;206548;;Gladiolus italicus
CoucheBulbesRust;872147;Gladiolus italicus;Gladiolus segetum
CoucheBulbesRust;93620;;Gladiolus palustris Gaud.
CoucheBulbesRust;85954;;Gladiolus palustris
CoucheBulbesRust;85975;;Gladiolus italicus
CoucheBulbesRust;861790;;Gladiolus communis
CoucheBulbesRust;95514;;Crocus veluchensia
CoucheBulbesRust;206549;;à déterminé 
CoucheBulbesRust;206553;;Crocus sp.
CoucheBulbesRust;872369;;Crocus niveus cv. ‘Blue Shades‘
CoucheBulbesRust;872175;;Crocus banaticus
CoucheBulbesRust;825321;;Crocus speciosus
CoucheBulbesRust;206550;;Crocus albiflorus
CoucheBulbesRust;794525;;Crocus speciosus
CoucheBulbesRust;206551;;Crocus albiflorus
CoucheBulbesRust;206552;;Crocus sp.
CoucheBulbesRust;90029;;Crocus flavus
CoucheBulbesRust;872175;;Crocus banaticus
CoucheBulbesRust;206546;;Crocus sp.
CoucheBulbesRust;95125;Sisyrinchium macrocarpum;Sisyrinchium macrocarpon
CoucheBulbesRust;825917;;Crocus napolitanus Mordant et Loisel
CoucheBulbesRust;861581;;Crocus neapolitanus Mord. & Loisel
CoucheBulbesRust;206547;Crocus veluchensis;Crocus veluchensis
CoucheBulbesRust;805029;;Crocus nevadense
CoucheBulbesRust;95518;;Crocus veluchensia
CoucheBulbesRust;773008;;Crocus heuffelianus Herb.
CoucheBulbesRust;206554;;Allium narcissiflorum Wild  (Villars)
CoucheBulbesRust;84183;;Allium insubricum
CoucheBulbesRust;97521;;Colchicum variegatum L.
CoucheBulbesRust;93168;Allium nevii;Allium nevii  S. Wats.
CoucheBulbesRust;93167;Allium caesium;Allium caesium Schrenk
CoucheBulbesRust;851250;;Allium schoenoprasum var. alpinum 
CoucheBulbesRust;206555;;Allium acuminatum
CoucheBulbesRust;97516;Tulipa sylvestris;Tulipa sylvestris L.
CoucheBulbesRust;882876;;Allium sp.
CoucheBulbesRust;893191;;Sisyrinchium montanum _Greene
CoucheBulbesRust;84226;Colchicum triphyllum;Colchicum lusitanicum Brot
CoucheBulbesRust;893218;;Colchicum doerfleri
CoucheBulbesRust;836449;Oncostema peruviana;Scilla persica Hausskn.
CoucheBulbesRust;783738;;Colchicum umbrosum Stev.
CoucheBulbesRust;804953;;Colchicum alpinum DC.
CoucheBulbesRust;90005;;Colchicum haussknectii
CoucheBulbesRust;773220;;Colchicum cf. borisii Stef.
CoucheBulbesRust;90139;;Crocus corsicus
CoucheBulbesRust;94358;Narcissus rupicola;Narcissus rupicola Dufour
CoucheBulbesRust;201121;Narcissus romieuxii;Narcissus romieuxii Braun-Blanq. & Maire
CoucheBulbesRust;98566;;Narcissus tazetta subsp. italica 
CoucheBulbesRust;872314;Merendera trigyna;Merendera trigyna
CoucheBulbesRust;93231;Leucojum nicaeense;Leucojum nicaeense Ardonio
CoucheBulbesRust;95510;Acis autumnalis;Leucojum autumnale
CoucheBulbesRust;90189;;Allium atropurpureum
CoucheBulbesRust;206556;Leucojum valentinum subsp. vlorense;Leucojum valentinum subsp. vlorense 
CoucheBulbesRust;89975;Narcissus rupicola;Narcissus rupicola
CoucheBulbesRust;85762;;Narcissus dubius
CoucheBulbesRust;203144;;Allium saxatile Bieb.
CoucheBulbesRust;201120;Narcissus gaditanus;Narcissus gaditanus Boiss. & Reut.
CoucheBulbesRust;202032;Muscari coeleste;Muscari coeleste
CoucheBulbesRust;203109;;Narcissus assoanus Dufr.
CoucheBulbesRust;203096;;Allium guttatum Steven subsp. sardoum (Morris) Stearn
CoucheBulbesRust;203145;;Allium libanii Boiss.
CoucheBulbesRust;203178;;Allium heldreichii
CoucheBulbesRust;84481;;Narcissus scaberulus
CoucheBulbesRust;98578;;Hyacinthoides italica (L.) Rothm. f. alba 
CoucheBulbesRust;87111;;Galanthus elwesii
CoucheBulbesRust;93518;;Galanthus plicatus M. Bieb. subsp. plicatus 
CoucheBulbesRust;206557;;Hyacinthus orientalis
CoucheBulbesRust;762175;;Ixiolirion tataricum (Pall.) Herb.
CoucheBulbesRust;206558;;Zephyranthes aurea
CoucheBulbesRust;872089;;Clintonia umbellata + Maianthemum 
CoucheBulbesRust;882870;;Zygadenus sp.
CoucheBulbesRust;872027;Paradisea liliastrum;Paradisea liliastrum
CoucheBulbesRust;872027;Paradisea liliastrum;Paradisea liliastrum
CoucheBulbesRust;95516;;Zygadenus ? 
CoucheBulbesRust;893002;;Liriope koreana
CoucheBulbesRust;893037;;Ornithogallum excapum
CoucheBulbesRust;206559;;Artropodium candidum
CoucheBulbesRust;893111;;Ornithogalum gussonei Ten
CoucheBulbesRust;201001;Allium lineare;Allium lineare L.
CoucheBulbesRust;861580;;Ornithogalum gussonei Ten
CoucheBulbesRust;892957;;Ornithogalum gussonei Ten.
CoucheBulbesRust;832813;;Ornithogalum excapum
CoucheBulbesRust;871926;;Arum italicum subsp. byzantinus ? 
CoucheBulbesRust;871922;;Ornithogalum sp
CoucheBulbesRust;90145;;Asphodelus aestivus
CoucheBulbesRust;94059;;Convalaria keiskei Miq.
CoucheBulbesRust;206560;;Asphodelus albus
CoucheBulbesRust;893223;;Gladiolus italicus
CoucheBulbesRust;95172;Camassia cusickii;Camassia cusickii S. Wats.
CoucheBulbesRust;206561;;Polygonum verticilliatum var. ramosum 
CoucheBulbesRust;201133;Paradisea liliastrum;Paradisea liliastrum (L.) Bertol.
CoucheMidiCentre;96651;;Primula marginata
CoucheMidiCentre;94083;Dianthus haematocalyx subsp. pindicola;Dianthus haemathocalyx subsp. pindicola 
CoucheMidiCentre;96648;Primula sp.;Primula sp.
CoucheMidiCentre;205214;Saxifraga x gaudinii;Saxifraga gaudinii
CoucheMidiCentre;96037;Pterocephalus perennis subsp. bellidifolius;Pterocephalus perennis subsp. beliidifolius 
CoucheMidiCentre;201030;Campanula aucheri;Campanula aucheri
CoucheMidiCentre;92110;Draba incana;Draba incana L.
CoucheMidiCentre;93133;;Leontopodium sikkinense ( L.) Hand. Mazz.
CoucheMidiCentre;205213;Androsace mucronifolia;Androsace mucronifolia
CoucheMidiCentre;201120;Narcissus gaditanus;Narcissus gaditanus Boiss. & Reut.
CoucheMidiCentre;201065;Salvia jurisicii;Salvia jurisicii Kosanin
CoucheMidiCentre;205212;Androsace himalaica;Androsace himalaica
CoucheMidiCentre;201132;Anthericum liliago;Anthericum liliago L.
CoucheMidiCentre;201009;Draba mollissima;Draba mollissima
CoucheMidiCentre;201103;Androsace montana;Douglasia montana
CoucheMidiCentre;201005;Androsace mathildae;Androsace mathildae
CoucheMidiCentre;201127;Hyacinthella heldreichii;Hyacinthella heldreichii (Boiss.) Chouard
CoucheMidiCentre;201122;Draba cappadocica;Draba cappadocica Boiss. & Bal.
CoucheMidiCentre;201147;Geum rossii;Geum rossii
CoucheMidiCentre;201104;Penstemon whippleanus;Penstemon whippleanus
CoucheMidiCentre;201111;Aquilegia fragrans;Aquilegia fragans
CoucheMidiCentre;201088;Allium brevistylum;Allium brevistylum Watson
CoucheMidiCentre;201116;Trollius lilacinus;Trollius lilacinus
CoucheMidiCentre;201035;Iris verna;Iris verna
CoucheMidiCentre;201133;Paradisea liliastrum;Paradisea liliastrum (L.) Bertol.
CoucheMidiCentre;201034;Inula acaulis;Inula acaulis
CoucheMidiCentre;201024;Campanula rupestris;Campanula rupestris
CoucheMidiCentre;201043;Saxifraga porophylla;Saxifraga porophylla Bertol
CoucheMidiCentre;201025;Campanula tridentata;Campanula tridentata
CoucheMidiCentre;201018;;Tulipa armenalycica
CoucheMidiCentre;201001;Allium lineare;Allium lineare L.
CoucheMidiCentre;201028;Aquilegia ottonis;Aquilegia ottonis
CoucheMidiCentre;201047;Saponaria bellidifolia;Saponaria bellidifolia Sm.
CoucheMidiCentre;202071;Leontopodium alpinum subsp. nivale;Leontopodium nivale
CoucheMidiCentre;201002;Haberlea rhodopensis;Haberlea rhodopensis Friv.
CoucheMidiCentre;202047;Dianthus alpinus;Dianthus alpinus L.
CoucheMidiCentre;202053;Codonopsis pilosula;Codonopsis pilulosa
CoucheMidiCentre;202005;Silene flos-jovis;Lychnis flos-jovis (L.) Desv.
CoucheMidiCentre;203190;Ranunculus parnassiifolius;Ranunculus parnassifolius
CoucheMidiCentre;202048;Dianthus knappii;Dianthus knappii A. et Kan. ex Borb.
CoucheMidiCentre;201060;Aconitum ferox;Aconitum ferox Wall. ex Sir.
CoucheMidiCentre;202003;Silene coronaria;Lychnis coronaria L. Desr.
CoucheMidiCentre;201003;Pulsatilla halleri subsp. rhodopaea;Pulsatilla halleri (All.) Willd. subsp. rhodopaea K. Krause
CoucheMidiCentre;201061;Geum canadense;Geum canadense Jacq.
CoucheMidiCentre;201037;Semiaquilegia adoxioides;Semiaquilegia adoxoides
CoucheMidiCentre;201071;Iris polakii;Iris polakii Stapf.
CoucheMidiCentre;201070;;Iris croatica I. Horvat et M. Horvat
CoucheMidiCentre;201040;Iris marsica;Iris marsica Ricci & Colas.
CoucheMidiCentre;201027;Aquilegia fragrans;Aquilegia fragrans
CoucheMidiCentre;201118;Sedum rotundifolium;Sedum rotundifolium D. Lee
CoucheMidiCentre;201062;Geum roylei;Geum roylei Bolle
CoucheMidiCentre;201106;;Polemonium sp.
CoucheMidiCentre;201069;Geum molle;Geum molle Vis. et Pancic
CoucheMidiCentre;201141;Polemonium caeruleum var. himalayanum;Polemonium himalayanum
CoucheMidiCentre;94108;Roscoea auriculata;Roscoea auriculata Schumann
CoucheMidiCentre;201158;Paeonia wittmanniana;Paeonia wittmanniana Hartwiss subsp. wittmanniana 
CoucheMidiCentre;201115;Geranium ruprechtii;geranium ruprechtii
CoucheMidiCentre;201091;Geranium swatense;Geranium swatense Schönb.-Tem.
CoucheMidiCentre;201155;;Solidago speciosa
CoucheMidiCentre;201154;Solidago flexicaulis;Solidago flexicaulis
CoucheMidiCentre;93569;;Linum  suffruticosum L. subsp. salsoloides (Lam.) Rouy
CoucheMidiCentre;97505;;Daphne hendersonii
CoucheMidiCentre;95012;Campanula garganica var. hirsuta;Campanula garganica Ten. var. hirsuta 
CoucheMidiCentre;96661;;Dionysia aretoides
CoucheMidiCentre;97507;;Daphne arbuscula x collina
CoucheMidiCentre;94127;Campanula cashmeriana;Campanula cashmiriana Royle
CoucheMidiCentre;93491;Hepatica acutiloba;Hepatica acutiloba DC. 
CoucheMidiCentre;95594;Teucrium chamaedrys;Teucrium chamaedrys L.
CoucheMidiCentre;92048;Delphinium nudicaule;Delphinium nudicaule T & G
CoucheMidiCentre;96035;Verbascum blattaria f. Flore-albo;Verbascum blattaria f. Flore-albo 
CoucheMidiCentre;96528;;Ephedra helvetica
CoucheMidiCentre;93598;Cimicifuga simplex;Cimicifuga simplex Wormsk.
CoucheMidiCentre;96665;;Asphodellus fistulosus
CoucheMidiCentre;96666;;Dianthus alpinus
CoucheMidiCentre;93603;Arthropodium candidum;Arthropodium candidum Raoul
CoucheMidiCentre;95040;Lobelia tupa;Lobelia tupa
CoucheMidiCentre;94111;Dictamnus dasycarpus;Dictamnus dasycarpus Turcz.
CoucheMidiCentre;93477;Acantholimon litvinovii;Acantholimon litvinovii Lincz
CoucheMidiCentre;95156;Pulsatilla vernalis;Pulsatilla venalis (L.) Miller
CoucheMidiCentre;95127;Daphne tangutica;Daphne tangutica Maxim.
CoucheMidiCentre;95203;Daphne reichsteinii;Daphne reichsteinii
CoucheMidiCentre;95165;Aethionema iberideum;Aethionema iberideum (Boiss.) Boiss.
CoucheMidiCentre;94080;;Callianthemum anemonoides
CoucheMidiCentre;95019;Aconitum anthora;Aconitum anthora L.
CoucheMidiCentre;93525;Gentiana cruciata;Gentiana cruciata L.
CoucheMidiCentre;93457;Veronica rotunda var. subintegra;Veronica rotunda Nakai var. subintegra Yamasaki
CoucheMidiCentre;93459;Patrinia scabiosaefolia;Patrinia scabiosaefolia Fisch.
CoucheMidiCentre;93519;Asphodeline lutea;Asphodeline lutea (L.) Reichenb.
CoucheMidiCentre;96664;;Aquilegia pyrenaica
CoucheMidiCentre;93449;Anemonopsis macrophylla;Anemonopsis macrophylla Sieb. et Zucc.
CoucheMidiCentre;93506;Hypericum ascyron;Hypericum ascyron L.
CoucheMidiCentre;93462;Aster viscidulus;Aster viscidulus Makino
CoucheMidiCentre;93596;Tricyrtis dilatata;Tricyrtis dilatata Nakai
CoucheMidiCentre;97526;Serratula nudicaulis;Serratula nudicaulis  (L.) DC.
CoucheMidiCentre;97021;;Callianthemum anemonoides
CoucheMidiCentre;96552;;Jankaea vandedemii
CoucheMidiCentre;200351;Origanum x suendermanii;Origanum sundermannii
CoucheMidiCentre;96598;;Ptilotrichium lapeyrousianum
CoucheMidiCentre;96588;;Vitaliana primuliflora
CoucheMidiCentre;97020;;Geum reptans
CoucheMidiCentre;96036;;Lilium carniolicum ?
CoucheMidiCentre;96594;Leontopodium linearifolium;Leontopodium longifolium
CoucheMidiCentre;99153;Iris reichenbachii;Iris reichenbachii
CoucheMidiCentre;99178;Centaurea sp.;Centaurea trimfetti aggr. 
CoucheMidiCentre;99079;Omphalodes luciliae;Omphalodes luciliae
CoucheMidiCentre;96592;Viola cazorlensis;Viola cazorlensis
CoucheMidiCentre;96655;;Saxifraga satolitzkae
CoucheMidiCentre;200241;Primula x minieri;Primula minieri
CoucheMidiCentre;203189;Salvia tingitana;Salvia tingitana
CoucheMidiCentre;200240;Saxifraga andersonii;Saxifraga andersoni
CoucheMidiCentre;200237;;Saxifraga cinerea
CoucheMidiCentre;201194;Dicentra spectabilis ‘Alba’;Dicentra spectabilis cv. ‘alba‘
CoucheMidiCentre;200124;Aquilegia fragrans;Aquilegia fragrans Benth.
CoucheMidiCentre;200152;Prinsepia uniflora;Prinsepia uniflora Batal.
CoucheMidiCentre;200123;Helleborus orientalis;Helleborus orientalis Lam.
CoucheMidiCentre;200011;Semiaquilegia adoxioides;Semiaquilegia adoxoides
CoucheMidiCentre;200012;Trollius acaulis;Trollius acaulis
CoucheMidiCentre;200108;Isopyrum hallii;Isopyrum hallii
CoucheMidiCentre;200039;Phyteuma zahlbruckneri;Phyteuma zahlbruckneri
CoucheMidiCentre;200055;Boltonia asteroides;Boltonia asteroides (L.) L'Hérit.
CoucheMidiCentre;96625;;Hebe hectori
CoucheMidiCentre;96605;;Erigeron aragonensis
CoucheMidiCentre;98608;;Sempervivum X fauconnetii Reuter
CoucheMidiCentre;96672;;Draba klasterskyi
CoucheMidiCentre;96627;Stachys rupestris;Stachys rupestris
CoucheMidiCentre;96745;;Potentilla villosa
CoucheMidiCentre;96136;Tanacetum leptophyllum;Pyrethrum leptophyllum Stev. ex Bieb.
CoucheMidiCentre;96746;;Iberis saxatilis
CoucheMidiCentre;96632;Achillea chrysocoma;Achillea chrysocoma
CoucheMidiCentre;96054;;Pulsatilla grandis Wender.
CoucheMidiCentre;96628;Dianthus nardiformis;Dianthus nardiformis
CoucheMidiCentre;93448;Aconitum loczyanum;Aconitum loczyanum R. Raymund
CoucheMidiCentre;94173;Adenophora triphylla var. japonica;Adenophora triphylla var. japonica 
CoucheMidiCentre;96149;Aquilegia canadensis;Aquilegia canadensis L.
CoucheMidiCentre;93421;Wulfenia baldaccii;Wulfenia baldaccii Degen
CoucheMidiCentre;93425;;Lithospermum purpureo caeruleum L.
CoucheMidiCentre;93431;;Trollius europaeus
CoucheMidiCentre;96157;Penstemon cobaea;Penstemon cobaea Nutt.
CoucheMidiCentre;201176;Dianthus gratianopolitanus ‘Feuerhexe’;Dianthus grationapolitanus cv. ‘Feuerhexe‘
CoucheMidiCentre;93428;Anemone narcissiflora;Anemone narcissiflora L.
CoucheMidiCentre;94374;Erysimum majellense;Erysimum majellense Polatschek
CoucheMidiCentre;201180;Gentiana x acaulis ‘Holzmanii’;Gentiana acaulis cv. ‘Holzmanii‘
CoucheMidiCentre;201177;;Matricaria tschihatchwii
CoucheMidiCentre;201178;Gentiana x acaulis ‘Belevedere’;Gentiana acaulis cv. ‘Belevedere‘
CoucheMidiCentre;93601;;Brachyglottis monroi (Hook. f. )  
CoucheMidiCentre;97009;;Rudbeckia laciniata L.
CoucheMidiCentre;93170;Aster sikkimensis;Aster sikkimensis Hook. f. et  Thoms.
CoucheMidiCentre;94353;;Calimeris incisa DC.
CoucheMidiCentre;96004;Codonopsis dicentrifolia;Codonopsis dicentrifolia
CoucheMidiCentre;96094;Genista ovata;Genista ovata W. & K.
CoucheMidiCentre;96158;Penstemon watsonii;Penstemon watsonii A. Gray
CoucheMidiCentre;94270;Trollius ledebourii;Trollius ledebourii
CoucheMidiCentre;97040;;Belamcandra flabellata
CoucheMidiCentre;97003;;Rhaponticum uniflorum
CoucheMidiCentre;94356;Phyteuma nigrum;Phyteuma nigrum  F.W. Schmidt
CoucheMidiCentre;96008;Glaucidium palmatum;Glaucidium palmatum
CoucheMidiCentre;200029;Gentiana frigida;Gentiana frigida
CoucheMidiCentre;201171;Paeonia mascula;Paeonia mascula
CoucheMidiCentre;200170;;Aquilegia viscosa Gouan
CoucheMidiCentre;200131;Onosma nanum;Onosma nana
CoucheMidiCentre;99093;Dracocephalum hemsleyanum;Dracocephalum hemsleyanum (Oliv.) Prain
CoucheMidiCentre;89970;Epimedium pinnatum;Epimedium pinnatum
CoucheMidiCentre;99087;Pulsatilla turczaninovii;Pulsatilla turczaninovii
CoucheMidiCentre;200134;Ptilotrichum spinosum var. roseum;Alyssum spinosum f. coccineum 
CoucheMidiCentre;200135;Pulsatilla halleri;Pulsatilla halleri
CoucheMidiSud;203002;Amelanchier pumila;Amelanchier pumila
CoucheMidiSud;203003;Coronilla orientalis;Coronilla cappadocica 
CoucheMidiSud;203004;Anemone multifida;Anemone magellanica
CoucheMidiSud;203005;Codonopsis grey-wilsonii;Codonopsis grey-wilsonii
CoucheMidiSud;203006;Cyananthus microphyllus;Cyananthus integer
CoucheMidiSud;203007;Cyananthus macrocalyx;Cyananthus macrocalyx
CoucheMidiSud;203008;;Dracocephalum palmatum
CoucheMidiSud;203009;Geum pentapetalum;Geum pentapeltatum
CoucheMidiSud;203010;Iris vicaria;Iris vicaria
CoucheMidiSud;203012;Meconopsis punicea;Meconopsis punicea
CoucheMidiSud;203013;Penstemon alpinus;Penstemon alpinus
CoucheMidiSud;203014;Aquilegia sibirica;Aquilegia sibirica
CoucheMidiSud;203016;Monardella odoratissima;Monardella odoratissima
CoucheMidiSud;203017;Primula latifolia;Primula latifolia
CoucheMidiSud;203018;Campanula spicata;Campanula spicata
CoucheMidiSud;203019;Saxifraga vandellii;Saxifraga vandellii
CoucheMidiSud;203020;Athamanta cretensis;Athamanta cretensis
CoucheMidiSud;203021;Primula vialii;Primula viallii
CoucheMidiSud;203022;Aster diplostephioides;Aster diplostephoides
CoucheMidiSud;203023;Doronicum austriacum;Doronicum macrophyllum
CoucheMidiSud;203024;Incarvillea zhongdianensis;Incarvillea zhongdianensis
CoucheMidiSud;203025;Incarvillea forrestii;Incarvillea forrestii
CoucheMidiSud;203026;Dodecatheon alpinum;Dodecatheon alpinum
CoucheMidiSud;203027;Dodecatheon clevelandii;Dodecatheon clevelandii
CoucheMidiSud;203028;Caltha leptosepala subsp. howellii;Caltha leptosepala subsp. howellii 
CoucheMidiSud;203029;Trollius riederianus var. japonicus;Trollius japonicus
CoucheMidiSud;203030;Geranium maculatum;Geranium maculatum
CoucheMidiSud;203031;Trollius farreri;Trollius farreri
CoucheMidiSud;203032;Diphylleia cymosa;Diphylleia cymosa
CoucheMidiSud;203033;Edraianthus pumilio;Edraianthus pumilio
CoucheMidiSud;203034;Edraianthus tenuifolius;Edraianthus tenuifolius
CoucheMidiSud;203035;Artemisia glacialis;Artemisia glacialis
CoucheMidiSud;203036;Artemisia umbelliformis;Artemisia umbelliformis
CoucheMidiSud;203037;Hieracium angustifolium;Hieracium angustifolium
CoucheMidiSud;203038;Hieracium peletierianum;Hieracium peletieranum
CoucheMidiSud;203039;Draba fladnizensis;Draba fladnizensis
CoucheMidiSud;203040;Draba tomentosa;Draba tomentosa
CoucheMidiSud;203041;Draba siliquosa;Draba siliquosa
CoucheMidiSud;203042;Astragalus leontinus;Astragalus leontinus
CoucheMidiSud;203043;Primula pedemontana;Primula pedemontana
CoucheMidiSud;203044;Campanula tatrae;Campanula tatrae
CoucheMidiSud;203045;Campanula thessala;Campanula thessala
CoucheMidiSud;203046;Saponaria pumilio;Saponaria pumilio
CoucheMidiSud;203047;Achillea clavenae;Achillea clavenae
CoucheMidiSud;203048;Campanula cespitosa;Campanula cespitosa
CoucheMidiSud;203049;Saponaria pumilio;Saponaria pumila
CoucheMidiSud;203050;Allium unifolium;Allium unifolium
CoucheMidiSud;203051;Berberis thibetica;Berberis tibetica
CoucheMidiSud;203052;Codonopsis bhutanica;Codonopsis bhutanica
CoucheMidiSud;203053;Nepeta clarkei;Nepeta clarkei
CoucheMidiSud;203054;Nepeta manchuriensis;Nepeta manchuriensis
CoucheMidiSud;203055;;Nepeta patulifolia
CoucheMidiSud;203056;Nepeta tuberosa;Nepeta tuberosa
CoucheMidiSud;203057;Micromeria graeca;Satureja graeca
CoucheMidiSud;203058;Geum bulgaricum;Geum bulgaricum
CoucheMidiSud;203059;Geum macrophyllum;Geum macrophyllum
CoucheMidiSud;203060;Paeonia lutea;Paeonia lutea
CoucheMidiSud;203061;Jurinea mollis;Jurinea mollis
CoucheMidiSud;203062;Rudbeckia triloba;Rudbeckia triloba
CoucheMidiSud;203063;Mertensia ciliata;Mertensia ciliata
CoucheMidiSud;203064;;Chamaecytisus glaber
CoucheMidiSud;203065;Chamaecytisus ruthenicus;Chamaecytisus ruthenicus
CoucheMidiSud;203066;Oenothera grandiflora;Oenothera grandiflora
CoucheMidiSud;203067;Oenothera villosa subsp. strigosa;Oenothera strigosa
CoucheMidiSud;203068;Tribulus terrestris;Tribulus terrestris
CoucheMidiSud;203069;Alkanna graeca;Alkanna graeca
CoucheMidiSud;203070;Alkanna orientalis;Alkanna orientalis
CoucheMidiSud;203071;Silene caucasica;Silene caucasica (Binge) Boiss.
CoucheMidiSud;203072;Silene hoockeri;Silene hookeri Nutt.
CoucheMidiSud;203073;Silene viridiflora;Silene viridiflora L.
CoucheMidiSud;203074;Silene parnassica;Silene parnassica Boiss. & Spruner
CoucheMidiSud;203075;Hypericum hookerianum;Hypericum hookerianum Wight & Arn.
CoucheMidiSud;203076;Penstemon cobaea;Penstemon cobaea Nutt.
CoucheMidiSud;203077;Penstemon davidsonii var. menziesii;Penstemon davidsonii subsp. menziesii Keck
CoucheMidiSud;203078;Penstemon gracilis;Penstemon gracilis Nutt.
CoucheMidiSud;203079;Penstemon watsonii;Penstemon watsonii A. Gray
CoucheMidiSud;203080;Anemone polyanthes;Anemone polyanthas D. Don
CoucheMidiSud;203081;Aster novi-belgii;Eurybia spectablilis (Ait.) Nesom
CoucheMidiSud;203082;Aster oolentangiensis var. oolentangiensis;Symphyotrichum oolentangiense
CoucheMidiSud;203082;Aster oolentangiensis var. oolentangiensis;Symphyotrichum oolentangiense
CoucheMidiSud;203083;Agastache rugosa;Agastache rugosa (Fisch. & Mey.) Kuntze
CoucheMidiSud;203084;Agastache rupestris;Agastache rupestris Stanley
CoucheMidiSud;203085;Bupleurum baldense;Bupleurum baldense Turra
CoucheMidiSud;203086;Cytisophyllum sessilifolium;Cytisus sessilifolius L.
CoucheMidiSud;203087;;Cytisus purgans (L.) Boiss.
CoucheMidiSud;203090;Campanula arvatica;Campanula arvatica subsp. arvatica 
CoucheMidiSud;203091;Campanula formanekiana;Campanula formanekiana Degen & Dörfler
CoucheMidiSud;203092;Campanula incurva;Campanula incurva Aucher
CoucheMidiSud;203093;;Campanula versicolor Andrews
CoucheMidiSud;203094;;Dianthus webbianus Vis. var. alpinus Boiss.
CoucheMidiSud;203095;;Dianthus gracilis Sm. subsp. drenowskianus (Rech.f.) Strid
CoucheMidiSud;203096;;Allium guttatum Steven subsp. sardoum (Morris) Stearn
CoucheMidiSud;203097;;Armeria villosa Girard
CoucheMidiSud;203098;Geranium dissectum;Geranium dissectum L.
CoucheMidiSud;203099;Meconopsis quintuplinervia;Meconopsis quintuplinervia Regel
CoucheMidiSud;203100;Dodecatheon redolens;Dodecatheon redolens (H.M.Hall) H.J. Thompson
CoucheMidiSud;203168;;Saxifraga caucasica
CoucheMidiSud;203167;;Campanula tridens
CoucheMidiSud;203166;;Campanula tridens
CoucheMidiSud;203165;;Mertensia maritima (L.) S.F. Gray
CoucheMidiSud;203161;;Meconopsis X sheldonii G. Taylor cv. ‘Aberchalder Form‘
CoucheMidiSud;203162;;Dodecatheon frigidum Cham. & Schldl.
CoucheMidiSud;203160;;Meconopsis simplicifolia (D. Don. Walp.)
CoucheMidiSud;203152;;Delphinium cashmerianum Royle
CoucheMidiSud;203144;;Allium saxatile Bieb.
CoucheMidiSud;203148;;Dianthus sylvestris Wulfen
CoucheMidiSud;203140;;Lilium leucanthemum
CoucheMidiSud;203143;Ranunculus caucasicus;Ranunculus caucasicus Bieb.
CoucheMidiSud;202233;;Tulipa altaica
CoucheMidiSud;200347;Cyclamen coum;Cyclamen coum
CoucheMidiSud;94333;Thalictrum petaloideum;Thalictrum petaloideum L.
CoucheMidiSud;200247;Hymenoxys acaulis;Townsendia formosa
CoucheMidiSud;203080;Anemone polyanthes;Anemone polyanthas D. Don
CoucheMidiSud;2030088;;
CoucheMidiSud;201093;Bouteloua curtipendula;Bouteoula curtipendula (Michx.) Torr.
CoucheMidiSud;201125;Crocus malyi;Crocus malyi Vis.
CoucheMidiSud;203123;Linnaea borealis;Linnea borealis
CoucheMidiSud;201671;Penstemon x edithae;Penstemon  cv. ‘X Edithae‘
CoucheMidiSud;92119;Geranium argenteum;Geranium argenteum L.
CoucheMidiSud;200247;Hymenoxys acaulis;Townsendia formosa
CoucheMidiSud;201113;Dianthus fragans;Dianthus fragans
CoucheMidiSud;201044;;Erysimum pseudorhaeticum Polatschek
CoucheMidiSud;98580;Dicentra cucullaria;Dicentra cucullaria
CoucheMidiSud;98607;;Iris rubromarginata
CoucheMidiSud;98592;Paeonia mlokosewitschii;Paeonia mlokosewitschii Lomak.
CoucheMidiSud;201193;Sanguinaria canadensis ‘Mutiplex’;Sanguinaria canadensis
CoucheMidiSud;93450;Aquilegia buergeriana;Aquilegia buergeriana Sieb. et Zucc.
CoucheMidiSud;96733;;Arabis scopolina
CoucheMidiSud;96734;Dianthus sp.;Dianthus sp.
CoucheMidiSud;90049;;Lewisia brachycalix
CoucheMidiSud;91084;;Lewisia nevadensis
CoucheMidiSud;88922;;Inula helvetica
CoucheMidiSud;92027;Penstemon albidus;Penstemon albidus Nutt.
CoucheMidiSud;96730;Achillea x jaborneggii;Achillea X jaborneggi
CoucheMidiSud;96729;;Leontopodium stoechas
CoucheMidiSud;96727;Oxalis adenophylla;Oxalis adenophylla
CoucheMidiSud;96728;;Leontopodium calocephallum
CoucheMidiSud;93142;Aquilegia einseleana;Aquilegia einseleana F. W. Schultz
CoucheMidiSud;94033;;Lagenifera strangulata
CoucheMidiSud;95088;;Aquilegia bernardii
CoucheMidiSud;96725;;Ranunculus magellensis
CoucheMidiSud;89176;;Dracocephalum grandiflorum
CoucheMidiSud;95126;Viola cornuta f. alba;Viola cornuta f. alba 
CoucheMidiSud;96087;Lobelia kalmii;Lobelia kalmii L.
CoucheMidiSud;95193;;Edraianthus serbicus
CoucheMidiSud;91157;;Draba paysonii var. Treleasii 
CoucheMidiSud;88477;;
CoucheMidiSud;95204;Anemone rivularis;Anemone rivularis Buch.-Ham. ex DC.
CoucheMidiSud;94043;;Jefferstonia diphylla (L. ) Pers.
CoucheMidiSud;94321;Trollius laxus;Trollius laxus Salisb.
CoucheMidiSud;96719;Ptilotrichum halimifolium;Ptilotrichum macrocarpum
CoucheMidiSud;92114;Primula auricula;Primula auricula L.
CoucheMidiSud;96685;Veronica petraea;Veronica petraea
CoucheMidiSud;92085;;Leucanthemum atratum (Jacq.) DC. subsp. halleri (Sutter) Heywood
CoucheMidiSud;96681;;Androsace foliosa
CoucheMidiSud;93322;Raoulia hookeri;Raoulia hookeri Allan
CoucheMidiSud;93273;Heuchera merriamii;Heuchera merriamii Eastw.
CoucheMidiSud;96712;;Leontopodium lindavicum
CoucheMidiSud;93345;;Brassica repanda DC. subsp. repanda 
CoucheMidiSud;90177;;Limonium daviani
CoucheMidiSud;91075;;Wulfenia carinthiaca
CoucheMidiSud;93212;Globularia nudicaulis;Globularia trichosantha Fischer & C.A. Meyer
CoucheMidiSud;96679;;Saponaria sicula
CoucheMidiSud;93086;Pelargonium endlicherianum;Pelargonium endlicherianum Fenzl
CoucheMidiSud;96714;Achillea x dutoitii;Achillea dutoitii
CoucheMidiSud;98506;;Primula marginata X latifolia
CoucheMidiSud;200359;Cynoglossum nervosum;Cynoglossum nervosum
CoucheMidiSud;200344;Tulipa neustruevae;Tulipa neustruevae Pobed.
CoucheMidiSud;200346;Calochortus venustus;Calochortus venustus
CoucheMidiSud;200357;Saxifraga spruneri;Saxifraga sprunneri
CoucheMidiSud;94593;;
CoucheMidiSud;94502;Saxifraga tombeanensis;Saxifraga tombeanensis
CoucheMidiSud;200353;Centaurea triumfetti subsp. stricta;Centaurea stricta
CoucheMidiSud;93506;Hypericum ascyron;Hypericum ascyron L.
CoucheMidiSud;200354;Hosta minima;Hosta minima
CoucheMidiSud;200092;Silene bupleuroides subsp. bupleuroides;Silene bupleuroides L.
CoucheMidiSud;200068;Salvia viridis;Salvia viridis
CoucheMidiSud;200100;Delphinium tatsienense;Delphinium tatsienense Franch.
CoucheMidiSud;200004;Codonopsis bhutanica;Codonopsis bhutanica
CoucheMidiSud;200101;Delphinium speciosum;Delphinium speciosum M. B.
CoucheMidiSud;92045;Solidago decumbens;Solidago spathulata DC. subsp. nana (Gray) Conquist
CoucheMidiSud;200148;Dicranostigma franchetianum;Dicranostigma franchetianum (Prain.) Fedde
CoucheMidiSud;200093;Nepeta pamirensis;Nepeta pamirica
CoucheMidiSud;200045;Nierembergia frutescens;Nirembergia frutescesns
CoucheMidiSud;200088;Delphinium x kotulae;Delphinium kotulae Pawl.
CoucheMidiSud;96705;;Ptilotrichium pyrenaicum
CoucheMidiSud;96678;;Erodium petraeum var. valentinum 
CoucheMidiSud;96676;;Vinca minor f. violette 
CoucheMidiSud;93212;Globularia nudicaulis;Globularia trichosantha Fischer & C.A. Meyer
CoucheMidiSud;92049;Thalictrum occidentale;Thalictrum occidentale Gray
CoucheMidiSud;92043;Yucca navajoa;Yucca  navajoa Webber
CoucheMidiSud;89132;;Stachys monieri
CoucheMidiSud;95018;Dictamnus caucasicus;Dictamnus caucasicus Fischer ex Grossh.
CoucheMidiSud;96680;Origanum scabrum subsp. pulchrum;Origanum scabrum var. pulchellum 
CoucheMidiSud;93195;Miscanthus purpurascens;Miscanthus purpurascens Anderss.
CoucheMidiSud;93250;;Serratula radiata (Waldst. et Kit. ) Bieb.
CoucheSax;200233;Saxifraga juniperifolia;Saxifraga pseudo-sancta
CoucheSax;200178;Saxifraga pentadactylis;Saxifraga pendactilis
CoucheSax;200197;Saxifraga x petaschii ‘Assimilis’;Saxifraga assimilis
CoucheSax;200175;Saxifraga oppositifolia;Saxifraga oppositifolia
CoucheSax;204238;Saxifraga sempervivum f. alpina;Saxifraga sempervivum f. alpina 
CoucheSax;204242;Saxifraga mutata;Saxifraga mutata
CoucheSax;204233;Saxifraga kotschyi;Saxifraga kotschy
CoucheSax;204232;Saxifraga scardica;Saxifraga scardica
CoucheSax;204234;Saxifraga x bilekii;Saxifraga bilekii
CoucheSax;93514;Saxifraga canaliculata;Saxifraga canaliculata Engl.
CoucheSax;200202;Saxifraga x irvingii;Saxifraga X irvingiana
CoucheSax;201181;Saxifraga x pragensis ‘Golden Prague’;Saxifraga x pragensis cv. ‘Golden Prague‘
CoucheSax;90088;Saxifraga marginata var. rocheliana;Saxifraga rocheliana
CoucheSax;204228;Saxifraga spathularis;Saxifraga spathularis
CoucheSax;200204;Saxifraga x elisabethae;Saxifraga elisabethae
CoucheSax;204224;Saxifraga x geuderi;saxifraga geuderi
CoucheSax;204239;Saxifraga x anglica ‘Cranbourne’;Saxifraga cranburne
CoucheSax;204231;Saxifraga sempervivum f. alpina;Saxifraga sempervivum f. alpina 
CoucheSax;204237;Saxifraga hostii subsp. rhaetica;Saxifraga hosti var. rhaetica 
CoucheSax;200198;Saxifraga x megasaeflora ‘Vladana’;Saxifraga Vladana
CoucheSax;204229;Saxifraga marginata var. coriophylla;Saxifraga marginata var. coriophylla 
CoucheSax;204230;Saxifraga cochlearis x callosa;Saxifraga cochlearis f. x lingulata 
CoucheSax;201182;Saxifraga x boeckeleri ‘Armida’;Saxifraga x boeckeleri cv. ‘Armida‘
CoucheSax;204227;Saxifraga marginata var. karazicensis;Saxifraga marginata var. Karazicensis 
CoucheSax;97513;Saxifraga x megasaeflora ‘Robin Hood’;Saxifraga x megaseaeflora cv. ‘Robin Hood‘
CoucheSax;200201;Saxifraga paniculata subsp. cartilaginea;Saxifraga kolenatiana
CoucheSax;200232;;Saxifraga pravislavia
CoucheSax;204223;Saxifraga scardica;Saxifraga scardica
CoucheSax;200183;Saxifraga x kellereri;Saxifraga X Kellereri
CoucheSax;91165;Saxifraga stribrnyi;Saxifraga stribrnyi
CoucheSax;200176;Saxifraga x eudoxiana ‘Haagii’;Saxifraga haagii
CoucheSax;200234;Saxifraga callosa subsp. catalaunica;Saxifraga catalonica
CoucheSax;200199;Saxifraga x apiculata;Saxifraga appiculata
CoucheSax;200219;Saxifraga x eudoxiana ‘Haagii’;Saxifraga X haagi
CoucheSax;200203;Saxifraga stormonthii;Saxifraga stromonthi
CoucheSax;204235;Saxifraga x urumoffii ‘Ivan Urumov’;Saxifraga uromotti
CoucheSax;204236;;Saxifraga ?
CoucheSax;200200;Saxifraga x engleri;Saxifraga engleri
CoucheSax;204240;Saxifraga ferdinandi-coburgi var. radoslavocii;Saxifraga fernandi- coburgi var. radoslavii 
CoucheSax;200190;;Saxifraga cochlearis X lingulata
CoucheSax;204222;Saxifraga x kellereri;Saxifraga X anglica cv. ‘Mira‘
CoucheSax;222047;Sedum sediforme;Sedum nicaeense
CoucheSax;204225;Saxifraga callosa;Saxifraga callosa subsp. callosa 
CoucheSax;97512;Saxifraga x poluanglica ‘Tvuj Pritel’;Saxifraga  cv. ‘Your Friend‘
CoucheSax;91069;Saxifraga bronchialis;Saxifraga spinulosa
CoucheSax;97515;Saxifraga farreri;Saxifraga x farreri
CoucheSax;200230;Saxifraga x biasolettii;Saxifraga X biasolettii
CoucheSax;204226;Saxifraga cochlearis f. minor;Saxifraga cochlearis f. Minor 
CoucheSax;200221;Saxifraga x engleri;Saxifraga englerii
CoucheSax;200221;Saxifraga x engleri;Saxifraga englerii
CoucheSax;200214;Saxifraga sempervivum;Saxifraga sempervivum
CoucheSax;204241;Saxifraga paniculata subsp. cartilaginea;Saxifraga kolenhatiaha var. minor 
CoucheSax;200229;Saxifraga x apiculata;Saxifraga aemula
CoucheSax;200194;Saxifraga marginata var. coriophylla;Saxifraga coriophylla
CoucheSax;200212;Saxifraga caesia;Saxifraga caesia
CoucheSax;200231;Saxifraga paniculata subsp. cartilaginea;Saxifraga cartilagina
CoucheSax;200186;Saxifraga wendelboi;Saxifraga wendelbot
CoucheSax;200217;Saxifraga x sündermannii;Saxifraga sundermanii
CoucheSax;97514;Saxifraga x anglica ‘Christine’;Saxifraga x anglica cv. ‘Cerise Queen‘
CoucheSax;200207;Saxifraga cochlearis f. minor;Saxifraga cochlearis f. minor 
CoucheSax;200237;;Saxifraga cinerea
CoucheSax;205214;Saxifraga x gaudinii;Saxifraga gaudinii
CoucheSax;206531;;Saxifraga x Edithae cv. ‘Kaiel stivin  ?‘
CoucheSax;206532;;Saxifraga x anglica cv. ‘Alphons  Mucha‘
CoucheSax;206533;Saxifraga sempervivum;Saxifraga porophylla var. sibtorpiana 
CoucheSemper;95538;;Sempervivum grandiflorum
CoucheSemper;95537;Sempervivum sp.;Sempervivum sp.
CoucheSemper;95548;Sempervivum tectorum f. atropurpureum;Sempervivum tectorum var. atropurpureum 
CoucheSemper;95539;;Sempervivum montanum
CoucheSemper;95544;Sempervivum arachnoideum x tectorum;Sempervivum arachnoideum x tectorum
CoucheSemper;95547;Sempervivum carpaticum;Sempervivum carpaticum
CoucheSemper;95545;;Sempervivum barbulatum ??
CoucheSemper;95546;;Sempervivum zeleborii
CoucheSemper;95560;;Sempervivum arachnoideum f. albo 
CoucheSemper;95542;;Sempervivum tectorum
CoucheSemper;95557;;Sempervivum tectorum x arachnoideum
CoucheSemper;201184;Sempervivum hybride ‘Mars’;Sempervivum hybride cv. ‘Mars‘
CoucheSemper;99188;Sempervivum macedonicum;Sempervivum macedonicum
CoucheSemper;201186;Sempervivum hybride ‘Bicolor’;Sempervivum hybride cv. ‘Bicolor‘
CoucheSemper;95571;Sempervivum grandiflorum x ciliosum;Sempervivum grandiflorum x ciliosum
CoucheSemper;95541;;Sempervivum leucanthum
CoucheSemper;95559;;Sempervivum iranicum
CoucheSemper;95556;Sempervivum sp.;Sempervivum sp.
CoucheSemper;95530;Sempervivum montanum x wulfenii;Sempervivum montanum X wulfenii
CoucheSemper;95565;;Sempervivum heuffeli
CoucheSemper;87182;;Jovibarba arenaria
CoucheSemper;95567;Sempervivum sp.;Sempervivum sp.
CoucheSemper;92024;Sempervivum marmoreum;Sempervivum marmoreum   Griseb.
CoucheSemper;95540;Sempervivum arachnoideum X montanum;Sempervivum arachnoideum X montanum
CoucheSemper;87413;Sempervivum kosaninii;Sempervivum kosoninii x (Lausanne 1896)
CoucheSemper;86479;Sempervivum davisii;Sempervivum davidii
CoucheSemper;1684;Sempervivum octopodes;Sempervivum octopodes
CoucheSemper;95529;;Sempervivum italicum
CoucheSemper;85783;;Sempervivum arachnoideum subsp. tomentosum 
CoucheSemper;95550;;Sempervivum ciliosum
CoucheSemper;95549;;Sempervivum leucanthum
CoucheSemper;87234;Jovibarba heuffelii;Jovibarba heuffellii
CoucheSemper;95570;Sempervivum arachnoideum X montanum;Sempervivum arachnoideum x montanum
CoucheSemper;95561;;Jovibarba hirta 
CoucheSemper;95566;Sempervivum sp.;Sempervivum sp.
CoucheSemper;95543;Sempervivum juvani;Sempervivum juvani
CoucheSemper;78100;;Sempervivum alpinum
CoucheSemper;95527;;Sempervivum tectorum X dolomiticum
CoucheSemper;95558;;Sempervivum schleani x tectorum
CoucheSemper;95553;Sempervivum sp.;Sempervivum sp.
CoucheSemper;95554;;Sempervivum grandiflorum
CoucheSemper;87303;;Sempervivum soboliferum
CoucheSemper;95563;Sempervivum sp.;Sempervivum sp.
CoucheSemper;95532;;Sempervivum funckii var. aqualiense 
CoucheSemper;95564;Sempervivum sp.;Sempervivum sp.
CoucheSemper;88633;;Sempervivum stiriacum
CoucheSemper;95523;;Sempervivum nevadense
CoucheSemper;0;;
CoucheSemper;95569;Sedum dumulosum;Sedum dumulosum
CoucheSemper;95531;;Sempervivum montanum subsp. styriacum?? 
CoucheSemper;95568;Sempervivum carpaticum;Sempervivum carpaticum
CoucheSemper;95524;;Sempervivum montanum f. albo 
CoucheSemper;201185;Sempervivum hybride ‘Raspberry Ice’;Sempervivum hybride cv. ‘Rabsburry‘
CoucheSemper;95520;Sempervivum grandiflorum x montanum;Sempervivum grandiflorum X montanum
CoucheSemper;85785;;Jovibaraba allionii
CoucheSemper;95528;;Sempervivum reginae-ameliae
CoucheSemper;95525;;Sempervivum thompsonianum
Diverspoticheentrée;214024;Azorella trifurcata f. nana;Androsace lanuginosa var. leichtlinii 
Diverspoticheentrée;214026;Dianthus myrtinervius;Dianthus myrtinervius
Diverspoticheentrée;214027;Edraianthus serpyllifolius;Edraianthus serpyllifolius
Diverspoticheentrée;214028;Erigeron scopulinus;Erigeron scopulinus
Diverspoticheentrée;214029;Globularia incanescens;Globularia incanescens
Diverspoticheentrée;214030;Gypsophila repens ‘Rosa Schönheit’;Gypsophila repens cv. ‘Rosa Schönheit‘
Diverspoticheentrée;214031;Micromeria croatica;Micromeria croatica
Diverspoticheentrée;214032;Veronica saturejoides;Veronica satureioides
Diverspoticheentrée;214033;Saxifraga callosa var. australis;Saxifraga callosa var. australis 
Diverspoticheentrée;214035;Sedum sedoides;Sempervivella sedoides
Diverspoticheentrée;214036;Sempervivum charadzeae;Sempervivum charadzeae
Diverspoticheentrée;214037;Limonium bellidifolium;Limonium bellidifolium
Diverspoticheentrée;216107;Erodium x variabile;Erodium x variabile
Diverspoticheentrée;216106;Scutellaria laeteviolacea;Scutellaria laeteviolacea
Diverspoticheentrée;216108;Sempervivum ciliosum;Sempervivum ciliosum
Diverspoticheentrée;214038;Saxifraga burseriana;Saxifraga burseriana
Diverspoticheentrée;214039;Androsace lanuginosa;Androsace lanuginosa
Diverspoticheentrée;214040;Delosperma nubigenum;Delosperma nubigenum
Diverspoticheentrée;214041;Sedum sedoides;sedum sedoides
Diverspotichefougères;215172;Asplenium trichomanes;Asplenium trichomanes
Diverspotichefougères;216086;Cryptogramma  crispa;Cryptogramma crispa
Diverspotichefougères;217243;Dryopteris villarii;Dryopteris villarii
Diverspotichefougères;218058;Gymnocarpium robertianum;Gymnocarpium robertianum
Diverspotichefougères;215173;Polypodium vulgare;Polypodium vulgare L.
Diverspotichefougères;215174;Phyllitis scolopendrium;Phyllitis scolopendrium Newman
Diverspotichefougères;218059;Cystopteris fragilis;Cystopteris fragilis
Emplacement;0;;
MédicinalA01;70095;Convallaria majalis;Convallaria majalis L.
MédicinalA01;70047;Arum maculatum;Arum maculatum L.
MédicinalA01;70020;Allium victorialis;Allium victorialis L.
MédicinalA01;70019;Allium ursinum;Allium ursinum L.
MédicinalA01;70228;Ornithogalum umbellatum;Ornithogalum umbellatum L.
MédicinalA01;70341;Urtica urens;Urtica urens L.
MédicinalA01;70339;Urtica dioica;Urtica dioica L.
MédicinalA01;70235;Parietaria officinalis;Parietaria officinalis L.
MédicinalA01;70038;Aristolochia clematitis;Aristolochia clematitis L.
MédicinalA01;70119;Dryopteris filix-mas;Dryopteris filix-mas (L.) Schott
MédicinalA01;70162;Humulus lupulus;Humulus lupulus L.
MédicinalA01;70021;Alnus glutinosa;Alnus glutinosa (L.) Gaertner
MédicinalA01;70065;Buxus sempervirens;Buxus sempervirens L.
MédicinalA02;70271;Rheum rhaponticum;Rheum rhaponticum
MédicinalA02;70270;Rheum palmatum;Rheum palmatum L.
MédicinalA02;70269;Rheum officinale;Rheum officinale Baill.
MédicinalA02;70048;Asarum europaeum;Asarum europaeum L.
MédicinalA02;70257;Polygonum bistorta;Polygonum bistorta L.
MédicinalA02;70256;Polygonum aviculare;Polygonum aviculare aggr.
MédicinalA03;70173;Iris pallida;Iris pallida Lam.
MédicinalA03;70174;Iris x germanica;Iris X germanica L.
MédicinalA03;70147;Gentiana lutea;Gentiana lutea L.
MédicinalA03;70050;Asparagus officinalis;Asparagus officinalis L.
MédicinalA03;70255;Polygonatum odoratum;Polygonatum odoratum (Miller) Druce
MédicinalA03;70072;Carex arenaria;Carex arenaria L.
MédicinalA03;70011;Elymus repens;Agropyron repens (L.) P. Beauv.
MédicinalA03;70236;Paris quadrifolia;Paris quadrifolia L.
MédicinalA03;70091;Colchicum autumnale;Colchicum autumnale L.
MédicinalA03;70343;Veratrum album;Veratrum album L.
MédicinalB01;70131;Fagopyrum tataricum;Fagopyrum tataricum (L.) Gaertner
MédicinalB01;90415;Fagopyrum esculentum;Fagopyrum esculentum Moench
MédicinalB01;70083;Chenopodium ambrosioides;Chenopodium ambrosioides L.
MédicinalB01;70282;Rumex acetosa;Rumex acetosa L.
MédicinalB01;70084;Chenopodium bonus-henricus;Chenopodium bonus-henricus L.
MédicinalB01;70360;Chenopodium quinoa;Chenopodium quinoa
MédicinalB01;70088;Clematis vitalba;Clematis vitalba L.
MédicinalB01;70244;Phytolacca americana;Phytolacca americana L.
MédicinalB01;70229;Paeonia lactiflora;Paeonia lactiflora Pall.
MédicinalB01;70243;Phytolacca acinosa;Phytolacca acinosa Roxb.
MédicinalB01;70003;Aconitum carmichaelii;Aconitum carmichaelii Debeaux
MédicinalB01;70004;Aconitum napellus subsp. lusitanicum;Aconitum neomontanum L.
MédicinalB01;70230;Paeonia officinalis;Paeonia officinalis
MédicinalB01;70330;Thalictrum aquilegiifolium;Thalictrum aquilegiifolium L.
MédicinalB01;70157;Helleborus niger;Helleborus niger L.
MédicinalB01;70156;Helleborus foetidus;Helleborus foetidus L.
MédicinalB01;70139;Fumaria officinalis;Fumaria officinalis L.
MédicinalB02;70105;;Dianthus caryophyllus L.
MédicinalB02;70024;Amaranthus hypochondriacus;Amaranthus hypochondriacus L.
MédicinalB02;70254;Podophyllum peltatum;Podophyllum peltatum L.
MédicinalB02;70058;Berberis vulgaris;Berberis vulgaris L.
MédicinalB02;70194;Mahonia aquifolium;Mahonia aquifolium (Pursh) Nutall
MédicinalB02;70087;Cimicifuga racemosa;Cimifuga racemosa (L.) Nutt.
MédicinalB02;70266;Pulsatilla vulgaris;Pulsatilla vulgaris Miller
MédicinalB02;70005;Adonis aestivalis;Adonis aestivalis L.
MédicinalB02;70006;Adonis vernalis;Adonis vernalis L.
MédicinalB02;70293;Saponaria officinalis;Saponaria   officinalis L.
MédicinalB02;70160;Herniaria glabra;Herniaria  glabra L.
MédicinalB02;70012;Agrostemma githago;Agrostemma  githago L.
MédicinalB02;70190;Lunaria annua;Lunaria annua L.
MédicinalB02;70106;Dianthus superbus;Dianthus superbus L.
MédicinalB02;70321;Stellaria media;Stellaria media (L.) Villars
MédicinalB02;70218;Nigella sativa;Nigella sativa L.
MédicinalB02;70217;Nigella damascena;Nigella damascena L.
MédicinalB02;70094;Consolida regalis;Consolida regalis Gray
MédicinalB02;70093;Consolida ajacis;Consolida ajacis (L.) Schur
MédicinalB03;70128;Eschscholzia californica;Eschscholzia californica
MédicinalB03;70234;Papaver somniferum;Papaver somniferum
MédicinalB03;70081;Chelidonium majus;Chelidonium majus L.
MédicinalB03;70232;Papaver orientale;Papaver orientale
MédicinalB03;70039;Armoracia rusticana;Armoracia rusticana Ph. Gärtn.
MédicinalB03;70158;Hepatica nobilis;Hepatica nobilis Schreber
MédicinalB03;70288;Sanguinaria canadensis;Sanguinaria canadensis
MédicinalB03;70233;Papaver rhoeas;Papaver rhoeas L.
MédicinalC01;70017;Alchemilla vulgaris;Alchemilla xanthochlora aggr.
MédicinalC01;70118;Dryas octopetala;Dryas octopetala L.
MédicinalC01;70137;Fragaria vesca;Fragaria vesca
MédicinalC01;70149;Geum urbanum;Geum urbanum L.
MédicinalC01;70016;Alchemilla alpina;Alchemilla alpina aggr.
MédicinalC01;70268;Reseda luteola;Reseda luteola L.
MédicinalC01;70272;Ribes nigrum;Ribes nigrum L.
MédicinalC01;70175;Isatis tinctoria;Isatis tinctoria L.
MédicinalC01;70309;Sinapis alba;Sinapis alba L.
MédicinalC01;70018;Alliaria petiolata;Alliaria petiolata (M. Bieb.) Cavara&Grande
MédicinalC01;70062;Brassica oleracea;Brassica  oleracea L.
MédicinalC01;70060;Brassica juncea;Brassica juncea (L.) Czernj.
MédicinalC01;70127;Erysimum cheiri;Erysimum cheiri (L.) Crantz
MédicinalC01;70061;Brassica nigra;Brassica nigra (L.) Koch
MédicinalC01;70267;Raphanus sativus;Raphanus sativus L.
MédicinalC01;70069;Capsella bursa-pastoris;Capsella bursa-pastoris (L.) Medikus
MédicinalC01;70310;Sisymbrium officinale;Sisymbrium officinale (L.) Scop.
MédicinalC01;70090;Cochlearia officinalis;Cochlearia officinalis L.
MédicinalC02;70107;Dictamnus albus;Dictamnus albus L.
MédicinalC02;70303;Securigera varia;Securigera varia  (L.) Lassen
MédicinalC02;70284;Ruta graveolens;Ruta graveolens L.
MédicinalC02;70010;Agrimonia procera;Agrimonia procera Wallr.
MédicinalC02;70335;Trigonella caerulea;Trigonella caerulea (L.) Ser.
MédicinalC02;70188;Lotus corniculatus;Lotus corniculatus L.
MédicinalC02;70146;Genista tinctoria;Genista tinctoria L.
MédicinalC02;70260;Potentilla reptans;Potentilla reptans L.
MédicinalC02;70336;Trigonella foenum-graecum;Trigonella foenum-graecum L.
MédicinalC02;70223;Ononis spinosa;Ononis spinosa L.
MédicinalC02;70361;Lotus maritimus;Tetragonolobus maritimus
MédicinalC02;70362;Tetragonolobus purpureus;Tetragonolobus pupurea
MédicinalC02;70258;Potentilla anserina;Potentilla anserina L.
MédicinalC02;70009;Agrimonia pilosa;Agrimonia pilosa Ledeb.
MédicinalC02;70008;Agrimonia eupatoria;Agrimonia eupatoria L.
MédicinalC03;70195;Malva sylvestris;Malva sylvestris L.
MédicinalC03;70014;Alcea rosea;Alcea rosea L.
MédicinalC03;70164;Hypericum perforatum;Hypericum perforatum L.
MédicinalC03;70023;Althaea officinalis;Althaea officinalis L.
MédicinalC03;70022;Althaea cannabina;Althaea cannabina L.
MédicinalC03;70169;Impatiens balfourii;Impatiens balfourii Hook.f.
MédicinalC03;70168;;Ilex aquifolium L.
MédicinalC03;70170;Impatiens balsamina;Impatiens balsamina Hook.f.
MédicinalC03;70273;Ricinus communis;Ricinus communis L.
MédicinalC03;70034;Anthyllis vulneraria;Anthyllis vulneraria L.
MédicinalC03;70348;Veronica officinalis;Veronica officinalis L.
MédicinalC04;70352;Viola odorata;Viola odorata L.
MédicinalC04;70353;Viola tricolor;Viola tricolor L.
MédicinalC04;70231;Panax quinquefolius;Panax quinquefolius L.
MédicinalC04;70207;Mercurialis perennis;Mercurialis perennis L.
MédicinalC04;70138;Frangula alnus;Frangula alnus Miller
MédicinalC04;70130;Euphorbia cyparissias;Euphorbia cyparissias L.
MédicinalC04;70148;Geranium robertianum;Geranium robertianum L.
MédicinalC04;70152;Glycyrrhiza glabra;Glycyrrhiza glabra L.
MédicinalC04;70053;Astragalus mongholicus;Astragalus mebranaceus
MédicinalC04;70052;Astragalus gummifer;Astragalus gummifer Labill.
MédicinalC04;70200;Melilotus officinalis;Melilotus officinalis (L.) Lam.
MédicinalC04;70275;Rosa canina;Rosa canina L.
MédicinalC04;70199;Melilotus altissimus;Melilotus altissimus Thuill.
MédicinalC04;70151;Glycine max;Glycine max (L.) Merr.
MédicinalC04;70140;Galega officinalis;Galega officinalis L.
MédicinalC04;70133;Filipendula ulmaria;Filipendula ulmaria (L.) Maxim.
MédicinalC04;70290;Sanguisorba officinalis;Sanguisorba officinalis L.
MédicinalC04;70289;Sanguisorba minor;Sanguisorba minor Scop.
MédicinalC04;70259;Potentilla erecta;Potentilla erecta (L.) Räusch.
MédicinalC04;70279;Rubus fruticosus;Rubus fruticosus L.
MédicinalC04;70134;Filipendula vulgaris;Filipendula vulgaris Moench
MédicinalC04;70280;Rubus idaeus;Rubus idaeus L.
MédicinalC04;70263;Prunus laurocerasus;Prunus laurocerasus L.
MédicinalC04;70064;Buxus sempervirens;Buxus sempervirens L.
MédicinalC04;70102;Daphne mezereum;Daphne mezereum L.
MédicinalD01;70135;Foeniculum vulgare;Foeniculum vulgare L.
MédicinalD01;70033;Anthriscus cerefolium;Anthriscus cerefolium (L.) Hoffm.
MédicinalD01;70049;Asclepias syriaca;Asclepias syriaca L.
MédicinalD01;70104;Daucus carota;Daucus carota L.
MédicinalD01;70035;Apium graveolens;Apium  graveolens L.
MédicinalD01;70028;Anethum graveolens;Anethum graveolens L.
MédicinalD01;70237;Pastinaca sativa;Pastinaca sativa L.
MédicinalD01;70132;Ferula assa-foetida;Ferula assa-foetida L.
MédicinalD01;70307;Silaum silaus;Silaum silaus (L.) Schinz&Thell.
MédicinalD01;70116;Dorema ammoniacum;Dorema ammoniacum D. Don
MédicinalD01;70241;Peucedanum ostruthium;Peucedanum ostruthium (L.) Koch
MédicinalD01;70159;Heracleum sphondylium;Heracleum sphondylium L.
MédicinalD01;70054;Astrantia major;Astrantia major L.
MédicinalD01;70182;Levisticum officinale;Levisticum officinale Koch
MédicinalD01;70025;Ammi visnaga;Ammi visnaga (L.) Lam.
MédicinalD01;70359;Ammi majus;Ammi majus
MédicinalD01;70239;Petroselinum crispum;Petroselinum crispum (Miler) A.W.Hill
MédicinalD01;70291;Sanicula europaea;Sanicula europaea L.
MédicinalD01;70097;Coriandrum sativum;Coriandrum sativum L.
MédicinalD02;70351;Vinca minor;Vinca minor L.
MédicinalD02;70192;Lysimachia nummularia;Lysimachia nummularia L.
MédicinalD02;70261;Primula veris;Primula veris L.
MédicinalD02;70036;Apocynum cannabinum;Apocynum cannabinum L.
MédicinalD02;70337;Tropaeolum majus;Tropaeolum majus L.
MédicinalD02;70029;Angelica archangelica;Angelica archangelica L.
MédicinalD02;70074;Carum carvi;Carum carvi L.
MédicinalD02;70208;Meum athamanticum;Meum athamanticum Jacq.
MédicinalD02;70030;Angelica pubescens;Angelica pubescens Maxim.
MédicinalD02;70246;Pimpinella major;Pimpinella major (L.) Hudson
MédicinalD02;70213;Myrrhis odorata;Myrrhis odorata (L.) Scop.
MédicinalD02;70245;Pimpinella anisum;Pimpinella anisum L.
MédicinalD02;70247;Pimpinella saxifraga;Pimpinella saxifraga L.
MédicinalD02;70193;Lythrum salicaria;Lythrum salicaria L.
MédicinalD02;70126;Epilobium angustifolium;Epilobium angustifolium L.
MédicinalD02;70222;Oenothera biennis;Oenothera biennis L.
MédicinalE01;70301;Scutellaria baicalensis;Scutellaria baicalensis Georgi
MédicinalE01;70013;Ajuga reptans;Ajuga reptans L.
MédicinalE01;70212;Monarda punctata;Monarda punctata L.
MédicinalE01;70262;Prunella vulgaris;Prunella vulgaris L.
MédicinalE01;70220;Ocimum tenuiflorum;Ocimum tenuiflorum L.
MédicinalE01;70219;Ocimum basilicum;Ocimum basilicum L.
MédicinalE01;70167;Hyssopus officinalis;Hyssopus officinalis L.
MédicinalE01;70056;Ballota nigra;Ballota nigra L.
MédicinalE01;70285;Salvia officinalis;Salvia officinalis L.
MédicinalE01;70201;Melissa officinalis;Melissa officinalis L.
MédicinalE01;70179;Lavandula angustifolia;Lavandula angustifolia Miller
MédicinalE01;70294;Calamintha grandiflora;Satureja grandiflora (L.) Scheele
MédicinalE01;70286;Salvia sclarea;Salvia sclarea L.
MédicinalE01;70124;Elsholtzia splendens;Elsholtzia splendens
MédicinalE01;70007;Agastache rugosa;Agastache rugosa
MédicinalE01;70123;Echium vulgare;Echium vulgare L.
MédicinalE01;70265;Pulmonaria officinalis;Pulmonaria officinalis L.
MédicinalE01;70059;Borago officinalis;Borago officinalis L.
MédicinalE01;70027;Anchusa officinalis;Anchusa officinalis L.
MédicinalE01;70211;Monarda fistulosa;Monarda fistulosa L.
MédicinalE01;70184;Lithospermum officinale;Lithospermum officinale L.
MédicinalE01;70100;Cynoglossum officinale;Cynoglossum officinale L.
MédicinalE01;70322;Symphytum officinale;Symphytum officinale L.
MédicinalE01;70327;Teucrium chamaedrys;Teucrium chamaedrys L.
MédicinalE01;70329;Teucrium scorodonia;Teucrium scorodonia L.
MédicinalE01;70227;Origanum vulgare;Origanum vulgare L.
MédicinalE01;70302;Scutellaria laterifolia;Scutellaria laterifolia
MédicinalE01;70226;Origanum majorana;Origanum majorana L.
MédicinalE01;70142;Galeopsis tetrahit;Galeopsis tetrahit L.
MédicinalE02;70205;Mentha x piperita;Mentha  x piperita 
MédicinalE02;70203;Mentha spicata;Mentha spicata  L.
MédicinalE03;70150;Glechoma hederacea;Glechoma hederacea L.
MédicinalE03;70141;Galeopsis segetum;Galeopsis segetum Neck.
MédicinalE03;70181;Leonurus sibiricus;Leonurus sibiricus
MédicinalE03;70177;Lamium album;Lamium album L.
MédicinalE03;70210;Monarda didyma;Monarda didyma L.
MédicinalE03;70178;Lamium maculatum;Lamium maculatum L.
MédicinalE03;70202;Mentha pulegium;Mentha pulegium L.
MédicinalE03;70180;Leonurus cardiaca;Leonurus cardiaca L.
MédicinalE03;70214;Nepeta cataria;Nepeta cataria L.
MédicinalE03;70066;Calamintha nepeta;Calamintha glandulosa (Req.) Benth.
MédicinalE03;70320;Stachys sylvatica;Stachys sylvatica L.
MédicinalE03;70319;Stachys recta;Stachys recta L.
MédicinalE03;70318;Stachys officinalis;Stachys officinalis (L.) Trevisan
MédicinalE03;70197;Marrubium vulgare;Marrubium vulgare L.
MédicinalE03;70077;Centaurium erythraea;Centaurium erythraea Rafn
MédicinalE04;70070;Capsicum annuum;Capsicum anuum L.
MédicinalE04;70216;Nicotiana tabacum;Nicotiana tabacum L.
MédicinalE04;70196;Mandragora officinarum;Mandragora officinarum L.
MédicinalE04;70215;Nicotiana rustica;Nicotiana rustica L.
MédicinalE04;70314;Solanum nigrum;Solanum nigrum
MédicinalE04;70071;Capsicum frutescens;Capsicum frutescens L.
MédicinalE04;70312;Solanum dulcamara;Solanum dulcamara
MédicinalE04;70331;Thymus serpyllum;Thymus serpyllum L.
MédicinalE04;70332;Thymus vulgaris;Thymus vulgaris L.
MédicinalE04;70238;Perilla frutescens;Perilla frutescens (L.) Britt.
MédicinalE04;70296;Satureja montana;Satureja montana L.
MédicinalE04;70295;Satureja hortensis;Satureja hortensis L.
MédicinalE04;70313;Solanum melongena;Solanum melongena L.
MédicinalE05;70340;Urtica urens;Urtica urens L.
MédicinalE05;70163;Hyoscyamus niger;Hyoscyamus niger L.
MédicinalE05;70103;Datura stramonium;Datura stramonium L.
MédicinalE05;206857;Datura metel;Datura metel
MédicinalE05;70297;Scopolia carniolica;Scopolia carniolica Jacq.
MédicinalE05;70055;Atropa bella-donna;Atropa bella-donna L.
MédicinalE05;70347;Verbena officinalis;Verbena officinalis L.
MédicinalE05;70242;Physalis alkekengi;Physalis alkekengi L.
MédicinalE05;70191;Lycium chinense;Lycium chinensis Miller
MédicinalF01;70185;Lobelia inflata;Lobelia inflata L.
MédicinalF01;70334;Tragopogon pratensis;Tragopogon pratensis L.
MédicinalF01;70145;Galium verum;Galium verum L.
MédicinalF01;70278;Rubia tinctorum;Rubia tinctorum L.
MédicinalF01;70143;Galium aparine;Galium aparine L.
MédicinalF01;70079;Centranthus ruber;Centranthus ruber (L.) DC.
MédicinalF01;70120;Ecballium elaterium;Ecballium elaterium (L.) A. Rich.
MédicinalF01;70338;Tussilago farfara;Tussilago farfara L.
MédicinalF01;70115;Dipsacus fullonum;Dipsacus fullonum L.
MédicinalF01;70063;Bryonia dioica;Bryonia dioica Jacq.
MédicinalF01;70189;Luffa cylindrica;Luffa aegyptiaca Mill.
MédicinalF01;70342;Valeriana officinalis;Valeriana officinalis L.
MédicinalF01;70086;Cichorium intybus;Cichorium intybus L.
MédicinalF01;70306;Sigesbeckia serrata;Siegesbeckia orientalis
MédicinalF01;70042;Artemisia annua;Artemisia annua L.
MédicinalF01;70037;Arctium lappa;Arctium lappa L.
MédicinalF01;70264;Pulicaria dysenterica;Pulicaria dysenterica (L.) Bernh.
MédicinalF01;70355;Xanthium strumarium;Xanthium strumarium L.
MédicinalF01;70292;Santolina chamaecyparissus;Santolina chamaecyparissus L.
MédicinalF01;70121;Echinacea angustifolia;Echinacea angustifolia DC.
MédicinalF01;70122;Echinacea purpurea;Echinacea purpurea (L.) Moench
MédicinalF01;70155;Helichrysum italicum;Helichrysum italicum
MédicinalF01;70186;Lobelia siphilitica;Lobelia siphilitica L.
MédicinalF01;70209;Momordica balsamina;Momordica balsamina L.
MédicinalF01;70144;Galium odoratum;Galium odoratum (L.) Scop.
MédicinalF01;70051;Asperula tinctoria;Asperula tinctoria L.
MédicinalF01;70277;Rubia cordifolia;Rubia cordifolia L.
MédicinalF01;70031;Antennaria dioica;Antennaria dioica (L.) Gaertner
MédicinalF02;70248;Plantago arenaria;Plantago arenaria Waldst. & Kit.
MédicinalF02;70249;Plantago coronopus;Plantago coronopus L.
MédicinalF02;70250;Plantago lanceolata;Plantago lanceolata L.
MédicinalF02;70251;Plantago major;Plantago major L.
MédicinalF02;70252;Plantago media;Plantago media L.
MédicinalF02;70305;Sesamum indicum;Sesamum indicum L.
MédicinalF02;70109;Digitalis lanata;Digitalis lanata Ehrhart
MédicinalF02;70108;Digitalis grandiflora;Digitalis grandiflora Miller
MédicinalF02;206862;Digitalis ferruginea;Digitalis ferruginea
MédicinalF02;70183;Linum usitatissimum;Linum usitatissimum L.
MédicinalF02;70300;Scrophularia nodosa;Scrophularia nodosa
MédicinalF02;70153;Gratiola officinalis;Gratiola officinalis L.
MédicinalF02;70345;Verbascum phlomoides;Verbascum phlomoides L.
MédicinalF02;70082;Chelone glabra;Chelone glabra L.
MédicinalF02;70350;Veronica teucrium;Veronica teucrium L.
MédicinalF02;70349;Veronica officinalis;Veronica officinalis L.
MédicinalF02;70110;Digitalis lutea;Digitalis lutea L.
MédicinalF02;70136;Forsythia suspensa;Forsythia suspensa (Thunb.) Vahl
MédicinalF02;70112;Digitalis purpurea;Digitalis purpurea
MédicinalF02;70111;Digitalis parviflora;Digitalis parviflora
MédicinalF02;70344;Verbascum densiflorum;Verbascum densiflorum Bertol.
MédicinalF02;70346;Verbascum thapsus;Verbascum thapsus L.
MédicinalG01;70117;Doronicum pardalianches;Doronicum pardalianches L.
MédicinalG01;70085;Chrysanthemum coronarium;Chrysanthemum coronarium L.
MédicinalG01;70364;Coreopsis tinctoria;Coreopsis tinctoria Nutt.
MédicinalG01;70323;Tanacetum balsamita;Tanacetum balsamita L.
MédicinalG01;70041;Artemisia absinthium;Artemisia absinthium L.
MédicinalG01;70040;Artemisia abrotanum;Artemisia abrotanum L.
MédicinalG01;70044;Artemisia dracunculus;Artemisia dracunculus L.
MédicinalG01;70045;Artemisia verlotiorum;Artemisia verlotiorum Lamotte
MédicinalG01;70046;Artemisia vulgaris;Artemisia vulgaris L.
MédicinalG01;70129;Eupatorium cannabinum;Eupatorium cannabinum L.
MédicinalG01;70161;Hieracium pilosella;Hieracium pilosella L.
MédicinalG01;70165;Hypochaeris radicata;Hypochaeris radicata Linn.
MédicinalG01;70166;Hypochaeris maculata;Hypochoeris maculata Linn.
MédicinalG01;70001;Achillea millefolium;Achillea millefolium L.
MédicinalG01;70002;Achillea ptarmica;Achillea ptarmica L.
MédicinalG01;70075;Centaurea cyanus;Centaurea  cyanus L.
MédicinalG01;70043;Artemisia campestris;Artemisia campestris L.
MédicinalG01;70298;Scorzonera hispanica;Scorzonera hispanica L.
MédicinalG02;70154;Grindelia robusta;Grindelia robusta Nutt.
MédicinalG02;70171;Inula helenium;Inula helenium L.
MédicinalG02;70032;Anthemis tinctoria;Anthemis tinctoria L.
MédicinalG02;70080;Ormenis nobils;Chamaemelum nobile (L.) All.
MédicinalG02;70316;Solidago gigantea;Solidago  gigantea Aiton
MédicinalG02;70324;Tanacetum parthenium;Tanacetum parthenium (L.) Schultz-Bip.
MédicinalG02;70096;Conyza canadensis;Conyza  canadensis (L.) Cronquist
MédicinalG02;70198;Matricaria chamomilla;Matricaria recutita L.
MédicinalG02;70068;Calendula officinalis;Calendula officinalis L.
MédicinalG02;205998;Tagetes erecta;Tagetes erecta L.
MédicinalG02;70026;Anacyclus officinarum;Anacyclus officinarum Hayne
MédicinalG02;70067;Calendula arvensis;Calendula arvensis L.
MédicinalG02;70325;Tanacetum vulgare;Tanacetum vulgare L.
MédicinalG02;70315;Solidago canadensis;Solidago canadensis L.
MédicinalG02;70304;Senecio vulgaris;Seneçio vulgaris L.
MédicinalG03;70308;Silybum marianum;Silybum marianum (L.) Gaertner
MédicinalG03;70073;Carthamus tinctorius;Carthamus tinctorius L.
MédicinalG03;90404;Liatris spicata;Liatris spicata (L.) Wild
MédicinalG03;70176;Lactuca virosa;Lactuca virosa L.
MédicinalG03;70076;Centaurea jacea;Centaurea jacea (Delarbre)
MédicinalG03;70224;Onopordum acanthium;Onopordum acanthium L.
MédicinalG03;70326;Taraxacum officinale;Taraxacum officinale Web.
MédicinalG03;70089;Cnicus benedictus;Cnicus benedictus L.
MédicinalG03;70098;Cynara cardunculus;Cynara cardunculus L.
MédicinalG03;70099;Cynara cardunculus subsp. scolymus;Cynara cardunculus L.
MédicinalQ06;70187;Lonicera japonica;Lonicera japonica Thunb.
MédicinalQ06;70287;Sambucus ebulus;Sambucus ebulus L.
MédicinalQ06;70354;Vitex agnus-castus;Vitex Agnus-castus L.
Mid.CR8.010;90549;Stauntonia hexaphylla;Stauntonia hexaphylla (Thunb.) Decne.
MontriondA1;213001;Tilia platyphyllos;Tilia platyphyllos
MontriondA1;213002;Tilia cordata;Tilia cordata
MontriondA1;213003;Tilia cordata;Tilia cordata
MontriondA1;213004;Tilia cordata;Tilia  cordata
MontriondA1;213005;Tilia platyphyllos;Tilia platyphyllos
MontriondB1;213007;Tilia platyphyllos;Tilia platyphyllos
MontriondB1;213008;Fraxinus ornus;Fraxinus  ornus
MontriondB1;213009;Buxus sempervirens;Buxus  sempervirens
MontriondB1;213010;Buxus sempervirens ‘Rotundifolia’;Buxus  rotundifolia
MontriondB1;213011;Tilia platyphyllos;Tilia platyphyllos
MontriondB1;213012;Viscum album;Viscum album
MontriondB1;213013;Acer platanoides;Acer platanoïdes
MontriondB1;213014;Acer platanoides;Acer platanoïdes
MontriondB1;213015;Fraxinus ornus;Fraxinus  ornus
MontriondB1;213016;Fraxinus ornus;Fraxinus  ornus
MontriondB1;213017;Sorbus aria;Sorbus aria
MontriondB2;213018;Quercus robur;Quercus robur
MontriondB2;213019;Sambucus nigra;Sambucus nigra
MontriondB2;213020;Tsuga canadensis ‘Pendula’;Tsuga canadensiscv. 'Pendula'
MontriondB2;213021;Broussonetia papyrifera;Broussonetia papyrifera
MontriondB2;213022;Fagus sylvatica ‘Asplenifolia’;Fagus sylvatica 'Asplenifolia'
MontriondB2;213023;Corylus colurna;Corylus colurna
MontriondB2;213024;Quercus robur;Quercus robur
MontriondB2;213025;Fraxinus ornus;Fraxinus ornus
MontriondB2;213026;Acer platanoides;Acer platanoïdes
MontriondB2;213027;Cornus mas;Cornus mas
MontriondB3;213028;Tilia platyphyllos;Tilia platyphyllos
MontriondB3;213029;Buxus sempervirens;Buxus sempervirens
MontriondB3;213030;Quercus robur;Quercus Robur
MontriondB3;213031;Corylus avellana;Corylus avellana
MontriondB3;213032;Acer pseudoplatanus;Acer pseudoplatanus
MontriondB3;213033;Fagus sylvatica;Fagus sylvatica
MontriondB3;213034;Quercus ilex;Quercus ilex
MontriondB3;213035;Carpinus betulus;Carpinus betulus
MontriondB3;213036;Pinus nigra;Pinus nigrassp. Austriaca
MontriondB3;213037;Cotinus coggygria;Cotinus coggygria
MontriondB3;213038;Phlomis fruticosa;Phlomis  fruticosa
MontriondB3;213039;Cupressus sempervirens;Cuperssus sempervirens
MontriondB3;213040;;Philladelphus ?
MontriondB3;213041;;Philladelphus ?
MontriondB3;213042;Rosa spinosissima;Rosa spinosissima ?
MontriondB3;213043;Corylus avellana;Corylus avellana
MontriondB3;213044;Buxus sempervirens ‘Rotundifolia’;Buxus rotundifolia
MontriondB4;213045;Sequoiadendron giganteum;Sequoia giganteum
MontriondB4;213046;Taxus baccata;Taxus bacatta
MontriondB4;213047;Pinus sylvestris;Pinus sylvestris
MontriondB5;213048;Taxus baccata;Taxus baccata
MontriondB5;213049;Cedrus deodara ‘Pendula’;Cedrus deodaracv. 'Pendula'
MontriondB5;213050;Fagus sylvatica var. atropurpurea;Fagus sylvatica 'Purpurea'
MontriondB5;213051;Taxus baccata;Taxus baccata
MontriondB5;213052;Osmanthus heterophyllus;Osmanthus heterophyllus
MontriondB5;213053;Corylus avellana ‘contorta’;Corylus avellanacv. 'Contorta'
MontriondB6;213055;Taxus baccata;Taxus baccata
MontriondB6;213056;Acer platanoides;Acer  platanoïdes
MontriondB6;213057;Fraxinus ornus;Fraxinus  ornus
MontriondB6;213058;Acer campestre;Acer  campestre
MontriondB6;213059;Crataegus monogyna;Crataegus monogyna
MontriondB6;213060;Fagus sylvatica;Fagus sylvatica
MontriondB6;213061;Fagus sylvatica;Fagus sylvatica
MontriondB6;213062;Buxus sempervirens;Buxus sempervirens
MontriondB6;213063;Buxus sempervirens ‘Rotundifolia’;Buxus  rotundifolia
MontriondB6;213064;Taxus baccata;Taxus baccata
MontriondB6;213065;Davidia involucrata;Davidia involucrata
MontriondB6;213066;Taxus baccata;Taxus baccata
MontriondC2;213068;Quercus robur;Quercus robur
MontriondC2;213070;Quercus robur;Quercus robur
MontriondC2;213071;Robinia pseudoacacia;Robinia pseudoacacia
MontriondC2;213072;Cotoneaster integerrimus;Cotoneaster integerrimus ???
MontriondC2;213073;Fraxinus ornus;Fraxinus ornus
MontriondC3;213074;Taxus baccata;Taxus baccata
MontriondC3;213075;Carpinus betulus;Carpinus betulus
MontriondC3;213076;Buxus sempervirens ‘Rotundifolia’;Buxus  rotundifolia
MontriondC3;213077;Cornus mas;Cornus mas
MontriondC3;213078;Taxus baccata;Taxus baccata
MontriondC3;213079;Ulmus glabra;Ulmus glabra
MontriondC3;213080;Tsuga canadensis;Tsuga canadensis
MontriondC3;213081;Lonicera pileata;Lonicera pileata
MontriondC3;213082;Pyracantha coccinea;Pyracantha coccinea
MontriondC3;213083;Cupressus sempervirens ‘Glauca’;Cupressus sempervirensGlauca'
MontriondC3;213084;Cupressus sempervirens;Cupressus sempervirens
MontriondC3;213085;Cornus mas;Cornus mas
MontriondC3;213086;Berberis thunbergii;Berberis thunbergii
MontriondC3;213087;Cupressus sempervirens;Cupressus sempervirens
MontriondC3;213088;Indigofera heterantha;Indigofera heterantha
MontriondC3;213089;Pyracantha coccinea;Pyracantha coccinea
MontriondC3;213090;Pyracantha coccinea;Pyracantha coccinea
MontriondC3;213091;Taxus baccata;Taxus baccata
MontriondC3;213092;Pyracantha coccinea;Pyracantha coccinea
MontriondC3;213093;Ilex aquifolium;Ilex aquifolium
MontriondC3;213094;Osmanthus heterophyllus;Osmanthus heterophyllus
MontriondC3;213095;Quercus petraea;Quercus patraea ???
MontriondC3;213096;Taxus baccata;Taxus baccata
MontriondC3;213097;Diospyros lotus;Dyospyros lotus
MontriondC3;213098;Fagus sylvatica;Fagus sylvatica
MontriondC3;213099;Carpinus betulus;Carpinus betulus
MontriondC3;213100;Acer platanoides;Acer platanoides
MontriondC3;213101;Fraxinus ornus;Fraxinus ornus
MontriondC3;213102;Aesculus hippocastanum;Aesculus hippocastanum
MontriondC3;213103;Fagus sylvatica;Fagus sylvatica
MontriondC3;213104;Prunus laurocerasus;Prunus laurocerasus
MontriondC3;213105;Castanea sativa;Castanea  sativa
MontriondC4;213106;Thuja orientalis ‘Elegantissima’;Thuja  orientalis 'Elegantissima'
MontriondC4;213107;Albizia julibrissin;Albizia julibrissin
MontriondC4;213108;Magnolia sieboldii subsp. sinensis;Magnolia sieboldiissp. sinensis
MontriondC4;213109;Tilia cordata;Tilia cordata
MontriondC4;213110;Cedrus atlantica;Cedrus atlantica
MontriondC4;213111;Cercidiphyllum japonicum;Cercidiphyllum japonicum
MontriondC4;213112;Wisteria sinensis;Wisteria sinensis
MontriondC4;213113;Cotoneaster dammeri ‘Skogholm’;Cotoneaster dammeri ' skogholm '
MontriondC4;213114;Erica terminalis;Erica terminalis
MontriondC4;213115;Colutea arborescens;Colutea arborescens
MontriondC4;213116;Betula pendula;Betula pendula
MontriondC4;213117;Pinus sylvestris;Pinus sylvestris
MontriondC4;213118;Laburnum anagyroides;Laburnum anagyroides
MontriondC4;213119;Ilex aquifolium;Ilex aquifolium
MontriondC4;213120;Quercus robur;Quercus robur
MontriondC4;213121;Lonicera pileata;Lonicera pileata
MontriondC4;213122;Fagus sylvatica var. atropurpurea;Fagus sylvatica ' Purpurea '
MontriondC4;213123;Cupressus sempervirens;Cupressus  sempervirens
MontriondC4;213124;Erica terminalis;Erica terminalis
MontriondC4;213125;Taxus baccata ‘Fastigiata aurea’;Taxus baccata ' Fastigiata aurea '
MontriondC4;213126;Kolkwitzia amabilis;kolkwitzia  amabilis
MontriondC4;213127;Corylus avellana;Corylus avellana
MontriondC4;213128;Cupressus sempervirens f. stricta;Cuperssus sempervirens 'Stricta'
MontriondC4;213129;Osmanthus heterophyllus;Osmanthus heterophyllus
MontriondC4;213130;Laburnum anagyroides;Laburnum anagyroides
MontriondC4;213131;Taxus baccata ‘Dovastonii Aurea’;Taxus baccataDovastonii aurea'
MontriondC4;213132;Aesculus x neglecta;Aesculus  x neglecta
MontriondC4;213133;Viburnum tinus;Viburnum tinus
MontriondC4;213134;Abelia x grandiflora;Abelia grandiflora
MontriondC4;213135;Cupressus sempervirens f. stricta;Cupressus  sempervirens 'Stricta'
MontriondC5;213136;Sequoiadendron giganteum ‘Pendulum’;Sequoiadendron giganteum 'Pendulum'
MontriondC5;213137;Albizia julibrissin;Albizia julibrissin
MontriondC5;213138;Pinus mugo subsp. uncinata;Pinus uciniata ???-
MontriondC5;213139;Corylus avellana;Coryllus avellana
MontriondC5;213140;Corylus avellana ‘contorta’;Coryllus avellanacontorta
MontriondC5;213141;Viburnum opulus;Viburnum opulus
MontriondC5;213142;Viburnum x pragense;Viburnum Pragense'
MontriondC5;213143;Cotinus coggygria;Cotinus coggygria
MontriondC5;213144;Viburnum utile;Viburnum utile
MontriondC5;213145;Viburnum nudum;Viburnum nudum
MontriondC5;213146;Magnolia grandiflora;Magnolia  grandiflora
MontriondC5;213147;Magnolia grandiflora;Magnolia  grandiflora
MontriondC5;213148;Magnolia grandiflora;Magnolia  grandiflora
MontriondC5;213149;Thuja orientalis ‘Elegantissima’;Thuya orientalisElegantissima'
MontriondC5;213150;Cupressus sempervirens f. stricta;Cupressus sempervirens 'Stricta'
MontriondC5;213151;Abelia x grandiflora;Abelia grandiflora
MontriondC5;213152;Viburnum tinus;Viburnum tinus
MontriondC5;213153;Quercus ilex;Quercus  ilex
MontriondC5;213154;Quercus ilex;Quercus  ilex
MontriondC5;213155;Diospyros lotus;Diospyros lotus
MontriondC5;213156;Ilex aquifolium;Ilex aquifolium
MontriondC5;213157;Lagerstroemia indica;Lagerstromia indica
MontriondC5;213158;Erica terminalis;Erica terminalis
MontriondC5;213159;Pinus cembra;Pinus cembra
MontriondC5;213160;Cupressus sempervirens;Cupressus sempervirens
MontriondC6;213161;Fagus sylvatica var. atropurpurea;Fagus sylvatica 'Purpurea'
MontriondC6;213162;Cercidiphyllum japonicum;Cercidiphyllum japonicum
MontriondC6;213163;Magnolia salicifolia;Magnolia salicifolia
MontriondC6;213164;Prunus serrulata ‘Kanzan’;Prunus serrulata 'Kanzan'
MontriondC6;213165;Cercis siliquastrum;Cercis  siliquastrum
MontriondC6;213166;Prunus serrulata ‘Kanzan’;Prunus serrulata 'Kanzan'
MontriondC6;213167;Cercis siliquastrum;Cercis  siliquastrum
MontriondC6;213168;Tsuga canadensis;Tsuga canadensis
MontriondC6;213169;Prunus serrulata ‘Kanzan’;Prunus serrulata 'Kanzan'
MontriondC6;213170;Cercis siliquastrum;Cercis  siliquastrum
MontriondC6;213171;Cedrus atlantica;Cedrus atlantica
MontriondC6;213172;Quercus ilex;Quercus  ilex
MontriondC6;213173;Hovenia dulcis;Hovenia dulcis
MontriondC6;213174;Cupressus sempervirens;Cupressus sempervirens
MontriondC6;213175;Indigofera heterantha;Indigofera heterantha
MontriondC6;213176;Cornus mas;Cornus mas
MontriondC6;213177;Liquidambar styraciflua;Liquidambar styraciflua
MontriondC6;213178;Parrotia persica;Parrotia persica
MontriondC6;213179;Pinus sylvestris;Pinus sylvestris
MontriondC6;213180;Quercus robur;Quercus robur
MontriondC6;213181;Cephalotaxus harringtonii;Cephalotaxus harringtonia
MontriondC6;213182;Liriodendron tulipifera;Liriodendron tulipifera
MontriondC6;213183;Cercis siliquastrum;Cercis  siliquastrum
MontriondC7;213184;Sequoiadendron giganteum;Sequoiadendron giganteum
MontriondC7;213185;Pterocarya fraxinifolia;Pterocarya fraxinifolia
MontriondC7;213186;Abies grandis;Abies grandis
MontriondC7;213187;Castanea sativa;Castanea sativa
MontriondC7;213188;Taxus baccata;Taxus baccata
MontriondC7;213189;Acer pseudoplatanus;Acer pseudoplatanus
MontriondC7;213190;Acer platanoides;Acer platanoides
MontriondC7;213191;Acer platanoides;Acer platanoides
MontriondC7;213192;Fraxinus excelsior;Fraxinus excelsior
MontriondC7;213193;Acer pseudoplatanus;Acer pseudoplatanus
MontriondC7;213194;Fraxinus excelsior;Fraxinus excelsior
MontriondC7;213195;Chamaecyparis lawsoniana ‘Alumii’;Chamaecyparis lawsoniana 'Alumii'
MontriondC7;213196;Gymnocladus dioicus;Gymnocladus dioicus
MontriondC7;213197;Fagus sylvatica var. atropurpurea ‘columnaris’;Fagus sylvaticapupurea 'columnaris'
MontriondC7;213198;Ginkgo biloba;Ginko biloba
MontriondC7;213199;Carpinus betulus ‘Quercifolia’;Carpinus betulus 'Quercifolia'
MontriondC7;213200;Tonna sinensis;Cedrela sinensis
MontriondC8;213201;Picea smithiana;Picea smithiana
MontriondC8;213202;Davidia involucrata var. vilmoriniana;Davidia involucratassp. Vilmoriana
MontriondC8;213203;Taxus baccata;Taxus baccata
MontriondC8;213204;Tilia platyphyllos;Tilia platyphyllos
MontriondC8;213205;Taxus baccata;Taxus baccata
MontriondC8;213206;Acer platanoides;Acer platanoides
MontriondC8;213207;Tilia platyphyllos;Tilia platyphyllos
MontriondC8;213208;Taxus baccata;Taxus baccata
MontriondC8;213209;Acer platanoides;Acer platanoides
MontriondC8;213210;Ilex aquifolium;Ilex aquifolium
MontriondC8;213211;Taxus baccata;Taxus baccata
MontriondC8;213212;Buxus sempervirens;Buxus sempervirens
MontriondC8;213213;Fraxinus ornus;Fraxinus ornus
MontriondC8;213214;Acer platanoides;Acer platanoides
MontriondC8;213215;Acer platanoides;Acer platanoides
MontriondC8;213216;Acer campestre;Acer campestre
MontriondC8;213217;Ligustrum vulgare;Ligustrum vulgare
MontriondC8;213218;Fagus sylvatica var. atropurpurea;Fagus syvatica 'Purpurea'
MontriondC8;213219;Juglans regia;Juglans regia
MontriondD2;213220;Tilia cordata;Tilia cordata
MontriondD2;213221;Buxus sempervirens;Buxus sempervirens
MontriondD2;213222;Taxus baccata;Taxus baccata
MontriondD2;213223;Tilia cordata;Tilia cordata
MontriondD2;213224;Carpinus betulus;Carpinus betulus
MontriondD2;213225;Euonymus alatus;Euonymus alatus
MontriondD2;213226;Tsuga canadensis;Tsuga canadensis
MontriondD2;213227;Carpinus betulus;Carpinus betulus
MontriondD2;213228;Thuja plicata;Thuja plicata
MontriondD2;213229;Fagus sylvatica;Fagus sylvatica
MontriondD2;213230;Fagus sylvatica;Fagus sylvatica
MontriondD2;213231;Fagus sylvatica;Fagus sylvatica
MontriondD3;213232;;Hibiscus syriacus
MontriondD3;213233;Carpinus betulus;Carpinus betulus
MontriondD3;213234;Pinus wallichiana;Pinus wallichiana
MontriondD3;213235;Acer platanoides;Acer platanoides
MontriondD3;213236;Tilia platyphyllos;Tilia platyphyllos
MontriondD3;213237;Taxus baccata;Taxus baccata
MontriondD3;213238;Acer platanoides;Acer platanoides
MontriondD3;213239;Aesculus hippocastanum;Aesculus hippocastanum
MontriondD4;213240;Acer campestre;Acer  campestre
MontriondD4;213241;Viburnum opulus;Viburnum opulus
MontriondD4;213242;Sambucus nigra;Sambucus nigra
MontriondD5;213243;Carpinus betulus;Carpinus betulus
MontriondD5;213244;Lonicera pileata;Lonicera pileata
MontriondD5;213245;Laburnum anagyroides;Laburnum anagyroides
MontriondD5;213246;Acer campestre;Acer camprestre
MontriondD6;213247;Taxus baccata;Taxus baccata
MontriondD6;213248;Buxus sempervirens ‘Rotundifolia’;Buxus rotundifolia
MontriondD6;213249;Fagus sylvatica;Fagus sylvatica
MontriondD6;213250;Cornus mas;Cornus mas
MontriondD6;213251;Euonymus europaeus;Euonymus europaeus
MontriondD6;213252;Acer campestre;Acer  campestre
MontriondD6;213253;Aesculus hippocastanum;Aesculus hippocastanum
MontriondD6;213254;Taxus baccata;Taxus baccata
MontriondD6;213255;Acer platanoides;Acer  platanoides
MontriondD6;213256;Aesculus hippocastanum;Aesculus hippocastanum
MontriondD7;213257;Ligustrum vulgare;Ligustrum vulgare
MontriondD7;213258;Acer platanoides;Acer platanoides
MontriondD7;213259;Ilex aquifolium;Ilex aquifolium
MontriondD7;213260;Taxus baccata;Taxus baccata
MontriondD7;213261;Ligustrum vulgare;Ligustrum vulgare
MontriondD7;213262;Ulmus minor;Iulmus minor
MontriondD7;213263;Cedrus atlantica;Cedrus atlantica
MontriondD7;213264;Taxus baccata;Taxus baccata
MontriondD7;213265;Ulmus minor;Ulmus minor
MontriondD7;213266;Ulmus minor;Ulmus minor
MontriondD7;213267;Ulmus minor;Ulmus minor
MontriondD8;213268;Aesculus x neglecta;Aesculus x neglecta
MontriondD8;213269;Picea orientalis;Picea orientalis
MontriondD8;213270;Picea orientalis;Picea orientalis
MontriondD8;213271;;Hibiscus syriacus
MontriondD8;213272;Diospyros lotus;Dyospyros lotus
MontriondD8;213273;Viburnum nudum;Viburnum nudum
MontriondD8;213274;Hedera helix;Hedera helix
MontriondD9;213275;Taxus baccata ‘Dovastonii Aurea’;Taxus baccata 'Dovastonii aurea'
MontriondD9;213276;Parrotia persica;Parrotia persica
MontriondD9;213277;Abies concolor;Abies concolor
MontriondE1;213278;Carpinus betulus ‘Fastigiata’;Carpinus betulus 'Fatigiata'
MontriondE1;213279;Quercus frainetto;Quercus frainetto
MontriondE1;213280;Tilia cordata;Tilia  cordata
MontriondE1;213281;Tilia cordata;Tilia  cordata
MontriondE1;213282;Tilia cordata;Tilia  cordata
MontriondE1;213283;Tilia cordata;Tilia  cordata
MontriondE1;213284;Tilia cordata;Tilia  cordata
MontriondE1;213285;Tilia cordata;Tilia  cordata
MontriondE1;213286;Tilia cordata;Tilia  cordata
MontriondE2;213287;Tilia cordata;Tilia  cordata
MontriondE2;213288;Carpinus betulus ‘Fastigiata’;Carpinus betulus 'Fastigiata'
MontriondE2;213289;Tilia cordata;Tilia  cordata
MontriondE2;213290;Tilia cordata;Tilia  cordata
MontriondE2;213291;Tilia cordata;Tilia  cordata
MontriondE2;213292;Tilia platyphyllos;Tilia  Platyphyllos
MontriondE2;213293;Tilia platyphyllos;Tilia  Platyphyllos
MontriondE2;213294;Tilia cordata;Tilia  cordata
MontriondE2;213295;Tilia cordata;Tilia  cordata
MontriondE2;213296;Tilia platyphyllos;Tilia  Platyphyllos
MontriondE2;213297;Tilia cordata;Tilia  cordata
MontriondE2;213298;Tilia cordata;Tilia  cordata
MontriondE2;213299;Tilia cordata;Tilia  cordata
MontriondE2;213300;Tilia cordata;Tilia  cordata
MontriondE2;213301;Tilia cordata;Tilia  cordata
MontriondE2;213302;Tilia cordata;Tilia  cordata
MontriondE2;213303;Ginkgo biloba;Ginfo biloba
MontriondE3;213304;Prunus serrulata ‘Kanzan’;Prunus serrulata 'Kanzan'
MontriondE3;213305;Prunus serrulata ‘Kanzan’;Prunus serrulata 'Kanzan'
MontriondE3;213306;Prunus serrulata ‘Kanzan’;Prunus serrulata 'Kanzan'
MontriondE3;213307;Prunus serrulata ‘Kanzan’;Prunus serrulata 'Kanzan'
MontriondE3;213308;Prunus serrulata ‘Kanzan’;Prunus serrulata 'Kanzan'
MontriondE3;213309;Prunus serrulata ‘Kanzan’;Prunus serrulata 'Kanzan'
MontriondE3;213310;Prunus serrulata ‘Kanzan’;Prunus serrulata 'Kanzan'
MontriondE3;213311;Prunus serrulata ‘Kanzan’;Prunus serrulata 'Kanzan'
MontriondE3;213312;Tilia cordata;Tilia cordata
MontriondE3;213313;Tilia cordata;Tilia cordata
MontriondE3;213314;Tilia cordata;Tilia cordata
MontriondE3;213315;Tilia cordata;Tilia cordata
MontriondE3;213316;Tilia cordata;Tilia cordata
MontriondE3;213317;Tilia cordata;Tilia cordata
MontriondE3;213318;Tilia cordata;Tilia cordata
MontriondE3;213319;Pinus mugo;Pinus mugo
MontriondE3;213320;Laburnum anagyroides;Laburnum anagyroides
MontriondE3;213321;Ilex aquifolium;Ilex aquifolium
MontriondE3;213322;Cercidiphyllum japonicum;Cercidiphyllum  japonicum
MontriondE4;213323;Thuja plicata;Thuja plicata
MontriondE4;213324;Taxus baccata;Taxus baccata
MontriondE4;213325;Acer platanoides;Acer  platanoides
MontriondE4;213326;Sciadopitys verticillata;Sciadopitys verticillata
MontriondE4;213327;Liquidambar styraciflua;Liquidembar styraciflua
MontriondE4;213328;Prunus serrulata ‘Kanzan’;Prunus serrulataKanzan'
MontriondE4;213329;Cercidiphyllum japonicum;Cercydiphyllum japonicum
MontriondE4;213330;Parrotia persica;Parrotia persica
MontriondE4;213331;Chamaecyparis lawsoniana ‘Lombarstii’;Chamaecyparis lawsonianaLombartsii' ???
MontriondE4;213332;Euonymus alatus;Euonymus alatus
MontriondE4;213333;Viburnum opulus;Viburnum opulus
MontriondE4;213334;Viburnum tinus;Viburnum tinus
MontriondE4;213335;Prunus lusitanica;Prunus lusitanica
MontriondE5;213336;Pinus mugo subsp. uncinata;Pinus uncinata
MontriondE5;213337;Pinus sylvestris;Pinus sylvestris
MontriondE5;213338;Pinus sylvestris;Pinus sylvestris
MontriondE5;213339;Pinus sylvestris;Pinus sylvestris
MontriondE6;213340;Taxus baccata;Taxus baccata
MontriondE6;213341;Carpinus betulus;Carpinus betulus
MontriondE6;213342;Taxus baccata;Taxus baccata
MontriondE6;213343;Cercidiphyllum japonicum;Cercidiphyllum japonicum
MontriondE6;213344;Carpinus betulus;Carpinus betulus
MontriondE6;213345;;Corylus maximaPurpurea'
MontriondE6;213346;Acer campestre;Acer campestre
MontriondE6;213347;Symphoricarpos albus;Symphoricarpos albus
MontriondE6;213348;Crataegus monogyna;Crataegus monogyna
MontriondE6;213349;Corylus avellana;Corylus avellana
MontriondE6;213350;Ulmus glabra;Ulmus glabra
MontriondE6;213351;Fraxinus excelsior;Fraxinus excelsior
MontriondE6;213352;Ulmus glabra;Ulmus glabra
MontriondE6;213353;Acer platanoides;Acer platanoides
MontriondE6;213354;Fraxinus excelsior;Fraxinus excelsior
MontriondE6;213355;Hedera helix;Hedera helix
MontriondE6;213356;Sambucus nigra;Sambucus nigra
MontriondE6;213357;Fraxinus excelsior;Fraxinus excelsior
MontriondE6;213358;Prunus avium;Prunus  avium
MontriondE7;213359;Carpinus betulus;Carpinus betulus
MontriondE7;213360;Carpinus betulus;Carpinus betulus
MontriondE7;213361;Cedrus atlantica;Cedrus atlantica
MontriondE7;213362;Quercus dentata;Quercus  dentata
MontriondE8;213363;Morus alba;Morus alba
MontriondE8;213364;Acer platanoides;Acer platanoides
MontriondE8;213365;Acer campestre;Acer campestre
MontriondE8;213366;Taxus baccata;Taxus baccata
MontriondE8;213367;Carpinus betulus;Carpinus betulus
MontriondE8;213368;Platanus hispanica;Platanus occidentalis
MontriondE8;213369;Ribes sanguineum;Ribes sanguineum
MontriondE8;213370;Viburnum lantana;Viburnum lantana
MontriondE8;213371;Aesculus hippocastanum;Aesculus hippocastanum
MontriondE8;213372;Buxus sempervirens;Buxus sempervirens
MontriondE8;213373;Corylus avellana;Corylus avellana
MontriondE8;213374;Acer saccharinum;Acer sacharinum
MontriondE8;213375;Pinus sylvestris;Pinus sylvestris
MontriondF1;213376;Pinus sylvestris;Pinus sylvestris
MontriondF1;213377;Pinus mugo;Pinus mugo
MontriondF1;213378;Ilex aquifolium;Ilex aquifolium
MontriondF1;213379;Pinus mugo subsp. uncinata;Pinus uncinata
MontriondF1;213380;Fagus sylvatica var. atropurpurea;Fagus sylvaicaPurpurea'
MontriondF1;213381;Eriobotrya japonica;Eriobotrya japonica
MontriondF1;213382;Pinus mugo;Pinus ???Mugo???
MontriondF1;213383;Acer saccharinum;Acer sacharinum
MontriondF1;213384;Carpinus betulus;Carpinus betulus
MontriondF2;213385;Taxus baccata;Taxus baccata
MontriondF2;213386;Acer saccharinum;Acer sacharinum
MontriondF2;213387;Cedrus atlantica;Cedrus atlantica
MontriondF2;213388;Quercus robur;Quercus robur
MontriondF2;213389;Thuja occidentalis;Thuja occidentalis
MontriondF2;213390;Ilex aquifolium;Ilex aquifolium
MontriondF3;213391;Ginkgo biloba;Ginko biloba
MontriondF3;213392;Chamaecyparis lawsoniana;Chamaecyparis lawsoniana
MontriondF3;213393;Picea pungens;Picea pungens
MontriondF3;213394;Acer platanoides;Acer platanoides
MontriondF3;213395;Tilia cordata;Tilia cordata
MontriondF4;213396;Sequoia sempervirens;Sequoia sempervirens
MontriondF4;213397;Aesculus hippocastanum;Aesculus hippocastanum
MontriondF4;213398;Osmanthus heterophyllus;Osmanthus heterophyllus
MontriondF4;213399;Laburnum alpinum;Laburnum alpinum
MontriondF4;213400;Carpinus betulus ‘Fastigiata’;Carpinus betulusFastigiata'
MontriondF4;213401;Populus nigra;Populus nigra
Orangerie;201869;Abutilon anglosomaliae;Abutilon molle Sweet
Orangerie;206859;Withania somnifera;Withania somnifera
Orangerie;206666;;Camptotheca acuminata
Orangerie;205251;;Reevesia formosana Sprague
Orangerie;205320;;Castanospermum australe A.Cunn. ex R.Mudie
Orangerie;207049;;Sapindus mukorossii Gaertn.
Orangerie;201975;;Pittosporum bicolor Hook.
Orangerie;205284;;Harpephyllum caffrum Bernh. ex Krauss
Orangerie;202617;;Pittosporum eugenioides A.Cunningham
Orangerie;202615;;Pittosporum ralphii Kirk.
Orangerie;202612;;Corokia buddleioides A.Cunn.
Orangerie;205100;;Daphne longilobata (Lecomte) Turrill.
Orangerie;205218;;Nageia nagi (Thumb.) O. Ktze.
Orangerie;205121;;Homalocladium platycladum (f.J. Muell.)L.H.Bailey
Orangerie;207013;;Bauhinia forficata Link.
Orangerie;206085;;Lindera benzoin (L.)Blume
Orangerie;206626;;Aristolochia sempervirens L.
Orangerie;205139;;x Sycoparrotia semidecidua Endress et Anlinker
Orangerie;205250;;Radermachia sinica (Hance)Hemsl.
Orangerie;202901;;Sabal minor (Jacq.)Pers.
Orangerie;202730;;Illicium religiosum Sieb. et Zucc.
Orangerie;206637;;Melaleuca hypericifolia (Salib.)Sm.
Orangerie;207066;;Melaleuca nesophila F.Muell.
Orangerie;205246;;Abies kawakamii (Hay) Ito
Orangerie;207090;;Dracaena draco L.
Orangerie;207154;;Meratia yunnanensis Hu
Orangerie;205068;;Meratia yunnanensis Hu
Orangerie;207016;;Afrocarpus mannii (Hook.f.)Gaussen
Orangerie;205077;;Erythrina crista-galli L.
Orangerie;206665;;Camellia  oleifera C.Abel
Orangerie;206345;;Fuchsia boliviana Carrière
Orangerie;202596;;Neolistea sericea (Blume) Koidz.
Orangerie;201982;;Sabal minor (Jacq.) Pers.
Orangerie;209008;;Dracaena draco (L.) L.
Orangerie;215189;;Sapindus mukorossii
Orangerie;215190;;Pittosporum bicolor
Orangerie;215191;;Cassia floribunda
Orangerie;215192;;Sabal minor
Orangerie;209172;;Harpephyllum caffrum
Orangerie;202659;;Feijoa sellowiana O.Berg.
Orangerie;215207;;Podocarpus macrophyllus
Orangerie;207093;;Juniperus cedrus Webb et Berthel. subsp. maderensis (Menezes)Rivas Mart. et al.
Orangerie;215193;Illicum anisatum;Illicium anisatum
Orangerie;215194;;Myrtus communis
Orangerie;215195;;Lestrum nocturnum
Orangerie;215196;;Aframomum melegueta
Orangerie;215197;;Brugmansia suaveolens
Orangerie;215198;;Citrus maxima
Orangerie;215199;;Leucocoryne alliacea
Orangerie;215200;;Rosmarinis officinalis
Orangerie;215201;;Clerodendron bungei
Orangerie;215202;;Solandra grandiflora
Orangerie;215203;Heimia salicifolia;Heimia salicifolia
Orangerie;215204;;Boehmeria nivea
Orangerie;215205;;Jasminum bignoniaceum
Orangerie;206345;;Fuchsia boliviana Carrière
Orangerie;202698;;Pistacia terebinthus L.
Orangerie;205247;;Calocedrus macrolepis Kurz. var. formosana (Florin) Cheng et L.K.Fu
Orangerie;215208;;Clerodendron bungei
Orangerie;215209;;Bohemeria cylindrica
Orangerie;215210;;Pistacia vera
Orangerie;215211;;Olea sp. 
Orangerie;215212;;Erythrina crista-galli
Orangerie;215213;;Dianella tasmanica
Orangerie;215214;;Dianella caerulea
Orangerie;215215;;Ornithogalum saudersii
Orangerie;215216;;Haemanthus albiflos
Orangerie;215217;;Veltheimia bracteata
Orangerie;215218;;Crinum bulbispermum
Orangerie;215219;;Datura sanguinea
Orangerie;215220;;Yucca aloifolia
Orangerie;215221;;Aloe mitriformis
Orangerie;215222;;Withania somnifera
Orangerie;215223;;Nerium oleander
Orangerie;215224;;Wollemia nobilis
Orangerie;215225;;Brachychiton populneus
Orangerie;215226;;Jubaea chilensis
Orangerie;215227;;Lantana montevidensis
Orangerie;215228;;Phormium tenax
Orangerie;215229;;Fuchsia splendens
Orangerie;215230;;Jasminum odoratissimum
Orangerie;215231;;Cneorum tricoccon
Orangerie;215232;;Fuchsia magellanica var. gracilis 
Orangerie;215233;;Colletia paradoxa
Orangerie;215234;;Podocarpus neriifolius
Orangerie;215235;;Akebia quinata
Orangerie;215236;;Hibbertia scandens
Orangerie;215237;;Jasminum officinale
Orangerie;215238;;Polymnia uvedalia
Orangerie;215239;;Punica granatum
Orangerie;215240;;
Orangerie;215241;;Jasminum mesnyi
Orangerie;215242;;Catha edulis
Orangerie;215243;;Cestrum elegans
Orangerie;215244;;Myrtus communis
Orangerie;215245;;Pistacia terebinthus
Orangerie;215246;;Pittosporum tobira
Orangerie;215247;;Jubaea chilensis
Orangerie;215248;;Miscanthus sacchariflorus
Orangerie;215249;;Plumbago auriculata
Orangerie;215250;;Cyathea australis
Orangerie;215251;;Ceratonia siliqua
Orangerie;215252;;Malvaviscus mollis
Orangerie;215253;;Heimia salicifolia
Orangerie;215254;;Dombeya pulchra
Orangerie;215255;;Cestrum aurantiacum
Orangerie;215256;;Bougainvillea glabra Choisy var. sanderiana 
Orangerie;215257;;Punica granatum var. nana 
Orangerie;215258;;Cestrum parqui
Orangerie;215259;;Myrtus communis
Orangerie;215260;;Duranta erecta
Orangerie;215261;;Sophora tetraptera
Orangerie;215262;;Lycianthes rantonnetii
Orangerie;215263;;Fuchsia paniculata
Orangerie;215264;;Acca sellowiana
Orangerie;215265;;Callistemon laevis
Orangerie;215266;;Psidium cattleianum
Orangerie;215267;;Sophora prostrata
Orangerie;215268;;Psidium littorale var. longipes 
Orangerie;215269;;Delosperma cooperi
Orangerie;215270;;Citrus meyeri
Orangerie;215271;;Citrus kucle
Orangerie;215272;;Clivia miniata
Orangerie;215273;;Citrus limon
Orangerie;215274;;Citrus begamia var. calabria 
Orangerie;215275;;Scilla siberica
Orangerie;215276;;Agapanthus africanus
Orangerie;215277;;Lagunaria patersonii
Orangerie;215278;;Hedychium coccineum
Orangerie;215279;;Hedychium coronarium
Orangerie;215280;;Fuchsia thymifolia
Orangerie;215281;;Pistacia vera
Orangerie;215282;;Canna edulis
Orangerie;215283;;Fuchsia regia
Orangerie;214022;Gossypium arboreum;Gossypium arboreum L.
Orangerie;215284;;Scutellaria baikalensis
Orangerie;215285;;Ribes nigrum
Orangerie;215286;;
Orangerie;215287;;Helichrysum italicum
Orangerie;215288;;Satureja montana
Orangerie;215289;Thymus vulgaris;Thymus vulgaris
Orangerie;215290;;Santolina chamaecyparissus
Orangerie;215291;;Salvia officinalis
Orangerie;206860;Phormium tenax;Phormium tenax
Orangerie;205636;;Citrus natsudaidai Hayata
Orangerie;205277;;Citrus  medica L.
Orangerie;215299;;Ilex perado
Orangerie;215300;;Phillyrea angustifolia
Orangerie;215199;;Leucocoryne alliacea
Orangerie;215304;;Cestrum faciculatum
Orangerie;215301;;Citrus maxima var. grapefruit rosso 
Orangerie;215302;;Lorus nobilis
Orangerie;215303;;Albivia lophantha
Orangerie;215248;;Miscanthus sacchariflorus
Orangerie;215305;;Taiwania cryptomerioides
Orangerie;206665;;Camellia  oleifera C.Abel
Orangerie;205247;;Calocedrus macrolepis Kurz. var. formosana (Florin) Cheng et L.K.Fu
Orangerie;215306;;Solanum melanoxylon
Orangerie;215307;;Sprekelia formosissima
Orangerie;215196;;Aframomum melegueta
Orangerie;215290;;Santolina chamaecyparissus
Orangerie;215308;Romneya coulteri;Romneya coulteri
Orangerie;215315;;Aloe ferox
Orangerie;215309;;Ephedra distachya subsp. helvetica 
Orangerie;215310;;Delphinium staphysagria
Orangerie;215311;;Cajanus cajan
Orangerie;215312;;Crocus sativus
Orangerie;215313;;Lilium candidum
Orangerie;215314;;Clematis recta
Orangerie;206841;;Rumex conglomeratus Murray
Orangerie;215316;;Passiflora incarnata
Orangerie;215317;;Citrus madurensis
Plates-bandesMurNord;90388;Paeonia veitchii X lutea;Paeonia veitchii X Lynchlutea
Plates-bandesMurNord0;773470;Berchemia racemosa;Berchemia racemosa Sieb. et Zucc.
Plates-bandesMurNord0;90442;Lonicera japonica;Lonicera japonica Thumb.
Plates-bandesMurNord0;90463;Ruta graveolens;Ruta graveolens L.
Plates-bandesMurNord0;90486;Astrantia major;Astrantia caucasica Willd. ex Spreng
Plates-bandesMurNord0;90391;Datura stramonium;Datura stramonium L. var. stramonium 
Plates-bandesMurNord0;90464;Prunus dulcis;Prunus dulcis (Mill.) D.A. Webb.
Plates-bandesMurNord0;90490;Brunnera macrophylla;Brunnera macrophylla (Adams) Johnst.
Plates-bandesMurNord0;90445;Lycopus virginicus;Lycopus virginicus L.
Plates-bandesMurNord0;90465;Aethusa cynapium;Aethusa cynapium L.
Plates-bandesMurNord0;90466;;Kiwi 
Plates-bandesMurNord0;90489;Arisaema triphyllum;Arisaema triphyllum (L.) Torr.
Plates-bandesMurNord0;90446;Eupatorium perfoliatum;Eupatorium perfoliatum L.
Plates-bandesMurNord0;90394;Ptelea trifoliata;Ptelea trifoliata L.
Plates-bandesMurNord0;90447;Bryonia dioica;Bryonia dioica Jacquin
Plates-bandesMurNord0;90483;Podophyllum peltatum;Podophyllum peltatum L.
Plates-bandesMurNord0;90395;Ceanothus americanus;Ceanothus americanus L.
Plates-bandesMurNord0;90415;Fagopyrum esculentum;Fagopyrum esculentum Moench
Plates-bandesMurNord0;90448;Collinsonia canadensis;Collinsonia canadensis L.
Plates-bandesMurNord0;90468;Calendula officinalis;Calendula officinalis L.
Plates-bandesMurNord0;90485;Sanguinaria canadensis;Sanguinaria canadensis L.
Plates-bandesMurNord0;90396;Echinacea angustifolia;Echinacea angustifolia DC.
Plates-bandesMurNord0;90449;Atropa bella-donna;Atropa belladonna L.
Plates-bandesMurNord0;90469;;Kiwi 
Plates-bandesMurNord0;90487;Actaea spicata;Actaea spicata L.
Plates-bandesMurNord0;90397;Parthenocissus henryana;Parthenocissus henryana (Hemsl.) Diels et Gilg
Plates-bandesMurNord0;90417;Lilium lancifolium;Lilium tigrinum
Plates-bandesMurNord0;90450;Campsis sp.;Campsis sp.
Plates-bandesMurNord0;90470;Achillea millefolium;Achillea millefolium L.
Plates-bandesMurNord0;90491;Kalmia latifolia;Kalmia latifolia L.
Plates-bandesMurNord0;90398;Grindelia robusta;Grindelia robusta Nutt.
Plates-bandesMurNord0;90418;Citrullus colocynthis;Citrullus colocynthis (L.) Schrad.
Plates-bandesMurNord0;90451;Cimicifuga racemosa;Cimicifuga racemosa (L.) Nutt.
Plates-bandesMurNord0;90471;Jasminum nudiflorum;Jasminum nudiflorum Lindl.
Plates-bandesMurNord0;90492;Ledum palustre;Ledum palustre L.
Plates-bandesMurNord0;90419;Cannabis sativa;Cannabis sativa
Plates-bandesMurNord0;90452;Lonicera henryi;Lonicera henryi Hemsl.
Plates-bandesMurNord0;90472;Hypericum perforatum;Hypericum perforatum L.
Plates-bandesMurNord0;90494;Hydrastis canadensis;Hydrastis canadensis L.
Plates-bandesMurNord0;90420;Ferula assa-foetida;Ferula assa-foetida
Plates-bandesMurNord0;583010;Salvia bulleyana;Salvia bulleyana Diels.
Plates-bandesMurNord0;90473;Rumex crispus;Rumex crispus L.
Plates-bandesMurNord0;90496;Conium maculatum;Conium maculatum L.
Plates-bandesMurNord0;90401;Periploca graeca;Periploca graeca L.
Plates-bandesMurNord0;90421;Papaver somniferum;Papaver somniferum
Plates-bandesMurNord0;90454;Aconitum napellus subsp. lusitanicum;Aconitum neomontanum Wulfen
Plates-bandesMurNord0;90474;Daphne mezereum;Daphne mezereum L.
Plates-bandesMurNord0;90498;Oenanthe crocata;Oenanthe crocata L.
Plates-bandesMurNord0;90402;Helianthemum canadense;Helianthemum canadense
Plates-bandesMurNord0;90422;Celastrus orbiculatus;Celastrus  orbiculatus Thunb.
Plates-bandesMurNord0;90495;Ornithogalum umbellatum;Ornithogalum umbellatum L.
Plates-bandesMurNord0;90403;Panax quinquefolius;Panax quinquefolius L.
Plates-bandesMurNord0;90476;Anagallis arvensis;Anagallis arvensis L.
Plates-bandesMurNord0;90404;Liatris spicata;Liatris spicata (L.) Wild
Plates-bandesMurNord0;90424;Allium sativum;Allium sativum
Plates-bandesMurNord0;90477;Solanum dulcamara;Solanum dulcamara L.
Plates-bandesMurNord0;2454;Vitis amurensis;Vitis amurensis Rupr.
Plates-bandesMurNord0;90406;Apocynum cannabinum;Apocynum cannabinum L. var. cannabinum 
Plates-bandesMurNord0;90426;Avena sativa;Avena sativa L.
Plates-bandesMurNord0;90407;Thuja plicata ‘Atrovirens’;Thuya plicata Donn ex D. Don cv. ‘'Atrovirens'‘
Plates-bandesMurNord0;90428;Chelidonium majus;Chelidonium majus L.
Plates-bandesMurNord0;90503;Dioscorea villosa;Dioscorea villosa L.
Plates-bandesMurNord0;90505;Sigesbeckia serrata;Siegesbeckia orientalis L.
Plates-bandesMurNord0;90508;Iberis amara;Iberis amara L.
Plates-bandesMurNord0;90511;Polygonatum multiflorum;Polygonum multiflorum Thunb.
Plates-bandesMurNord0;90513;Delphinium staphisagria;Delphinium staphisagria L.
Plates-bandesMurNord0;90514;Urginea maritima;Urginea maritima (L.) Bak.
Plates-bandesMurNord0;90521;Buphthalmum salicifolium;Buphtalmum salicifolium L.
Plates-bandesMurNord0;90524;Nepeta grandiflora;Nepeta grandiflora
Plates-bandesMurNord0;90526;Inula grandiflora;Inula grandiflora
Plates-bandesMurNord0;90527;Actinidia chinensis var. deliciosa;Actinidia chinensis Planch.
Plates-bandesMurNord0;90528;Asphodelus ramosus;Asphodelus cerasiferus A. Gay.
Plates-bandesMurNord0;772970;Delphinium caucasicum;Delphinium caucasicum
Plates-bandesMurNord0;90530;Achillea ligustica;Achillea ligustica
Plates-bandesMurNord0;6562;Iris imbricata;Iris sulphurea
Plates-bandesMurNord0;90532;Kniphofia pumila;Kniphofia pumila
Plates-bandesMurNord0;8696;Iris aphylla;Iris aphylla L.
Plates-bandesMurNord0;90541;Alstroemeria ligtu subsp. simsii;Alstroemeria haemantha Ruiz. et Pav.
Plates-bandesMurNord0;90542;Cistus populifolius;Cistus populifolius L.
Plates-bandesMurNord0;2693;Cistus albidus;Cistus albidus L.
Plates-bandesMurNord0;90544;Alstroemeria pelegrina;Alstroemeria pelegrina L.
Plates-bandesMurNord0;90545;Cistus sp.;Cistus sp.
Plates-bandesMurNord0;90546;Myrtus communis;Myrtus communis L. 
Plates-bandesMurNord0;729255;Alstroemeria aurea;Alstroemeria aurea Grah.
Plates-bandesMurNord0;90553;Iris sp.;Iris sp.
Plates-bandesMurNord0;90567;Daphne laureola subsp. philippi;Daphne laureola L. subsp. philippi 
Plates-bandesMurNord0;90568;Daphne tangutica;Daphne tangutica Maxim.
Plates-bandesMurNord0;92,38;Daphne pontica;Daphne pontica L.
Plates-bandesMurNord0;90570;Daphne bholua;Daphne bholua Buch.-Ham. ex D.Don
Plates-bandesMurNord0;968;Iris aphylla;Iris aphylla L. subsp. hungarica 
Plates-bandesMurNord0;761981;Iris caucasica;Iris caucasica Hoffm.
Plates-bandesMurNord0;90575;Iris sp.;Iris sp.
Plates-bandesMurNord00;208127;Agastache foeniculum;Agastache foeniculum
Plates-bandesMurNord00;90499;Baptisia australis;Baptisia australis (L.) R.Br.
Plates-bandesMurNord00;90506;Hedeoma pulegioides;Hedeoma pulegioides (L.) Pers.
Plates-bandesMurNord00;208126;Dianthus carthusianorum;Dianthus carthusianorum L.
Plates-bandesMurNord1;2658;Paeonia officinalis subsp. humilis;Paeonia officinalis L. subsp. humilis 
Plates-bandesMurNord1;0,1772;Toxicodendron sp.;Rhus radicans L.
Plates-bandesMurNord1;90392;Symphoricarpos albus;Symphoricarpos albus (L.) S.F. Blake var. albus 
Plates-bandesMurNord1;90393;Baptisia tinctoria;Baptisia tinctoria (L.) Vent.
Plates-bandesMurNord1;90400;Silphium laciniatum;Silphium laciniatum L.
Plates-bandesMurNord1;220125;Lonicera japonica;Lonicera japonica Thunb.
Plates-bandesMurNord1;221803;;Artemisia sp.
Plates-bandesMurNord2;90416;Clematis vitalba;Clematis vitalba L.
Plates-bandesMurNord2;90423;Allium cepa;Allium cepa
Plates-bandesMurNord2;90425;Lonicera caprifolium;Lonicera caprifolium L.
Plates-bandesMurNord2;90427;Sambucus nigra;Sambucus nigra L.
Plates-bandesMurNord2;220127;Ligustrum vulgare;Ligustrum vulgare L.
Plates-bandesMurNord2;221805;;Thymus sp.
Plates-bandesMurNord2;221806;Nigella sativa;Nigella sativa
Plates-bandesMurNord2;221807;Aconitum carmichaelii;Aconita camichaelli
Plates-bandesMurNord3;90441;Iris versicolor;Iris versicolor L.
Plates-bandesMurNord3;90443;Eryngium yuccifolium;Eryngium yuccifolium Michx.
Plates-bandesMurNord3;2001,44;Lonicera sempervirens;Lonicera sempervirens L. var. superba 
Plates-bandesMurNord3;220132;Rosmarinus officinalis;Rosmarinus officinalis L.
Plates-bandesMurNord3;207021;;Vitis davidii (Roman)Foëx.
Plates-bandesMurNord3;217075;Vitis silvestris;Vitis vinifera  L. subsp. sylvestris (C.Gmelin) Berger
Plates-bandesMurNord3;221804;Hedera helix;Hedera helix
Plates-bandesMurNord4;90462;Prunus dulcis;Amandier 
Plates-bandesMurNord4;90467;Artemisia abrotanum;Artemisia abrotanum L.
Plates-bandesMurNord4;90475;Jasminum humile;Jasminum humile L. var. glabrum 
Plates-bandesMurNord4;221800;Berberis vulgaris;Berberis vulgaris
Plates-bandesMurNord5;90461;Symphytum officinale;Symphytum officinale L.
Plates-bandesMurNord5;90488;Hydrangea anomala subsp. petiolaris;Hydrangea anomala D. Don subsp. petiolaris 
Plates-bandesMurNord5;73777;Rosa sempervirens;Rosa sempervirens L.
Plates-bandesMurNord5;90493;Lonicera periclymenum;Lonicera periclymenum L.
Plates-bandesMurNord5;90478;Lathyrus roseus;Lathyrus grandiflorus Sibth. et Sm.
Plates-bandesMurNord5;220134;;Ribes nigrum var. ometa Dr.Bauer's 
Plates-bandesMurNord6;90501;Aralia racemosa;Aralia racemosa L.
Plates-bandesMurNord6;90502;Vitex agnus-castus;Vitex agnus-castus L.
Plates-bandesMurNord6;90504;;Vitis Gros Framboise'Isabelle'
Plates-bandesMurNord6;90506;Hedeoma pulegioides;Hedeoma pulegioides (L.) Pers.
Plates-bandesMurNord6;90507;Ranunculus bulbosus;Ranunculus bulbosus L.
Plates-bandesMurNord6;90509;;Vitis  cv. ‘'NY - Muscat'‘
Plates-bandesMurNord6;90510;Asclepias tuberosa;Asclepias tuberosa L.
Plates-bandesMurNord6;90512;Clematis recta;Clematis recta L.
Plates-bandesMurNord6;90515;;Vitis Framboise Blanc
Plates-bandesMurNord6;221796;Silene uniflora;Silene maritima
Plates-bandesMurNord6;221797;Dictamnus albus;Dictamnus  albus
Plates-bandesMurNord6;220092;Genista tinctoria;Genista tinctoria L.
Plates-bandesMurNord6;221798;Silene vulgaris;Silene vulgaris
Plates-bandesMurNord6;221799;Anthemis tinctoria;Anthemis tinctoria
Plates-bandesMurNord7;90519;Artemisia alba;Artemisia alba Turra
Plates-bandesMurNord7;90520;Jasminum x stephanense;Jasminum x stephanense Lemoine
Plates-bandesMurNord7;804777;Leucanthemum maximum;Leucanthemum maximum (Rahm.) DC.
Plates-bandesMurNord7;90523;Actinidia chinensis var. deliciosa;Actinidia chinensis Planch.
Plates-bandesMurNord7;815378;Echinops ritro;Echinops ritro L. subsp. ritro 
Plates-bandesMurNord7;90534;Asclepias incarnata;Asclepias incarnata L.
Plates-bandesMurNord7;90535;Olea europaea;Olea europaea L. subsp. europaea 
Plates-bandesMurNord7;90536;Campsis x tagliabuana;Campsis x tagliabuana (Vis.) Rehd.
Plates-bandesMurNord7;90537;Amsonia tabernaemontana;Amsonia salicifolia Pursh.
Plates-bandesMurNord7;221802;Juniperus communis;Juniperus communis
Plates-bandesMurNord8;56749;Myrtus communis;Myrtus communis L.
Plates-bandesMurNord8;90547;Actinidia chinensis var. deliciosa;Actinidia deliciosa (A.Chev.) C.F. Liang et  A.R. Ferguson
Plates-bandesMurNord8;627392;Myrtus communis subsp. tarentina;Myrtus communis L. var. tarentina 
Plates-bandesMurNord8;90551;Aristolochia macrophylla;Aristolochia macrophylla Lam.
Plates-bandesMurNord8;9228;Daphne acutiloba;Daphne acutiloba Rehder
Plates-bandesMurNord8;90549;Stauntonia hexaphylla;Stauntonia hexaphylla (Thunb.) Decne.
Plates-bandesMurNord9;90566;Quercus coccifera;Quercus coccifera L.
Plates-bandesMurNord9;308;Fallopia baldschuanica;Fallopia baldschuanica (Regel) D.A. Webb
Plates-bandesMurNord9;90572;Eleutherococcus henryi;Eleutherococcus henryi Oliv.
Plates-bandesPivoines00;90633;Paeonia delavayi;Paeonia delavayi Franch.
Plates-bandesPivoines00;90634;Paeonia mlokosewitschii;Paeonia mlokosewitschii Lomak.
Plates-bandesPivoines00;8212;Paeonia daurica;Paeonia daurica Andr.
Plates-bandesPivoines00;6818;Paeonia lactiflora;Paeonia lactiflora Pall.
Plates-bandesPivoines00;6238;Paeonia mascula;Paeonia mascula (L.) Miller
Plates-bandesPivoines00;6194;Paeonia peregrina;Paeonia peregrina Miller
Plates-bandesPivoines00;90639;Paeonia officinalis;Paeonia officinalis L.
Plates-bandesPivoines00;90640;Paeonia peregrina var. romanica;Paeonia peregrinavar. romanica ?
Plates-bandesPivoines00;90641;Paeonia potaninii var. trollioides;Paeonia potaninii Kom. var. trollioides 
Plates-bandesPivoines00;3286;Paeonia suffruticosa;Paeonia suffruticosa Andr.
Plates-bandesPivoines00;90644;Paeonia mascula subsp. russoi;Paeonia mascula (L.) Miller subsp. russii 
Plates-bandesPivoines00;6258;Paeonia peregrina;Paeonia peregrina Miller
Rho1.012;200462;Hydrangea arborescens var. Grandiflora;Hydrangea arborea Hort. ex Lavallee var. grandiflora 
RhodoA01;206643;Rhododendron argyrophyllum;Rhododendron argyrophyllum Franch.
RhodoA01;204021;Rhododendron concinnum;Rhododendron concinnum Hemsl.
RhodoB01;204001;Rhododendron racemosum;Rhododendron racemosum Franch
RhodoB01;204001;Rhododendron racemosum;Rhododendron racemosum Franch
RhodoB01;202328;Rhododendron rupicola;Rhododendron rupicola W.W.Sm.
RhodoB01;204147;Rhododendron rupicola;Rhododendron rupicola W.W.Sm.
RhodoC01;206663;Rhododendron yunnanense;Rhododendron yunnanense Franch.
RhodoC01;202331;Rhododendron cuneatum;"Rhododendron ravum Balf.f.et W.W.Sm.
"
RhodoC01;93470;Rhododendron siderophyllum;Rhododendron siderophyllum Fr.
RhodoC01;202330;Rhododendron rigidum;Rhododendron rigidum Franch.
RhodoC01;210038;Rhododendron hanceanum ‘Canton Consul’;Rhododendron hanceanum canton consul
RhodoD01;210026;Rhododendron wasonii f. Yellow;Rhododendron wasonii Yellow
RhodoD01;210026;Rhododendron wasonii f. Yellow;Rhododendron wasonii Yellow
RhodoD01;204149;Rhododendron siderophyllum;Rhododendron siderophyllum A.M.Franch.
RhodoE01;93328;Rhododendron simsii;Rhododendron simsii Planch.
RhodoE01;202339;Rhododendron impeditum;Rhododendron impeditum Balf.f.et W.W.Sm.
RhodoE01;202339;Rhododendron impeditum;Rhododendron impeditum Balf.f.et W.W.Sm.
RhodoE01;93393;Rhododendron scabrifolium;Rhododendron scabrifolium
RhodoE01;202467;Rhododendron williamsianum;Rhododendron williamsianum Rehder et E.H.Wilson
RhodoE01;210039;Rhododendron nitidulum var. omeiense;Rhododendron nitidulum var. omeiense 
RhodoE01;210029;Rhododendron petrocharis;Rhododendron petrocharis
RhodoF01;93296;Rhododendron spinuliferum;Rhododendron spinuliferum Fr.
RhodoF011;93403;Rhododendron fauriei;Rhododendron fauriei Franch.
RhodoF011;93472;Rhododendron spinuliferum;Rhododendron spinuliferum Fr.
RhodoG01;94137;Rhododendron argyrophyllum;Rhododendron argyrophyllum Franch.
RhodoG02;94115;Rhododendron moupinense;Rhododendron moupinense Franch.
RhodoG02;210021;Rhododendron davidii;Rhododendron davidii
RhodoG02;202341;Rhododendron fotunei subsp. discolor;Rhododendron houlstonii Hemsl. et Wilson
RhodoG02;210043;Rhododendron sphaeroblastum ‘Blackhills’;Rhododendron sphaeroblastumBlackhills
RhodoG02;202333;Rhododendron polylepis;Rhododendron polylepis Franch.
RhodoH01;210046;Rhododendron thayerianum;Rhododendron thayerianum
RhodoH02;202458;Rhododendron davidsonianum;Rhododendron davidsonianum Rehder et E.H. Wilson
RhodoH02;202345;Rhododendron davidsonianum;Rhododendron davidsonianum Rehd. et Wilson
RhodoH02;202345;Rhododendron davidsonianum;Rhododendron davidsonianum Rehd. et Wilson
RhodoI01;206340;Rhododendron auriculatum;Rhododendron auriculatum Hemsl.
RhodoI01;206643;Rhododendron argyrophyllum;Rhododendron argyrophyllum Franch.
RhodoI02;202466;Rhododendron wardii;Rhododendron wardii W.W.Sm.
RhodoJ01;210025;Rhododendron vernicosum;Rhododendron vernicosum var. fargesii 
RhodoJ01;93393;Rhododendron scabrifolium;Rhododendron scabrifolium
RhodoJ01;210019;Rhododendron balangense;Rhododendron balangense
RhodoJ01;210034;Rhododendron longesquamatum;Rhododendron longesquamatum
RhodoJ01;210047;Rhododendron maculiferum;Rhododendron maculiferum
RhodoJ01;204148;Rhododendron searsiae;Rhododendron searsiae Rehd. et Wilson
RhodoJ01;202327;Rhododendron searsiae;Rhododendron searsiae Rehd. et Wils.
RhodoJ01;202327;Rhododendron searsiae;Rhododendron searsiae Rehd. et Wils.
RhodoJ01;206656;Rhododendron oreotrephes;Rhododendron oreotrephes W.W.Sm.
RhodoJ01;202334;Rhododendron oreotrephes;Rhododendron oreotrephes W.W.Sm.
RhodoJ01;206652;Rhododendron decorum subsp. diaprepes;Rhododendron decorum Franch. subsp. diaprepes (Balf.f. & W.w.Sm.) T.L.Ming
RhodoK01;206652;Rhododendron decorum subsp. diaprepes;Rhododendron decorum Franch. subsp. diaprepes (Balf.f. & W.w.Sm.) T.L.Ming
RhodoK01;210037;Rhododendron pachytrichum;Rhododendron pachytrichum Best R.B.G.
RhodoK01;205300;Rhododendron rubiginosum;Rhododendron rubiginosum Franch.
RhodoK01;94138;Rhododendron concinnum;Rhododendron concinnum Hemsl.
RhodoK01;93365;;(Sté. 92.66) 
RhodoL01;210031;Rhododendron davidsonianum;Rhododendron davidsonianum caerhays blotched form
RhodoL01;210022;Rhododendron calophytum;Rhododendron calophytum
RhodoL01;210045;Rhododendron sutchuenense;Rhododendron sutchuenense
Rocaille;215009;Acer pseudo - sieboldianum;Acer pseudo-sieboldianum
RocailleA01;216079;Epilobium fleischeri;Epilobium fleicheri
RocailleA01;222225;Scleranthus perennis;Scleranthus perennis
RocailleA01;221628;Alchemilla conjuncta;Alchemilla conjuncta aggr.
RocailleA01;223449;Hypericum richeri;Hypericum richieri
RocailleA01;220349;Linaria alpina;Linaria alpina
RocailleA01;221756;Valeriana montana;Valeriana montana
RocailleA01;221758;Adenostyles alpina;Adenostyles alpina
RocailleA01;223446;Saxifraga aizoides;Saxifraga aizoides
RocailleA01;221738;Geum montanum;Geum montanum
RocailleA01;220356;Pritzelago alpina;Pritzelago alpina
RocailleA01;221783;Scabiosa lucida;Scabiosa lucida
RocailleA01;221657;Saxifraga cuneifolia var. capillipes;Saxifraga cuneifolia var. capillipes 
RocailleA01;215178;Teucrium chamaedrys;Teucrium chamaedrys L.
RocailleA01;219213;Thlaspi rotundifolia;Thlapsi rotundifolia
RocailleA01;219110;Rumex nivalis;Rumex nivalis
RocailleA01;220329;Trifolium thalii;Trifolium thalii
RocailleA01;219103;Saxifraga cuneifolia;Saxifraga cuneifolia
RocailleA01;220350;Trisetum distichophyllum;Trisetum distichophyllum
RocailleA01;221076;Epipactis palustris;Epipactis palustris
RocailleA01;217027;Campanula cochleariifolia;Campanula cochleariifolia
RocailleA01;219151;Trifolium pallescens;Trifolium pallescens
RocailleA01;217141;Spergularia rubra;Spergularia rubra
RocailleA02;219084;Taraxacum aquilonare;Taraxacum aquilonare
RocailleA02;219086;Taraxacum pacheri;Taraxacum pacheri
RocailleA02;219085;Taraxacum dissectum;Taraxacum dissectum
RocailleA02;219087;Taraxacum aureocucullatum;Taraxacum aureocucullatum
RocailleA02;219089;Taraxacum ochrospermum;Taraxacum ochrospermum
RocailleA02;218060;Euphorbia capitulata;Euphorbia capitulata
RocailleA02;221627;Ranunculus auricomus;Ranunculus auricomus aggr.
RocailleA02;221628;Alchemilla conjuncta;Alchemilla conjuncta aggr.
RocailleA02;215172;Asplenium trichomanes;Asplenium trichomanes
"RocailleA1
";205544;Trollius chinensis;Trollius chinensis
RocailleB01;221051;Saxifraga juniperifolia;Saxifraga pseudosancta
RocailleB01;221238;Asplenium fontanum;Asplenium fontanum
RocailleB01;215174;Phyllitis scolopendrium;Phyllitis scolopendrium Newman
RocailleB01;221239;Polystichum aculeatum;Polystichum aculeatum
RocailleB01;215172;Asplenium trichomanes;Asplenium trichomanes
RocailleB01;221046;Euphorbia myrsinites;Euphorbia myrsinites
RocailleB01;218137;Prenanthes purpurea;Prenanthes purpurea
RocailleB01;218062;Chiastophyllum oppositifolium;Chiastophyllum oppositifolium
RocailleB02;221047;Pulsatilla halleri subsp. styriaca;Pulsatilla halleri subsp. styriaca 
RocailleB02;221678;Armeria alpina;Armeria alpina
RocailleB02;221111;Waldsteinia geoides;Waldsteinia geoides
RocailleB02;221109;Bergenia pacumbis;Bergenia ciliata f. ligulata 
RocailleB02;221110;Bergenia crassifolia;Bergenia crassifolia
RocailleB02;218098;Trifolium medium;Trifolium rubens
RocailleB02;219140;Veronica fruticans;Veronica fruticans
RocailleB02;221050;Crocus biflorus subsp. biflorus;Crocus biflorus subsp. biflorus 
RocailleB02;217106;Cynosurus cristatus;Cynosurus cristatus
RocailleB02;217265;Solidago virgaurea subsp. minuta;Solidago virgo-aurea subsp. minuta 
RocailleB02;221046;Euphorbia myrsinites;Euphorbia myrsinites
RocailleB02;217219;Inula salicina;Inula salicina
RocailleB02;221736;;Helleborus x hybridus
RocailleB03;216011;Omphalodes verna;Omphalodes verna
RocailleB03;221242;Tulipa hageri;Tulipa hageri
RocailleB03;221112;Muscari armeniacum;Muscari armeniacum
RocailleB03;221048;Vinca minor;Vinca minor
RocailleB03;221049;Vinca minor ‘Atrorubens’;Vinca minor cv. ‘Atrorubens‘
RocailleB03;221050;Crocus biflorus subsp. biflorus;Crocus biflorus subsp. biflorus 
RocailleB03;221092;Prunus tenella;Prunus tenella
RocailleB03;221736;;Helleborus x hybridus
RocailleB04;221647;Lathyrus venetus;Lathyrus venetus
RocailleC01;2604;Pinus ponderosa;Pinus ponderosa
RocailleC01;215173;Polypodium vulgare;Polypodium vulgare L.
RocailleC01;221851;Veronica montana;Veronica montana
RocailleC01;221852;Viola thomasiana;Viola thomasiana
RocailleC01;221751;Campanula barbata;Campanula barbata
RocailleC01;221674;Asparagus tenuifolius;Asparagus tenuifolius
RocailleC01;221646;Potentilla neumanniana;Potentilla verna
RocailleC01;222062;Alchemilla decumbens;Alchemilla decumbens
RocailleC01;94112;Cotoneaster integerrimus;Cotoneaster integerrimus Medik.
RocailleC01;220354;Luzula multiflora;Luzula spicata
RocailleC01;215172;Asplenium trichomanes;Asplenium trichomanes
RocailleC01;221099;Scilla bifolia;Scilla bifolia
RocailleC01;216209;Linaria repens;Linaria repens
RocailleC01;221083;Geranium nodosum;Geranium nodosum
RocailleC01;221039;Erythronium dens-canis;Erythronium dens-canis
RocailleC01;219118;Veronica serpyllifolia;Veronica serpyllifolia subsp. serpyllifolia 
RocailleC01;217258;Anemone narcissiflora;Anemone narcissiflora
RocailleC01;217182;Laserpitium halleri;Laserpitium halleri
RocailleC01;216098;Leucojum aestivum;Leucojum aestivum
RocailleC02;221662;Phleum phleoides;Phleum phleoides
RocailleC02;219073;Primula hirsuta;Primula hirsuta
RocailleC02;221660;Geranium sanguineum;Geranium sanquineum
RocailleC02;218086;Carlina acaulis subsp. caulescens;Carlina acaulis subsp. caulescens 
RocailleC02;219048;Biscutella laevigata subsp. kerneri;Biscutella laevigata subsp. kernrei 
RocailleC02;219049;Biscutella laevigata;Biscutella laevigata subsp. laevigata 
RocailleC02;219047;Biscutella prealpina;Biscutella prealpina
RocailleC02;216059;Dianthus carthusianorum;Dianthus carthusianorum
RocailleC03;215171;Helianthemum apenninum ‘Wisley Pink’;Helianthemum apenninum'Wisley Pink'
RocailleC03;221094;Genista pilosa;Genista pilosa
RocailleC03;223448;Carex firma;Carex firma
RocailleC03;221761;Crepis conyzifolia;Crepis conyzifolia
RocailleC03;221548;Silene nutans;Silene nutans
RocailleC03;221643;Tulipa grengiolensis;Tulipa grengiolensis
RocailleC03;221629;Coronilla coronata;Coronilla coronata
RocailleC03;221241;Saxifraga cespitosa subsp. decipiens;Saxifraga cespitosa var. decipiens 
RocailleC03;221085;Pulsatilla vulgaris;Pulsatilla vulgaris
RocailleC03;219158;Cryptogramma  crispa;Cryptogramma crispa
RocailleC03;215172;Asplenium trichomanes;Asplenium trichomanes
RocailleC03;215174;Phyllitis scolopendrium;Phyllitis scolopendrium Newman
RocailleC03;219106;Arabis ciliata;Arabis ciliata
RocailleC03;216217;Silene flos-jovis;Silene flos-jovis
RocailleC03;219159;Cynoglossum germanicum;Cynoglossum germanicum
RocailleC03;217224;Trifolium rubens;Trifolium rubens
RocailleC03;217228;Sanguisorba officinalis;Sanguisorba officinalis
RocailleC03;215357;Silene dioica;Silene dioica
RocailleD00;205608;Nepeta sibirica;Nepeta sibirica 
RocailleD00;205611;Scutellaria alpina;Scutellaria alpina L.
RocailleD00;206845;Campanula glomerata;Campanula glomerata
RocailleD00;92121;Scabiosa atropurpurea;Scabiosa atropurpurea L.
RocailleD01;216010;Hepatica nobilis;Hepatica nobilis
RocailleD01;221699;Hemerocallis fulva;Hemerocallis fulva
RocailleD01;221679;Carex flacca;Carex flacca
RocailleD01;221672;Silene  glaucifolia;Petrocoptis pyrenaica
RocailleD01;221671;Brachypodium sylvaticum;Brachypodium sylvaticum
RocailleD01;221670;Juncus inflexus;Juncus inflexus
RocailleD01;221042;Hedera helix;Hedera helix
RocailleD01;215172;Asplenium trichomanes;Asplenium trichomanes
RocailleD01;215174;Phyllitis scolopendrium;Phyllitis scolopendrium Newman
RocailleD01;215173;Polypodium vulgare;Polypodium vulgare L.
RocailleD01;215370;Stipa capillata;Stipa capillata
RocailleD01;216216;Vicia dumetorum;Vicia dumetorum
RocailleD01;216096;Luzula luzuloides subsp. rubella;Luzula luzuloides subsp. rubella 
RocailleD02;221094;Genista pilosa;Genista pilosa
RocailleD02;215172;Asplenium trichomanes;Asplenium trichomanes
RocailleD02;221697;Lonicera pileata;Lonicera pileata
RocailleD02;221696;Ribes alpinum;Ribes alpinum
RocailleD02;221695;Lepidium latifolium;Lepidium latifolium
RocailleD02;221668;Epimedium alpinum;Epimedium alpinum
RocailleD02;221567;Viburnum rhytidophyllum;Viburnum rhytidophyllum
RocailleD02;221667;Ornithogalum pyrenaicum;Ornithogalum pyrenaicum
RocailleD02;221665;Geum rivale;Geum rivale
RocailleD02;221083;Geranium nodosum;Geranium nodosum
RocailleD02;221664;Alchemilla mollis;Alchemilla mollis
RocailleD02;221644;Paeonia officinalis;Paeonia officinalis
RocailleD02;221042;Hedera helix;Hedera helix
RocailleD02;221040;Geranium lucidum;Geranium lucidum
RocailleD02;221039;Erythronium dens-canis;Erythronium dens-canis
RocailleD02;221038;Rumex scutatus;Rumex scutatus
RocailleD02;221037;Ephedra helvetica;Ephedra helvetica
RocailleD02;219043;Lonicera caerulea;Lonicera caerulea
RocailleD02;202003;Silene coronaria;Lychnis coronaria L. Desr.
RocailleD02;217234;Cirsium erisithales;Cirsium erisithales
RocailleD02;219014;Geranium macrorrhizum;Geranium macrorrhizum
RocailleD02;215349;Gentiana lutea;Gentiana lutea
RocailleD02;216022;Ornithogalum nutans;Ornithogalum nutans
RocailleD02;218083;Hieracium murorum;Hieracium murorum
RocailleD02;217235;Carlina vulgaris;Carlina vulgaris
RocailleD02;216059;Dianthus carthusianorum;Dianthus carthusianorum
RocailleD02;216021;Lathyrus vernus;Lathyrus vernus
RocailleD02;218066;Pinellia ternata;Pinellia ternata
RocailleD03;217157;Hypericum maculatum;Hypericum maculatum
RocailleD03;221655;Myosurus minimus;Myosurus minimus
RocailleD03;221703;Picris hieracioides L.;Picris hieracioides
RocailleD03;221694;Centaurea nemoralis;Centaurea nemoralis
RocailleD03;221693;Cephalaria alpina;Cephalaria alpina
RocailleD03;221692;Centaurea scabiosa subsp. alpestris;Centaurea scabiosa subsp. alpestris 
RocailleD03;221691;Salvia glutinosa;Salvia glutinosa
RocailleD03;221690;Campanula persicifolia;Campanula persicifolia
RocailleD03;221645;Potentilla thuringiaca;Potentilla thuringiaca
RocailleD03;221641;Hippocrepis comosa;Hippocrepis comosa
RocailleD03;221579;Blechnum spicant;Blechnum spicant
RocailleD03;217251;Sedum telephium;Hylotelephium telephium
RocailleD03;215172;Asplenium trichomanes;Asplenium trichomanes
RocailleD03;221040;Geranium lucidum;Geranium lucidum
RocailleD03;220281;Amelanchier ovalis;Amelanchier ovalis
RocailleD03;220099;Salvia officinalis;Salvia officinalis L.
RocailleD03;221030;Campanula rapunculoides;Campanula rapunculoides
RocailleD03;220061;Salix serpillifolia;Salix serpillifolia
RocailleD03;215289;Thymus vulgaris;Thymus vulgaris
RocailleD03;218022;Primula elatior;Primula elatior
RocailleD03;216061;Gypsophila repens;Gypsophila repens
RocailleD03;217013;Anemone narcissiflora;Anemone narcissiflora
RocailleD03;216100;Epimedium x versicolor;Epimedium x versicolor
RocailleD03;205745;Anthemis arvensis;Anthemis  arvensis L.
RocailleD03;218067;Veronica teucrium;Veronica teucrium
RocailleD03;217252;Scabiosa triandra;Scabiosa triandra
RocailleD04;215002;Hieracium pteropogon;Hieracium pteropogon
RocailleD04;220375;Alchemilla plicatula;Alchemilla plicatula aggr.
RocailleD04;221693;Cephalaria alpina;Cephalaria alpina
RocailleD04;221654;Salix x cotteti;Salix x cottetii
RocailleD05;221659;Aquilegia vulgaris;Aquilegia vulgaris
RocailleD05;215176;Calamintha nepeta;Clinopodium nepeta Kuntze
RocailleD05;221652;Borago officinalis;Borago officinalis
RocailleD05;221036;Ajuga chamaepitys;Ajuga chamaepitys
RocailleD05;219261;Alyssoides utriculata;Alyssoides utriculata
RocailleD05;216750;Athamanta cretensis;Athamanta cretensis
RocailleD05;215144;Scrophularia auriculata;Scrophularia auriculata
RocailleD05;216063;Silene rupestris;Silene rupestris
RocailleD05;216026;Saponaria ocymoides;Saponaria ocymoides
RocailleD05;215160;Sempervivum tectorum;Sempervivum tectorum ssp. alpinum
RocailleD05;216213;Gentiana x acaulis ‘Maxima’;Gentiana acaulis'Maxima'
RocailleD05;215114;Lycopus europaeus;Lycopus europaeus
RocailleD05;215366;Prunella laciniata;Prunella laciniata
RocailleD05;216174;Calamintha nepeta;Calamintha nepeta aggr.
RocailleD05;216175;Calamintha nepeta;Calamintha nepeta aggr.
RocailleD06;215170;Galium album;Galium album Mill.
RocailleD06;215329;Gypsophila repens;Gypsophylla repens
RocailleD06;220361;Telephium imperati;Telephium imperati
RocailleD06;215326;Anthyllis vulneraria;Anthyllis vulneraria
RocailleD06;216111;Dryas octopetala;Dryas octopetala
RocailleD06;217109;Primula veris;Primula veris
RocailleD07;205677;Orlaya grandiflora;Orlaya  grandiflora (L.) Hoffm.
RocailleD07;221114;Adonis vernalis;Adonis vernalis
RocailleD07;221113;Tulipa sylvestris;Tulipa sylvestris subsp. sylvestris 
RocailleD07;221095;Cardamine heptaphylla;Cardamine heptaphylla
RocailleD07;219153;Anthyllis vulneraria subsp. valesiaca;Anthyllis vulneraria subsp. valesiaca 
RocailleD07;219092;Artemisia absinthium;Artemisia absinthium
RocailleD07;217039;Stachys alpina;Stachys alpina
RocailleD07;218092;Serratula tinctoria;Serratula tinctoria
RocailleD07;217149;Sedum dasyphyllum;Sedum dasyphyllum
RocailleD07;215359;Anchusa officinalis;Anchusa officinalis
RocailleD07;215035;Silene viscaria;Silene viscaria (L.) Jess
RocailleD07;215033;Anchusa arvensis;Anchusa arvensis
RocailleD07;215109;Diplotaxis tenuifolia;Diplotaxis tenuifolia
RocailleD07;215101;Marrubium vulgare;Marrubium vulgare
RocailleD08;215101;Marrubium vulgare;Marrubium vulgare
RocailleD08;221645;Potentilla thuringiaca;Potentilla thuringiaca
RocailleD08;217020;Homogyne alpina;Homogyne alpina
RocailleD08;221743;Arnica montana;Arnica montana
RocailleD08;221769;Saxifraga paniculata;Saxifraga paniculata
RocailleD08;222310;Hosta sieboldiana var. sieboldiana ;Hosta fortunei
RocailleD08;221766;Centaurea scabiosa;Centaurea scabiosa subsp. scabiosa 
RocailleD08;221689;Allium angulosum;Allium angulosum
RocailleD08;221640;Helianthemum apenninum;Helianthemum apenninum
RocailleD08;221650;Muscari comosum;Muscari comosum
RocailleD08;221651;Centaurea montana;Centaurea montana
RocailleD08;219132;Asperula cynanchica;Asperula cynanchica
RocailleD08;215049;Geranium sanguineum;Geranium sanguineum L.
RocailleD08;219093;Artemisia campestris;Artemisia campestris subsp. campestris 
RocailleD08;221641;Hippocrepis comosa;Hippocrepis comosa
RocailleD08;221622;Pulsatilla montana;Pulsatilla montana
RocailleD08;216023;Biscutella laevigata;Biscutella laevigata
RocailleD08;221240;Asplenium ruta-muraria;Asplenium ruta-muraria
RocailleD08;221091;Potentilla hybrida;Potentilla hybrida (P. alba x P. sterilis)
RocailleD08;219006;Phyteuma betonicifolium;Phyteuma betonicifolium
RocailleD08;216774;Aquilegia atrata;Aquilegia atrorubens
RocailleD08;217171;Rhamnus pumila;Rhamnus pumila
RocailleD08;217169;Kernera saxatilis;Kernera saxatilis
RocailleD08;217184;Genista sagittalis;Genista sagittalis
RocailleD08;217187;Anthericum ramosum;Anthericum ramosum
RocailleD08;216212;Rhodiola rosea ‘Mattmark’;Rhodiola rosea'Mattmark'
RocailleD08;218075;Geum montanum;Geum montanum
RocailleD08;215368;Petrorhagia saxifraga;Petrorhagia saxifraga
RocailleD09;221101;Achillea tomentosa;Achillea tomentosa L.
RocailleD09;215376;Lepidium graminifolium;Lepidium graminifolium
RocailleD09;220366;Dryas octopetala;Dryas octopetala
RocailleD09;217140;Scleranthus perennis;Scleranthus perennis
RocailleD09;217174;Oxytropis campestris;Oxytropis campestris
RocailleD09;221688;Medicago sativa;Medicago sativa
RocailleD09;221680;Sedum acre;Sedum acre
RocailleD09;221653;Herniaria glabra;Herniaria glabra
RocailleD09;221631;Dryas octopetala;Dryas octopetala
RocailleD09;216098;Leucojum aestivum;Leucojum aestivum
RocailleD09;218023;Primula hirsuta;Primula hirsuta
RocailleD09;216773;Biscutella laevigata;Biscutela leavigata
RocailleD09;205605;Genista sagittalis;Genista sagittalis
RocailleD09;215385;Ranunculus gramineus;Ranunculus gramineus
RocailleD09;215371;Aster linosyris;Aster linosyris
RocailleD09;216210;Potentilla erecta;Potentilla erecta
RocailleD09;215339;Lotus corniculatus;Lotus corniculatus
RocailleD09;215157;Aster amellus;Aster amellus
RocailleD09;215115;Potentilla argentea;Potentilla argentea
RocailleD09;216211;Leontopodium alpinum ‘Helvetia’;Leontopodium alpinum'Helvetia'
RocailleD10;205604;Fumana ericoides;Fumana ericoides (Cav.) Gand
RocailleD10;221134;Pulsatilla montana;Pulsatilla montana
RocailleD10;221011;Potentilla caulescens;Potentilla caulescens
RocailleD10;221782;Helianthemum alpestre;Helianthemum alpestre
RocailleD10;220339;Gentiana clusii;Gentiana clusii
RocailleD10;221753;Sedum album;Sedum album
RocailleD10;221836;Senecio abrotanifolius;Senecio abrotanifolius
RocailleD10;221837;Leontopodium alpinum;Leontopodium alpinum
RocailleD10;221649;Carex caryophyllea;Carex caryophyllea
RocailleD10;221648;Potentilla rupestris;Potentilla rupestris
RocailleD10;221640;Helianthemum apenninum;Helianthemum apenninum
RocailleD10;221639;Potentilla praecox;Potentilla praecox
RocailleD10;221634;Astragalus monspessulanus;Astragalus monspessulanus
RocailleD10;221578;Asplenium ceterach;Asplenium ceterach
RocailleD10;217179;Saxifraga paniculata;Saxifraga paniculata
RocailleD10;221013;Asperula aristata;Asperula aristata
RocailleD10;221006;Acinos arvensis;Acinos arvensis
RocailleD10;221008;Hyssopus officinalis;Hyssopus officinalis
RocailleD10;221568;Aster linosyris;Aster linosyris
RocailleD10;220370;Trinia glauca;Trinia glauca
RocailleD10;221035;Potentilla sterilis;Potentilla sterilis
RocailleD10;219115;Senecio incanus subsp. carniolicus;Senecio incanus subsp. carniolicus 
RocailleD10;219094;Senecio abrotanifolius;Senecio abrotanifolius
RocailleD10;215161;Gladiolus imbricatus;Gladiolus imbricatus
RocailleD10;220047;Scorzonera humilis;Scorzonera humilis
RocailleD10;217034;Sempervivum tectorum;Sempervivum tectorum subsp. tectorum 
RocailleD10;217127;Teucrium montanum;Teucrium montanum
RocailleD10;217016;Bupleurum ranunculoides;Bupleurum ranunculoides subsp. ranunculoides 
RocailleD10;217193;Biscutella laevigata;Biscutella laevigata
RocailleD10;216046;Antennaria dioica;Antennaria disoica
RocailleD10;217024;Kernera saxatilis;Kernera saxatilis
RocailleD10;218073;Sedum sediforme;Sedum sediforme
RocailleD10;205607;Iris graminea;Iris graminea
RocailleD10;215361;Hypochaeris maculata;Hypochaeris maculata
RocailleD10;215165;Phleum phleoides;Phleum phleoides
RocailleD10;763655;Telephium imperati;Telephium imperati L.
RocailleD10;215374;Lomelosia graminifolia;Lomelosia graminifolia
RocailleD10;215178;Teucrium chamaedrys;Teucrium chamaedrys L.
RocailleD10;215140;Lycopus europaeus;Lycopus europaeus
RocailleD10;93220;Ononis rotundifolia;Ononis rotundifolia L.
RocailleD10;215180;Ononis repens;Ononis repens L.
RocailleD10;215007;Allium schoenoprasum;Allium schoenoprasum var. pumilum 
RocailleD10;205677;Orlaya grandiflora;Orlaya  grandiflora (L.) Hoffm.
RocailleD10;216178;Carlina acaulis subsp. caulescens;Carlina acaulis subsp. caulescens 
RocailleD11;205606;Indigofera decora;indigofera decora Lindl.
RocailleD11;217006;Globularia nudicaulis;Globularia nudicaulis
RocailleD11;221552;Helianthemum nummularium subsp. tomentosum;Helianthemum nummularium subsp. tomentosum 
RocailleD11;221739;Antennaria carpatica;Antennaria carpatica
RocailleD11;221687;Asperula tinctoria;Asperula tinctoria
RocailleD11;221638;Tulipa linifolia;Tulipa linifolia
RocailleD11;221016;Malva moschata;Malva moschata
RocailleD11;221075;Crocus tommasinianus;Crocus tommasinianus
RocailleD11;216766;Gentiana cruciata;Gentiana cruciata
RocailleD11;216036;Helianthemum nummularium;Helianthemum nummularium subsp. nummularium 
RocailleD11;217134;Hieracium staticifolium;Hieracium staticifolium
RocailleD11;215322;Gentiana cruciata;Gentiana cruciata
RocailleD11;217087;Gentiana verna;Gentiana verna
RocailleD11;215001;Dianthus carthusianorum;Dianthus carthusianorum
RocailleD11;70292;Santolina chamaecyparissus;Santolina chamaecyparissus L.
RocailleD11;215101;Marrubium vulgare;Marrubium vulgare
RocailleD11;215187;Nardus stricta;Nardus stricta
RocailleD11;215129;Anthemis cotula;Anthemis cotula
RocailleD12;215184;Globularia cordifolia;Globularia cordifolia
RocailleD12;219118;Veronica serpyllifolia;Veronica serpyllifolia subsp. serpyllifolia 
RocailleD12;221686;Phedimus aizoon;Sedum maximoviczii
RocailleD12;221682;Phedimus selskianus;Sedum selskianum
RocailleD12;221681;Sedum lividum;Sedum lividum
RocailleD12;221096;Koeleria vallesiana;Koeleria vallesiana
RocailleD12;221034;Carex humilis;Carex humilis
RocailleD12;215005;Petrorhagia saxifraga;petrorhagia saxifraga
RocailleD12;221029;Achillea millefolium;Achillea millefolium
RocailleD12;218102;Sedum kamtschaticum;Sedum kamtschaticum
RocailleD12;217202;Sempervivum montanum;Sempervivum montanum
RocailleD12;217185;Campanula barbata;Campanula barbata
RocailleD12;217227;Thalictrum aquilegiifolium;Thalictrum aquilegiifolium
RocailleD12;215322;Gentiana cruciata;Gentiana cruciata
RocailleD12;96657;Daphne cneorum;Daphne cneorum
RocailleD12;215049;Geranium sanguineum;Geranium sanguineum L.
RocailleD12;217076;Tanacetum parthenium;Tanacetum parthenium
RocailleD12;217090;Sempervivum tectorum;Sempervivum tectorum subsp. alpinum 
RocailleD12;215027;Dianthus gratianopolitanus;Dianthus gratianopolitanus Vill.
RocailleD12;215133;Conium maculatum;Conium maculatum
RocailleD12;205613;Staehelina uniflosculosa;Staehlina uniflosculosa Sibth. & Sm.
RocailleD12;215047;Genista radiata;Genista radiata (L.) Scop.
RocailleD12;215004;Helianthemum nummularium;Helianthemum nummularium
RocailleD12;215177;Veronica teucrium;Veronica austriaca subsp. teucrium D.A. Webb
RocailleD12;215179;Setaria verticilliformis;Setaria verticilliformis Dumort.
RocailleD13;221243;Tulipa gesneriana;Tulipa gesneriana
RocailleD13;221012;Reseda lutea;Reseda lutea
RocailleD13;223447;Gentiana ciliata;Gentiana ciliata
RocailleD13;222311;Potentilla alba;Potentilla alba
RocailleD13;221685;Sedum sexangulare;Sedum sexangulare
RocailleD13;221637;Hyacinthoides hispanica;Hyacinthoides hispanica
RocailleD13;221581;Crepis froelichiana;Crepis froelichiana
RocailleD13;220323;Clinopodium vulgare subsp. vulgare;Clinopodium vulgare
RocailleD13;220336;Sesleria  caerulea;Sesleria caerulea
RocailleD13;221097;Buglossoides purpurocaerulea;Buglossoides purpurocaerulea
RocailleD13;221098;Hippocrepis emerus;Coronilla emerus
RocailleD13;219090;Antennaria dioica;Antennaria dioica
RocailleD13;217239;Trifolium aureum;Trifolium aureum
RocailleD13;216744;Helianthemum nummularium;Helianthemum numularium
RocailleD13;217003;Helianthemum nummularium subsp. obscurum;Helianthemum nummularium subsp. obscurum
RocailleD13;217085;Silene acaulis;Silene acaulis
RocailleD13;218065;Allium roseum;Allium roseum subsp. roseum 
RocailleD13;218102;Sedum kamtschaticum;Sedum kamtschaticum
RocailleD13;215044;Dianthus superbus;Dianthus superbus
RocailleD13;215022;Phleum alpinum;Phleum alpinum L.
RocailleD13;215348;Rumex scutatus;Rumex scutatus
RocailleD13;215127;Achillea ptarmica;Achillea ptarmica
RocailleD13;205610;Saponaria haussknechtii;Saponaria haussknechtii Simmler
RocailleD13;216168;Arctanthemum arcticum;Dendranthema arcticum s.l.
RocailleD13;215045;Thalictrum minus;Thalictrum minus
RocailleD13;96680;Origanum scabrum subsp. pulchrum;Origanum scabrum var. pulchellum 
RocailleD13;215040;Scrophularia canina;Scrophularia canina L.
RocailleD13;205830;Ziziphus jujuba;Ziziphus jujuba Mill.
RocailleD13;215128;Aira caryophyllea;Aira caryophyllea
RocailleD13;215002;Hieracium pteropogon;Hieracium pteropogon
RocailleD13;215003;Chamaecytisus hirsutus;Chamaecytisus hirsutus
RocailleD13;216169;Setaria viridis;Setaria viridis
RocailleD13;216177;Cyclamen hederifolium;Cyclamen hederifolium
RocailleE01;204237;Saxifraga hostii subsp. rhaetica;Saxifraga hosti var. rhaetica 
RocailleE01;97516;Tulipa sylvestris;Tulipa sylvestris L.
RocailleE01;200335;Saxifraga cochlearis;Saxifraga cochlearis
RocailleE01;221199;Potentilla rupestris;Potentilla rupestris
RocailleE01;220286;Magnolia stellata;Magnolia stellata
RocailleE01;222008;Iris pallida;Iris pallida
RocailleE01;216215;Iris pseudacorus;Iris pseudacorus
RocailleE01;222009;Arenaria ligericina;Arenaria ligericina
RocailleE01;222044;Hyacinthoides non - scripta;Hyacinthoides non-scripta
RocailleE01;221083;Geranium nodosum;Geranium nodosum
RocailleE01;772557;Lomelosia graminifolia;Scabiosa graminifolia L.
RocailleE01;206853;Dianthus furcatus;Dianthus furcatus subsp. pedemontanus 
RocailleE01;221436;Aethionema saxatile;Aethionema saxatile
RocailleE01;221437;Iris foetidissima;Iris foetidissima
RocailleE01;221438;Potentilla caulescens var. petiolulata;Potentilla caulescens var. petiolulata
RocailleE01;221439;Campanula petraea;Campanula petraca
RocailleE01;221440;Iris lutescens;Iris lutescens ssp. lutescens
RocailleE01;221441;Arenaria ligericina;Arenaria ligercina
RocailleE01;221442;Saxifraga hostii subsp. rhaetica;Saxifraga hostii var. rhaetica
RocailleE01;221440;Iris lutescens;Iris lutescens ssp. lutescens
RocailleE01;216022;Ornithogalum nutans;Ornithogalum nutans
RocailleE01;204222;Saxifraga x kellereri;Saxifraga X anglica cv. ‘Mira‘
RocailleE01;222045;Linum campanulatum;Linum campanulatum
RocailleE01;222046;Teucrium x contejeani;Teucrium x contejeani
RocailleE01;221882;Melica ciliata;Melica ciliata
RocailleE02;221173;Geranium sanguineum;Geranium sanguineum
RocailleE02;221175;Globularia cordifolia f. fl. albo;Globularia cordifolia  f. Alba 
RocailleE02;221203;Euphorbia spinosa;Euphorbia spinosa
RocailleE02;215171;Helianthemum apenninum ‘Wisley Pink’;Helianthemum apenninum'Wisley Pink'
RocailleE02;3928;Linum narbonense;Linum narbonense
RocailleE02;221429;Petrorhagia saxifraga;Petrorhagia saxifraga
RocailleE02;222063;Fritillaria davisii;Fritillaria davisii
RocailleE02;221430;Artemisia abrotanum;Artemisia abrotanum
RocailleE02;222064;Tulipa agenensis;Tulipa agenensis
RocailleE02;222065;Tulipa vvedenskyi;Tulipa vvedenskyi
RocailleE03;219242;Potentilla cinerea;Potentilla cinerea
RocailleE03;221428;Anthericum ramosum;Antericum ramosum
RocailleE03;221175;Globularia cordifolia f. fl. albo;Globularia cordifolia  f. Alba 
RocailleE03;206847;Helianthemum lunulatum;Helianthemum lunulatum
RocailleE03;221203;Euphorbia spinosa;Euphorbia spinosa
RocailleE03;70361;Lotus maritimus;Tetragonolobus maritimus
RocailleE03;99151;Chamaecytisus supinus;Cytisus sessilifolius
RocailleE04;205617;Aphyllanthes monspeliensis;Aphyllanthes monspeliensis
RocailleE04;221167;Chamaecytisus hirsutus;Cytisus hirsutus
RocailleE04;220306;Linaria supina;Linaria supina
RocailleE04;221174;Sanguisorba minor;Sanguisorba minor
RocailleE04;221201;Antirrhinum molle;Antirrhinum molle
RocailleE04;221428;Anthericum ramosum;Antericum ramosum
RocailleE04;205619;Convolvulus cantabrica;Convolvulus cantabrica
RocailleE04;221440;Iris lutescens;Iris lutescens ssp. lutescens
RocailleE04;222066;Scilla hyacinthoides;Scilla hyacinthoides
"RocailleE04
";96719;Ptilotrichum halimifolium;Ptilotrichum macrocarpum
"RocailleE04
";221425;Sedum stoloniferum;Sedum stoliniferum
"RocailleE04
";221426;Carthamus mitissimus;Carduncellus mitissimus
"RocailleE04
";221427;;Carduncellu monspelliensium
RocailleE05;221169;Sherardia arvensis;Sherardia  arvensis
RocailleE05;221176;Anthyllis montana;Anthyllis montana ssp. montana
RocailleE05;221431;Tulipa praecox;Tulipa praecox
RocailleE05;221430;Artemisia abrotanum;Artemisia abrotanum
RocailleE05;221434;Coronilla coronata;Coronilla coronata
RocailleE05;221435;Carex brevicollis;Carex brevicollis
RocailleE06;221176;Anthyllis montana;Anthyllis montana ssp. montana
RocailleE06;221198;Seseli montanum;Seseli montanum
RocailleE06;221202;Muscari comosum;Muscari comosum
RocailleE06;70331;Thymus serpyllum;Thymus serpyllum L.
RocailleE06;200257;Cistus laurifolius;Cistus laurifolius
RocailleE06;205627;Teucrium marum;Teucrium marum L.
RocailleE06;221432;Genista lobelii;Genista lobelii
RocailleE06;222059;Narcissus triandrus subsp. triandrus;Narcissus triandrus subsp. triandus
RocailleE06;221445;Erinus alpinus;Erinus hispanicus
RocailleE06;222060;Allium moly;Allium moly var. bulbilliferum 
RocailleE06;221447;Thymus serpyllum var. minor;Thymus serpyllum var. minor
RocailleE06;221448;Dianthus plumarius;Dianthus plumarius
RocailleE06;221449;Helianthemum nummularium;Helianthemum nummularium
RocailleE06;221450;Astragalus danicus;Astragalus danicus
RocailleE06;221451;Minuartia villarii;Minuartia villardii
RocailleE06;221432;Genista lobelii;Genista lobelii
RocailleE07;93512;Ranunculus millefoliatus;Ranunculus millefoliatus Vahl.
RocailleE07;93428;Anemone narcissiflora;Anemone narcissiflora L.
RocailleE07;221198;Seseli montanum;Seseli montanum
RocailleE07;221443;Sorbus aria;Sorbus aria
RocailleE07;221444;Sedum sediforme;Sedum nicaense
RocailleE07;221424;Draba aizoides;Draba aizoides
RocailleE07;205626;Teucrium lucidum;Teucrium lucidum L.
RocailleE07;221446;Pulsatilla rubra;Pulsatilla rubra
RocailleE07;222048;Armeria girardii;Armeria girardi
RocailleE08;221200;Veronica teucrium;Veronica  teucrium
RocailleE08;3928;Linum narbonense;Linum narbonense
RocailleE08;221432;Genista lobelii;Genista lobelii
RocailleE08;221433;Artemisia chamaemelifolia;Artemisia chamaemelifolia
RocailleE08;221423;Iberis sempervirens;Iberis sempervirens
RocailleE08;222057;Campanula petraea;Campanula petraea
RocailleE10;221170;Iris lutescens;Iris lutescens
RocailleE10;205620;Cytisus decumbens;Cytisus decumbens
RocailleE10;205196;Ononis cristata;Ononis cristata
RocailleE10;205622;Prunella hyssopifolia;Prunella hyssopifolia L.
RocailleE10;205187;Silene saxifraga;Silene saxifraga
RocailleE10;872053;Ptilotrichum macrocarpum;Ptilotrichum macrocarpum
RocailleE10;148;Coronilla orientalis;Coronilla cappadocica
RocailleE10;205624;Saponaria calabrica;Saponaria calabrica
RocailleE10;202348;Dictamnus albus;Dictamnus albus
RocailleE10;205626;Teucrium lucidum;Teucrium lucidum L.
RocailleE10;851196;Teucrium polium;Teucrium pollium
RocailleE10;205629;Urospermum dalechampii;Urospermum dalechampii
RocailleE10;208128;Aethionema iberideum;Aethionema iberideum
RocailleF00;205630;Rhodothamnus chamaecistus;Rhodothamnus chamaecistus (L) Reichb.
RocailleF00;219168;Edraianthus graminifolius;Edraianthus graminifolius
RocailleF00;219167;Aquilegia einseleana;Aquilegia einseleana
RocailleF00;219176;Campanula portenschlagiana;Campanula portenschlagiana
RocailleF00;219182;;Acantholimon ? 
RocailleF00;219187;Dianthus knappii;Dianthus knappi
RocailleF00;220306;Linaria supina;Linaria supina
RocailleF00;205829;Inula candida;Inula candida
RocailleF00;772952;Inula candida;Inula candida
RocailleF00;205631;Rhodothamnus chamaecistus f. albo;Rhodothamnus chamaecistus (L) Reichb.
RocailleF00;219165;Asplenium trichomanes;Asplenium trichomanes
RocailleF00;205632;Centaurea atropurpurea;Centaurea atropurpurea Waldst. & Kit
RocailleF00;202048;Dianthus knappii;Dianthus knappii A. et Kan. ex Borb.
RocailleF00;92122;Linum viscosum;Linum viscosum L.
RocailleF00;93434;Edraianthus graminifolius;Edraianthus parnassicus Halacsy.
RocailleF00;95064;Salvia sclarea var. turkestanica;Salvia sclarea L. var. turkestanica 
RocailleF00;205635;Telekia speciosissima;Telekia speciossima (L.) Less.
RocailleF00;206849;Campanula waldsteiniana;Campanula waldsteiniana
RocailleF01;219192;Silene auriculata;Silene auriculata
RocailleF01;219184;Satureja montana;Satureja montana
RocailleF01;219190;Saxifraga crustata;Saxifraga crustata
RocailleF01;221347;Geranium dalmaticum;Geranium  dalmaticum
RocailleF01;221348;Geranium x cantabrigiense;Geranium x cantabrigiense
RocailleF01;794259;Arabis procurrens;Arabis procumbens
RocailleF01;221385;Allium sp.;Allium sp.
RocailleF01;221387;Sempervivum ciliosum;Sempervivum  ciliosum
RocailleF01;221386;Saxifraga hostii;Saxifraga hostii subsp. hostii
RocailleF02;219171;Iris aphylla;Iris aphylla
RocailleF02;219172;Aethionema sp.;Aethionema ? 
RocailleF02;219173;Saxifraga juniperifolia;Saxifraga juniperifolia
RocailleF02;219175;Armeria canescens;Armeria canescens?
RocailleF02;96037;Pterocephalus perennis subsp. bellidifolius;Pterocephalus perennis subsp. beliidifolius 
RocailleF02;219180;Sedum telephium subsp. fabaria;Sedum telephium ssp. fabaria
RocailleF02;87016;Paederota lutea;Paederota lutea
RocailleF02;219189;Thymus praecox;Thymus praecox
RocailleF02;211063;;Alyssum  borzeanum
RocailleF02;96628;Dianthus nardiformis;Dianthus nardiformis
RocailleF02;208002;Potentilla caulescens;Potentilla caulescens
RocailleF02;221377;Campanula fenestrellata;Campanula  fenestrelatta
RocailleF02;211105;Iberis sempervirens;Ibéris sempervirens
RocailleF02;204211;Euphorbia myrsinites;Euphorbia myrsinites
RocailleF02;221384;Saxifraga subsp. sancta;Saxifraga sancta
RocailleF03;221161;Cymbalaria muralis;Cymbalaria muralis
RocailleF03;218062;Chiastophyllum oppositifolium;Chiastophyllum oppositifolium
RocailleF03;219161;Euphorbia capitulata;Euphorbia capitulata
RocailleF03;219163;Scabiosa silenifolia;Scabiosa silenifolia
RocailleF03;205616;Staehelina uniflosculosa;Staehlina uniflosculosa Sibth. & Sm.
RocailleF03;219183;Potentilla micrantha;Potentilla micrantha
RocailleF03;219188;Saxifraga hostii;Saxifraga hostii
RocailleF03;219162;;Aubrieta? 
RocailleF03;219170;Saxifraga ferdinandi-coburgi;Saxifraga ferdinandi-coburgi
RocailleF03;219164;Ramonda myconi;Ramonda myconi
RocailleF03;221083;Geranium nodosum;Geranium nodosum
RocailleF03;216209;Linaria repens;Linaria repens
RocailleF03;217217;Verbascum blattaria;Verbascum blattaria
RocailleF03;219169;Hypericum olympicum;Hypericum  olympicum ?
RocailleF03;205633;Eryngium amethystinum;Eryngium amethystinun L.
RocailleF03;93556;Aconitum moldavicum;Aconitum molvadicum Hacq.
"RocailleF03
";221194;Astragalus greuteri;Astragalus greuteri
"RocailleF03
";221379;Cystopteris fragilis;Cystopteris  fragilis
"RocailleF03
";221380;Geranium macrorrhizum;Geranium  macrorhyzum
"RocailleF03
";221381;Saxifraga paniculata var. minutifolia;Saxifraga  aizoon v. minutifolia
"RocailleF03
";221382;Sedum telephium subsp. maximum;Sedum  telephium subsp. maximum
RocailleG00;94140;Thalictrum delavayi;Thalictrum dipterocarpum
RocailleG00;88719;Synthyris missurica;Synthyris missurica
RocailleG00;221372;Allium sikkimense;Allium  tibeticum
RocailleG00;217048;;Hosta longipes
RocailleG00;221373;Morina nepalensis var. nepalensis;Morina  betonicoides
RocailleG00;221376;Asperula hirta;Asperula  hirta
RocailleG01;221102;Pinus sylvestris ‘Watereri’;Pinus sylvestris 'Watereri'
RocailleG01;96817;Iris japonica;Iris japonica Thunb.
RocailleG01;224268;Clematis mandschurica;Clematis mandschurica
RocailleG01;221107;Lygodium japonicum;Lygodium japonicum
RocailleG01;224211;Pleione formosana;Primula beesiana
RocailleG01;224210;Primula beesiana;Primula rosea
RocailleG01;224208;Sarcococca hookeriana var. digyna;Sarcococca hookeriana var.digyna
RocailleG01;224209;Primula rosea;Primula rosea
RocailleG01;221118;Epimedium diphyllum;Epimedium  diphyllum
RocailleG01;94155;Aquilegia flabellata;Aquilegia flabellata
RocailleG01;224238;Arisaema flavum;Arisaema flavum
RocailleG01;224239;Arisaema ringens;Arisaema ringens
RocailleG01;216533;Ophiopogon japonicus;Ophiopogon japonicus
RocailleG01;224240;Arisaema taiwanense;Arisaema taiwanense
RocailleG01;205267;Cypripedium formosanum;Cypripedium formosanum
RocailleG01;205266;Cypripedium japonicum;Cypripedium japonicum
RocailleG01;221350;Daphne mezereum;Daphne  mezereum
RocailleG01;221352;Thalictrum dipterocarpum;Thalictrum  dipterocarpum
RocailleG01;221353;Sarcococca hookeriana var. digyna;Sarcococca hookeriana var. digyna
RocailleG01;221354;Chelonopsis moschata;Chelonopsis moschata
RocailleG01;221355;;Cotoneaster sp.
RocailleG02;205642;Allium christophii;Allium christophii
RocailleG02;93599;Veronicastrum sibiricum;Veronicastrum sibiricum (L.) Pennell
RocailleG02;201924;Kirengeshoma palmata;Kirengeshoma palmata Yatabe
RocailleG02;221124;Pachysandra terminalis;Pachysandra  terminalis
RocailleG02;204210;Polygonum affine;Polygonum affine D. Don
RocailleG02;93650;Spiraea japonica ‘Albiflora’;Spirea albiflora
RocailleG02;224235;Inula magnifica;Inula magnifica
RocailleG02;224243;Podophyllum hexandrum;Podophyllum hexandrum
RocailleG02;205831;Asplenium fontanum;Asplenium fontanum (L.) Bernh.
RocailleG02;224244;Betonica nivea subsp. abchasica;Stachys abschasica
RocailleG02;224242;Pilea plataniflora;Pilea plataniflora
RocailleG02;224266;Gillenia trifoliata;Gillenia trifoliata
RocailleG02;221357;Spiraea japonica;Spiraea bullata
RocailleG02;221358;Liriope graminifolia;Liriope  graminifolia 
RocailleG02;221359;Helleborus sp.;Helleborus  sp.
RocailleG02;221360;Phedimus middendorfianum;Sedum middendorffianum var. diffusum
RocailleG02;221887;Allium ursinum;
RocailleG03;205640;Clematis heracleifolia;Clematis heracleifolia DC.
RocailleG03;93461;Aster ovatus;Aster ageratoides Turz. var. ovatus Nakai
RocailleG03;221121;Bergenia purpurascens;Bergenia purpurascens
RocailleG03;221122;Bletilla striata;Bletilla striata
RocailleG03;205649;Iris tectorum;Iris tectorum
RocailleG03;221123;Astilbe thunbergii var. taquetii;Astilbe thunbergi var. tacquetii
RocailleG04;221127;Saxifraga stolonifera;Saxifraga stolonifera Curtis
RocailleG04;205646;Begonia grandis;Begonia grandis subsp. grandis 
RocailleG04;761915;Plagiorhegma dubium;Jeffersonia dubia
RocailleG04;221363;Hypericum beanii;Hypericum  beanii
RocailleG04;224241;Globba racemosa;Globba  aff. hookeri
RocailleG04;221361;Tiarella cordifolia;Tiarella  cordifolia
RocailleG04;221362;Allium cyaneum;Allium  cyaneum
RocailleG04;221364;Saxifraga juniperifolia;Saxifraga  pseudosancta
RocailleG04;221365;Hosta montana;Hosta  montana
RocailleG05;221195;Haberlea rhodopensis f. fl. albo;Haberlea rhodopensis cv. ‘Alba‘
RocailleG05;221119;Duchesnea indica;Duchesnea indica
RocailleG05;205650;Narcissus x johnstonii;Narcissus X johnstonii
RocailleG05;221123;Astilbe thunbergii var. taquetii;Astilbe thunbergi var. tacquetii
RocailleG05;205652;Roscoea cautleoides;Roscoea cautleoides Gagnep.
RocailleG06;205648;Carex otrubae;Carex otrubae
RocailleG06;221367;Epimedium alpinum;Epimedium  alpinum
RocailleG06;221658;Hyacinthoides hispanica;Hyacinthoides hispanica
RocailleG06;221368;Heuchera americana;Heuchta  americana
RocailleG06;221369;Astilbe chinensis var. pumila;Astilbe  chinensis var. pumila
RocailleG06;221370;Rhododendron x intermedium;Rhododendron  x intermedium
RocailleG06;221374;Narcissus x johnstonii;Narcissus jonhstonii
RocailleG10;206870;Senecio abrotanifolius;Senecio abrotanifolia
RocailleG10;205647;Campanula sarmatica;Campanula samarica
RocailleG10;205655;Moltkia doerfleri;Moltkia doerfleri Wettst.
RocailleG10;92029;Codonopsis clematidea;Codonopsis clematidae
RocailleG10;217056;Corchoropsis tomentosa;Corchoropsis tomentosa
RocailleH00;219245;Ornithogalum exscapum;Ornithogalum exscapum
RocailleH00;219234;Geranium x cantabrigiense;Geranium  x cantabrigiense
RocailleH00;219239;Potentilla micrantha;Potentilla micrantha
RocailleH00;219240;Phyllitis scolopendrium;Asplenium scolopendrium
RocailleH00;219242;Potentilla cinerea;Potentilla cinerea
RocailleH00;219243;Geranium argenteum;Geranium argenteum
RocailleH00;221500;Arenaria gracilis;Arenaria gracilis
RocailleH00;221499;Asyneuma limonifolium;Asyneuma limonifolium
RocailleH01;205654;Erythronium tuolumnense;Erythronium tuolumense
RocailleH01;219237;Astragalus angustiflorus;Astragalus angustifolius
RocailleH01;219238;Daphne kosaninii;Daphne kosaninii
RocailleH01;882649;Globularia bisnagarica;Globularia aphyllantes Cr.
RocailleH01;205658;Moltkia petraea;Moltkia petrae
RocailleH01;882790;Lomelosia argentea;Scabiosa argentea L.
RocailleH01;205675;Veronica spicata subsp. incana;Veronica spicata subsp. incana 
RocailleH01;219244;Geranium macrorrhizum;Geranium macrorrhizum ?
RocailleH01;221492;Cerastium grandiflorum;Cerastium grandiflorum
RocailleH01;221493;Geranium dalmaticum;Geranium dalmaticum
RocailleH01;221494;Campanula formanekiana;Campanula formanekiana
RocailleH01;222043;Scrophularia sambucifolia;Scrophularia sambucifolia
"RocailleH01
";221630;Hyacinthoides italica;Hyacinthoides italica
RocailleH02;219229;Globularia meridionalis;Globularia meridionalis
RocailleH02;219241;Satureja montana;Satureja  montana
RocailleH02;93352;Achillea grandifolia;Achillea grandiflora Friv.
RocailleH02;221495;Aubrieta sp.;Aubrieta sp.
RocailleH03;219226;Rosa sicula;Rosa sicula
RocailleH03;219227;Helleborus sp.;Helleborus sp.
RocailleH03;219246;Potentilla incana;Potentilla incana
RocailleH03;219229;Globularia meridionalis;Globularia meridionalis
RocailleH03;205658;Moltkia petraea;Moltkia petrae
RocailleH03;221496;Sideritis scardica;Sideritis scardica
RocailleH03;221497;Genista sp.;Genista sp.
RocailleH03;221498;Acanthus spinosus;Acanthus spinosus
RocailleH03;221501;Campanula poscharskyana;Campanula poscharskyana
RocailleH10;91076;Edraianthus pumilio;Edraianthus pumilo
RocailleH10;77595;Gentiana septemfida subsp. lagodechiana;Gentiana lagodechiana
RocailleH10;205645;Cistus inflatus;Cistus psilosepalus Sweet.
RocailleH10;9034;Jasione heldreichii;Jasione jankae
RocailleH10;206851;Genista sericea;genista sericea
RocailleH10;208001;Gentiana walujewii;Gentiana kesselringii Regel
RocailleH10;93232;Omphalodes linifolia;Omphalodes linifolia (L.)  Moench
RocailleJ00;95107;Aconitum volubile;Aconitum volubile
RocailleJ00;97511;Glaucidium palmatum;Glaucidium palmatum
RocailleJ00;205683;Morina persica;Morina persica
RocailleJ00;205273;Geum coccineum;Geum coccineum
RocailleJ00;94245;Primula vialii;Primula viallii Delav. ex Franch
RocailleJ00;872027;Paradisea liliastrum;Paradisea liliastrum
RocailleJ00;205519;Papaver orientale;Papaver bracteum
RocailleJ00;205520;Tanacetum argenteum;Tanacetum argenteum
RocailleJ00;205523;Dianthus seguieri subsp. gautieri;Dianthus neglectus
RocailleJ00;206506;Paeonia tenuifolia;Paeonia tenuifolia
RocailleJ00;205526;Campanula incurva;Campanula incurva
RocailleJ00;200351;Origanum x suendermanii;Origanum sundermannii
RocailleJ00;203135;Silene compacta;Silene compacta Fisch.
RocailleJ00;205527;Colchicum laetum;Colchicum laetum
RocailleJ00;205528;Cerinthe glabra subsp. tenuiflora;Cerinthe tenuifolia
RocailleJ01;221392;Acanthus hungaricus;Acanthus hungaricus
RocailleJ01;221394;Asplenium ceterach;Asplenium ceterach
RocailleJ01;;;
RocailleJ01;221395;Santolina chamaecyparissus;Santolina chamaecyparissus
RocailleJ01;221396;Geranium sanguineum;Geranium sanguineum
RocailleJ01;221397;;Ononis ? 
RocailleJ01;221398;Origanum laevigatum;Origanum  laevigatum
RocailleJ01;221399;Erodium chrysanthum;Erodium chrysanthum
RocailleJ01;221400;Dianthus sp.;Dianthus anatolicus ?
RocailleJ01;221401;Dianthus sp.;Dianthus sp
RocailleJ01;221159;Geranium robertianum subsp. purpureum;Geranium robertianum purpureum
RocailleJ01;222069;Bellevalia paradoxa;Muscari paradoxum
RocailleJ02;205677;Orlaya grandiflora;Orlaya  grandiflora (L.) Hoffm.
RocailleJ02;221166;Lithodora zahnii;Lithodora zahnii
RocailleJ02;221388;Gladiolus atroviolaceus;Gladiolus atroviolaceus
RocailleJ02;221389;Sternbergia lutea;Stenberga  lutea
RocailleJ02;221390;Cytisus emeriflorus;Cytisus  emeriflorus
RocailleJ02;221391;Thymus serpyllum var. minor;Thymus serpyllum var. minor
RocailleJ03;205524;Allium karataviense;Allium karataviense
RocailleJ03;97526;Serratula nudicaulis;Serratula nudicaulis  (L.) DC.
RocailleJ03;220070;Prunus dulcis ‘Blanches du Portugal’;Prunus dulcis var. Weiser Portugal 
RocailleJ03;205532;Iris suaveolens;Iris rubro-marginata
RocailleJ03;205529;Tulipa pulchella;Tulipa pulchella
RocailleJ03;205534;Muscari botryoides;Muscari botryoides
RocailleJ03;222071;Crocus kotschyanus subsp. kotschyanus;Crocus kotschyanus subsp. kotschyanus
RocailleJ04;220304;Daphne blagayana;Daphne blagayana 
RocailleJ04;221074;Crocus flavus;Crocus flavus
RocailleJ04;204232;Saxifraga scardica;Saxifraga scardica
RocailleJ04;222073;Crocus robertianus;Crocus robertianus
RocailleJ04;200361;Cypripedium x ‘Emil’;Cypripedium X cv. ‘Emil‘
RocailleJ04;99139;Fritillaria acmopetala;Fritillaria acmopetala
RocailleJ04;205541;Saxifraga umbrosa ‘Variegata aurea’;Saxifraga umbrosa cv. ‘Variegata aurea‘
RocailleJ04;221394;Asplenium ceterach;Asplenium ceterach
RocailleJ04;221409;Potentilla pedata;Potentilla pedata
RocailleJ04;221410;Lamium orvala;Lamium orvala
RocailleJ04;221411;Cypripedium reginae;Cypripedium reginae
RocailleJ04;201149;Allium monadelphum;Allium monadelphum Turcz. ex Kunth.
RocailleJ04;221412;Anemone nemorosa ‘Robinsoniana’;Anemone nemorosa 'Robinsonia'
RocailleJ04;221413;Saxifraga ferdinandi-coburgi;Saxifraga ferdinandi-coburgi
RocailleJ04;221414;Helictotrichon sempervirens;Helictotrichon sempervirens
RocailleJ04;221418;Trillium luteum;Trilium luteum
RocailleJ04;221419;Polystichum aculeatum;Polystichum aculeatum
RocailleJ04;221420;Dryopteris filix-mas;Dryopteris filix-mas
RocailleJ04;221421;Athyrium filix-femina;Athyrium filix-femina
RocailleJ04;221422;Saxifraga juniperifolia;Saxifraga juniperifolia
RocailleJ05;201168;Trillium cernuum;Trillium cernuum L.
RocailleJ05;221407;Clematis recta;Clematis recta
RocailleJ05;221408;Haberlea ferdinandi-coburgii;Haberlea ferdinandi
RocailleJ05;222074;Tripleurospermum caucasicum;Chrysanthemum oreades
RocailleJ06;221404;Paeonia daurica;Paeonia daurica
RocailleJ06;221405;Helleborus cyclophyllus;Helleborus cyclophyllus
RocailleJ06;222067;Chionodoxa luciliae;Chionodoxa gigantea
RocailleJ06;201158;Paeonia wittmanniana;Paeonia wittmanniana Hartwiss subsp. wittmanniana 
RocailleJ07;206867;Potentilla salesoviana;Potentilla salesoviana
RocailleJ07;221402;Cornus nuttallii;Cornus nuttallii
RocailleJ07;221403;;Tulipa aucheriana ?
RocailleJ07;220394;Allium insubricum;Allium  insubricum 
RocailleJ08;221196;Iris sibirica f. Alba;Iris sibirica cv. ‘Alba‘
RocailleJ08;200474;Listera ovata;Listera ovata (L.) R. Br.
"RocailleJ08
";218112;Adiantum pedatum;Adiantum pedatum
RocailleJ09;203192;Crocus sieberi subsp. sublimis f. tricolor;Crocus sieberi cv. ‘Tricolor‘
RocailleJ09;784524;Iris sintenisii;Iris sintenisii Janka
RocailleJ09;205518;;Iris sp.
RocailleJ09;205521;Crocus kotschyanus;Crocus kotschyanus subsp. kotschyanus 
RocailleJ09;205522;;Caryophyllacées Sp 
RocailleJ09;221252;Dracocephalum ruyschiana;Dracocephalum ruyschiana
RocailleJ09;221309;;Centaurea ragusina
RocailleJ09;221397;;Ononis ? 
RocailleJ09;221415;;Hypericum ? 
RocailleJ09;221875;Centaurea macrocephala;Centaurea macrocephala
RocailleJ09;221873;Paeonia officinalis subsp. banatica;Paeonia officinalis subsp. banatica
RocailleJ10;203154;Campanula incurva;Campanula incurva Aucher ex A.DC.
RocailleJ10;206865;Cardiocrinum giganteum;Cardiocrinum giganteum
RocailleJ10;205530;Draba bruniifolia subsp. olympica;Draba diversifolia
RocailleJ10;205531;Veronica pectinata;Veronica pectinata
RocailleJ10;203154;Campanula incurva;Campanula incurva Aucher ex A.DC.
RocailleJ10;205533;Achillea moschata X umbellata;Achillea moschata X umbellata
RocailleJ10;205535;;Eryngium sp.
RocailleJ10;205536;Cyclamen coum;Cyclamen coum
RocailleJ10;205538;Achillea ageratifolia;Achillea ageratifolia
RocailleJ10;205540;Pseudomuscari sp.;Hyacintella azurea
RocailleK00;217068;Draba aizoides;Draba aizoides
RocailleK00;200204;Saxifraga x elisabethae;Saxifraga elisabethae
RocailleK00;217070;Saxifraga bronchialis;Saxifraga bronchialis
RocailleK01;221454;Dianthus subacaulis;Dianthus subacaulis
RocailleK01;221460;Thymus praecox subsp. arcticus;Thymus praecox ssp. articus
RocailleK01;221457;Helianthemum nummularium subsp. pyrenaicum;Helianthemum numula spp. pyrenaicum
RocailleK01;221473;;Geranium sanguineum var. prostratum
RocailleK01;90870;Juniperus x pfitzeriana;"Juniperus chinensis""pfitzeriana"""
RocailleK02;206854;Amsonia orientalis;Rhazia orientalis
RocailleK02;221452;Antirrhinum molle;Antirrhium molle
RocailleK02;221461;Galium album;Gallium album spp. album
RocailleK02;221883;Acis ionica;Acis ionica
RocailleK03;218065;Allium roseum;Allium roseum subsp. roseum 
RocailleK04;203192;Crocus sieberi subsp. sublimis f. tricolor;Crocus sieberi cv. ‘Tricolor‘
RocailleK04;221463;Veronica spicata subsp. incana;Veronica spicata spp. ineana
RocailleK04;221464;;Origanum vulgare spp. hirtum
RocailleK04;221466;Paeonia x tenuifolia ‘Early Scout’;Paeonia tenuifolia 'Hybrida'
RocailleK04;221465;;Erodium sp.
RocailleK04;221467;;Geranium sp.
RocailleK04;221468;Scutellaria albida;Scutellaria albida
RocailleK04;222075;Parapimpinella siifolia;Pimpinella siifolia
RocailleK04;222076;Veronica spicata subsp. incana;Veronica spicata subsp. incana
RocailleK04;222077;Allium neapolitanum;Allium neapolitanum
RocailleK04;222078;Gladiolus communis;Gladiolus communis subsp. bysantinus
RocailleK05;218074;Daphne sericea;Daphne sericea
RocailleK05;221462;Paeonia tenuifolia;Paeonia tenuifolia
RocailleK06;200249;Geranium endressii;Geranium endressi
RocailleK06;200295;Saponaria caespitosa;Saponaria caespitosa
RocailleK07;882919;Erinacea anthyllis;Erinacea anthylis
RocailleK07;221178;Globularia nudicaulis;Globularia nudicaulis
RocailleK07;90787;Glandora oleifolia;Lithodora oleifolia (Lapeyr.) Griseb.
RocailleK07;200227;Saxifraga umbrosa;Saxifraga umbrosa
RocailleK07;206846;Eryngium bourgatii;Eryngium bourgatti
RocailleK07;221453;Brunnera macrophylla;Brunnera macrophylla
RocailleK07;221456;Erodium manescavi;Erodium manescavi
RocailleK07;221458;Potentilla pyrenaica;Potentilla pyrenaica
RocailleK07;221459;Teucrium pyrenaicum;Teucrium pyrenaicum
RocailleK07;221469;Teucrium chamaedrys;Teucrium chamaedrys
RocailleK07;221470;;Helianthemum sp.
RocailleK07;221471;Geum pyrenaicum;Geum pyrenaicum
RocailleK07;221472;Echinospartum horridum;Echinospermum horridum
RocailleK07;221471;Geum pyrenaicum;Geum pyrenaicum
RocailleK07;200474;Listera ovata;Listera ovata (L.) R. Br.
RocailleK07;215323;Globularia nudicaulis;Globularia nudicaulis
RocailleK07;221550;Digitalis grandiflora;Digitalis grandiflora
RocailleK07;221406;Saxifraga umbrosa;Saxifraga umbrosa
RocailleK07;96747;Adonis amurensis;Adonis amurensis Regel et Radde
RocailleK07;221453;Brunnera macrophylla;Brunnera macrophylla
RocailleK07;221295;Hypericum balearicum;Hypericum balearicum
RocailleK07;221883;Acis ionica;Acis ionica
RocailleK07;221884;Genista hispanica;Genista hispanica
RocailleK07;221885;Sideritis hyssopifolia;Sideritis hyssopifolia
RocailleK07;221456;Erodium manescavi;Erodium manescavi
RocailleK07;221547;Erysimum ochroleucum;Erysimum  ochroleucon
RocailleK07;221311;Hypericum balearicum;Hypericum balearicum
RocailleK07;221245;Cneorum tricoccon;Cneorum tricoccon
RocailleK07;221306;;"Phlomis
 lychnitis"
RocailleK08;216697;Asphodelus albus;Asphodelus albus Willd
RocailleK10;861482;Globularia gracilis;Globularia gracilis Rouy & J. richter
RocailleK10;205698;Prunella grandiflora subsp. pyrenaica;Prunella grandiflora subsp. pyrenaica 
RocailleL00;205869;Geranium renardii;Geranium renardii
RocailleL00;217071;Incarvillea olgae;Incarvillea olgae
RocailleL00;221179;Nonea lutea;Norea lutea
RocailleL00;202226;Lychnis viscaria subsp. atropurpurea;Viscaria sartorii
RocailleL00;205704;Centaurea simplicicaulis;Centaurea simplicaulis
RocailleL00;202098;Verbascum speciosum;Verbascum speciosum
RocailleL00;96741;Dracocephalum grandiflorum;Dracocephalum grandiflorum
RocailleL00;205929;Sedum cepaea;Sedum sp
RocailleL00;202207;Crocus ancyrensis;Crocus ancyrensis
RocailleL00;205870;;Iris sp.
RocailleL00;696968;Papaver orientale;Papaver orientalis
RocailleL00;205925;Arenaria gypsophiloides;Arenaria gypsophilloides
RocailleL00;205930;Epipactis palustris;Epipactis palustris
RocailleL00;202258;;Dianthus sp.
RocailleL00;205711;Incarvillea olgae;Incarvillea olgae
RocailleL00;202817;;Sedum 
RocailleL00;205872;Phedimus aizoon;Sedum aizoon
RocailleL00;205926;Acantholimon ulicinum;Acantholimon 
RocailleL00;202259;;Dianthus ou Armeria 
RocailleL00;205927;Crocus kotschyanus f. flora-alba;Crocus kotchyanus f. flore-albo 
RocailleL00;205931;Minuartia imbricata;Minuartia imbricata
RocailleL00;202209;Nepeta transcapia;Nepeta transcapia
RocailleL00;205521;Crocus kotschyanus;Crocus kotschyanus subsp. kotschyanus 
RocailleL00;205928;Iris pumila var. citrina;Iris pumila var. citrina 
RocailleL00;872428;Dryas grandis;Dryas grandis
RocailleL00;202261;;Sedum populifolium
RocailleL00;92019;Dianthus viscidus;Dianthus viscidus Bory &Chaub.
RocailleL00;84596;Dracocephalum nutans;Dracocephalum nutans L.
RocailleL00;201030;Campanula aucheri;Campanula aucheri
RocailleL00;96696;Androsace sempervivoides;Androsace sempervivoides
RocailleL00;205874;Stachys lavandulifolia;Stachys lavandulifolia
RocailleL00;815063;Silene saxatilis;Silene saxatilis
RocailleL00;202263;Pulsatilla vulgaris;Pulsatilla ucrainica
RocailleL00;205713;Scutellaria orientalis;Scutellaria orientalis
RocailleL00;211056;Penstemon azureus;Penstemon  azureus Benth.
RocailleL00;84564;Acantholimon sp.;Acantholimon sp.
RocailleL00;96685;Veronica petraea;Veronica petraea
RocailleL00;94083;Dianthus haematocalyx subsp. pindicola;Dianthus haemathocalyx subsp. pindicola 
RocailleL00;205910;Genista ovata;Genista ovata W. & K.
RocailleL00;202265;Salvia aethiopis;Salvia aethiopis
RocailleL00;626809;Geranium albiflorum;Geranium albiflorum
RocailleL00;202214;Ramonda nathaliae;Ramonda nathaliae
RocailleL00;202266;Tulipa humilis;Tulipa humilis
RocailleL00;205912;;Antennaria sp.
RocailleL00;205934;Serratula seoanei;Centaurea bella
RocailleL00;202267;Bellevalia wilhelmsii;Bellevalia wilhelmsii 
RocailleL00;205913;Aster sibiricus;Aster sibiricus
RocailleL00;205935;Crocus angustifolius;Crocus angustifolius West.
RocailleL00;202268;Anthemis marschalliana;Anthemis marchalliana
RocailleL00;205715;Scutellaria orientalis subsp. pinnatifida;Scutellaria orientalis var. pinnatifida Boiss
RocailleL00;205936;;caryophyllacées ?? 
RocailleL00;220025;Iris dichotoma;Iris dichotoma
RocailleL00;202269;;Pulsatilla sp.
RocailleL00;205914;Colchicum autumnale f. fl. albo;Colchicum Autumnale f. flore-albo 
RocailleL00;205937;Minuartia laricifolia subsp. kitaibelii;Minuartia laricifolia subsp. kitaibelii 
RocailleL00;202218;Fritillaria uva-vulpis;Fritillaria uva-vulpis
RocailleL00;202270;Dryas caucasica;Dryas caucasica
RocailleL00;205915;Veronica multifida;Veronica multifida
RocailleL00;205938;;Sedum sp.
RocailleL00;202219;Silene dinarica;Silene dinarica
RocailleL00;205916;Arenaria dianthoides;Arenaria dianthoides ?
RocailleL00;200204;Saxifraga x elisabethae;Saxifraga elisabethae
RocailleL00;205917;;Dianthus sp.
RocailleL00;95155;Dianthus pavonius;Dianthus pavonius Tausch
RocailleL00;202273;;Muscari caucasica
RocailleL00;205918;;Alyssum sp.
RocailleL00;205939;Hieracium caespitosum;Hieracium caespitosum
RocailleL00;202274;;Tulipa greigii
RocailleL00;205919;;Phyteuma sp.
RocailleL00;626874;;Allium montanum subsp. petraeum 
RocailleL00;205941;Centaurea phaeopappoides;Centaurea phaeopoides
RocailleL00;202222;Allium aflatunense;Allium aflatunense
RocailleL00;202277;;Dianthus sp.
RocailleL00;205921;Linum perenne subsp. extraaxillare;Linum extraaxillare
RocailleL00;205942;;Eryngium sp.
RocailleL00;200246;;Iris lactea
RocailleL00;200310;Erinus alpinus;Erinus alpinus
RocailleL00;202223;Coluria geoides;Coluria geoides
RocailleL00;202224;Veronica prostrata;Veronica rupestris
RocailleL00;202279;Asyneuma campanuloides;Phyteuma campanuloides
RocailleL00;202225;Aster sibiricus;Aster sibiricus
RocailleL00;94325;Campanula carnica;Campanula carnica Mert.& Koch
RocailleL00;205923;;Camonille ?? 
RocailleL00;202226;Lychnis viscaria subsp. atropurpurea;Viscaria sartorii
RocailleL00;202280;Ornithogalum oligophyllum;Ornithogalum balansae
RocailleL00;205924;;Campanula sp.
RocailleL00;202227;Tulipa biflora;Tulipa biflora
RocailleL00;202281;Veronica armena;Veronica armena
RocailleL00;217290;;Dianthus superbus L.
RocailleL00;202228;Veronica gentianoides;Veronica gentianoides
RocailleL00;202282;Bellium bellidioides;Bellium minutum
RocailleL00;202229;Tulipa linifolia;Tulipa linifolia
RocailleL00;202230;Draba mollissima;Draba molissima
RocailleL00;202284;;Hypericum sp.
RocailleL00;99156;Symphyandra zanzegur;Symphyandra zangezura
RocailleL00;202285;Arenaria koriniana;Arenaria koriniana
RocailleL00;202296;;caryophyllacées ?? 
RocailleL00;202231;Crocus korolkowii;Crocus korolkowii
RocailleL00;202287;Scutellaria polyodon;Scutellaria polyodon
RocailleL00;202288;Arenaria stenophylla;Arenaria stenophylla
RocailleL00;202233;;Tulipa altaica
RocailleL00;202289;Sedum stoloniferum;Sedum stol
RocailleL00;202234;Saxifraga paniculata subsp. cartilaginea;Saxifraga paniculata subsp. cartilaginea 
RocailleL00;202290;Sempervivum pumilum;Sempervivum pumilum
RocailleL00;202235;Erigeron caucasicus;Erigeron caucasicus
RocailleL00;201030;Campanula aucheri;Campanula aucheri
RocailleL00;202293;;Dianthus sp. 
RocailleL00;202294;Campanula collina;Campanula collina
RocailleL00;762312;Campanula siegizmundi;Campanula sigismundii
RocailleL00;94125;Aquilegia amaliae;Aquilegia amaliae Heldr. ex Boiss.
RocailleL00;202240;;Acantholimon sp.
RocailleL00;202241;Galanthus nivalis ‘S. Arnott’;Galanthus nivalis var. arnoti 
RocailleL00;202242;Arabis scopoliana;arabis scopoliana
RocailleL00;784012;Trollius europaeus subsp. transsilvanicus;Trollius transilvanicus
RocailleL00;202245;;Geum faurrieri
RocailleL00;202247;Campanula raddeana;Campanula radeana
RocailleL00;202248;Primula juliae;Primula juliae
RocailleL00;815085;Minuartia imbricata;Minuartia imbricata
RocailleL00;202250;Saxifraga desoulavyi;Saxifraga desoulavii
RocailleL00;202251;Campanula kemulariae;Campanula kemulariae
RocailleL00;202252;;Saxifraga cf. rotundifolia
RocailleL00;221489;Apium nodiflorum;Apium nodiflorum
RocailleL00;221490;Apium nodiflorum;Apium nodiflorum
RocailleL00;221491;Apium nodiflorum;Apium nodiflorum
RocailleL01;202205;Pinus mugo;Pinus montana
RocailleL01;222015;Tragopogon dubius;Tragopogon dubius
RocailleL01;202206;Epimedium pubigerum;Epimedium pubigerum
RocailleL01;202210;Geranium macrorrhizum;Geranium sp.
RocailleL01;202232;Nepeta racemosa;Nepeta mussinnii
RocailleL01;202236;Minuartia graminifolia subsp. clandestina;Minuartia graminifolia subsp. clandestina 
RocailleL01;202295;Crocus speciosus;Crocus speciosus subsp. speciosus 
RocailleL02;202271;Gypsophila tenuifolia subsp. gracilipes;Gypsophila tenuifolia subsp. gracilipes 
RocailleL02;205911;Silene viscaria;Lychnis viscaria
RocailleL02;221392;Acanthus hungaricus;Acanthus hungaricus
RocailleL02;202220;;Potentilla sp.
RocailleL02;95084;Leucas mollissima;Leucas mollissima Wallich ex Benth var. chinensis 
RocailleL02;201029;Arnebia pulchra;Arnebia pulchra
RocailleL02;94057;Iris reichenbachii;Iris reichenbachii Heuff.
RocailleL02;200155;Verbascum phoeniceum;Verbascum phoeniceum
RocailleL02;98584;Eryngium giganteum;Eryngium giganteum M. B.
RocailleL02;221475;Sedum spurium;Sedum spurium
RocailleL02;202246;Chiastophyllum oppositifolium;Chiastophyllum oppositifolium
RocailleL02;221478;Potentilla micrantha;Potentilla micrantha
RocailleL03;202255;Celtis caucasica;Celtis caucasica
RocailleL03;221477;Paeonia mascula;Paeonia masula
RocailleL03;202256;Stachys byzantina;Stachys byzantina
RocailleL03;202257;Stachys macrantha;Stachys grandiflora
RocailleL03;98592;Paeonia mlokosewitschii;Paeonia mlokosewitschii Lomak.
RocailleL03;88064;Veratrum nigrum;Veratrum nigrum
RocailleL03;872012;Helleborus orientalis;Helleborus caucasicus
RocailleL03;221474;Sedum kamtschaticum;Sedum kamtschaticum
RocailleL03;202221;Phuopsis stylosa;Phuopsis stylosa
RocailleL03;95072;Artemisia alba;Artemisia alba Turra subsp. canescens DC. Soó et Priszter
RocailleL03;202262;Gypsophila tenuifolia;Gypsophilla tenuifolia
RocailleL03;222002;Aurinia saxatilis;
RocailleL03;222001;Hieracium pilosella;
RocailleL04;202263;Pulsatilla vulgaris;Pulsatilla ucrainica
RocailleL04;216094;Cystopteris fragilis;Cystopteris fragilis
RocailleL04;202256;Stachys byzantina;Stachys byzantina
RocailleL04;221479;;Daphne sp.
RocailleL04;221480;Heliosperma albanicum;Heliosperma albanicum
RocailleL04;221476;Hieracium neocerinthe;Hieracium neocerinthe
RocailleL04;200080;Stachys alopecuros;Betonica alopecuros L.
RocailleL04;202208;Cerinthe major f. pupurescens;Cerinthe major f. pupurescens  
RocailleL04;221085;Pulsatilla vulgaris;Pulsatilla vulgaris
RocailleL04;224267;Veronica gentianoides;Veronica  gentianoides
RocailleL04;215045;Thalictrum minus;Thalictrum minus
RocailleL04;3668;Tulipa kaufmanniana;Tulipa kaufamniana
RocailleL04;3668;Tulipa kaufmanniana;Tulipa kaufamniana
RocailleL04;222000;Ajuga reptans;Ajuga reptans
RocailleL04;202283;Achillea ageratifolia;Achillea ageratifolia
RocailleL04;202286;Corylopsis pauciflora;Corylopsis pauciflora
RocailleL04;202292;Achillea chrysocoma;Achillea chrysocoma
RocailleL04;200347;Cyclamen coum;Cyclamen coum
RocailleL04;93214;Alyssoides utriculata;Alyssoides utriculata ( L. ) Medicus.
RocailleL04;202254;Phedimus aizoon;Sedum sp.
RocailleL04;202272;Tulipa hungarica;Tulipa orientalis
RocailleL04;202275;Iris reticulata;Iris reticulata
RocailleL04;222041;;Hieracium pseudumbrosum
RocailleL04;222042;Gladiolus italicus;Gladiolus italicus
RocailleL06;772602;Iris lactea;Iris sp.
RocailleL06;218101;Scutellaria altissima;Scutellaria altissima
RocailleL07;205714;Roscoea humeana;Roscoea humeana
RocailleL07;205716;Silene schafta;Silene schafta
RocailleL07;221197;Veronica austriaca;Veronica austriaca ssp.  austriaca 
RocailleL07;217053;;Lomelosia argentea
RocailleL07;90433;Rudbeckia hirta;Rudbeckia hirta L.
RocailleL07;205873;Iris timofejewii;Iris aphylla L.
RocailleL07;205712;Lathyrus roseus;Lathyrus roseus steven
RocailleL07;205911;Silene viscaria;Lychnis viscaria
RocailleL07;219236;Lomelosia argentea;Scabiosa argentea
RocailleL07;211057;Allium cyaneum;Allium cyaneum Regel
RocailleL07;205920;Linum flavum;Linum sp?
RocailleL07;211041;Edraianthus graminifolius;Edraianthus graminifolius (L.) A.DC.
RocailleL07;221481;Eryngium amethystinum;Erynginum anethystynum
RocailleL07;221482;Iris aphylla;Iris aphylla
RocailleL07;221483;Iris sibirica;Iris sibirica
RocailleL07;221484;Acantholimon calverti;Acantholimon calvertii
RocailleL07;221485;Sedum gracile;Sedum gracille
RocailleL07;221486;Cirsium canum;Cirsium canum
RocailleL07;221487;Sisyrinchium striatum;Sisyrinchium striatum
RocailleL08;221488;Fuchsia magellanica;Fuschia magellanica
RocailleL08;205922;Euonymus nanus;Euonymus nanus
RocailleL10;217071;Incarvillea olgae;Incarvillea olgae
RocailleM00;221512;Veronica Forrestii;Veronica forrestii
RocailleM00;221513;Crocus angustifolius;Crocus angustifolius
RocailleM00;221523;Haplophyllum patavinum;Haplophyllum patavinum
RocailleM00;221526;Allium cyathophorum subsp. farreri;Allium cyathophorum v. farreri
RocailleM00;221527;Allium beesianum;Allium beesianum
RocailleM01;221502;Acer griseum;Acer griseum
RocailleM01;;;
RocailleM02;87204;Iris unguicularis;Iris unguicularis
RocailleM02;206864;Belamcanda chinensis;Belamcanda chinensis
RocailleM02;207134;Eranthis hyemalis;Eranthis hiemalis
RocailleM02;221522;Platycodon grandiflorus subsp. autumnale;Platycodon grandiflorum v. automnale
RocailleM02;221524;Iris lutescens;Iris lutescens subsp. lutescens
RocailleM02;221525;Macleaya microcarpa ;Macleaya microcarpa
RocailleM03;221516;Miscanthus sinensis;Miscanthus sinensis
RocailleM03;221517;Sarcococca ruscifolia;Sarcococca ruscifolia
RocailleM03;221518;Ceratostigma plumbaginoides;Ceratostigma plumboginoides
RocailleM04;2987;Salvia  forsskaolei;Salvia forskaohlei
RocailleM04;221506;Platycodon grandiflorus;Platycodon grandiflorus
RocailleM04;204258;Potentilla fruticosa;Potentilla fruticosa
RocailleM04;221507;Achillea ptarmica;Achillea ptarmica
RocailleM04;221508;Iris sp.;Iris sp.
RocailleM04;221509;Saxifraga x apiculata;Saxifraga x apiculata
RocailleM04;221511;;Potentila sp.
RocailleM04;221514;Cyclamen hederifolium;Cyclamen hederifolium
RocailleM04;221515;Magnolia stellata;Magnolia kobus subsp. stellatum
RocailleM05;221519;Geranium macrorrhizum;Geranium macrorrhizum
RocailleM05;221520;;Platycodon sp.
RocailleM06;221503;Rosa chinensis ‘mutabilis’;Rosa chinensis 'Mutabilis'
RocailleM06;221504;Carex sp.;Carex sp.
RocailleM06;221521;Himantoglossum robertianum;Himantoglossum robertianum
RocailleM06;221505;Ruscus aculeatus;Ruscus aculeatus
RocailleM10;209103;Dicentra spectabilis;Dicentra spectabilis
RocailleM10;209104;Dianthus sinensis;Dianthus sinensis
RocailleM10;97040;;Belamcandra flabellata
RocailleN01;201510;Nothoscordum bivalve;Nothoscordum bivalve
RocailleN01;92078;Coreopsis lanceolata;Coreopsis lanceolata L.
RocailleN01;201533;Chelone obliqua;chelone oblica
RocailleN01;201503;;Penstemon hybridus
RocailleN02;201504;Saxifraga x eudoxiana ‘Haagii’;Saxifraga X haagii
RocailleN02;201557;Oenothera perennis;Oenothera pumila
RocailleN02;201505;Erigeron glaucus;Erigeron cf. glaucus
RocailleN02;205512;Globularia repens f. pygmaea;Globularia nan cv. ‘pygmaea‘
RocailleN02;201506;Erigeron karvinskianus;erigeron karavinaskianus
RocailleN02;201507;Picea glauca ‘Conica’;Picea glauca var. conica 
RocailleN02;201508;Minuartia stellata;Minuartia stellata
RocailleN02;201509;;antennaria sp.
RocailleN02;201510;Nothoscordum bivalve;Nothoscordum bivalve
RocailleN03;201518;Jamesia americana;Jamesia americana
RocailleN03;201519;Oenothera tetragona var. riparia;Oenothera riparia
RocailleN03;201520;;Camassia ou Zigadenus?? sp.
RocailleN03;201521;Carex grayii;Carex Grayii
RocailleN03;201523;Potentilla ambigens;Potentilla ambigens
RocailleN03;201522;Stachys rupestris;Stachys rupestris
RocailleN03;201524;Zigadenus elegans;Zygadenus elegans
RocailleN03;201525;Berberis empetrifolia;Berberis empetrifolia
RocailleN03;201526;Potentilla hippiana;Potentilla hippiania
RocailleN03;201527;Cephalanthus occidentalis;Cephalanthus occidentalis
RocailleN03;201528;Eriophyllum lanatum;Eriophyllum caespitosum
RocailleN03;201529;Tropaeolum polyphyllum;Tropaeolum polyphyllum
RocailleN03;201530;Aster conspicuus;Aster conspicus
RocailleN03;201531;Potentilla gracilis;Potentilla gracilis
RocailleN03;201532;Iris versicolor;Iris versicolor
RocailleN03;201533;Chelone obliqua;chelone oblica
RocailleN03;92078;Coreopsis lanceolata;Coreopsis lanceolata L.
RocailleN03;201534;Petrophytum caespitosum;Petrophytum caespitosum
RocailleN03;201535;Penstemon linarioides;Penstemon linarioides
RocailleN03;201536;Saxifraga x geuderi;Saxifraga geuderi
RocailleN03;201537;Phlox amoena;Phlox amoena
RocailleN03;201538;Iris lacustris;Iris lacustris
RocailleN03;201539;Erigeron ochroleucus;Erigeron montanensis
RocailleN03;201511;;Asteracée sp?? 
RocailleN03;201512;Oenothera drummondii;Oenothera littoralis
RocailleN03;201513;Amelanchier canadensis;Amelanchier canadensis
RocailleN03;201514;Anemone x lesseri;Anemone leseri
RocailleN03;201515;Liatris spicata;Liatris spicata
RocailleN03;201516;Sisyrinchium californicum;Sisyrinchium brachypus
RocailleN03;201517;Penstemon humilis;Penstemon humilis
RocailleN04;201540;Allium cernuum;Allium cernuum
RocailleN04;201541;;Mitella sp.
RocailleN04;201542;Euphorbia characias;Euphorbia characias
RocailleN04;201543;Penstemon gracilis;Penstemon gracilis
RocailleN04;201544;;Thalictrum sp.
RocailleN04;201545;;Acaena 
RocailleN04;201546;;Phlox 
RocailleN04;201547;;Polemonium 
RocailleN04;201548;;Astéracée ?? 
RocailleN04;201549;Antennaria plantaginea;Antennaria plantaginea
RocailleN04;201550;Papaver sendtneri;Papaver sendtneri
RocailleN04;201551;Sisyrinchium striatum;Sisyrinchium striatum
RocailleN04;90190;Dodecatheon cusickii;Dodecatheon cusiski
RocailleN04;201553;;Antennaria 
RocailleN04;201554;Phlox sibirica var. borealis;phlox borealis
RocailleN04;201555;;Eriogonum sp.
RocailleN05;201556;;Erigeron sp.
RocailleN05;201558;;penstemon sp.
RocailleN05;201559;Chrysogonum virginianum;Chrysogonum virginianum
RocailleN05;201565;;primula sp.
RocailleN05;201560;Phlomis capitata;Phlomis capitata
RocailleN05;201561;Bolax gummifera;Bolax glebaria
RocailleN05;201562;Monardella villosa;Monardella villosa ??
RocailleN05;201563;;Heuchera sp.
RocailleN05;7302;Camassia leichtlinii;Camassia leichtlinii
RocailleN06;201566;Hieracium caespitosum;Hieracium caespitosus
RocailleN06;201567;Kalimeris mongolica;Asteromoea mongolica
RocailleN06;201568;Ephedra americana var. andina;Ephedra andina
RocailleN06;201569;Berberis darwinii;Berberis darwinii
RocailleN06;205272;Tulipa clusiana;Tulipa clusiana
RocailleN06;201570;Erigeron compositus var. dicoideus;Erigeron trifidus
RocailleN07;201571;;Antennaria munda
RocailleN07;201572;Erigeron compositus;Erigeron compositus
RocailleN07;201573;Francoa sonchifolia var. ramosa;Francoa sonchifolia var. ramosa 
RocailleN07;201574;Fuchsia magellanica;Fuschia magelanica
RocailleN07;836355;;Gentiana bigelovii
RocailleN07;201575;Campanula persicifolia;Campanula percicicifolia
RocailleN07;201576;Tradescantia virginiana;Tradecantia virginiana
RocailleN07;205513;Oenothera elata;Oenothera hookeri
RocailleN07;201577;;Rudbekia 
RocailleN07;201578;Tellima grandiflora;Telmia grandiflora
RocailleN07;201579;Penstemon gentianoides;Penstemon gentianoides
RocailleN07;201580;Dryas drummondii;Dryas drumondii
RocailleN07;201581;Arnica nevadensis;Arnica nevadensis
RocailleN07;201582;Fuchsia magellanica f. fl. albo;Fuchsia magellanica f. flore-albo 
RocailleN07;201583;Oenothera tetragona var. riparia;Oenothera fyrwerkei
RocailleN07;201584;;Erigeron sp.
RocailleN07;201585;Phlox douglasii;Phlox douglasii
RocailleN07;201586;Liatris graminifolia;Liatris graminifolia
RocailleN07;201587;;Erigeron sp.
RocailleN07;201588;Ratibida pinnata;Ratibida pinnata
RocailleN07;90075;Aster cordifolius;Aster cordifolius
RocailleN07;201590;Penstemon procerus;Penstemon procerus
RocailleN07;201591;Arenaria gypsophiloides;Arenaria gypsophilloides
RocailleN07;201592;Erigeron leiomerus;Erigeron leiomerus 
RocailleN07;205514;;Lithospermun sp
RocailleN07;201593;Hibiscus moscheutos var. roseus;Hibiscus moscheutos
RocailleN07;794602;Prunus pumila var. depressa;Prunus depressa
RocailleN07;201595;;Aster sp.
RocailleN07;201596;Coreopsis delphiniifolia;Coreopsis delphinifolia
RocailleN07;762136;;Potentilla glandulosa
RocailleN08;201597;Geranium viscosissimum;Geranium viscosum
RocailleN08;201598;;Penstemon sp.
RocailleN08;851026;Potentilla pensylvanica;Potentilla pensylvanica
RocailleN08;201599;;Antennaria 
RocailleN08;201600;; Artemisia mandshurica
RocailleN08;201601;Camassia quamash;Camassia esculenta
RocailleN08;201602;;Astéracée sp.
RocailleN08;201603;Paxistima canbyi;Pachistima canbyi
RocailleN08;201604;Penstemon jamesii;Penstemon jamesi
RocailleN08;201605;Artemisia ludoviciana subsp. gnaphalodes;Artemisia gnaphaloides
RocailleN08;201606;Eschscholzia californica;Escholzia californica
RocailleN08;201607;Asclepias verticillata;Asclepias sp.
RocailleN08;95135;Hibiscus moscheutos f. alba;Hibiscus mocheutos cv. ‘Alba‘
RocailleN08;98587;Gillenia stipulata;Gillenia stipulata (Mühlenb.) Baill.
RocailleN08;201610;Stokesia laevis;Stokesia laevis
RocailleN08;201611;Erodium x kolbianum;Erodium kolbianum
RocailleN08;201612;;saxifraga sp.
RocailleN08;201613;Potentilla speciosa var. minor;Potentilla specisoa var. minor 
RocailleN08;201615;Campanula x wockii;Campanula workii
RocailleN08;201616;Sempervivum hybr. ‘King George’;Sempervivum x King Georges
RocailleN08;201617;Penstemon grandiflorum;Penstemon grandiflorus
RocailleN08;201618;Asclepias speciosa;Asclepias speciosa
RocailleN08;202200;Epipactis gigantea;Epipactis gigantea
RocailleN08;201619;;Phlox sp.
RocailleN08;92078;Coreopsis lanceolata;Coreopsis lanceolata L.
RocailleN08;201620;;Helianthemum  cv. ‘Golden Queen‘
RocailleN08;201621;Saxifraga vandellii;Saxifraga pungens
RocailleN08;201622;;Astéracées ? 
RocailleN08;201623;;Oenothera campylocalyx
RocailleN08;201624;Potentilla villosa;Potentilla vilosa
RocailleN08;201625;Dryas drummondii;Dryas drumondii
RocailleN08;201626;;Heuchera sp
RocailleN08;201627;Myrica pensylvanica;Myrica pensylvanica
RocailleN09;201694;Stokesia laevis;Stockesia cyanea var. praecox 
RocailleN09;201695;;Gillia sp.
RocailleN09;201696;Nierembergia repens;Nierembergia repens
RocailleN09;201697;Corydalis cava;Corydalis cava
RocailleN10;201628;;Saxifraga callosa cv. ‘Alberti‘
RocailleN10;201629;Vancouveria hexandra;vancouvertia hexandra
RocailleN10;201630;Saxifraga kotschyi;Saxifraga kotschy
RocailleN10;201631;;Gladiolus sp.
RocailleN10;201632;Brodiaea californica;Brodiera californica
RocailleN10;201633;Viola papilionacea ‘Albiflora’;Viola papillonacea
RocailleN10;201634;;Geum magelanicum
RocailleN10;201635;;Penstemon sp.
RocailleN10;201636;Carex aurea;carex aurea
RocailleN10;201637;;Oxalis violacea
RocailleN10;201638;;Smilax stelata
RocailleN10;201639;;Arabis drummondii
RocailleN10;201640;Ipheion uniflorum;Brodiea uniflora
RocailleN10;201641;;Penstemon fruticosus var. crassifolius 
RocailleN10;201642;Penstemon pinifolius;Penstemon pinifolium
RocailleN10;201643;Arabis x Wilczekii;Arabis wilczekii
RocailleN10;203198;;Calochortus 
RocailleN10;205270;Aethionema schistosum;Aethionema schistosum
RocailleN10;201645;;Saxifraga burnatii
RocailleN10;201646;;Penstemon sp.
RocailleN10;201651;;Sempervivum sp.
RocailleN10;201647;;Saxifraga sp.
RocailleN10;201648;Antennaria parvifolia;Antennaria aprica
RocailleN10;201649;;Saxifraga sp.
RocailleN10;201650;;Sedum sp.
RocailleN10;99108;Lindelofia longiflora;Lindelofia longiflora
RocailleN10;202203;Aster lateriflorus ‘Lady in Black’;Aster lateriflorus cv. ‘Lady in Black‘
RocailleN10;209106;Echinacea paradoxa;Echinacea paradoxa
RocailleN10;209105;Echinacea pallida;Echinacea pallida
RocailleN11;201652;Silene mellifera;Silene mellifera
RocailleN11;201653;Azorella trifurcata;Azorella trifurcata
RocailleN11;201654;Achillea pseudopectinata;Achillea depressa
RocailleN11;201655;Antennaria howellii;Antennaria howelli
RocailleN11;201656;;Aubrietia alpina
RocailleN11;201657;Saponaria x wiemanni;Saponaria wiemanii
RocailleN11;205271;Aethionema saxatile;Aethionema saxatile (L.) R.Br.
RocailleN11;201659;;Aubrietia sp.
RocailleN11;201660;Penstemon caespitosus;Penstemon caespitosus
RocailleN11;201661;;Campanula sp.
RocailleN11;201662;;Gypsophilla ?? 
RocailleN11;201663;;Penstemon sp.
RocailleN11;201664;Saponaria x olivana;Saponaria X olivana
RocailleN11;201665;Tropaeolum polyphyllum;Tropaeolum polyphyllus
RocailleN11;96058;;Penstemon cardinalis Woot. & Stand.
RocailleN11;203198;;Calochortus 
RocailleN11;201666;Adonis x hybrida;Adonis walziana
RocailleN11;201667;;Brodiea lactaea
RocailleN11;201668;Zephyranthes candida;Zephyranthes candida
RocailleN11;201669;;Dianthus sp.
RocailleN11;201670;;Penstemon edithae
RocailleN11;202132;Oenothera speciosa;Oenothera speciosa Nutt.
RocailleN11;202202;Gaura lindheimeri;Gaura lindheimeri
RocailleN11;201672;Antennaria monocephala;Antennaria solitaria
RocailleN11;201673;Oenothera macrocarpa;Oenothera missouriensis
RocailleN11;201674;Dodecatheon meadia;Dodecatheon media
RocailleN11;201675;Geum triflorum;Geum triflorum
RocailleN11;201676;Sempervivum x Thomayeri;sempervivum thomayeri
RocailleN11;201677;Ipheion uniflorum;Brodiaea uniflora
RocailleN11;201678;;Phlox sp.
RocailleN11;201679;;Saxifraga sp.
RocailleN11;201680;;Saxifraga  cv. ‘Rosemarie‘
RocailleN11;201681;Sisyrinchium montanum;Sisyrinchium bermudiana 
RocailleN11;201682;;Aster sp.
RocailleN11;201683;;Erigeron sp.
RocailleN11;201684;Penstemon humilis;Penstemon humilis
RocailleN11;201685;Oenothera acaulis;Oenothera acaulis
RocailleN11;201686;;Aster ou Erigeron 
RocailleN11;201687;Phlox triovulata;Phlox nelsonii
RocailleN11;201688;Antennaria fallax;Antennaria obovata
RocailleN11;201689;Sisyrinchium californicum;Sisyrinchium brachypus
RocailleN11;201690;Campanula persicifolia ‘Planiflora Alba’;Campanula planiflora f. alba 
RocailleN11;200198;Saxifraga x megasaeflora ‘Vladana’;Saxifraga Vladana
RocailleN11;201691;;Narcissus sp.
RocailleN11;201692;Saxifraga x elisabethae;Saxifraga elisabethae
RocailleN11;201693;Eriogonum umbellatum var. subalpinum;Eriogonum subalpinum
RocailleN12;202201;Heterotheca villosa ‘Golden Sunshine’;Hetheroteca villosa cv. ‘Golden Sunshine‘
RocailleO01;93461;Aster ovatus;Aster ageratoides Turz. var. ovatus Nakai
RocailleO01;200249;Geranium endressii;Geranium endressi
RocailleO01;200250;Narcissus tazetta;Narcissus cf. tazetta
RocailleO01;93446;Lobelia siphilitica;Lobelia syphilitica L.
RocailleO01;200251;Iberis sempervirens;Iberis sempervirens
RocailleO01;200252;Globularia x fuxeensis;Globularia X fuxeensis
RocailleO01;96585;Geranium subargenteum;Geranium subargenteum
RocailleO01;87234;Jovibarba heuffelii;Jovibarba heuffellii
RocailleO01;200253;Saponaria caespitosa;Saponaria caespitosa
RocailleO01;200254;;armeria sp.
RocailleO01;200253;Saponaria caespitosa;Saponaria caespitosa
RocailleO01;82899;Achillea umbellata;Achillea umbellata
RocailleO01;200258;Artemisia rupestris;Artemisia rupestris
RocailleO01;200259;Leontopodium calocephalum;Leontopodium calocephalum
RocailleO01;200260;Spiraea hendersoni;Spirea hendersonii
RocailleO01;200261;Festuca degenii;Festuca glacialis
RocailleO01;200262;Daphne x rossettii;Daphne rossettii
RocailleO01;200263;Pieris japonica ‘Pygmaea’;Pieris japonica var. pygmaea 
RocailleO01;200264;Narcissus rupicola;Narcissus rupicola
RocailleO01;200230;Saxifraga x biasolettii;Saxifraga X biasolettii
RocailleO01;200265;Penstemon linarioides;Penstemon linarioides
RocailleO01;200202;Saxifraga x irvingii;Saxifraga X irvingiana
RocailleO01;94088;Fritillaria acmopetala;Frittillaria acmopetala
RocailleO01;93049;Lilium tenuifolium;Lilium tenuifolium Fisch.
RocailleO01;200266;Erodium petraeum subsp. crispum;Erodium ch. cheilanthifolium
RocailleO01;96594;Leontopodium linearifolium;Leontopodium longifolium
RocailleO01;200267;Saxifraga burseriana;Saxifraga burserana
RocailleO01;200241;Primula x minieri;Primula minieri
RocailleO01;96587;Aquilegia thalictrifolia;Aquilegia thalictrifolia
RocailleO01;85669;Parahebe linifolia;Parahebe linifolia
RocailleO01;73793;Saponaria lutea;Saponaria lutea
RocailleO01;200270;Androsace brigantiaca;Androsace Carnea subsp. brigantiaca 
RocailleO01;200271;Leontopodium haplophylloides;Leontopodium haplophylloides
RocailleO01;200272;Saxifraga x heinrichii;Saxifraga henrichii
RocailleO01;200273;Ranunculus calandrinioides;Ranunculus calandrinoides
RocailleO01;200274;Arenaria balearica;Arenaria balearica
RocailleO01;200275;Veronica saturejoides;Veronica saturoides
RocailleO01;200198;Saxifraga x megasaeflora ‘Vladana’;Saxifraga Vladana
RocailleO01;200277;Crassula milfordae;Crassula milfordae
RocailleO01;200278;Raoulia australis;Raoulia australis
RocailleO01;98568;Narcissus bulbocodium subsp. obesus;Narcissus bulbocodium subsp. obesus 
RocailleO01;98580;Dicentra cucullaria;Dicentra cucullaria
RocailleO01;200240;Saxifraga andersonii;Saxifraga andersoni
RocailleO01;200279;Helichrysum milfordiae;Helichrysum milfordiae
RocailleO01;200280;Veronica caespitosa;Veronica caespitosa
RocailleO01;80980;Saxifraga latina;Saxifraga latina
RocailleO01;96592;Viola cazorlensis;Viola cazorlensis
RocailleO01;200282;Silene vallesia;Silene vallesia
RocailleO01;84068;Androsace laevigata;Douglasia laevigata
RocailleO01;200283;;Saxifraga sp.
RocailleO01;200286;Euonymus fortunei ‘Variegatus’;Euonymus fortunei cv. ‘variegatus‘
RocailleO01;200287;Endressia pyrenaica;Endresia pyrenaica
RocailleO01;200288;;Allium sp.
RocailleO01;200289;Merendera pyrenaica;Merendera pyrenaica
RocailleO01;200290;Seseli nanum;Seseli nanum
RocailleO01;200291;;Sempervivum sp.
RocailleO01;200292;Globularia repens f. fl. albo;Globularia repens f. flore-albo 
RocailleO01;200293;Geranium pylzowianum;Geranium pylzovianum
RocailleO01;200294;;Globularia sp.
RocailleO01;200295;Saponaria caespitosa;Saponaria caespitosa
RocailleO01;90161;Daphne kosaninii;Daphne kosanini
RocailleO01;96730;Achillea x jaborneggii;Achillea X jaborneggi
RocailleO01;93136;Leontopodium discolor;Leontopodium discolor Beauv.
RocailleO01;200159;Armeria juniperifolia;Armeria juniperifolia
RocailleO01;200296;Saxifraga x irvingii ‘Rubella’;Saxifraga rubella
RocailleO01;200297;Daphne arbuscula;Daphne arbuscula
RocailleO01;200242;Corydalis cashmeriana;Corydalis cashmeriana
RocailleO01;200298;;Festuca sp
RocailleO01;200299;Dianthus microlepis;Dianthus cf. microlepis
RocailleO01;200300;;Artemisia sp.
RocailleO01;200301;;Antennaria sp.
RocailleO01;92119;Geranium argenteum;Geranium argenteum L.
RocailleO01;200186;Saxifraga wendelboi;Saxifraga wendelbot
RocailleO01;200302;Hypericum nummularium;Hypericum nummularium
RocailleO01;200303;Achillea x jaborneggii;Achillea janbornegii
RocailleO01;200304;Dracocephalum austriacum;Dracocephalum austriacum
RocailleO01;200305;;Campanula sp.
RocailleO01;200306;Potentilla nitida f. rubro;Potentilla nitida f. flore-rubro 
RocailleO01;200307;Saxifraga sempervivum;Saxifraga porophyllum var. sibthopiana 
RocailleO01;200308;Scabiosa crenata subsp. dallaportae;Scabiosa crenata subsp. dallaportae 
RocailleO01;94502;Saxifraga tombeanensis;Saxifraga tombeanensis
RocailleO01;80923;Achillea ageratifolia;Achillea ageratifolia
RocailleO01;200310;Erinus alpinus;Erinus alpinus
RocailleO01;200311;Leontopodium artemisiifolium;Leontopodium artemisiifolium
RocailleO01;200312;Draba bryoides var. imbricata;Draba imbricata
RocailleO01;97593;Asperula gussonii;Asperula gussonii
RocailleO01;96077;Cyananthus microphyllus;Cyananthus microphyllus
RocailleO01;77631;Phyteuma humile;Phyteuma ceresitiae Brugn. nec. A. DC.
RocailleO01;200315;Daphne petraea;Daphne petraea
RocailleO01;200316;Arabis x Wilczekii;Arabis Wilczekii 
RocailleO01;200317;;Saxifraga sp.
RocailleO01;200319;Saxifraga x jenkinsii f. fl. albo;Saxifraga jenkisii f. flore-albo 
RocailleO01;200320;;Pontentilla sp.
RocailleO01;200321;Draba athoa;Draba athoa
RocailleO01;200322;Physoplexis comosa;Physoplexis comosa
RocailleO01;200323;Daphne jasminea;Daphne jasminea
RocailleO01;200324;Asperula nitida;Asperula nitida
RocailleO01;200325;;potentilla sp.
RocailleO01;200326;Primula auricula ‘Engliche Riesen’;Primula auricula cv. ‘Engliche Riesen‘
RocailleO01;200327;Saxifraga aretioides;Saxifraga aretioides
RocailleO01;200328;Asperula hexaphylla;Asperula hexaphylla
RocailleO01;200329;Kernera saxatilis;Kernera saxatilis
RocailleO01;200330;Saxifraga caesia;saxifraga caesia
RocailleO01;200331;Ramonda myconi ‘Rosea’;Ramonda myconii f. rosea 
RocailleO01;200332;Micromeria marginata;Satureja piperella
RocailleO01;200333;Arenaria balearica;Arenaria balearica
RocailleO01;200334;Dionysia involucrata;Dionysia involucrata
RocailleO01;200335;Saxifraga cochlearis;Saxifraga cochlearis
RocailleO01;200336;Androsace helvetica;Androsace helvetica
RocailleO01;200337;Saxifraga vandellii;Saxifraga vandelii
RocailleO01;200338;Asperula arcadiensis;Asperula arcadiensis
RocailleO01;88599;Dionysia aretioides;Dionysia aretioides
RocailleO01;200339;Jankaea heldreichii;Jankaea heldreichii
RocailleO01;200340;Saxifraga lilacina;Saxifraga lilacina
RocailleO01;200341;Omphalodes luciliae;Omphalodes luciliae
RocailleO01;200342;Viola delphinantha;Viola delphinantha
RocailleO10;205717;Marrubium incanum;Marrubium incanum
RocailleO10;97588;Viola hispida;Viola hispida Lmk.
RocailleO10;206693;Cistus ladanifer;Cistus ladanifer L.
RocailleO10;205212;Androsace himalaica;Androsace himalaica
RocailleO10;97521;;Colchicum variegatum L.
RocailleO10;206560;;Asphodelus albus
RocailleP10;205719;Astragalus alopecurus;astragalus centralpinus
RocailleP10;205720;Carex buchananii;Carex buchananii
RocailleP10;205721;Erica terminalis;Erica terminalis
RocailleP10;205722;Lysimachia ephemerum;Lysimachia ephemerum L.
RocailleP10;205799;Plantago sempervirens;Plantago arborescens Poir.
RocailleP10;96556;Rosmarinus officinalis ‘Prostrata’;Rosmarinus officinalis f. prostrata 
RocailleP10;208131;Dorycnium hirsutum;Dorycnium hirsutum
RocailleProt1;215319;Carlina acaulis subsp. caulescens;Carlina acaulis subsp. caulescens 
RocailleProt1;218099;Eryngium campestre;Eryngium campestre
RocailleProt1;221830;Dracocephalum ruyschiana;Dracocephalum ruyschiana
RocailleProt1;220370;Trinia glauca;Trinia glauca
RocailleProt1;215408;Rhododendron ferrugineum;Rhododendron ferrugineum
RocailleProt1;218093;Valerianella rimosa;Valerianella rimosa
RocailleProt1;217211;Trifolium arvense;Trifolium arvense
RocailleProt1;218094;Valerianella dentata;Valerianella dentata
RocailleProt1;216027;Teucrium botrys;Teucrium botrys
RocailleProt1;217086;Saxifraga paniculata;Saxifraga paniculata
RocailleProt1;218085;Saxifraga paniculata;Saxifraga paniculata
RocailleProt1;218043;Leucojum vernum;Leucojum vernum
RocailleProt1;215044;Dianthus superbus;Dianthus superbus
RocailleProt1;215338;Cynoglossum germanicum;Cynoglossum germanicum
RocailleProt1;215101;Marrubium vulgare;Marrubium vulgare
RocailleProt2;216024;Pulmonaria helvetica;Pulmonaria helvetica
RocailleProt2;216783;Astragalus sempervirens;Astragalus sempervivum
RocailleProt2;221086;Selaginella helvetica;Selaginella helvetica
RocailleProt2;218096;Geranium lucidum;Geranium lucidum
RocailleProt2;216220;Carpesium cernuum;Carpesium cernuum
RocailleProt2;218090;Blitum virgatum;Blitum virgatum
RocailleProt2;215406;Allium victorialis;Allium victorialis
RocailleProt2;218001;Phyllitis scolopendrium;Phyllitis scolopendrium
RocailleProt2;216222;Agrimonia procera;Agrimonia procera
RocailleProt2;217236;Buglossoides purpurocaerulea;Buglossoides purpurocaerulea
RocailleProt3;219220;Aquilegia alpina;Aquilegia alpina
RocailleProt3;220050;Trifolium striatum;Trifolium striatum
RocailleProt3;220051;Filago vulgaris;Filago vulgaris
RocailleProt3;218139;Leontopodium alpinum;Leontopodium alpinum
RocailleProt3;219045;Campanula cervicaria;Campanula cervicaria
RocailleProt3;217136;Heliotropium europaeum;Heliotropium europaeum
RocailleProt3;215325;Arctostaphylos uva-ursi;Arctostaphylos uva-ursi
RocailleProt3;216224;Allium carinatum subsp. pulchellum;Allium carinatum subsp. pulchellum 
RocailleProt3;215322;Gentiana cruciata;Gentiana cruciata
RocailleProt3;216101;Pulsatilla vulgaris;Pulsatilla vulgaris
RocailleProt3;216167;Crepis bocconei;Crepis bocconei
RocailleProt4;216104;Lathyrus tuberosus;Lathyrus tuberosus
RocailleProt4;221839;Senecio erraticus;Senecio erraticus
RocailleProt4;221088;Ruscus aculeatus;Ruscus aculeatus
RocailleProt4;221027;Onopordum acanthium;Onopordum acanthium
RocailleProt4;220062;Leonurus cardiaca;Leonurus cardiaca
RocailleProt4;216038;Arctium tomentosum;Arctium tomentosum
RocailleProt4;217212;Inula helvetica;Inula helvetica
RocailleProt4;217186;Silaum silaus;Silaum silaus
RocailleProt4;217215;Peucedanum carvifolia;Peucedanum carvifolia
RocailleProt4;218092;Serratula tinctoria;Serratula tinctoria
RocailleProt4;215543;Rosa glauca;Rosa glauca
RocailleProt4;217217;Verbascum blattaria;Verbascum blattaria
RocailleProt4;217237;Trochiscanthes nodiflora;Trochiscanthes nodiflora
RocailleProt4;215402;Lathyrus occidentalis;Lathyrus occidentalis
RocailleProtBassin;219157;Baldellia ranunculoides;Baldellia ranunculoides
RocailleProtBassin;217213;Gentiana pneumonanthe;Gentiana pneumonanthe
RocailleProtBassin;215358;Salix repens;Salix repens
RocailleProtBassin;216214;Ranunculus reptans;Ranunculus reptans
RocailleProtBassin;220056;Samolus valerandi;Samolus valerandi
RocailleR01;221795;Pinus sylvestris;Pinus sylvestris
RocailleR10;675240;Putoria calabrica;Putoria calabrica
RocailleR10;205571;Cistus incanus;Cistus incanus
RocailleR10;205828;Astragalus purpureus;Astragalus purpureus Lam.
RocailleR10;205801;Acaena novae-zelandiae;Acaena novazelandica
RocailleR10;205802;Bulbine semibarbata;Bulbinella semibarbata
RocailleR10;205803;Bupleurum spinosum;Bupleurum spinosum
RocailleR10;205805;Globularia incanescens;Globularia incanescens
RocailleR10;220270;;Primula palinuri
RocailleR10;95510;Acis autumnalis;Leucojum autumnale
RocailleR10;664848;Muehlenbeckia axillaris;Muehlenbeckia axillaris (Hook.) Walp.
RocailleR10;205821;Origanum dictamnus;Origanum dictamnus
RocailleR10;206868;Pratia angulata;Pratia angulata
RocailleR10;205825;Pancratium illyricum;Pancratium illyricum
RocailleR10;205686;Phygelius capensis;Phygelius cappensis
RocailleR10;836368;Salvia verbenaca;Salvia verbenaca L.
RocailleR10;204243;Erodium trifolium;Erodium triphyllum
RocailleR10;200154;Digitalis obscura subsp. obscura;Digitalis cf. obscura
RocailleR10;208105;Pimelea prostrata;Pimelea coarctata
RocailleR10;794327;Cerastium tomentosum;Cerastium tomentosum
RocailleT10;93542;Samolus valerandi;Samolus valerandi L.
RocailleU01;215032;Tanacetum corymbosum;Tanacetum corymbosum
RocailleU01;216042;Aquilegia vulgaris;Aquilegia vulgaris
RocailleU01;218084;Salix retusa;Salix retusa
RocailleU01;219156;Rosa micrantha;Rosa micrantha
RocailleU01;217222;Succisa pratensis;Succisa pratensis
RocailleU01;217234;Cirsium erisithales;Cirsium erisithales
RocailleU01;215347;Astrantia major;Astrantia major
RocailleU01;215332;Vincetoxicum hirundinaria;Vincetoxicum hirundinaria
RocailleU01;215044;Dianthus superbus;Dianthus superbus
RocailleU01;216216;Vicia dumetorum;Vicia dumetorum
RocailleU01;216171;Tricyrtis hirta;Tricyrtis hirta
RocailleU01;216222;Agrimonia procera;Agrimonia procera
RocailleU01;208008;Salvia officinalis subsp. gallica;Salvia lavandulifolia subsp. lavandulifolia Vahl.
RocailleU02;208008;Salvia officinalis subsp. gallica;Salvia lavandulifolia subsp. lavandulifolia Vahl.
RocailleU02;220348;Solidago virgaurea subsp. minuta;Solidago virgaurea subsp. minuta 
RocailleU02;221208;Brunnera macrophylla;Brunnera macrophylla
RocailleU02;216016;Chenopodium bonus-henricus;Chenopodium bonus-hemricus
RocailleU02;218020;Rumex scutatus;Rumex scutatus
RocailleU02;215363;Rumex patientia;Rumex patienta
RocailleV01;221073;Narcissus cyclamineus ‘Tête à Tête’;Narcissus cyclamineus   'Tête à Tête' 
RocailleV01;221663;Rosa rugosa;Rosa rugosa
RocailleV01;221074;Crocus flavus;Crocus flavus
RocailleV01;221684;Yucca filamentosa;Yucca filamentosa
RocailleV01;218102;Sedum kamtschaticum;Sedum kamtschaticum
RocailleV01;221636;Carex pendula;Carex pendula
RocailleV01;221033;Cyclamen hederifolium;Cyclamen hederifolium
RocailleV01;215385;Ranunculus gramineus;Ranunculus gramineus
RocailleV01;217255;Arctostaphylos uva-ursi;Arctostaphylos uva-ursi
RocailleV02;93059;Cneorum tricoccon;Cneorum tricoccon L.
RocailleV02;218101;Scutellaria altissima;Scutellaria altissima
RocailleV02;94063;Bupleurum fruticosum;Bupleurum fruticosum L.
RocailleV02;221074;Crocus flavus;Crocus flavus
RocailleV02;221115;Viola riviniana;Viola riviniana
RocailleV02;8161;Phlomis fruticosa;Phlomis fruticosa L.
RocailleV02;218106;Minuartia laricifolia;Minuartia laricifolia
RocailleV03;205556;Physostegia virginiana;Physostegia virginiana (L.) Benth.
RocailleV03;221074;Crocus flavus;Crocus flavus
RocailleV03;215529;Eryngium alpinum;Doronicum grandiflorum
RocailleV03;216040;Stachys sylvatica;Stachys sylvatica
RocailleV03;221632;Asperula taurina;Asperula taurina
RocailleV03;221693;Cephalaria alpina;Cephalaria alpina
RocailleV03;220362;Verbascum phlomoides;Verbascum phlomoides
RocailleV03;221025;Digitalis grandiflora;Digitalis grandiflora
RocailleV03;221041;Fragaria vesca;Fragaria vesca
RocailleV03;221080;Hepatica nobilis;Hepatica nobilis
RocailleV03;221079;Anemone nemorosa;Anemone nemorosa
RocailleV03;220164;Sarcococca ruscifolia;Sarcococca ruscifolia Stapf
RocailleV03;218097;Serratula tinctoria;Serratula tinctoria
RocailleV03;216223;Stemmacantha rhapontica;Stemmacantha rhapontica
RocailleV03;217002;Phyteuma spicatum;Phyteuma spicatum
RocailleV03;216770;Peucedanum ostruthium;Peucedanum ostruthium
RocailleV03;217017;Achillea macrophylla;Achillea macrophylla
RocailleV03;217228;Sanguisorba officinalis;Sanguisorba officinalis
RocailleV03;215510;Myrrhis odorata;Myrrhis odorata
RocailleV03;216020;Verbena officinalis;Verbena officinalis
RocailleV03;216060;Dianthus sylvestris;Dianthus sylvestris
RocailleV10;205549;Teucrium flavum;Teucrium flavum L.
RocailleW01;218061;Ramonda myconi;Ramonda myconi
RocailleW01;216017;Carex pulicaris;Carex pumila
RocailleW01;217264;Artemisia umbelliformis;Artemisia umbelliformis
RocailleW01;217169;Kernera saxatilis;Kernera saxatilis
RocailleW01;217263;Silene acaulis;Silene acaulis
RocailleW01;217022;Cardaminopsis arenosa subsp. borbasii;Cardaminopsis arenosa subsp. borbasii 
RocailleW01;219130;Acinos alpinus;Acinos alpinus
RocailleW01;215323;Globularia nudicaulis;Globularia nudicaulis
RocailleW01;215351;Sedum album;Sedum album
RocailleW01;215566;Oxyria digyna;Oxygria digyma
RocailleW01;216054;Scabiosa lucida;Scabiosa lucida
"RocailleW01
";217029;Valeriana montana;Valeriana montana
"RocailleW01
";217113;Myosotis alpestris;Myosotis alpestris
"RocailleW02
";217202;Sempervivum montanum;Sempervivum montanum
"RocailleW02
";216752;Kernera saxatilis;Kernera saxatilis
"RocailleW02
";215407;Campanula barbata;Campanula barbata
"RocailleW02
";216092;Saxifraga cotyledon;Saxifraga cotyledon
"RocailleW02
";216081;Pseudolysimachion spicatum;Pseudolysimachion spicatum
"RocailleW02
";221767;Polygonum viviparum;Polygonum viviparum
"RocailleW02
";221855;Sedum annuum;Sedum annuum
"RocailleW02
";221007;Rhodiola rosea;Rhodiola rosea
"RocailleW02
";217168;Campanula thyrsoides;Campanula thyrsoides
"RocailleW02
";221788;Murbeckiella pinnatifida;Murbeckiella pinnatifida
"RocailleW02
";219091;Saxifraga cotyledon;Saxifraga cotyledon
"RocailleW02
";216060;Dianthus sylvestris;Dianthus sylvestris
"RocailleW02
";221698;Rhododendron hirsutum;Rhododendron hirsutum
"RocailleW02
";221669;Viola cazorlensis;Viola cazorlensis
"RocailleW02
";221573;Soldanella alpina;Soldanella alpina
"RocailleW02
";221572;Saxifraga cotyledon;Saxifraga cotyledon
"RocailleW02
";221021;Phyteuma scheuchzeri;Phyteuma scheuchzeri
"RocailleW02
";216746;Veronica aphylla;Veronica aphyla
"RocailleW02
";217190;Cerastium arvense subsp. strictum;Cerastium arvense subsp. strictum 
"RocailleW02
";217007;Primula auricula;Primula auricula
"RocailleW02
";217126;Sempervivum tectorum;Sempervivum tectorum
"RocailleW02
";217146;Saxifraga paniculata;Saxifraga paniculata
"RocailleW02
";217176;Sempervivum tectorum;Sempervivum tectorum subsp. alpinum 
"RocailleW02
";217172;Athamanta cretensis;Athamanta cretensis
"RocailleW02
";217147;Saxifraga rotundifolia;Saxifraga rotundifolia
"RocailleW02
";217123;Gypsophila repens;Gypsophila repens
"RocailleW02
";216753;Linum alpinum;Linum alpinum
"RocailleW02
";216057;Cerastium alpinum;Cerastium alpinum
"RocailleW02
";216067;Sempervivum arachnoideum;Sempervivum arachnoideum
"RocailleW02
";216065;Sedum dasyphyllum;Sedum dasyphyllum
"RocailleW02
";216066;Sedum rupestre;Sedum rupestre
"RocailleW02
";217124;Minuartia laricifolia;Minuartia laricifolia
"RocailleW02
";216076;Teucrium montanum;Teucrium montanum
"RocailleW02
";215410;Gentiana acaulis;Gentiana acaulis
"RocailleW02
";215325;Arctostaphylos uva-ursi;Arctostaphylos uva-ursi
"RocailleW02
";218110;Salix retusa;Salix retusa
"RocailleW02
";217001;Achillea atrata;Achillea atrata
"RocailleW02
";217040;Globularia cordifolia;Globularia cordifolia
"RocailleW02
";216083;Veronica bellidioides;Veronica bellidoides
"RocailleW02
";215322;Gentiana cruciata;Gentiana cruciata
"RocailleW02
";216044;Achillea nana;Achillea nana
"RocailleW02
";217105;Anthyllis vulneraria subsp. alpestris;Anthyllis vulneraria subsp. alpestris 
"RocailleW02
";215323;Globularia nudicaulis;Globularia nudicaulis
"RocailleW02
";215025;Globularia nudicaulis;Globularia nudicaulis
"RocailleW02
";217158;Antennaria dioica;Antennaria dioica
"RocailleW02
";216052;Campanula rotundifolia;Campanula rotundifolia
"RocailleW02
";215336;Onobrychis montana;Onobrychis montana
"RocailleW02
";217005;Globularia bisnagarica;Globularia bisnagarica
RocailleW03;218074;Daphne sericea;Daphne sericea
RocailleW03;221094;Genista pilosa;Genista pilosa
RocailleW03;216745;Silene acaulis;Silene acaulis
RocailleW03;216059;Dianthus carthusianorum;Dianthus carthusianorum
RocailleW03;221554;Helleborus foetidus;Helleborus foetidus
RocailleW03;223445;Minuartia laricifolia;Minuartia laricifolia subsp. laricifolia 
RocailleW03;221737;Phyteuma betonicifolium;Phyteuma betonicifolium
RocailleW03;221702;Stachys germanica;Stachys germanica
RocailleW03;221687;Asperula tinctoria;Asperula tinctoria
RocailleW03;221701;Rosa rubiginosa;Rosa rubiginosa
RocailleW03;221685;Sedum sexangulare;Sedum sexangulare
RocailleW03;221700;Podophyllum hexandrum;Sinopodophyllum hexandrum
RocailleW03;221673;Saxifraga cymbalaria;Saxifraga cymbalaria
RocailleW03;220330;Acinos alpinus;Acinos alpinus
RocailleW03;221619;Sedum anacampseros;Sedum anacampseros
RocailleW03;220355;Thalictrum minus;Thalictrum minus
RocailleW03;221564;Viola collina;Viola collina
RocailleW03;221018;Verbascum thapsus;Verbascum thapsus
RocailleW03;215400;Laserpitium latifolium;Laserpitium latifolium
RocailleW03;221093;Juniperus sabina;Juniperus sabina
RocailleW03;217216;Peucedanum oreoselinum;Peucedanum oreoselinum
RocailleW03;205827;Daphne alpina;Daphne alpina L.
RocailleW03;219010;Erinus alpinus;Erinus alpinus
RocailleW03;219146;Sedum montanum;Sedum montanum
RocailleW03;219148;Lotus alpinus;Lotus alpinus
RocailleW03;219113;Campanula scheuchzeri;Campanula scheuchzeri
RocailleW03;219134;Galium megalospermum;Galium megalospermum
RocailleW03;219131;Galium anisophyllon;Galium anisophyllon
RocailleW04;218082;Anemone canadensis;Ranunculus canadensis
RocailleW04;220332;Hedysarum hedysaroides;Hedysarum hedysaroides
RocailleW04;218130;Hedysarum hedysaroides;Hedysarum hedisarioides
RocailleW04;221760;Phyteuma betonicifolium;Phyteuma betonicifolium
RocailleW04;221764;Epilobium alpestre;Epilobium alpestre
RocailleW04;217133;Gnaphalium sylvaticum;Gnaphalium sylvaticum
RocailleW04;221003;Vaccinium myrtillus;Vaccinium myrtillus
RocailleW04;221550;Digitalis grandiflora;Digitalis grandiflora
RocailleW04;220335;Laserpitium latifolium;Laserpitium latifolium
RocailleW04;220359;Eryngium alpinum;Eryngium alpinum
RocailleW04;217262;Astragalus alpinus;Astragalus alpinus
RocailleW04;218126;Astragalus penduliflorus;Astragalus penduliflorus
RocailleW04;220340;Trifolium badium;Trifolium badium
RocailleW04;221659;Aquilegia vulgaris;Aquilegia vulgaris
RocailleW04;221616;Artemisia borealis;Artemisia borealis
RocailleW04;221617;Potentilla multifida;Potentilla multifida
RocailleW04;221618;Silene vallesia;Silene vallesia
RocailleW04;221580;Eryngium alpinum;Eryngium alpinum
RocailleW04;218017;Gentiana asclepiadea;Gentiana asclepiadea
RocailleW04;218129;Trifolium thalii;Trifolium thalii
RocailleW04;221576;Veronica aphylla;Veronica aphylla
RocailleW04;221575;Thymus praecox subsp. polytrichus;Thymus praecox subsp. polytrichus 
RocailleW04;221574;Plantago atrata;Plantago atrata subsp. atrata 
RocailleW05;221150;Cardamine heptaphylla;Cardamine heptaphylla
RocailleW05;221759;Thalictrum aquilegiifolium;Thalictrum aquilegiifolium
RocailleW05;221825;Trollius europaeus;Trollius europaeus
RocailleW05;221770;Cicerbita alpina;Cicerbita alpina
RocailleW05;221556;Digitalis lutea;Digitalis lutea
RocailleW05;220367;Aconitum napellus subsp. vulgare;Aconitum napellus subsp. vulgare 
RocailleW05;217164;Cirsium spinosissimum;Cirsium spinosissimum
RocailleW05;221856;Leucojum vernum;Leucojum vernum
RocailleW05;221621;Carex flacca;Carex flacca
RocailleW05;221237;Sanicula europaea;Sanicula europaea
RocailleW05;217021;Senecio alpinus;Senecio alpinus
RocailleW05;221570;Rubus saxatilis;Rubus saxatilis
RocailleW05;217195;Aconitum napellus;Aconitum napellus
RocailleW05;221015;Cruciata laevipes;Cruciata laevipes
RocailleW05;220360;Cephalaria gigantea;Cephalaria gigantea
RocailleW05;221019;Stachys officinalis;Stachys officinalis
RocailleW05;221151;Cardamine pentaphyllos;Cardamine pentaphyllos
RocailleW05;221152;Lunaria rediviva;Lunaria rediviva
RocailleW05;221153;Adenostyles alliariae;Adenostyles alliariae
RocailleW05;221182;Carex brizoides;Carex brizoides
RocailleW05;221183;Carex remota;Carex remota
RocailleW05;221149;Aconitum napellus subsp. lusitanicum;Aconitum napellus subsp. lusitanicum 
RocailleW05;221186;Geum rivale;Geum rivale
RocailleW05;221187;Filipendula ulmaria;Filipendula ulmaria
RocailleW05;216001;Delphinium elatum;Delphinium elatum
RocailleW05;215172;Asplenium trichomanes;Asplenium trichomanes
RocailleW05;223614;Cymbalaria muralis;Cymbalaria muralis
RocailleW05;223615;Erinus alpinus;Erinus alpinus
RocailleW06;221656;Scilla lilio-hyacinthus;Tracteuma lilio-hyacinthus
RocailleW06;221095;Cardamine heptaphylla;Cardamine heptaphylla
"RocailleW06
";218056;Osmunda regalis;Osmunda regalis
"RocailleW06
";221635;Helleborus viridis subsp. occidentalis;Helleborus viridis subsp. occidentalis 
"RocailleW06
";221630;Hyacinthoides italica;Hyacinthoides italica
"RocailleW06
";221569;Polystichum lonchitis;Polystichum lonchitis
"RocailleW06
";221208;Brunnera macrophylla;Brunnera macrophylla
"RocailleW06
";96513;Polystichum tsus-simensis;Polystichum tsus-simensis (Hook.) J. Sm.
"RocailleW06
";96514;Helleborus viridis;Helleborus viridis L. subsp. viridis 
"RocailleW06
";221090;Oxalis acetosella;Oxalis acetosella
"RocailleW06
";221045;Leucojum vernum;Leucojum vernum
"RocailleW06
";221044;Trachystemon orientalis;Trachystemon orientalis
"RocailleW06
";218057;Gymnocarpium robertianum;Gymnocarpium robertianum
"RocailleW06
";218111;Matteuccia struthiopteris;Matteuccia struthiopteris
"RocailleW06
";96502;Onoclea sensibilis;Onoclea sensibilis L.
"RocailleW06
";218112;Adiantum pedatum;Adiantum pedatum
"RocailleW06
";216095;Anemone ranunculoides;Anemone ranunculoides
RocailleW07;216208;Cyclamen hederifolium;Cyclamen hederifolium
RocailleW07;216098;Leucojum aestivum;Leucojum aestivum
RocailleW07;221746;Arabis alpina subsp. alpina;Arabis alpina
RocailleW07;217261;Trifolium alpinum;Trifolium alpinum
RocailleW07;220368;Arabis bellidifolia subsp. stellulata;Arabis bellidifolia subsp. stellulata 
RocailleW07;221854;Fourraea alpina;Fourraea alpina
RocailleW07;221705;Veronica fruticans;Veronica fruticans
RocailleW07;221677;Convallaria majalis;Convallaria majalis
RocailleW07;221676;Silene viscaria;Silene viscaria
RocailleW07;221675;Myrica gale;Myrica gale
RocailleW07;221661;Ranunculus platanifolius;Ranunculus platanifolius
RocailleW07;221658;Hyacinthoides hispanica;Hyacinthoides hispanica
RocailleW07;221657;Saxifraga cuneifolia var. capillipes;Saxifraga cuneifolia var. capillipes 
RocailleW07;219096;Crepis conyzifolia;Crepis conyzifolia
RocailleW07;219150;Trifolium montanum;Trifolium montanum
RocailleW07;218068;Anthericum liliago;Anthericum liliago
RocailleW07;217028;Campanula rhomboidalis;Campanula rhomboidalis
RocailleW07;217110;Veronica teucrium;Veronica teucrium
RocailleW07;218004;Allium schoenoprasum;Allium schoenoprasum
RocailleW07;217184;Genista sagittalis;Genista sagittalis
RocailleW07;218091;Allium carinatum subsp. pulchellum;Allium carinatum subsp. pulchellum 
RocailleW07;219025;Luzula alpinopilosa;Luzula alpinopilosa
RocailleW07;217116;Arabis hirsuta;Arabis hirsuta
RocailleW07;215405;Astrantia major;Astrantia major
RocailleW07;216074;Gentiana campestris;Gentiana campestris
RocailleW07;215416;Campanula thyrsoides;Campanula thyrsioides
RocailleW07;215375;Galeopsis tetrahit;Galeopsis tetrahit
RocailleW07;216103;Veronica arvensis;Veronica arvensis
RocailleW07;217117;Arabis turrita;Arabis turrita
RocailleW07;215322;Gentiana cruciata;Gentiana cruciata
RocailleW07;217229;Geranium pratense;Geranium pratense
RocailleW07;215405;Astrantia major;Astrantia major
RocailleW07;218062;Chiastophyllum oppositifolium;Chiastophyllum oppositifolium
RocailleW09;215112;Inula britannica;Inula britannica
RocailleW09;219149;Gymnocarpium dryopteris;Gymnocarpium dryopteris
RocailleW09;215174;Phyllitis scolopendrium;Phyllitis scolopendrium Newman
RocailleW09;221557;Cystopteris alpina;Cystopteris alpina
RocailleW09;219013;Polypodium vulgare;Polypodium vulgare
RocailleW09;215342;Centaurea jacea;Centaurea jacea
RocailleW09;216018;Epilobium angustifolium;Epilobium angustifolium
RocailleW10;205186;Viola delphinantha;Viola delphinantha
RocailleW10;206848;Allium narcissiflorum;Allium narcissifolium
RocailleW10;205602;Clematis integrifolia;Clematis integrifolia L.
RocailleZ01;216099;Ornithogalum umbellatum;Ornithogalum umbellatum
RocD01;216097;Carex pendula;Carex pendula
SerreCactus;222332;Carnegiea gigantea;Carnegia gigantea
SerreCactus;222333;Espostoa blossfeldiorum;Trixanthocereus blossfeldiana
SerreCarnivores;206330;Ficus religiosa;Ficus religiosa L.
SerreCarnivores;221053;Ficus benghalensis;ficus benghalensis
SerreCarnivores;220052;Camellia oleifera;Camellia oleifera
SerreCarnivores;221054;Cestrum nocturnum;cestrum nocturnum
SerreCarnivores;221054;Cestrum nocturnum;cestrum nocturnum
SerreCarnivores;217244;Illicum verum;Ilicium verum
SerreCarnivoresAutres;224118;;Drosera paleaceavar.true type
SerreCarnivoresAutres;224119;;Sarracenia flavaf.géante
SerreCarnivoresAutres;224120;;Sarracenia flavavar.rugelii
SerreCarnivoresAutres;224121;;Sarracenia hybrideCV.Okee Giant
SerreCarnivoresAutres;224122;;Sarracenia Sspala bamensis
SerreCarnivoresAutres;224123;;Drosera Sp Chimanimani
SerreCarnivoresAutres;224124;;Pinguicula AphroditeHorticole
SerreCarnivoresAutres;224125;;Pinguicula colimensis
SerreCarnivoresAutres;224126;;Pinguicula moctezumae x gracilis
SerreCarnivoresAutres;224127;;Sarracenia oreophilla
SerreCarnivoresAutres;224128;;Nepenthes albomarginate
SerreCarnivoresAutres;224129;;Nepenthes truncata
SerreCarnivoresAutres;224130;;Urticularia sandersoni
SerreCarnivoresAutres;224131;;Drosera cuneifolia
SerreCarnivoresAutres;224132;;Sarracenia flava rubicorporaf.red white
SerreCarnivoresAutres;224133;;Urticularia longifolia
SerreCarnivoresAutres;224134;;Drosera  aliceae
SerreCarnivoresAutres;224135;;Drosera natalensis
SerreCarnivoresAutres;224136;;Drosera ultramafica
SerreCarnivoresAutres;224137;;Drosera capensisMatroosberg
SerreCarnivoresAutres;224138;Dionaea muscipula ‘Titan’;Dionaea muscipulaTitan
SerreCarnivoresAutres;224139;Dionaea muscipula ‘Microdent’;Dionaea muscipulamicrodent
SerreCarnivoresAutres;224140;;Drosera omissa
SerreCarnivoresAutres;224141;;Drosera binataf.multifida
SerreCarnivoresAutres;224142;;Drosera (Marton Dragon)
SerreCarnivoresAutres;224143;;Drosera binataf.dichotoma
SerreCarnivoresAutres;224144;;Drosera  binata2f.multifida extrema
SerreCarnivoresAutres;224145;;Sarracenia flavaC.V maxima
SerreCarnivoresAutres;224146;;Sarracenia rubraSsp.guffensis fancestral
SerreCarnivoresAutres;224147;;Sarracenia alataf.red-throat
SerreCarnivoresAutres;224148;;Sarracenia flavavar.cuprea
SerreCarnivoresAutres;224149;;Sarracenia alatavar.alata maroon throat
SerreCarnivoresAutres;224150;;Sarracenia alatavar.atrorubra All red
SerreCarnivoresAutres;224151;;Drosera colina
SerreCarnivoresAutres;224152;;Drosera stolonifera
SerreCarnivoresAutres;224153;;Drosera basifolia
SerreCarnivoresAutres;224154;;Drosera Squamosa
SerreCarnivoresAutres;224155;;Drosera tubaestylis
SerreCarnivoresOrchidées;223006;Anguloa Hybride ‘Phoenix’;Anguloa clowesii x Nathalie Dublineau (Phoenix)
SerreCarnivoresOrchidées;223007;Anguloa clowesii;Anguloa  clowesii
SerreCarnivoresOrchidées;223010;Aspasia silvana;Aspasia silvana
SerreCarnivoresOrchidées;223322;Barkeria sp.;Barkeria ?
SerreCarnivoresOrchidées;223323;Barkeria Hybride ‘Erika’;Barkeria Erika (skinneri x lindleyana)
SerreCarnivoresOrchidées;223324;Barkeria lindleyana;Barkeria lindleyana
SerreCarnivoresOrchidées;223017;Brassia maculata;Brassia maculata
SerreCarnivoresOrchidées;223030;Bulbophyllum elassonotum;Bulbophyllum elassonotum
SerreCarnivoresOrchidées;223334;Calanthe striata;Calanthe sieboldi
SerreCarnivoresOrchidées;223337;Cattleya trianae;Cattleya trianae
SerreCarnivoresOrchidées;223080;Chysis bractescens;Chysis bractescens
SerreCarnivoresOrchidées;223338;Chysis x sedeni;Chysis Sedenii (limmingheix bractescens)
SerreCarnivoresOrchidées;223082;Coelia bella;Coelia bella
SerreCarnivoresOrchidées;223085;Coelogyne cristata;Coelogyne cristata
SerreCarnivoresOrchidées;223340;Coelogyne cristata;Coelogyne cristata
SerreCarnivoresOrchidées;223341;Coelogyne cristata;Coelogyne cristata
SerreCarnivoresOrchidées;223342;Coelogyne cristata;Coelogyne cristata
SerreCarnivoresOrchidées;223086;Coelogyne flaccida;Coelogyne flaccida
SerreCarnivoresOrchidées;223343;Coelogyne fuscescens;Coelogyne fuscescens 
SerreCarnivoresOrchidées;223088;Coelogyne flaccida;Coelogyne lactea
SerreCarnivoresOrchidées;223090;Coelogyne tomentosa;Coelogyne massangeana
SerreCarnivoresOrchidées;223344;Coelogyne multiflora;Coelogyne multiflora
SerreCarnivoresOrchidées;223093;Coelogyne nitida;Coelogyne nitida
SerreCarnivoresOrchidées;223094;Coelogyne ovalis;Coelogyne ovalis (fuliginosa ? )
SerreCarnivoresOrchidées;223095;Coelogyne ovalis;Coelogyne ovalis  
SerreCarnivoresOrchidées;223345;;Colmanara  Catatante 'Pacific Sun Spots'
SerreCarnivoresOrchidées;223346;Cymbidium dayanum;Cymbidium dayanum
SerreCarnivoresOrchidées;223347;Cymbidium devonianum ;Cymbidium devonianum
SerreCarnivoresOrchidées;223104;Cymbidium x ‘Dorothy Stockstill’;Cymbidium Dorothy Stockshill
SerreCarnivoresOrchidées;223105;Cymbidium erythraeum;Cymbidium erythraeum
SerreCarnivoresOrchidées;223348;;Cymbidium hybride (pt fleurs jaune)
SerreCarnivoresOrchidées;223349;;Cymbidium hybride cuivre/orange
SerreCarnivoresOrchidées;223106;Cymbidium lowianum;Cymbidium lowianum
SerreCarnivoresOrchidées;223107;Cymbidium tracyanum;Cymbidium tracyanum 
SerreCarnivoresOrchidées;223350;;Cymbidium  blanc
SerreCarnivoresOrchidées;223115;Dendrobium aphyllum;Dendrobium aphyllum
SerreCarnivoresOrchidées;223351;;Dendrobium Brinawa charm x King Wong 
SerreCarnivoresOrchidées;223352;Dendrobium brymerianum;Dendrobium brymerianum
SerreCarnivoresOrchidées;223353;;Dendrobium Chine
SerreCarnivoresOrchidées;223123;Dendrobium chrysotoxum;Dendrobium chrysotoxum
SerreCarnivoresOrchidées;223124;Dendrobium chrysotoxum;Dendrobium chrysotoxum var suawissimum
SerreCarnivoresOrchidées;223128;Dendrobium x delicatum;Dendrobium delicatum  
SerreCarnivoresOrchidées;223129;Dendrobium x delicatum;Dendrobium delicatum  
SerreCarnivoresOrchidées;223354;Dendrobium densiflorum;Dendrobium densiflorum
SerreCarnivoresOrchidées;223131;Dendrobium farmeri;Dendrobium farmeri
SerreCarnivoresOrchidées;223132;Dendrobium fimbriatum;Dendrobium fimbriatum
SerreCarnivoresOrchidées;223355;Dendrobium x ‘Golden Blossom marginata’;Dendrobium Golden Blossom 'Marginata'
SerreCarnivoresOrchidées;223356;Dendrobium hercoglossum;Dendrobium hercoglossum
SerreCarnivoresOrchidées;223133;Dendrobium jenkinsii;Dendrobium jenkinsii
SerreCarnivoresOrchidées;223357;Dendrobium kingianum;Dendrobium kingianum 
SerreCarnivoresOrchidées;223358;Dendrobium lituiflorum;Dendrobium lituiflorum 
SerreCarnivoresOrchidées;223137;Dendrobium lituiflorum;Dendrobium lituiflorum
SerreCarnivoresOrchidées;223138;Dendrobium loddigesii;Dendrobium loddigesii 
SerreCarnivoresOrchidées;223359;Dendrobium sp.;Dendrobium modlenianum
SerreCarnivoresOrchidées;223360;Dendrobium moniliforme;Dendrobium moniliforme
SerreCarnivoresOrchidées;223361;Dendrobium nobile;Dendrobium nobile
SerreCarnivoresOrchidées;223363;Dendrobium nobile;Dendrobium nobile 
SerreCarnivoresOrchidées;223364;Dendrobium nobile;Dendrobium nobile  
SerreCarnivoresOrchidées;223364;Dendrobium nobile;Dendrobium nobile  
SerreCarnivoresOrchidées;223365;Dendrobium nobile;Dendrobium nobile 
SerreCarnivoresOrchidées;223366;Dendrobium nobile;Dendrobium nobile 
SerreCarnivoresOrchidées;223367;Dendrobium nobile;Dendrobium nobile 
SerreCarnivoresOrchidées;223369;Dendrobium nobile ‘Akatsuki’;Dendrobium nobile Akasuki
SerreCarnivoresOrchidées;223370;;Dendrobium tetragonum x kingianum
SerreCarnivoresOrchidées;223150;Dendrobium thyrsiflorum;Dendrobium thyrsiflorum
SerreCarnivoresOrchidées;223372;Dendrochilum glumaceum var. alba;Dendrochilum glumaceum var. alba
SerreCarnivoresOrchidées;223373;Dendrochilum magnum;Dendrochilum magnum
SerreCarnivoresOrchidées;223374;Dendrochilum tenellum;Dendrochilum tenellum
SerreCarnivoresOrchidées;223376;Dracula vampira;Dracula vampira
SerreCarnivoresOrchidées;223377;Encyclia adenocaula;Encyclia adenocaula
SerreCarnivoresOrchidées;223378;Prosthechea michuacana;Encyclia virgata
SerreCarnivoresOrchidées;223174;Encyclia hanburyi;Encyclia  hamburii
SerreCarnivoresOrchidées;223379;Epidendrum paniculatum;Epidendrum floribundum
SerreCarnivoresOrchidées;223380;Prosthechea garciana;Epidendrum garcianum
SerreCarnivoresOrchidées;223185;Epidendrum parkinsonianum;Epidendrum parkinsonianum
SerreCarnivoresOrchidées;223381;Epidendrum purum;Epidendrum purum
SerreCarnivoresOrchidées;223382;Epidendrum sp.;Epidendrum  sp. 
SerreCarnivoresOrchidées;223200;Prosthechea citrina;Euchile citrina
SerreCarnivoresOrchidées;223203;Eulophia guineensis;Eulophia guinensis
SerreCarnivoresOrchidées;223204;Eulophia streptopetala;Eulophia streptopetala
SerreCarnivoresOrchidées;223384;Gongora galeata;Gongora galeata
SerreCarnivoresOrchidées;223206;;Gongora galeata x quinguenervis
SerreCarnivoresOrchidées;223385;Gongora gratulabunda;Gongora gratulabunda
SerreCarnivoresOrchidées;223207;Gongora sp.;Gongora hybride 
SerreCarnivoresOrchidées;223209;Laelia anceps;Laelia anceps
SerreCarnivoresOrchidées;223387;Lycaste aromatica;Lycaste aromatica
SerreCarnivoresOrchidées;223388;Lycaste aromatica;Lycaste aromatica
SerreCarnivoresOrchidées;223389;Lycaste bradeorum;Lycaste bradeanum
SerreCarnivoresOrchidées;223391;Lycaste virginalis f. alba;Lycaste skinneri alba
SerreCarnivoresOrchidées;223392;Maxillaria splendens;Maxillaria splendens
SerreCarnivoresOrchidées;223393;Maxillaria longipetala;Maxillaria triloris
SerreCarnivoresOrchidées;223394;Mediocalcar decoratum;Mediocalcar decoratum
SerreCarnivoresOrchidées;223236;Miltonia flavescens;Miltonia flavescens
SerreCarnivoresOrchidées;223239;;Miltonia hybride (Fleurs mauve parfumé)
SerreCarnivoresOrchidées;223395;Miltonia spectabilis;Miltonia spectabilis
SerreCarnivoresOrchidées;223396;;Miltoniopsis  Jaune-lilas
SerreCarnivoresOrchidées;223397;Vanda falcata;Neofinetia falcata
SerreCarnivoresOrchidées;223398;Cuitlauzina pulchella;Odontoglossum pulchellum
SerreCarnivoresOrchidées;223246;Oncidium sp.;Oncidium ?
SerreCarnivoresOrchidées;223399;Oncidium ornithorhynchum;Oncidium ornithorrhynchum
SerreCarnivoresOrchidées;223256;Oncidium hybride ‘Gower Ramsey’;Oncidium sphacelatum x sp (Gower Ramsey)
SerreCarnivoresOrchidées;223257;Oncidium hybride ‘Gower Ramsey’;Oncidium sphacelatum x sp (Gower Ramsey)
SerreCarnivoresOrchidées;223259;Paphiopedilum insigne;Paphiopedilum insigne 
SerreCarnivoresOrchidées;223260;Paphiopedilum villosum;Paphiopedilum villosum
SerreCarnivoresOrchidées;223413;Pescatoria dayana;Pescatorea dayana
SerreCarnivoresOrchidées;223265;Gastrorchis humblotii;Phaius humblotii
SerreCarnivoresOrchidées;223427;Xylobium leontoglossum;Xylobium leontoglossum
SerreCarnivoresOrchidées;223428;Zygopetalum Hybride ‘Artur Elle’;Zygopetalum ?
SerreCarnivoresOrchidées;223429;Zygopetalum Hybride ‘Artur Elle’;Zygopetalum maculatum
SerreCarnivoresOrchidées;223420;Renanthera citrina;Renanthera citrina
SerreCarnivoresOrchidées;223280;Rhyncholaelia glauca;Rhyncholaelia glauca
SerreCarnivoresOrchidées;223421;Rossioglossum grande;Rossioglossum grande
SerreCarnivoresOrchidées;223290;;Sobralia fimbriata ? macranthum ?
SerreCarnivoresOrchidées;223291;Sobralia macrantha;Sobralia macranthum
SerreCarnivoresOrchidées;223292;Sobralia macrantha;Sobralia macranthum 
SerreCarnivoresOrchidées;223295;Stanhopea tigrina;Stanhopea embreei / tigrina
SerreCarnivoresOrchidées;223425;Stanhopea embreei;Stanhopea jenischiana / embreei
SerreCarnivoresOrchidées;223296;Stanhopea jenischiana;Stanhopea jenischiana
SerreCarnivoresOrchidées;223297;Stanhopea tigrina var. nigroviolacea;Stanhopea nigroviolacea
SerreCarnivoresOrchidées;223298;Stanhopea oculata;Stanhopea oculata
SerreCarnivoresOrchidées;223300;Stanhopea tigrina;Stanhopea tigrina
SerreCarnivoresOrchidées;223301;Stanhopea tigrina;Stanhopea tigrina
SerreCarnivoresOrchidées;223305;Vanda coerulea;Vanda coerulea 
SerreCarnivoresOrchidées;;;
SerreCarnivoresOrchidées;;;
SerreCarnivoresTable1;224001;;Drosera natalensis
SerreCarnivoresTable1;224002;;Drosera regia
SerreCarnivoresTable1;224003;;Drosera hamiltonii
SerreCarnivoresTable1;224004;;Drosera capensis(bainskloof)
SerreCarnivoresTable1;224005;;Drosera regiaclone wihelma
SerreCarnivoresTable1;224006;;Sarracenia rubrassp.alabamensis
SerreCarnivoresTable1;224007;;Sarracenia flavavar.curprea
SerreCarnivoresTable1;224008;;Sarracenia leucophyllavar.tamok
SerreCarnivoresTable1;224009;;Sarracenia flavavar.rugelii
SerreCarnivoresTable1;224010;;Sarracenia alata
SerreCarnivoresTable1;224011;;Sarracenia flavavar.flava
SerreCarnivoresTable1;224012;;Sarracenia flavavar.maxima
SerreCarnivoresTable1;224013;;Sarracenia minorvar.okefenokee
SerreCarnivoresTable1;224014;;Sarracenia rubrassp.gulfensis
SerreCarnivoresTable1;224015;;Pogonia ophioglossoides
SerreCarnivoresTable1;224016;;Urticularia asplundii
SerreCarnivoresTable1;224017;;Drosophyllum lusitanicum
SerreCarnivoresTable1;224018;Dionaea muscipula ‘Red Piranha’;Dionaea muscipulavar.red pirahna
SerreCarnivoresTable2;224019;Dionaea muscipula ‘Giant’;Dionaea muscipulavar.giant
SerreCarnivoresTable2;224020;Dionaea muscipula ‘Royal Red’;Dionaea muscipulaCV(Royal Red)
SerreCarnivoresTable2;224021;Dionaea muscipula ‘Titan’;Dionaea muscipulaTitan
SerreCarnivoresTable2;224022;;Drosera stolonifera
SerreCarnivoresTable2;224023;;Drosera squamosa
SerreCarnivoresTable2;224024;;Drosera adelae
SerreCarnivoresTable2;224025;;Drosera intermediavar.roraima
SerreCarnivoresTable2;224026;;Drosera ramentaceae
SerreCarnivoresTable2;224027;;Drosera natalensis
SerreCarnivoresTable2;224028;;Drosesa capensisCV(Alba)
SerreCarnivoresTable2;224029;;Drosera curviscapavar.esterhuysenae
SerreCarnivoresTable2;224030;;Drosera regia
SerreCarnivoresTable2;224031;;Drosera capensisvar.montagu pass
SerreCarnivoresTable2;224032;;Brocchinia reducta
SerreCarnivoresTable2;224033;;Sarracenia purpureavar.venosa
SerreCarnivoresTable2;224034;;Sarracenia flavavar.ornata
SerreCarnivoresTable2;224035;;Sarracenia flavavar.rubicorpora
SerreCarnivoresTable2;224036;;Sarracenia minor
SerreCarnivoresTable2;224037;;Drosera sp.chimanimani
SerreCarnivoresTable2;224038;;Drosera hamiltonii
SerreCarnivoresTable2;224039;;Drosera capensisMarilong 90
SerreCarnivoresTable3;224040;;Brocchinia hechtioides
SerreCarnivoresTable3;224041;;Pinguicula gigantea
SerreCarnivoresTable3;224042;;Pinguicula cv(weser)
SerreCarnivoresTable3;224043;;Pinguicula rectifolia
SerreCarnivoresTable3;224044;;Pinguicula moranensisf.caudata
SerreCarnivoresTable3;224045;;Pinguicula X Sethos
SerreCarnivoresTable3;224046;;Pinguicula pilosa
SerreCarnivoresTable3;224047;;Pinguicula agnatafleurs sombre
SerreCarnivoresTable3;224048;;Pinguicula martinezii
SerreCarnivoresTable3;224049;;Pinguicula jaumavensis
SerreCarnivoresTable3;224050;;Pinguicula moranensisf.rosei
SerreCarnivoresTable3;224051;;Pinguicula cv.(Tina)
SerreCarnivoresTable3;224052;;Pinguicula esseriana(El mirrador)
SerreCarnivoresTable3;224053;;Pinguicula pilosa
SerreCarnivoresTable3;224054;;Heliamphora hybride
SerreCarnivoresTable3;224055;;Drosera binata
SerreCarnivoresTable3;224056;;Sarracenia leucophylla
SerreCarnivoresTable3;224057;;Sarracenia alataf.red Throat
SerreCarnivoresTable3;224058;;Sarracenia X rehderi
SerreCarnivoresTable3;224059;;Sarracenia harperi
SerreCarnivoresTable3;224060;;Sarracenia flavatête de cuivre
SerreCarnivoresTable3;224061;;Sarracenia flavavar.atropurpurea
SerreCarnivoresTable3;224062;;Sarracenia flavavar.ornata
SerreCarnivoresTable3;224063;;Sarracenia moorei
SerreCarnivoresTable3;224064;;Sarracenia purpurea
SerreCarnivoresTable3;224065;;Drosera capensisMatroos beng
SerreCarnivoresTable4;224066;;Urticularia lividaf.durban
SerreCarnivoresTable4;224067;;Cephalotus follicularis
SerreCarnivoresTable4;224068;;Drosera regia
SerreCarnivoresTable4;224069;;Drosera oblanceolata
SerreCarnivoresTable4;224070;;Urticularia nelumbifolia
SerreCarnivoresTable4;224071;;Urticularia reniformis(minor)
SerreCarnivoresTable4;224072;;Urticularia longifoliavar.forgetiana
SerreCarnivoresTable4;224073;;Urticularia cornuta
SerreCarnivoresTable4;224074;;Nepenthes reinwardtiana
SerreCarnivoresTable4;224075;;Nepenthes rafflesiana
SerreCarnivoresTable4;224076;;Nepenthes alata
SerreCarnivoresTable4;224077;;Nepenthes Miranda
SerreCarnivoresTable4;;;
SerreCarnivoresTable5;224079;;Drosera capensis(minor)
SerreCarnivoresTable5;224080;;Drosera ascendens
SerreCarnivoresTable5;224081;;Drosera  tomentosa
SerreCarnivoresTable5;224082;;Drosera admirabilis
SerreCarnivoresTable5;224083;;Drosera madagascariensis
SerreCarnivoresTable5;224084;;Drosera adelae
SerreCarnivoresTable5;224085;;Drosera slackii
SerreCarnivoresTable5;224086;;Drosera hamiltonii
SerreCarnivoresTable5;224087;;Drosera capensisMontagu pass
SerreCarnivoresTable5;224088;;Drosera rubifolia
SerreCarnivoresTable5;224089;;Drosera binata
SerreCarnivoresTable5;224090;;Sarracenia flavavar.rubricorpora
SerreCarnivoresTable5;224091;;Sarracenia rubra ssp gulfensisvar.heterophylla
SerreCarnivoresTable5;224092;;Sarracenia x gilpini
SerreCarnivoresTable5;224093;;Sarracenia purpureavar.burkii
SerreCarnivoresTable5;224094;;Sarracenia psittacina
SerreCarnivoresTable5;224095;;Sarracenia minorvar.okefenokee giant
SerreCarnivoresTable5;224096;;Sarracenia flavavar.flava
SerreCarnivoresTable5;224097;;Nepenthes mira
SerreCarnivoresTable6;224098;;Pinguicula moctezumae
SerreCarnivoresTable6;224099;;Drosera nidiformis
SerreCarnivoresTable6;224100;;Drosera filiformisvar.california sunset
SerreCarnivoresTable6;224101;;Drosera tokaiensis
SerreCarnivoresTable6;224102;;Drosera pulchella
SerreCarnivoresTable6;224103;;Drosera regia
SerreCarnivoresTable6;224104;;Drosera tomentosavar.glabrata
SerreCarnivoresTable6;224105;;Drosera venusta
SerreCarnivoresTable6;224106;;Drosera  binata
SerreCarnivoresTable6;224107;;Drosera binataf.petite
SerreCarnivoresTable6;224108;;Drosera capensis var. alba 
SerreCarnivoresTable6;224109;;Drosera capensis(plante rouge)
SerreCarnivoresTable6;224110;;Sarracenia leucophylla
SerreCarnivoresTable6;224111;;Sarracenia x areolataHybride naturel
SerreCarnivoresTable6;224112;;Sarracenia flavavar.Maxima
SerreCarnivoresTable6;224113;;Sarracenia x mitchelliana
SerreCarnivoresTable6;224114;;Sarracenia alataf.pubescens
SerreCarnivoresTable6;224115;;Cephalotus (Hummers Giant)
SerreCarnivoresTable6;224116;;Drosera binatavar.dichotoma
SerreCarnivoresTable6;224117;;Utricularia parthenopipes
SerreTropicaleAfrique(Lac)1;216539;Palisota barteri;Palisota barteri
SerreTropicaleAfrique(Lac)1;222329;Platycerium elephantotis;Platicerium elephantotis
SerreTropicaleAfrique(Lac)1;222180;Hibiscus schizopetalus;Hibiscus schyzopetalus
SerreTropicaleAfrique(Lac)1;220253;Khaya senegalensis;Khaya senegalensis
SerreTropicaleAfrique(Lac)1;216364;Crossandra nilotica;Crossandra nilotica
SerreTropicaleAfrique(Lac)1;216647;Thunbergia erecta;Thunbergia erecta
SerreTropicaleAfrique(Lac)1;222093;Stictocardia beraviensis;Strictocardia  beraviensis
SerreTropicaleAfrique(Lac)1;222092;Vitellaria paradoxa;Vitellaria paradoxa
SerreTropicaleAfrique(Lac)1;216805;Coffea myrtifolia;Coffea myrtifolia
SerreTropicaleAfrique(Lac)1;222181;Hibiscus grandidieri;Hibiscus grandidieri
SerreTropicaleAfrique(Lac)1;222331;Coffea canephora;coffea robusta
SerreTropicaleAfrique(Lac)1;222148;Piper borbonense;Piper borbonense
SerreTropicaleAfrique(Lac)1;222091;Aframomum melegueta;Aframomum melegueta
SerreTropicaleAfrique(Lac)1;216605;Ruspolia seticalyx;Ruspolia seticalyx
SerreTropicaleAfrique(Lac)1;205038;Ipomoea bolusiana;Ipomea bolusiana Schinz
SerreTropicaleAfrique(Lac)1;216455;Hibiscus schizopetalus;Hibiscus schizopetalus
SerreTropicaleAfrique(Lac)1;216794;Cola acuminta;Cola acuminata (P.Beauv.) Schott & Endl
SerreTropicaleAfrique(Lac)1;222090;Mkilua fragrans;Mkilua fragrans
SerreTropicaleAfrique(Lac)1;216539;Palisota barteri;Palisota barteri
SerreTropicaleAfrique(Lac)1;216354;Coffea arabica;Coffea arabica
SerreTropicaleAfrique(Lac)1;216362;Hellenia speciosus;Costus speciosus
SerreTropicaleAfrique(Lac)1;216253;Vachellia nilotica;Acacia nilotica
SerreTropicaleAmazone(Jura);216251;;Acacia arabica
SerreTropicaleAmazone(Jura)1;222097;Justicia carnea;Justicia carnea
SerreTropicaleAmazone(Jura)1;216428;Erythroxylum coca;Erythroxylum coca
SerreTropicaleAmazone(Jura)1;216520;Myroxylon balsamum;Myroxylon balsamodendron 
SerreTropicaleAmazone(Jura)1;216629;Sterculia foetida;Sterculia foetida
SerreTropicaleAmazone(Jura)1;222094;Passiflora princeps;Passiflora racemosa
SerreTropicaleAmazone(Jura)1;216340;Carapichea ipecacuanha;Cephaelis ipecacuanha
SerreTropicaleAmazone(Jura)1;216568;Piper divaricatum;Piper apiculatum
SerreTropicaleAmazone(Jura)1;222096;Aristolochia labiata;Aristolochia labiata
SerreTropicaleAmazone(Jura)1;217245;Theobroma cacao;Theobroma cacao
SerreTropicaleAmazone(Jura)1;220320;Ipomoea carnea subsp. carnea;Ipomea carnea
SerreTropicaleAmazone(Jura)1;222326;Thalia geniculata;Marantha arundinacea
SerreTropicaleAmazone(Jura)1;216644;Theobroma cacao;Theobroma cacao
SerreTropicaleAmazone(Jura)1;222327;Calathea warscewiczii;Calathea warscewiczii
SerreTropicaleAmazone(Jura)1;216790;Psychotria viridis;Psychotria viridis Ruiz & Pav
SerreTropicaleAmazone(Jura)1;220195;Diplopterys cabrerana;Diplopterys cabrerana (Cuatrec.) B.Gates
SerreTropicaleAmazone(Jura)1;216292;Banisteriopsis caapi;Banisteriopsis caapi
SerreTropicaleAmazone(Jura)1;222328;Manihot palmata;Manihot palmata
SerreTropicaleAmazone(Jura)1;220190;Banisteriopsis caapi;Banisteriopsis  caapi  (Spruce ex. Griseb.) Morton var. Cielo 
SerreTropicaleAmazone(Jura)1;216326;Carica papaya;Carica papaya
SerreTropicaleAmazone(Jura)1;217249;Banisteriopsis caapi;Banisteriopsis caapi var. Copayera 
SerreTropicaleAmazone(Jura)1;220195;Diplopterys cabrerana;Diplopterys cabrerana (Cuatrec.) B.Gates
SerreTropicaleAmazone(Jura)1;216621;Spathiphyllum wallisii;Spathiphyllum wallisii
SerreTropicaleAmériqueC Caraïbes(Jura);216801;; A déterminer
SerreTropicaleAmériqueC Caraïbes(Jura);;;
SerreTropicaleAmériqueC Caraïbes(Jura);216458;Hura crepitans;Hura crepitans
SerreTropicaleAmériqueC Caraïbes(Jura);216558;Philodendron melanochrysum;Philodendron melanochrysum
SerreTropicaleAmériqueC Caraïbes(Jura);216499;Manihot palmata;Manihot palmata
SerreTropicaleAmériqueC Caraïbes(Jura);216449;Heliconia bihai;Heliconia bihai
SerreTropicaleAmériqueC Caraïbes(Jura);222337;Fittonia gigantea;Fittonia gigantea Linden
SerreTropicaleAmériqueC Caraïbes(Jura);222337;Fittonia gigantea;Fittonia gigantea Linden
SerreTropicaleAmériqueC Caraïbes(Jura);222327;Calathea warscewiczii;Calathea warscewiczii
SerreTropicaleAmériqueC Caraïbes(Jura);216280;Annona muricata;Annona muricata
SerreTropicaleAmériqueC Caraïbes(Jura);216667;Vanilla pompona;Vanilla pompona
SerreTropicaleAmériqueC Caraïbes(Jura);216326;Carica papaya;Carica papaya
SerreTropicaleAmériqueC Caraïbes(Jura);216298;Bixa orellana;Bixa orellana
SerreTropicaleAmériqueC Caraïbes(Jura);222338;Pilea crassifolia;Pilea  crassifolia Wild
SerreTropicaleAmériqueC Caraïbes(Jura);222338;Pilea crassifolia;Pilea  crassifolia Wild
SerreTropicaleAmériqueC Caraïbes(Jura);222340;Aristolochia arborea;Aristolochia arborea Mart. et Zucc.
SerreTropicaleAmériqueC Caraïbes(Jura);222339;Calliandra magdalenae;Calliandra magdalenae (DC.) Benth.
SerreTropicaleAmériqueC Caraïbes(Jura);216463;Hymenocallis caribaea;Hymenocallis caribaea
SerreTropicaleAmériqueC Caraïbes(Jura);222153;Piper methysticum;Piper  methysticum
SerreTropicaleAmériqueC Caraïbes(Jura);216547;Peperomia glabella;Peperomia caulibarbis
SerreTropicaleAmériqueC Caraïbes(Jura);216547;Peperomia glabella;Peperomia caulibarbis
SerreTropicaleAmériqueC Caraïbes(Jura);216588;Quassia amara;Quassia amara
SerreTropicaleAmériqueC Caraïbes(Jura);222167;Piper sanctum;Piper  sanctum
SerreTropicaleAmériqueC Caraïbes(Jura);222164;Ananas comosus;Ananas comosus var
SerreTropicaleAmériqueC Caraïbes(Jura);222165;Ananas comosus;Ananas comosus var
SerreTropicaleAmériqueC Caraïbes(Jura);222162;Ananas comosus;Ananas comosus var. Victoria
SerreTropicaleAmériqueC Caraïbes(Jura);222166;Ananas comosus;Ananas comosus var
SerreTropicaleAmériqueC Caraïbes(Jura);222163;Ananas comosus;Ananas comosus var.Pain de sucre
SerreTropicaleAmériqueC Caraïbes(Jura);216359;Copaifera officinalis;Copaifera officinalis
SerreTropicaleAmériqueC Caraïbes(Jura);222095;Passiflora vitifolia;Passiflora vitifolia
SerreTropicaleAmériqueC Caraïbes(Jura);222341;Pilea nummulariifolia;Pilea nummularifolia (SW.) Wedd.
SerreTropicaleAmériqueC Caraïbes(Jura);216640;Talinum paniculatum;Talinum paniculatum
SerreTropicaleAmériqueC Caraïbes(Jura);216572;Pithecellobium unguis-cati;Pithecellobium ungis - catii
SerreTropicaleAmériqueC Caraïbes(Jura);222338;Pilea crassifolia;Pilea  crassifolia Wild
SerreTropicaleAmériqueC Caraïbes(Jura);222342;Pilea spruceana;Pilea spruceana
SerreTropicaleAmériqueC Caraïbes(Jura);216646;Cascabela ovata;Thevetia plumeriaefolia
SerreTropicaleAmériqueC Caraïbes(Jura);216646;Cascabela ovata;Thevetia plumeriaefolia
SerreTropicaleAmériqueC Caraïbes(Jura);216586;Ronabea emetica;Psychotria emetica
SerreTropicaleAmériqueC Caraïbes(Jura);216473;Jatropha curcas;Jatropha curcas
SerreTropicaleAmériqueC Caraïbes(Jura);216565;Pimenta dioica;Pimenta dioiqua
SerreTropicaleAmériqueC Caraïbes(Jura);222343;Procris repens;Pellionia repens (Lour.) Merr.
SerreTropicaleAmériqueC Caraïbes(Jura);216678;;Guajacum officinale
SerreTropicaleAmériqueC Caraïbes(Jura);222158;Aristolochia grandiflora;Aristolochia grandiflora
SerreTropicaleAmériqueC Caraïbes(Jura);216324;Canella winterana;Canella winterana
SerreTropicaleAmériqueC Caraïbes(Jura);216309;Brunfelsia nitida;Brunfelsia nitida
SerreTropicaleAmériqueC Caraïbes(Jura);216673;Zamia furfuracea;Zamia furfuracea
SerreTropicaleAmériqueC Caraïbes(Jura);216561;Phyllanthus angustifolius;Phyllanthus angustifolius
SerreTropicaleAmériqueC Caraïbes(Jura);216320;Calliandra falcata ;Calliandra fulgens
SerreTropicaleAmériqueC Caraïbes(Jura);216566;Pimenta racemosa;Pimenta racemosa
SerreTropicaleAmériqueC Caraïbes(Jura);216436;Furcraea foetida;Furcraea foetida
SerreTropicaleAmériqueC Caraïbes(Jura);220318;Piper peltatum;Piper peltatum
SerreTropicaleAmériqueC Caraïbes(Jura);222344;Ipomoea tiliacea;ipomea tiliacea (Wild) Choisy
SerreTropicaleAmériqueC Caraïbes(Jura);216550;Petrea volubilis;Petrea volubilis
SerreTropicaleAmériqueC Caraïbes(Jura);216308;Brunfelsia americana;Brunfelsia americana
SerreTropicaleAmériqueC Caraïbes(Jura);216306;Brosimum alicastrum;Brosimum alicastrum
SerreTropicaleAmériqueC Caraïbes(Jura);216606;Salvia divinorum;Salvia divinorum
SerreTropicaleAsie Océanie (Lac);222143;Huperzia squarrosa;Lycopodium squarosum
SerreTropicaleAsie Océanie (Lac);220230;;Nepenthes  sanguinea
SerreTropicaleAsie Océanie (Lac);220198;;Nepenthes eustachya
SerreTropicaleAsie Océanie (Lac);206330;Ficus religiosa;Ficus religiosa L.
SerreTropicaleAsie Océanie (Lac);216440;Gmelina arborea;Gmelina arborea
SerreTropicaleAsie Océanie (Lac);216475;Kaempferia galanga;Kaempferia galanga
SerreTropicaleAsie Océanie (Lac);220241;Kaempferia angustifolia;Kaempferia gilberti
SerreTropicaleAsie Océanie (Lac);;;
SerreTropicaleAsie Océanie (Lac);216592;Rauvolfia serpentina;Rauvolfia serpentina
SerreTropicaleAsie Océanie (Lac);220223;;Nepenthes  distillatoria 
SerreTropicaleAsie Océanie (Lac);222152;Piper kadsura;Piper kadsura
SerreTropicaleAsie Océanie (Lac);216293;Bauhinia aculeata;Bauhinia grandiflora
SerreTropicaleAsie Océanie (Lac);222150;Gardenia taitensis;Gardenia tahitensis
SerreTropicaleAsie Océanie (Lac);222149;Azadirachta indica;Azadirachta indica
SerreTropicaleAsie Océanie (Lac);222151;Murraya koenigii;Murraya koenigii
SerreTropicaleAsie Océanie (Lac);216645;Thespesia populnea;Thespesia populnea
SerreTropicaleAsie Océanie (Lac);216677;Zingiber officinale;Zingiber officinale
SerreTropicaleAsie Océanie (Lac);216512;Mimusops balata;Mimusops commersonii
SerreTropicaleAsie Océanie (Lac);216580;Pogostemon cablin;Pogostemon cablin
SerreTropicaleAsie Océanie (Lac);216282;Antiaris toxicaria;Antiaris toxicaria
SerreTropicaleAsie Océanie (Lac);222345;Rhaphidophora cryptantha;Raphidophora cryptantha
SerreTropicaleAsie Océanie (Lac);216635;Strophanthus caudatus;Strophanthus scandens
SerreTropicaleAsie Océanie (Lac);220191;Berrya cordifolia;Berrya  cordifolia  (Wild.) Burret
SerreTropicaleAsie Océanie (Lac);216791;Centella asiatica;Centella asiatica (L.) Urb.
SerreTropicaleAsie Océanie (Lac);217246;Syzygium aromaticum;Syzygium aromaticum
SerreTropicaleAsie Océanie (Lac);222177;Cinnamomum cassia;Cinnamomum cassia
SerreTropicaleAsie Océanie (Lac);222155;Amomum maximum;Amomum maximum
SerreTropicaleAsie Océanie (Lac);216471;Dicliptera suberecta;Jacobinia suberecta
SerreTropicaleAsie Océanie (Lac);216797;Myristica fragrans;Myristica fragrans Houtt.
SerreTropicaleAsie Océanie (Lac);222346;Fittonia albivenis;Fittonia albivensis (Lindl. ex Veitch) Brummitt
SerreTropicaleAsie Océanie (Lac);216371;Curcuma euchroma;Curcuma zerumbet
SerreTropicaleAsie Océanie (Lac);222347;Impatiens repens;impatiens repens Moon
SerreTropicaleAsie Océanie (Lac);216519;Myristica fragrans;Myristica fragrans
SerreTropicaleAsie Océanie (Lac);216571;Piper nigrum;Piper nigrum
SerreTropicaleAsie Océanie (Lac);216433;Syzygium aromaticum;Eugenia  cariophyllata
SerreTropicaleAsie Océanie (Lac);217246;Syzygium aromaticum;Syzygium aromaticum
SerreTropicaleAsie Océanie (Lac);222156;Elettaria cardamomum;Elettaria caramomum
SerreTropicaleAsie Océanie (Lac);216569;Piper betle;Piper betle
SerreTropicaleAsie Océanie (Lac);222348;Pilea depressa;Pilea  depressa (SW) Blume
SerreTropicaleAsie Océanie (Lac);222349;Pilea peperomioides;Pilea peperomioides Diels
SerreTropicaleAsie Océanie (Lac);216323;Cananga odorata;Cananga odorata
SerreTropicaleAsie Océanie (Lac);216792;Strongylodon macrobotrys;Strongylodon macrobotrys A.Gray
SerreTropicaleAsie Océanie (Lac);216469;Ixora coccinea;Ixora coccinea
SerreTropicaleAsie Océanie (Lac);222347;Impatiens repens;impatiens repens Moon
SerreTropicaleAsie Océanie (Lac);216365;Croton tiglium;Croton tiglium
SerreTropicaleAsie Océanie (Lac);220247;Cinnamomum verum;Cinnamomum  verum  J.Presl
SerreTropicaleAsie Océanie (Lac);222156;Elettaria cardamomum;Elettaria caramomum
SerreTropicaleAsie Océanie (Lac);216398;Durio zibethinus;Durio zibethinus
SerreTropicaleAsie Océanie (Lac);216570;Piper longum;Piper longum
SerreTropicaleBarreEscalier;216316;Bulbophyllum picturatum;Bulbophyllum  picturatum
SerreTropicaleBarreEscalier;216505;Maxillaria variabilis;Maxillaria variabilis
SerreTropicaleEscalierPendu;216312;Bulbophyllum crassipes;Bulbophyllum crassipes
SerreTropicaleEscalierPendu;216313;Bulbophyllum longiflorum;Cirrhopetalum umbellatum
SerreTropicaleEscalierPendu;216313;Bulbophyllum longiflorum;Cirrhopetalum umbellatum
SerreTropicaleEscalierPendu;216313;Bulbophyllum longiflorum;Cirrhopetalum umbellatum
SerreTropicaleEscalierPendu;216313;Bulbophyllum longiflorum;Cirrhopetalum umbellatum
SerreTropicaleEscalierPendu;216316;Bulbophyllum picturatum;Bulbophyllum  picturatum
SerreTropicaleEscalierPendu;216316;Bulbophyllum picturatum;Bulbophyllum  picturatum
SerreTropicaleEscalierPendu;216316;Bulbophyllum picturatum;Bulbophyllum  picturatum
SerreTropicaleEscalierPendu;216316;Bulbophyllum picturatum;Bulbophyllum  picturatum
SerreTropicaleEscalierPendu;216314;Bulbophyllum pulchellum;Bulbophyllum pulchellum
SerreTropicaleEscalierPendu;216314;Bulbophyllum pulchellum;Bulbophyllum pulchellum
SerreTropicaleEscalierPendu;216347;Bulbophyllum roxburghii;Cirrhopetalum sikkimense
SerreTropicaleEscalierPendu;216347;Bulbophyllum roxburghii;Cirrhopetalum sikkimense
SerreTropicaleEscalierPendu;216347;Bulbophyllum roxburghii;Cirrhopetalum sikkimense
SerreTropicaleEscalierPendu;216347;Bulbophyllum roxburghii;Cirrhopetalum sikkimense
SerreTropicaleEscalierPendu;216347;Bulbophyllum roxburghii;Cirrhopetalum sikkimense
SerreTropicaleEscalierPendu;216347;Bulbophyllum roxburghii;Cirrhopetalum sikkimense
SerreTropicaleEscalierPendu;216347;Bulbophyllum roxburghii;Cirrhopetalum sikkimense
SerreTropicaleEscalierPendu;216347;Bulbophyllum roxburghii;Cirrhopetalum sikkimense
SerreTropicaleEscalierPendu;216347;Bulbophyllum roxburghii;Cirrhopetalum sikkimense
SerreTropicaleEscalierPendu;216347;Bulbophyllum roxburghii;Cirrhopetalum sikkimense
SerreTropicaleEscalierPendu;216347;Bulbophyllum roxburghii;Cirrhopetalum sikkimense
SerreTropicaleEscalierPendu;216347;Bulbophyllum roxburghii;Cirrhopetalum sikkimense
SerreTropicaleEscalierPendu;216347;Bulbophyllum roxburghii;Cirrhopetalum sikkimense
SerreTropicaleEscalierPendu;216347;Bulbophyllum roxburghii;Cirrhopetalum sikkimense
SerreTropicaleEscalierPendu;216347;Bulbophyllum roxburghii;Cirrhopetalum sikkimense
SerreTropicaleEscalierPendu;216347;Bulbophyllum roxburghii;Cirrhopetalum sikkimense
SerreTropicaleEscalierPendu;216347;Bulbophyllum roxburghii;Cirrhopetalum sikkimense
SerreTropicaleEscalierPendu;216347;Bulbophyllum roxburghii;Cirrhopetalum sikkimense
SerreTropicaleEscalierPendu;216347;Bulbophyllum roxburghii;Cirrhopetalum sikkimense
SerreTropicaleEscalierPendu;216341;Ceropegia woodii;Ceropegia woodii
SerreTropicaleEscalierPendu;216353;Coelogyne mayeriana;Coelogyne pandurata
SerreTropicaleEscalierPendu;216353;Coelogyne mayeriana;Coelogyne pandurata
SerreTropicaleEscalierPendu;216353;Coelogyne mayeriana;Coelogyne pandurata
SerreTropicaleEscalierPendu;216391;Dischidia bengalensis;Dischidia bengalense
SerreTropicaleEscalierPendu;216391;Dischidia bengalensis;Dischidia bengalense
SerreTropicaleEscalierPendu;216415;Epidendrum falcatum;Epidendrum falcatum
SerreTropicaleEscalierPendu;216419;Epidendrum peperomia;Epidendrum porpax
SerreTropicaleEscalierPendu;216419;Epidendrum peperomia;Epidendrum porpax
SerreTropicaleEscalierPendu;216442;Gongora galeata;Gongora galeata
SerreTropicaleEscalierPendu;216648;Tillandsia aeranthos;Tillandsia aeranthos
SerreTropicaleEscalierPendu;221609;;Tillandsia bulbosa
SerreTropicaleEscalierPendu;216651;Tillandsia cyanea;Tillandsia cyanea
SerreTropicaleEscalierPendu;216651;Tillandsia cyanea;Tillandsia cyanea
SerreTropicaleEscalierPendu;216652;Tillandsia lindenii;Tillandsia lindenii
SerreTropicaleEscalierPendu;216652;Tillandsia lindenii;Tillandsia lindenii
SerreTropicaleEscalierPendu;216652;Tillandsia lindenii;Tillandsia lindenii
SerreTropicaleEscalierPendu;216654;Tillandsia usneoides;Tillandsia usneoides
SerreTropicaleEscalierPendu;216660;Vanda x ‘Jennie Hashimoto’;Vanda sp. (Jennie Hashimota)
SerreTropicaleIndéfini;216383;Dendrobium kingianum;Dendrobium kingianum
SerreTropicaleIndéfini;216383;Dendrobium kingianum;Dendrobium kingianum
SerreTropicaleIndéfini;224272;Cymbidium x ‘Showgirl’;Cymbidium Showgirl
SerreTropicaleIndéfini;224272;Cymbidium x ‘Showgirl’;Cymbidium Showgirl
SerreTropicaleIndéfini;216388;Dendrobium speciosum;Dendrobium speciosum
SerreTropicaleIndéfini;216504;Maxillaria tenuifolia;Maxillaria tenuifolia
SerreTropicaleIndéfini;222195;Cattleya dowiana;Cattleya dowiana
SerreTropicaleIndéfini;216666;Vanilla planifolia;Vanilla planifolia
SerreTropicaleIndéfini;222138;Cattleya schilleriana;Cattleya schilleriana
SerreTropicaleIndéfini;222140;Laelia autumnalis;Laelia autumnalis
SerreTropicaleIndéfini;221604;Eulophia sp.;Eulophia sp.
SerreTropicaleIndéfini;221604;Eulophia sp.;Eulophia sp.
SerreTropicaleIndéfini;216426;Eria javanica;Eria  javanica
SerreTropicaleIndéfini;216426;Eria javanica;Eria  javanica
SerreTropicaleIndéfini;222159;Vanilla sp.;Vanilla  sp1
SerreTropicaleIndéfini;222161;Vanilla sp.;Vanilla sp3
SerreTropicaleIndéfini;222102;Vanilla bahiana;Vanilla bahiana
SerreTropicaleIndéfini;222105;Vanilla roscheri;Vanilla rosheri ?
SerreTropicaleIndéfini;222098;Vanilla imperialis;Vanilla imperialis
SerreTropicaleIndéfini;222194;Vanilla phaeantha;Vanilla phaeantha
SerreTropicaleIndéfini;224273;Vanilla poitaei;Vanilla albida
SerreTropicaleIndéfini;224275;Vanilla albida;Vanilla albida
SerreTropicaleIndéfini;222099;Vanilla chamissonis;Vanilla chamisonis
SerreTropicaleIndéfini;222160;Vanilla sp.;Vanilla sp2
SerreTropicaleIndéfini;222100;Vanilla x tahitensis;Vanilla tahitensis
SerreTropicaleIndéfini;222101;Vanilla crenulata;Vanilla crenulata
SerreTropicaleIndéfini;224276;Vanilla sp.;Vanilla sp.
SerreTropicaleIndéfini;222101;Vanilla crenulata;Vanilla crenulata
SerreTropicaleIndéfini;222141;Trichocentrum carthagenense;Trichocentrum carthagense
SerreTropicaleIndéfini;222178;Brassavola cucullata;Brassavola cucullata
SerreTropicaleIndéfini;216467;Isochilus major;Isochilus major
SerreTropicaleIndéfini;222174;Laelia sp.;Laelia sp
SerreTropicaleIndéfini;222122;Aerides lawrenceae;Aerides  lawrenceanae
SerreTropicaleIndéfini;224277;Aerides leeana;Aerides jackiana
SerreTropicaleIndéfini;222137;Cattleya bicalhoi;Laelia dayana
SerreTropicaleIndéfini;222119;Ansellia africana;Ansellia africana
SerreTropicaleMezz;216251;;Acacia arabica
SerreTropicaleMezz;216254;Adansonia digitata;Adansonia digitata
SerreTropicaleMezz;216257;Aerangis modesta;Aerangis modesta
SerreTropicaleMezz;220185;Alluaudia  procera;Alluaudia procera (Drake) Drake
SerreTropicaleMezz;216267;Angraecum distichum;Angraecum distichum
SerreTropicaleMezz;216266;Angraecum eburneum subsp. superbum;Angraecum comorense
SerreTropicaleMezz;216266;Angraecum eburneum subsp. superbum;Angraecum comorense
SerreTropicaleMezz;216268;Angraecum eburneum subsp. superbum;Angraecum eburneumsuperbum
SerreTropicaleMezz;216269;Angraecum florulentum;Angraecum florulentum
SerreTropicaleMezz;216274;Angraecum longicalcar;Angraecum longicalcar
SerreTropicaleMezz;216274;Angraecum longicalcar;Angraecum longicalcar
SerreTropicaleMezz;216274;Angraecum longicalcar;Angraecum longicalcar
SerreTropicaleMezz;216280;Annona muricata;Annona muricata
SerreTropicaleMezz;216310;Bulbophyllum affine;Bulbophyllum affine
SerreTropicaleMezz;216316;Bulbophyllum picturatum;Bulbophyllum  picturatum
SerreTropicaleMezz;216791;Centella asiatica;Centella asiatica (L.) Urb.
SerreTropicaleMezz;216813;Centella asiatica;Centella asiatica (L.) Urb.
SerreTropicaleMezz;216346;Cinnamomum verum;Cinnamomum zeylanicum
SerreTropicaleMezz;217247;Cinnamomum verum;Cinnamomum zeylanicum
SerreTropicaleMezz;216365;Croton tiglium;Croton tiglium
SerreTropicaleMezz;216378;Cyrtopodium andersonii;Cyrtopodium andersonii
SerreTropicaleMezz;216388;Dendrobium speciosum;Dendrobium speciosum
SerreTropicaleMezz;216389;Derris elliptica;Derris elliptica
SerreTropicaleMezz;221584;;Drosera  var. Esterbuysenae 
SerreTropicaleMezz;220245;Gmelina arborea;Gmelina arborea
SerreTropicaleMezz;216529;Gomesa longipes;Oncidium longipes
SerreTropicaleMezz;216461;Selenicereus undatus;Hylocereus undatus
SerreTropicaleMezz;216798;Illicum anisatum;Illicium verum Hook.f.
SerreTropicaleMezz;216809;Illicum anisatum;Illicium verum Hook.f.
SerreTropicaleMezz;216809;Illicum anisatum;Illicium verum Hook.f.
SerreTropicaleMezz;216809;Illicum anisatum;Illicium verum Hook.f.
SerreTropicaleMezz;216476;Kaempferia angustifolia;Kaempferia gilbertii
SerreTropicaleMezz;216476;Kaempferia angustifolia;Kaempferia gilbertii
SerreTropicaleMezz;220241;Kaempferia angustifolia;Kaempferia gilberti
SerreTropicaleMezz;220241;Kaempferia angustifolia;Kaempferia gilberti
SerreTropicaleMezz;220241;Kaempferia angustifolia;Kaempferia gilberti
SerreTropicaleMezz;220253;Khaya senegalensis;Khaya senegalensis
SerreTropicaleMezz;220253;Khaya senegalensis;Khaya senegalensis
SerreTropicaleMezz;220253;Khaya senegalensis;Khaya senegalensis
SerreTropicaleMezz;220253;Khaya senegalensis;Khaya senegalensis
SerreTropicaleMezz;220253;Khaya senegalensis;Khaya senegalensis
SerreTropicaleMezz;220253;Khaya senegalensis;Khaya senegalensis
SerreTropicaleMezz;220254;;Khaia senegoleus
SerreTropicaleMezz;216491;Litchi chinensis;Litchi chinensis
SerreTropicaleMezz;216511;Miltonia spectabilis;Miltonia spectabilis
SerreTropicaleMezz;221586;;Moringa olerfera
SerreTropicaleMezz;221587;;Moringa  olerfera
SerreTropicaleMezz;216516;Murraya koenigii;Murraya koenigii
SerreTropicaleMezz;221588;;Orchidaceae sp.
SerreTropicaleMezz;221589;;Orchidaceae sp.
SerreTropicaleMezz;221592;;Dendrobium? Sp.  Indéterminée
SerreTropicaleMezz;221604;Eulophia sp.;Eulophia sp.
SerreTropicaleMezz;216535;Maxillaria coccinea;Ornithidium coccineum
SerreTropicaleMezz;221591;;Parkia bylobosa Benth.
SerreTropicaleMezz;216392;Phalaenopsis pulcherrima;Donritis pulchemma
SerreTropicaleMezz;216558;Philodendron melanochrysum;Philodendron melanochrysum
SerreTropicaleMezz;216560;Coelogyne imbricata;Pholidota conchoidea
SerreTropicaleMezz;216560;Coelogyne imbricata;Pholidota conchoidea
SerreTropicaleMezz;216573;Platycerium bifurcatum;Platycerium bifurcatumbifurcatum
SerreTropicaleMezz;216574;Plectranthus amboinicus;Plectranthus amboinisus
SerreTropicaleMezz;216574;Plectranthus amboinicus;Plectranthus amboinisus
SerreTropicaleMezz;216582;Psidium guajava;Psidium guajava
SerreTropicaleMezz;220233;Psilotum nudum;Psilotum  nudum  (L.) P. Beauv.
SerreTropicaleMezz;216303;Rhyncholaelia digbyana;Brassavola digbyana
SerreTropicaleMezz;216605;Ruspolia seticalyx;Ruspolia seticalyx
SerreTropicaleMezz;221597;;Sp. Indéterminée  
SerreTropicaleMezz;221598;;Sp. Indéterminée  
SerreTropicaleMezz;216624;Stanhopea oculata;Stanhopea oculata
SerreTropicaleMezz;216624;Stanhopea oculata;Stanhopea oculata
SerreTropicaleMezz;216624;Stanhopea oculata;Stanhopea oculata
SerreTropicaleMezz;216625;Stanhopea sp.;Stanhopea sp.
SerreTropicaleMezz;216625;Stanhopea sp.;Stanhopea sp.
SerreTropicaleMezz;216625;Stanhopea sp.;Stanhopea sp.
SerreTropicaleMezz;216626;Stanhopea tigrina;Stanhopea tigrina
SerreTropicaleMezz;216626;Stanhopea tigrina;Stanhopea tigrina
SerreTropicaleMezz;216644;Theobroma cacao;Theobroma cacao
SerreTropicaleMezz;216644;Theobroma cacao;Theobroma cacao
SerreTropicaleMezz;221607;;Tillandsia bulbosa
SerreTropicaleMezz;221608;;Tillandsia bulbosa
SerreTropicaleMezz;216667;Vanilla pompona;Vanilla pompona
SerreTropicaleMezz;216667;Vanilla pompona;Vanilla pompona
SerreTropicaleMezz;221611;;Vanilla sp.
SerreTropicaleMezz;221612;;Vanilla sp.
SerreTropicaleMezz;221613;;Vanilla sp.
SerreTropicaleMezz;216677;Zingiber officinale;Zingiber officinale
TriangleA10;206875;Crambe cordifolia;Crambe cordifolia
TriangleA10;206873;Abelmoschus esculentus;Abelmoscheutos esculentus
TriangleA10;210050;Nicandra physalodes;Nicandra physalodes
TriangleA10;215378;Sorghum bicolor;sorghum bicolor
