"Accepted.Name","Is.Dead","Accession.Number","Catalogue.Number","TaxonomicName","Genus","Family","Provenance.Code","Legacy.Provenance.Code","Country.ISO","Last.Seen.On","target"
"Acanthophippium gougahense","ALIVE","2018-1176","K:LCD-2018-1176*1","Acanthophippium gougahense","Acanthophippium","Orchidaceae","","N - Natural Source and Progeny","","03-07-2024","genus"
"Acanthophippium gougahense","ALIVE","2022-406","K:LCD-2022-406*1","Acanthophippium gougahense","Acanthophippium","Orchidaceae","","","","04-07-2024","genus"
"Acanthophippium gougahense","ALIVE","2018-1162","K:LCD-2018-1162*1","Acanthophippium gougahense","Acanthophippium","Orchidaceae","","N - Natural Source and Progeny","","04-07-2024","genus"
"Acharagma roseanum","ALIVE","2004-3068","K:LCD-2004-3068*1","Acharagma roseanum","Acharagma","Cactaceae","","","","10-12-2024","genus"
"Acharagma roseanum","ALIVE","1998-3217","K:LCD-1998-3217*1","Acharagma roseanum","Acharagma","Cactaceae","","","","10-12-2024","genus"
"Acrodon bellidiflorus","ALIVE","1999-3835","K:LCD-1999-3835*3","Acrodon bellidiflorus","Acrodon","Aizoaceae",NA,"","South Africa","08-02-2024","genus"
"Acrodon bellidiflorus","ALIVE","1999-3835","K:LCD-1999-3835*1","Acrodon bellidiflorus","Acrodon","Aizoaceae","","","South Africa","12-12-2023","genus"
"Acrodon subulatus","ALIVE","1999-2291","K:LCD-1999-2291*2","Acrodon subulatus","Acrodon","Aizoaceae","","","","12-12-2023","genus"
"Acrodon subulatus","ALIVE","1999-2291","K:LCD-1999-2291*3","Acrodon subulatus","Acrodon","Aizoaceae","","","","12-12-2023","genus"
"Actiniopteris australis","ALIVE","2022-948","K:LCD-2022-948*1","Actiniopteris australis","Actiniopteris","Pteridaceae","","","","18-08-2022","genus"
"Actinorhytis calapparia","ALIVE","2022-485","K:LCD-2022-485*2","Actinorhytis calapparia","Actinorhytis","Arecaceae","","","","16-06-2025","genus"
"Adenanthera pavonina","ALIVE","1969-5283","K:LCD-1969-5283*2","Adenanthera pavonina","Adenanthera","Fabaceae","","N - Natural Source and Progeny","Ghana","19-12-2023","genus"
"Adenanthera pavonina","ALIVE","1969-5283","K:LCD-1969-5283*4","Adenanthera pavonina","Adenanthera","Fabaceae","","N - Natural Source and Progeny","Ghana","19-12-2023","genus"
"Adenocalymma marginatum","ALIVE","1969-12344","K:LCD-1969-12344*1","Adenocalymma marginatum","Adenocalymma","Bignoniaceae","","","","15-03-2023","genus"
"Adesmia balsamica","ALIVE","2016-1333","K:LCD-2016-1333*2","Adesmia balsamica","Adesmia","Fabaceae",NA,"N - Natural Source and Progeny","Chile","30-01-2024","genus"
"Adesmia balsamica","ALIVE","2016-1333","K:LCD-2016-1333*1","Adesmia balsamica","Adesmia","Fabaceae",NA,"N - Natural Source and Progeny","Chile","01-02-2024","genus"
"Aextoxicon punctatum","ALIVE","1983-1599","K:LCD-1983-1599*1","Aextoxicon punctatum","Aextoxicon","Aextoxicaceae",NA,"N - Natural Source and Progeny","Chile","06-02-2024","family"
"Aextoxicon punctatum","ALIVE","1983-1599","K:LCD-1983-1599*1","Aextoxicon punctatum","Aextoxicon","Aextoxicaceae",NA,"N - Natural Source and Progeny","Chile","06-02-2024","genus"
"Aextoxicon punctatum","ALIVE","1983-1599","K:LCD-1983-1599*2","Aextoxicon punctatum","Aextoxicon","Aextoxicaceae",NA,"N - Natural Source and Progeny","Chile","05-02-2024","family"
"Aextoxicon punctatum","ALIVE","1983-1599","K:LCD-1983-1599*2","Aextoxicon punctatum","Aextoxicon","Aextoxicaceae",NA,"N - Natural Source and Progeny","Chile","05-02-2024","genus"
"Agarista mexicana var. mexicana","ALIVE","1994-2158","K:LCD-1994-2158*1","Agarista mexicana var. mexicana","Agarista","Ericaceae",NA,"N - Natural Source and Progeny","Mexico","29-07-2022","genus"
"Aglaia sapindina","ALIVE","1992-823","K:LCD-1992-823*2","Aglaia sapindina","Aglaia","Meliaceae","","N - Natural Source and Progeny","Australia","10-06-2025","genus"
"Aglaia sapindina","ALIVE","1992-823","K:LCD-1992-823*3","Aglaia sapindina","Aglaia","Meliaceae","","N - Natural Source and Progeny","Australia","10-06-2025","genus"
"Alniphyllum eberhardtii","ALIVE","2015-1066","K:LCD-2015-1066*1","Alniphyllum eberhardtii","Alniphyllum","Styracaceae",NA,"N - Natural Source and Progeny","Vietnam","20-05-2024","genus"
"Amherstia nobilis","ALIVE","1987-8260","K:LCD-1987-8260*2","Amherstia nobilis","Amherstia","Fabaceae","","","","31-05-2024","genus"
"Ampelocalamus scandens","ALIVE","1991-1157","K:LCD-1991-1157*1","Ampelocalamus scandens","Ampelocalamus","Poaceae",NA,"N - Natural Source and Progeny","China","24-05-2024","genus"
"Amphitecna macrophylla","ALIVE","2019-975","K:LCD-2019-975*1","Amphitecna macrophylla","Amphitecna","Bignoniaceae","","","","15-03-2023","genus"
"Anadendrum","ALIVE","1996-2106","K:LCD-1996-2106*1","Anadendrum","Anadendrum","Araceae","","N - Natural Source and Progeny","Malaysia","26-07-2023","genus"
"Andinia dalstroemii","ALIVE","2024-0267","K:LCD-2024-0267*1","Andinia dalstroemii","Andinia","Orchidaceae","","","","15-02-2024","genus"
"Andinia schizopogon","ALIVE","2022-370","K:LCD-2022-370*2","Andinia schizopogon","Andinia","Orchidaceae","","","","15-05-2023","genus"
"Andinia schizopogon","ALIVE","2022-370","K:LCD-2022-370*1","Andinia schizopogon","Andinia","Orchidaceae","","","","20-11-2023","genus"
"Andinia spiralis","ALIVE","2024-0268","K:LCD-2024-0268*1","Andinia spiralis","Andinia","Orchidaceae","","","","14-02-2024","genus"
"Angadenia berteroi","ALIVE","2011-991","K:LCD-2011-991*1","Angadenia berteroi","Angadenia","Apocynaceae","","N - Natural Source and Progeny","Turks and Caicos Islands","05-12-2023","genus"
"Ania penangiana","ALIVE","2015-1279","K:LCD-2015-1279*1","Ania penangiana","Ania","Orchidaceae","","N - Natural Source and Progeny","","04-07-2024","genus"
"Ania penangiana","ALIVE","2017-50","K:LCD-2017-50*2","Ania penangiana","Ania","Orchidaceae","","N - Natural Source and Progeny","","01-09-2022","genus"
"Ania penangiana","ALIVE","2017-50","K:LCD-2017-50*3","Ania penangiana","Ania","Orchidaceae","","N - Natural Source and Progeny","","04-08-2023","genus"
"Ania ruybarrettoi","ALIVE","2025-568","K:LCD-2025-568*1","Ania ruybarrettoi","Ania","Orchidaceae","G - Garden","","","13-05-2025","genus"
"Anisotes dumosus","ALIVE","1936-42401","K:LCD-1936-42401*1","Anisotes dumosus","Anisotes","Acanthaceae","","N - Natural Source and Progeny","Tanzania","28-06-2022","genus"
"Antegibbaeum fissoides","ALIVE","1998-3186","K:LCD-1998-3186*1","Antegibbaeum fissoides","Antegibbaeum","Aizoaceae","","","","12-12-2023","genus"
"Antimima","ALIVE","2021-951","K:LCD-2021-951*1","Antimima","Antimima","Aizoaceae","","N - Natural Source and Progeny","South Africa","18-11-2021","genus"
"Antimima","ALIVE","2021-790","K:LCD-2021-790*1","Antimima","Antimima","Aizoaceae","","N - Natural Source and Progeny","South Africa","12-12-2023","genus"
"Antimima","ALIVE","2021-1008","K:LCD-2021-1008*1","Antimima","Antimima","Aizoaceae","","N - Natural Source and Progeny","South Africa","12-12-2023","genus"
"Antimima","ALIVE","2024-0249","K:LCD-2024-0249*1","Antimima","Antimima","Aizoaceae","","N - Natural Source and Progeny","South Africa","12-02-2024","genus"
"Antimima","ALIVE","2020-1052","K:LCD-2020-1052*1","Antimima","Antimima","Aizoaceae","","N - Natural Source and Progeny","South Africa","12-12-2023","genus"
"Antimima","ALIVE","2021-1024","K:LCD-2021-1024*1","Antimima","Antimima","Aizoaceae","","N - Natural Source and Progeny","South Africa","12-12-2023","genus"
"Antimima","ALIVE","2021-1030","K:LCD-2021-1030*1","Antimima","Antimima","Aizoaceae","","N - Natural Source and Progeny","South Africa","12-12-2023","genus"
"Antimima","ALIVE","2021-936","K:LCD-2021-936*1","Antimima","Antimima","Aizoaceae","","N - Natural Source and Progeny","South Africa","12-12-2023","genus"
"Antimima compacta","ALIVE","2021-130","K:LCD-2021-130*1","Antimima compacta","Antimima","Aizoaceae","","N - Natural Source and Progeny","South Africa","12-12-2023","genus"
"Antimima evoluta","ALIVE","2020-475","K:LCD-2020-475*1","Antimima evoluta","Antimima","Aizoaceae","","N - Natural Source and Progeny","","12-12-2023","genus"
"Antimima evoluta","ALIVE","2011-658","K:LCD-2011-658*1","Antimima evoluta","Antimima","Aizoaceae","","N - Natural Source and Progeny","","12-12-2023","genus"
"Antimima roseola","ALIVE","2011-362","K:LCD-2011-362*1","Antimima roseola","Antimima","Aizoaceae","","N - Natural Source and Progeny","","28-10-2021","genus"
"Aoranthe penduliflora","ALIVE","2012-1409","K:LCD-2012-1409*2","Aoranthe penduliflora","Aoranthe","Rubiaceae","","N - Natural Source and Progeny","Tanzania","23-12-2023","genus"
"Aphanopetalum resinosum","ALIVE","1975-1700","K:LCD-1975-1700*1","Aphanopetalum resinosum","Aphanopetalum","Aphanopetalaceae",NA,"","","28-12-2024","genus"
"Aphanopetalum resinosum","ALIVE","1975-1700","K:LCD-1975-1700*1","Aphanopetalum resinosum","Aphanopetalum","Aphanopetalaceae",NA,"","","28-12-2024","family"
"Apodasmia similis","ALIVE","2016-593","K:LCD-2016-593*1","Apodasmia similis","Apodasmia","Restionaceae",NA,"N - Natural Source and Progeny","New Zealand","27-03-2024","genus"
"Araujia sericifera","ALIVE","1989-1358","K:LCD-1989-1358*2","Araujia sericifera","Araujia","Apocynaceae","","","","15-03-2023","genus"
"Archidendron ramiflorum","ALIVE","1987-8074","K:LCD-1987-8074*1","Archidendron ramiflorum","Archidendron","Fabaceae","","N - Natural Source and Progeny","Australia","20-12-2023","genus"
"Archidendron ramiflorum","ALIVE","1987-8074","K:LCD-1987-8074*2","Archidendron ramiflorum","Archidendron","Fabaceae","","N - Natural Source and Progeny","Australia","20-12-2023","genus"
"Ardisiandra wettsteinii","ALIVE","2012-1399","K:LCD-2012-1399*2","Ardisiandra wettsteinii","Ardisiandra","Primulaceae","","N - Natural Source and Progeny","Kenya","13-12-2024","genus"
"Argyrodendron peralatum","ALIVE","1987-8070","K:LCD-1987-8070*1","Argyrodendron peralatum","Argyrodendron","Malvaceae","","N - Natural Source and Progeny","Australia","05-12-2024","genus"
"Argyrodendron peralatum","ALIVE","1987-8070","K:LCD-1987-8070*3","Argyrodendron peralatum","Argyrodendron","Malvaceae",NA,"N - Natural Source and Progeny","Australia","28-12-2024","genus"
"Argyrodendron peralatum","ALIVE","1987-8070","K:LCD-1987-8070*5","Argyrodendron peralatum","Argyrodendron","Malvaceae",NA,"N - Natural Source and Progeny","Australia","28-12-2024","genus"
"Armatocereus","ALIVE","1985-605","K:LCD-1985-605*3","Armatocereus","Armatocereus","Cactaceae","","","","05-01-2023","genus"
"Armatocereus laetus","ALIVE","1953-53602","K:LCD-1953-53602*1","Armatocereus laetus","Armatocereus","Cactaceae","","","","05-01-2023","genus"
"Armatocereus matucanensis","ALIVE","1985-399","K:LCD-1985-399*1","Armatocereus matucanensis","Armatocereus","Cactaceae","","","","15-02-2024","genus"
"Arrojadoa bahiensis","ALIVE","1991-1419","K:LCD-1991-1419*1","Arrojadoa bahiensis","Arrojadoa","Cactaceae","","N - Natural Source and Progeny","Brazil","14-02-2024","genus"
"Arrojadoa penicillata","ALIVE","1995-3800","K:LCD-1995-3800*1","Arrojadoa penicillata","Arrojadoa","Cactaceae","","N - Natural Source and Progeny","Brazil","14-02-2024","genus"
"Arrojadoa rhodantha","ALIVE","1999-2209","K:LCD-1999-2209*1","Arrojadoa rhodantha","Arrojadoa","Cactaceae","","","","14-02-2024","genus"
"Arthrocereus melanurus subsp. magnus","ALIVE","1995-2363","K:LCD-1995-2363*1","Arthrocereus melanurus subsp. magnus","Arthrocereus","Cactaceae","","N - Natural Source and Progeny","Brazil","20-02-2024","genus"
"Arthrocereus rondonianus","ALIVE","2023-1148","K:LCD-2023-1148*1","Arthrocereus rondonianus","Arthrocereus","Cactaceae","","","Brazil","21-06-2023","genus"
"Arthrocereus rondonianus","ALIVE","2023-1148","K:LCD-2023-1148*2","Arthrocereus rondonianus","Arthrocereus","Cactaceae","","","Brazil","21-06-2023","genus"
"Arthropteris articulata","ALIVE","1974-286","K:LCD-1974-286*1","Arthropteris articulata","Arthropteris","Polypodiaceae","","N - Natural Source and Progeny","Papua New Guinea","04-07-2022","genus"
"Arthropteris orientalis","ALIVE","1955-26801","K:LCD-1955-26801*1","Arthropteris orientalis","Arthropteris","Polypodiaceae","","","Cameroon","04-07-2022","genus"
"Arthropteris palisotii","ALIVE","1994-1101","K:LCD-1994-1101*1","Arthropteris palisotii","Arthropteris","Polypodiaceae","","N - Natural Source and Progeny","Malaysia","09-06-2025","genus"
"Astroloba congesta","ALIVE","1973-13457","K:LCD-1973-13457*1","Astroloba congesta","Astroloba","Asphodelaceae","","","","24-11-2021","genus"
"Astroloba corrugata","ALIVE","2004-2814","K:LCD-2004-2814*1","Astroloba corrugata","Astroloba","Asphodelaceae","","N - Natural Source and Progeny","","24-11-2021","genus"
"Astroloba foliolosa","ALIVE","2019-2892","K:LCD-2019-2892*1","Astroloba foliolosa","Astroloba","Asphodelaceae","","N - Natural Source and Progeny","","20-03-2023","genus"
"Astroloba foliolosa","ALIVE","1993-2495","K:LCD-1993-2495*1","Astroloba foliolosa","Astroloba","Asphodelaceae","","","","24-11-2021","genus"
"Astroloba foliolosa","ALIVE","1973-3128","K:LCD-1973-3128*1","Haworthia foliolosa","Haworthia","Asphodelaceae","","N - Natural Source and Progeny","South Africa","24-11-2021","genus"
"Astroloba foliolosa","ALIVE","1973-3127","K:LCD-1973-3127*1","Haworthia foliolosa","Haworthia","Asphodelaceae","","N - Natural Source and Progeny","South Africa","24-11-2021","genus"
"Astroloba rubriflora","ALIVE","2023-0118","K:LCD-2023-0118*1","Astroloba rubriflora","Astroloba","Asphodelaceae","","N - Natural Source and Progeny","South Africa","20-08-2024","genus"
"Astroloba rubriflora","ALIVE","1984-2731","K:LCD-1984-2731*1","Astroloba rubriflora","Astroloba","Asphodelaceae","","","","24-11-2021","genus"
"Astroloba spiralis","ALIVE","1973-3989","K:LCD-1973-3989*1","Astroloba spiralis","Astroloba","Asphodelaceae","","","South Africa","24-11-2021","genus"
"Ateleia gummifera","ALIVE","2014-1328","K:LCD-2014-1328*1","Ateleia gummifera","Ateleia","Fabaceae","","N - Natural Source and Progeny","Turks and Caicos Islands","05-12-2023","genus"
"Austrobaileya scandens","ALIVE","2012-64","K:LCD-2012-64*1","Austrobaileya scandens","Austrobaileya","Austrobaileyaceae","","","","20-12-2023","genus"
"Austrobaileya scandens","ALIVE","2012-64","K:LCD-2012-64*1","Austrobaileya scandens","Austrobaileya","Austrobaileyaceae","","","","20-12-2023","family"
"Ayenia baronii","ALIVE","2007-1594","K:LCD-2007-1594*1","Ayenia baronii","Ayenia","Malvaceae","","N - Natural Source and Progeny","","16-06-2023","genus"
"Ayenia macrantha","ALIVE","2007-1591","K:LCD-2007-1591*1","Ayenia macrantha","Ayenia","Malvaceae","","N - Natural Source and Progeny","","16-06-2023","genus"
"Azima tetracantha","ALIVE","1973-12749","K:LCD-1973-12749*2","Azima tetracantha","Azima","Salvadoraceae","","","","10-06-2025","family"
"Azima tetracantha","ALIVE","1973-12749","K:LCD-1973-12749*2","Azima tetracantha","Azima","Salvadoraceae","","","","10-06-2025","genus"
"Badula barthesia","ALIVE","2015-437","K:LCD-2015-437*1","Badula barthesia","Badula","Primulaceae","","N - Natural Source and Progeny","Reunion","22-12-2022","genus"
"Badula ovalifolia","ALIVE","2010-2025","K:LCD-2010-2025*3","Badula ovalifolia","Badula","Primulaceae","","N - Natural Source and Progeny","","21-12-2023","genus"
"Baloghia inophylla","ALIVE","1985-780","K:LCD-1985-780*1","Baloghia inophylla","Baloghia","Euphorbiaceae",NA,"N - Natural Source and Progeny","Norfolk Island","28-12-2024","genus"
"Baloghia inophylla","ALIVE","1985-780","K:LCD-1985-780*2","Baloghia inophylla","Baloghia","Euphorbiaceae",NA,"N - Natural Source and Progeny","Norfolk Island","28-12-2024","genus"
"Barnadesia arborea","ALIVE","2010-671","K:LCD-2010-671*4","Barnadesia arborea","Barnadesia","Asteraceae",NA,"N - Natural Source and Progeny","Ecuador","19-02-2024","genus"
"Barnadesia arborea","ALIVE","2010-671","K:LCD-2010-671*2","Barnadesia arborea","Barnadesia","Asteraceae",NA,"N - Natural Source and Progeny","Ecuador","19-02-2024","genus"
"Barnadesia caryophylla","ALIVE","1945-21101","K:LCD-1945-21101*4","Barnadesia caryophylla","Barnadesia","Asteraceae",NA,"","","19-02-2024","genus"
"Barnadesia caryophylla","ALIVE","1945-21101","K:LCD-1945-21101*2","Barnadesia caryophylla","Barnadesia","Asteraceae",NA,"","","19-02-2024","genus"
"Barnadesia caryophylla","ALIVE","1945-21101","K:LCD-1945-21101*6","Barnadesia caryophylla","Barnadesia","Asteraceae",NA,"","","24-05-2024","genus"
"Barnadesia caryophylla","ALIVE","1945-21101","K:LCD-1945-21101*5","Barnadesia caryophylla","Barnadesia","Asteraceae",NA,"","","24-05-2024","genus"
"Barnadesia caryophylla","ALIVE","1945-21101","K:LCD-1945-21101*3","Barnadesia caryophylla","Barnadesia","Asteraceae",NA,"","","19-02-2024","genus"
"Barnadesia caryophylla","ALIVE","1945-21101","K:LCD-1945-21101*7","Barnadesia caryophylla","Barnadesia","Asteraceae",NA,"","","24-05-2024","genus"
"Barringtonia acutangula","ALIVE","2021-939","K:LCD-2021-939*2","Barringtonia acutangula","Barringtonia","Lecythidaceae","","N - Natural Source and Progeny","Australia","17-06-2025","genus"
"Barringtonia edulis","ALIVE","2017-2420","K:LCD-2017-2420*1","Barringtonia edulis","Barringtonia","Lecythidaceae","","","China","27-08-2024","genus"
"Barringtonia pauciflora","ALIVE","2014-2291","K:LCD-2014-2291*3","Barringtonia pauciflora","Barringtonia","Lecythidaceae","","","","17-06-2025","genus"
"Barringtonia pauciflora","ALIVE","2014-2291","K:LCD-2014-2291*1","Barringtonia pauciflora","Barringtonia","Lecythidaceae","","","","17-06-2025","genus"
"Benthamia flavida","ALIVE","2016-1392","K:LCD-2016-1392*1","Benthamia flavida","Benthamia","Orchidaceae","","N - Natural Source and Progeny","Madagascar","11-09-2023","genus"
"Bersama lucens","ALIVE","1973-12963","K:LCD-1973-12963*2","Bersama lucens","Bersama","Francoaceae",NA,"","","21-02-2024","genus"
"Bersama lucens","ALIVE","1973-12963","K:LCD-1973-12963*3","Bersama lucens","Bersama","Francoaceae","","","","05-12-2024","genus"
"Bertholletia excelsa","ALIVE","2019-2865","K:LCD-2019-2865*1","Bertholletia excelsa","Bertholletia","Lecythidaceae","","","","22-12-2023","genus"
"Bertiera zaluzania","ALIVE","2010-1953","K:LCD-2010-1953*1","Bertiera zaluzania","Bertiera","Rubiaceae","","N - Natural Source and Progeny","","15-03-2023","genus"
"Blossfeldia liliputana","ALIVE","2011-1471","K:LCD-2011-1471*1","Blossfeldia liliputana","Blossfeldia","Cactaceae","","","","16-02-2024","genus"
"Blossfeldia liliputana","ALIVE","2024-1722","K:LCD-2024-1722*1","Blossfeldia liliputana","Blossfeldia","Cactaceae","","","","15-10-2024","genus"
"Bombax buonopozense","ALIVE","2020-1017","K:LCD-2020-1017*1","Bombax buonopozense","Bombax","Malvaceae","","N - Natural Source and Progeny","Ghana","13-02-2024","genus"
"Bonatea speciosa","ALIVE","2022-1740","K:LCD-2022-1740*1","Bonatea speciosa","Bonatea","Orchidaceae","","","","13-03-2023","genus"
"Bonellia macrocarpa","ALIVE","2021-99","K:LCD-2021-99*1","Bonellia macrocarpa","Bonellia","Primulaceae","","","","06-05-2025","genus"
"Bonellia macrocarpa subsp. pungens","ALIVE","2021-219","K:LCD-2021-219*2","Bonellia macrocarpa subsp. pungens","Bonellia","Primulaceae","","N - Natural Source and Progeny","Mexico","16-06-2025","genus"
"Boscia longifolia","ALIVE","2007-883","K:LCD-2007-883*1","Boscia longifolia","Boscia","Capparaceae","","N - Natural Source and Progeny","Madagascar","12-01-2023","genus"
"Boscia longifolia","ALIVE","2007-1730","K:LCD-2007-1730*1","Boscia longifolia","Boscia","Capparaceae","","N - Natural Source and Progeny","Madagascar","13-02-2024","genus"
"Boucerosia frerei","ALIVE","1996-764","K:LCD-1996-764*5","Boucerosia frerei","Boucerosia","Apocynaceae","","N - Natural Source and Progeny","India","22-03-2023","genus"
"Boucerosia frerei","ALIVE","2001-3586","K:LCD-2001-3586*1","Boucerosia frerei","Boucerosia","Apocynaceae","","","","20-02-2024","genus"
"Boucerosia frerei","ALIVE","1996-764","K:LCD-1996-764*2","Boucerosia frerei","Boucerosia","Apocynaceae","","N - Natural Source and Progeny","India","20-02-2024","genus"
"Boucerosia frerei","ALIVE","1996-764","K:LCD-1996-764*1","Boucerosia frerei","Boucerosia","Apocynaceae","","N - Natural Source and Progeny","India","14-12-2022","genus"
"Boucerosia procumbens","ALIVE","2020-925","K:LCD-2020-925*1","Boucerosia procumbens","Boucerosia","Apocynaceae","","","","16-02-2024","genus"
"Brachylaena discolor","ALIVE","2022-80","K:LCD-2022-80*2","Brachylaena discolor","Brachylaena","Asteraceae",NA,"N - Natural Source and Progeny","South Africa","03-06-2024","genus"
"Brassaiopsis","ALIVE","2015-1504","K:LCD-2015-1504*2","Brassaiopsis","Brassaiopsis","Araliaceae",NA,"N - Natural Source and Progeny","Vietnam","20-05-2024","genus"
"Brassaiopsis dumicola","ALIVE","2015-1615","K:LCD-2015-1615*3","Brassaiopsis dumicola","Brassaiopsis","Araliaceae",NA,"N - Natural Source and Progeny","Vietnam","05-11-2024","genus"
"Brassaiopsis dumicola","ALIVE","2015-1615","K:LCD-2015-1615*1","Brassaiopsis dumicola","Brassaiopsis","Araliaceae",NA,"N - Natural Source and Progeny","Vietnam","05-11-2024","genus"
"Brassaiopsis dumicola","ALIVE","2015-1615","K:LCD-2015-1615*2","Brassaiopsis dumicola","Brassaiopsis","Araliaceae",NA,"N - Natural Source and Progeny","Vietnam","20-01-2025","genus"
"Brassaiopsis hispida","ALIVE","2023-0901","K:LCD-2023-0901*1","Brassaiopsis hispida","Brassaiopsis","Araliaceae","","","","10-12-2024","genus"
"Bremeria pervillei","ALIVE","2020-1120","K:LCD-2020-1120*1","Bremeria pervillei","Bremeria","Rubiaceae","","N - Natural Source and Progeny","Madagascar","10-11-2023","genus"
"Bremeria pervillei","ALIVE","2017-2547","K:LCD-2017-2547*1","Bremeria pervillei","Bremeria","Rubiaceae","","N - Natural Source and Progeny","Madagascar","26-05-2023","genus"
"Brenierea insignis","ALIVE","2020-1159","K:LCD-2020-1159*1","Brenierea insignis","Brenierea","Fabaceae","","N - Natural Source and Progeny","Madagascar","22-09-2023","genus"
"Breonia perrieri","ALIVE","2007-1662","K:LCD-2007-1662*1","Breonia perrieri","Breonia","Rubiaceae","","N - Natural Source and Progeny","Madagascar","12-01-2023","genus"
"Brexia madagascariensis","ALIVE","2007-2267","K:LCD-2007-2267*1","Brexia madagascariensis","Brexia","Celastraceae","","N - Natural Source and Progeny","Madagascar","03-07-2023","family"
"Bryobium hyacinthoides","ALIVE","2000-265","K:LCD-2000-265*1","Bryobium hyacinthoides","Bryobium","Orchidaceae","","","","21-01-2025","genus"
"Bryobium hyacinthoides","ALIVE","2011-1520","K:LCD-2011-1520*1","Bryobium hyacinthoides","Bryobium","Orchidaceae","","N - Natural Source and Progeny","Indonesia","22-01-2025","genus"
"Bryobium hyacinthoides","ALIVE","1998-4188","K:LCD-1998-4188*1","Bryobium hyacinthoides","Bryobium","Orchidaceae","","","","21-01-2025","genus"
"Bryobium rubiferum","ALIVE","2005-1406","K:LCD-2005-1406*1","Bryobium rubiferum","Bryobium","Orchidaceae","","","","23-01-2025","genus"
"Buckinghamia celsissima","ALIVE","2016-298","K:LCD-2016-298*1","Buckinghamia celsissima","Buckinghamia","Proteaceae",NA,"N - Natural Source and Progeny","Australia","28-12-2024","genus"
"Bulbostylis lichtensteiniana","ALIVE","2010-2259","K:LCD-2010-2259*1","Bulbostylis lichtensteiniana","Bulbostylis","Cyperaceae","","N - Natural Source and Progeny","Saint Helena, Ascension, and Tristan da Cunha","24-06-2025","genus"
"Cadia commersoniana","ALIVE","2020-1127","K:LCD-2020-1127*3","Cadia commersoniana","Cadia","Fabaceae","","N - Natural Source and Progeny","Madagascar","02-12-2024","genus"
"Cadia commersoniana","ALIVE","2020-1127","K:LCD-2020-1127*1","Cadia commersoniana","Cadia","Fabaceae","","N - Natural Source and Progeny","Madagascar","08-07-2024","genus"
"Cadia purpurea","ALIVE","2020-973","K:LCD-2020-973*3","Cadia purpurea","Cadia","Fabaceae","","N - Natural Source and Progeny","Saudi Arabia","29-08-2024","genus"
"Cadia purpurea","ALIVE","2020-973","K:LCD-2020-973*2","Cadia purpurea","Cadia","Fabaceae","","N - Natural Source and Progeny","Saudi Arabia","13-02-2024","genus"
"Callaeum macropterum","ALIVE","1999-3165","K:LCD-1999-3165*1","Callaeum macropterum","Callaeum","Malpighiaceae","","","","17-11-2023","genus"
"Callianthe picta","ALIVE","1979-2656","K:LCD-1979-2656*3","Callianthe picta","Callianthe","Malvaceae",NA,"N - Natural Source and Progeny","Argentina","19-02-2024","genus"
"Callianthe picta","ALIVE","1979-2656","K:LCD-1979-2656*1","Callianthe picta","Callianthe","Malvaceae",NA,"N - Natural Source and Progeny","Argentina","09-01-2025","genus"
"Callianthe picta","ALIVE","1979-2656","K:LCD-1979-2656*2","Callianthe picta","Callianthe","Malvaceae",NA,"N - Natural Source and Progeny","Argentina","06-01-2025","genus"
"Callicoma serratifolia","ALIVE","2019-2525","K:LCD-2019-2525*1","Callicoma serratifolia","Callicoma","Cunoniaceae","","N - Natural Source and Progeny","Australia","16-12-2024","genus"
"Callostylis pulchella","ALIVE","2025-728","K:LCD-2025-728*1","Callostylis pulchella","Callostylis","Orchidaceae","G - Garden","","","07-06-2025","genus"
"Calochone redingii","ALIVE","1975-334","K:LCD-1975-334*1","Calochone redingii","Calochone","Rubiaceae","","","","22-09-2022","genus"
"Calophyllum inophyllum","ALIVE","1987-2740","K:LCD-1987-2740*1","Calophyllum inophyllum","Calophyllum","Calophyllaceae","","N - Natural Source and Progeny","Seychelles","19-12-2023","genus"
"Calpurnia aurea subsp. aurea","ALIVE","1991-1626","K:LCD-1991-1626*1","Calpurnia aurea subsp. aurea","Calpurnia","Fabaceae","","","","06-07-2022","genus"
"Calymmanthium substerile","ALIVE","1985-398","K:LCD-1985-398*1","Calymmanthium substerile","Calymmanthium","Cactaceae","","","","15-02-2024","genus"
"Canephora madagascariensis","ALIVE","2007-2176","K:LCD-2007-2176*1","Canephora madagascariensis","Canephora","Rubiaceae","","N - Natural Source and Progeny","Madagascar","13-01-2023","genus"
"Canephora madagascariensis","ALIVE","2007-2175","K:LCD-2007-2175*1","Canephora madagascariensis","Canephora","Rubiaceae","","N - Natural Source and Progeny","Madagascar","13-01-2023","genus"
"Canistropsis billbergioides","ALIVE","1973-1474","K:LCD-1973-1474*1","Canistropsis billbergioides","Canistropsis","Bromeliaceae","","","","13-07-2025","genus"
"Canistropsis billbergioides","ALIVE","1979-3581","K:LCD-1979-3581*1","Canistropsis billbergioides","Canistropsis","Bromeliaceae","","","","13-07-2025","genus"
"Canistropsis billbergioides","ALIVE","2008-1001","K:LCD-2008-1001*1","Canistropsis billbergioides","Canistropsis","Bromeliaceae","","","Brazil","13-07-2025","genus"
"Canistropsis burchellii","ALIVE","2006-734","K:LCD-2006-734*1","Canistropsis simulans","Canistropsis","Bromeliaceae","","","","13-07-2025","genus"
"Canistropsis burchellii","ALIVE","1979-3582","K:LCD-1979-3582*1","Canistropsis burchellii","Canistropsis","Bromeliaceae","","","","13-07-2025","genus"
"Canistropsis microps","ALIVE","1982-3857","K:LCD-1982-3857*1","Canistropsis microps","Canistropsis","Bromeliaceae","","N - Natural Source and Progeny","Brazil","13-07-2025","genus"
"Canistropsis microps","ALIVE","1979-1792","K:LCD-1979-1792*1","Canistropsis microps f. bicensis","Canistropsis","Bromeliaceae","","","","13-07-2025","genus"
"Cantua buxifolia","ALIVE","2021-344","K:LCD-2021-344*2","Cantua buxifolia","Cantua","Polemoniaceae","","N - Natural Source and Progeny","","16-03-2025","genus"
"Cantua buxifolia","ALIVE","2021-344","K:LCD-2021-344*3","Cantua buxifolia","Cantua","Polemoniaceae",NA,"N - Natural Source and Progeny","","29-01-2024","genus"
"Caputia oribiensis","ALIVE","2021-104","K:LCD-2021-104*1","Caputia oribiensis","Caputia","Asteraceae","","N - Natural Source and Progeny","South Africa","14-02-2024","genus"
"Cardiochlamys madagascariensis","ALIVE","2009-135","K:LCD-2009-135*1","Cardiochlamys madagascariensis","Cardiochlamys","Convolvulaceae","","N - Natural Source and Progeny","Madagascar","13-01-2023","genus"
"Casasia clusiifolia","ALIVE","2022-1065","K:LCD-2022-1065*1","Casasia clusiifolia","Casasia","Rubiaceae","","","","14-09-2022","genus"
"Cassine micrantha","ALIVE","2007-1652","K:LCD-2007-1652*1","Cassine micrantha","Cassine","Celastraceae","","N - Natural Source and Progeny","Madagascar","13-01-2023","family"
"Catesbaea spinosa","ALIVE","2022-1063","K:LCD-2022-1063*1","Catesbaea spinosa","Catesbaea","Rubiaceae","","","","14-09-2022","genus"
"Celastrus","ALIVE","2024-1860","K:LCD-2024-1860*1","Celastrus","Celastrus","Celastraceae","","N - Natural Source and Progeny","Vietnam","17-06-2025","family"
"Celastrus monospermus","ALIVE","2025-181","K:LCD-2025-181*1","Celastrus monospermus","Celastrus","Celastraceae","W - Wild","","Vietnam","11-03-2025","family"
"Cephalophyllum","ALIVE","2021-789","K:LCD-2021-789*1","Cephalophyllum","Cephalophyllum","Aizoaceae","","N - Natural Source and Progeny","South Africa","12-12-2023","genus"
"Cephalophyllum","ALIVE","2000-680","K:LCD-2000-680*1","Cephalophyllum","Cephalophyllum","Aizoaceae","","","","12-12-2023","genus"
"Cephalophyllum","ALIVE","2021-170","K:LCD-2021-170*1","Cephalophyllum","Cephalophyllum","Aizoaceae","","N - Natural Source and Progeny","South Africa","21-02-2024","genus"
"Cephalophyllum","ALIVE","2016-933","K:LCD-2016-933*1","Cephalophyllum","Cephalophyllum","Aizoaceae","","N - Natural Source and Progeny","","12-12-2023","genus"
"Cephalophyllum","ALIVE","2021-1027","K:LCD-2021-1027*1","Cephalophyllum","Cephalophyllum","Aizoaceae","","N - Natural Source and Progeny","South Africa","12-12-2023","genus"
"Cephalophyllum","ALIVE","2016-933","K:LCD-2016-933*2","Cephalophyllum","Cephalophyllum","Aizoaceae","","N - Natural Source and Progeny","","12-12-2023","genus"
"Cephalophyllum","ALIVE","2000-682","K:LCD-2000-682*1","Cephalophyllum","Cephalophyllum","Aizoaceae","","","","12-12-2023","genus"
"Cephalophyllum alstonii","ALIVE","1979-1077","K:LCD-1979-1077*1","Cephalophyllum alstonii","Cephalophyllum","Aizoaceae","","","South Africa","12-12-2023","genus"
"Cephalophyllum confusum","ALIVE","2004-2233","K:LCD-2004-2233*1","Cephalophyllum confusum","Cephalophyllum","Aizoaceae","","","Namibia","12-12-2023","genus"
"Cephalophyllum ebracteatum","ALIVE","2017-2462","K:LCD-2017-2462*1","Cephalophyllum namaquanum","Cephalophyllum","Aizoaceae","","N - Natural Source and Progeny","South Africa","12-12-2023","genus"
"Cephalophyllum ebracteatum","ALIVE","2021-804","K:LCD-2021-804*1","Cephalophyllum ebracteatum","Cephalophyllum","Aizoaceae","","N - Natural Source and Progeny","South Africa","02-11-2021","genus"
"Cephalophyllum goodii","ALIVE","2021-1018","K:LCD-2021-1018*1","Cephalophyllum goodii","Cephalophyllum","Aizoaceae","","N - Natural Source and Progeny","South Africa","12-12-2023","genus"
"Cephalophyllum goodii","ALIVE","2021-1035","K:LCD-2021-1035*1","Cephalophyllum goodii","Cephalophyllum","Aizoaceae","","N - Natural Source and Progeny","South Africa","12-12-2023","genus"
"Cephalophyllum herrei","ALIVE","2021-152","K:LCD-2021-152*1","Cephalophyllum herrei","Cephalophyllum","Aizoaceae","","N - Natural Source and Progeny","South Africa","12-12-2023","genus"
"Cephalophyllum numeesense","ALIVE","2021-119","K:LCD-2021-119*1","Cephalophyllum numeesense","Cephalophyllum","Aizoaceae","","N - Natural Source and Progeny","South Africa","12-12-2023","genus"
"Cephalophyllum pillansii","ALIVE","2021-164","K:LCD-2021-164*1","Cephalophyllum pillansii","Cephalophyllum","Aizoaceae","","N - Natural Source and Progeny","South Africa","21-02-2024","genus"
"Cephalophyllum rigidum","ALIVE","2021-1019","K:LCD-2021-1019*1","Cephalophyllum rigidum","Cephalophyllum","Aizoaceae","","N - Natural Source and Progeny","South Africa","22-02-2025","genus"
"Cerochlamys pachyphylla","ALIVE","2024-1557","K:LCD-2024-1557*1","Cerochlamys pachyphylla","Cerochlamys","Aizoaceae","","","South Africa","29-08-2024","genus"
"Chadsia flammea subsp. flammea","ALIVE","2007-1610","K:LCD-2007-1610*2","Chadsia flammea subsp. flammea","Chadsia","Fabaceae","","N - Natural Source and Progeny","","20-09-2023","genus"
"Chadsia grevei subsp. latifolia","ALIVE","2019-2066","K:LCD-2019-2066*1","Chadsia grevei subsp. latifolia","Chadsia","Fabaceae","","N - Natural Source and Progeny","Madagascar","12-01-2023","genus"
"Chadsia versicolor","ALIVE","2020-993","K:LCD-2020-993*1","Chadsia versicolor","Chadsia","Fabaceae","","N - Natural Source and Progeny","Madagascar","03-07-2023","genus"
"Chaptalia nutans","ALIVE","1983-2018","K:LCD-1983-2018*1","Chaptalia nutans","Chaptalia","Asteraceae",NA,"N - Natural Source and Progeny","Brazil","09-01-2025","genus"
"Chasmanthera dependens","ALIVE","1983-2583","K:LCD-1983-2583*1","Chasmanthera dependens","Chasmanthera","Menispermaceae","","","Ethiopia","23-06-2023","genus"
"Chasmanthera dependens","ALIVE","1983-2583","K:LCD-1983-2583*2","Chasmanthera dependens","Chasmanthera","Menispermaceae","","","Ethiopia","13-02-2024","genus"
"Chasmatophyllum","ALIVE","2000-654","K:LCD-2000-654*1","Chasmatophyllum","Chasmatophyllum","Aizoaceae","","","","12-12-2023","genus"
"Chasmatophyllum musculinum","ALIVE","2000-55","K:LCD-2000-55*1","Chasmatophyllum musculinum","Chasmatophyllum","Aizoaceae","","","","12-12-2023","genus"
"Chasmatophyllum willowmorense","ALIVE","2003-584","K:LCD-2003-584*1","Chasmatophyllum willowmorense","Chasmatophyllum","Aizoaceae","","","","12-12-2023","genus"
"Chassalia boryana","ALIVE","2016-2311","K:LCD-2016-2311*3","Chassalia boryana","Chassalia","Rubiaceae","","N - Natural Source and Progeny","","21-12-2023","genus"
"Chassalia boryana","ALIVE","2012-849","K:LCD-2012-849*1","Chassalia boryana","Chassalia","Rubiaceae","","N - Natural Source and Progeny","","19-12-2023","genus"
"Chassalia boryana","ALIVE","2010-2031","K:LCD-2010-2031*1","Chassalia boryana","Chassalia","Rubiaceae","","N - Natural Source and Progeny","","05-10-2024","genus"
"Chassalia boryana","ALIVE","2016-2311","K:LCD-2016-2311*6","Chassalia boryana","Chassalia","Rubiaceae","","N - Natural Source and Progeny","","28-03-2023","genus"
"Chassalia grandifolia","ALIVE","2010-2032","K:LCD-2010-2032*1","Chassalia grandifolia","Chassalia","Rubiaceae","","N - Natural Source and Progeny","","20-12-2023","genus"
"Chassalia lanceolata","ALIVE","2010-2004","K:LCD-2010-2004*1","Chassalia lanceolata","Chassalia","Rubiaceae","","N - Natural Source and Progeny","Mauritius","16-03-2023","genus"
"Chiococca alba","ALIVE","1978-4441","K:LCD-1978-4441*1","Chiococca alba","Chiococca","Rubiaceae",NA,"","Bermuda","28-07-2022","genus"
"Chloroleucon tortum","ALIVE","1973-12289","K:LCD-1973-12289*2","Chloroleucon tortum","Chloroleucon","Fabaceae","","","","17-06-2025","genus"
"Chondroscaphe atrilinguis","ALIVE","2023-0714","K:LCD-2023-0714*1","Chondroscaphe atrilinguis","Chondroscaphe","Orchidaceae","","","","13-04-2023","genus"
"Chonemorpha fragrans","ALIVE","1957-46110","K:LCD-1957-46110*2","Chonemorpha fragrans","Chonemorpha","Apocynaceae","","","","15-03-2023","genus"
"Chonemorpha fragrans","ALIVE","1957-46110","K:LCD-1957-46110*1","Chonemorpha fragrans","Chonemorpha","Apocynaceae","","","","18-12-2024","genus"
"Christiana africana","ALIVE","2016-1512","K:LCD-2016-1512*2","Christiana africana","Christiana","Malvaceae","","N - Natural Source and Progeny","Madagascar","23-01-2023","genus"
"Christiana africana","ALIVE","2016-1512","K:LCD-2016-1512*1","Christiana africana","Christiana","Malvaceae","","N - Natural Source and Progeny","Madagascar","17-06-2025","genus"
"Chromolaena lucayana","ALIVE","2010-2273","K:LCD-2010-2273*1","Chromolaena lucayana","Chromolaena","Asteraceae","","N - Natural Source and Progeny","Turks and Caicos Islands","05-12-2023","genus"
"Cionosicys pomiformis","ALIVE","2018-2267","K:LCD-2018-2267*1","Cionosicys pomiformis","Cionosicys","Cucurbitaceae","","N - Natural Source and Progeny","Cayman Islands","05-12-2023","genus"
"Citharexylum berlandieri","ALIVE","1973-12402","K:LCD-1973-12402*1","Citharexylum berlandieri","Citharexylum","Verbenaceae",NA,"","","28-11-2024","genus"
"Citharexylum ilicifolium","ALIVE","1973-12321","K:LCD-1973-12321*1","Citharexylum ilicifolium","Citharexylum","Verbenaceae",NA,"","","29-01-2024","genus"
"Citharexylum ligustrifolium","ALIVE","1969-51235","K:LCD-1969-51235*1","Citharexylum ligustrifolium","Citharexylum","Verbenaceae",NA,"","","25-07-2022","genus"
"Cleisomeria pilosulum","ALIVE","2025-704","K:LCD-2025-704*1","Cleisomeria pilosulum","Cleisomeria","Orchidaceae","G - Garden","","","30-05-2025","genus"
"Cleyera japonica","ALIVE","1966-19101","K:LCD-1966-19101*1","Cleyera japonica","Cleyera","Pentaphylacaceae",NA,"N - Natural Source and Progeny","Nepal","24-05-2024","genus"
"Cleyera japonica","ALIVE","1973-18237","K:LCD-1973-18237*1","Cleyera japonica","Cleyera","Pentaphylacaceae",NA,"","","24-05-2024","genus"
"Clinanthus incarnatus","ALIVE","2018-1889","K:LCD-2018-1889*1","Clinanthus incarnatus","Clinanthus","Amaryllidaceae","","","Peru","15-01-2025","genus"
"Clinanthus incarnatus","ALIVE","1976-39","K:LCD-1976-39*1","Clinanthus incarnatus","Clinanthus","Amaryllidaceae","","N - Natural Source and Progeny","Peru","08-07-2025","genus"
"Clinanthus incarnatus","ALIVE","2018-1888","K:LCD-2018-1888*1","Clinanthus incarnatus","Clinanthus","Amaryllidaceae","","","Peru","08-07-2025","genus"
"Clinanthus incarnatus","ALIVE","1976-3598","K:LCD-1976-3598*1","Clinanthus incarnatus","Clinanthus","Amaryllidaceae","","N - Natural Source and Progeny","Peru","08-07-2025","genus"
"Clinanthus incarnatus","ALIVE","2018-1888","K:LCD-2018-1888*2","Clinanthus incarnatus","Clinanthus","Amaryllidaceae","","","Peru","05-10-2024","genus"
"Clinanthus variegatus","ALIVE","2018-1890","K:LCD-2018-1890*1","Clinanthus variegatus","Clinanthus","Amaryllidaceae","","","Peru","08-07-2025","genus"
"Clowesia dodsoniana","ALIVE","2022-914","K:LCD-2022-914*1","Clowesia dodsoniana","Clowesia","Orchidaceae","","","","05-06-2024","genus"
"Clowesia dodsoniana","ALIVE","1987-1982","K:LCD-1987-1982*3","Clowesia dodsoniana","Clowesia","Orchidaceae","","N - Natural Source and Progeny","Mexico","08-03-2024","genus"
"Clowesia russelliana","ALIVE","2003-370","K:LCD-2003-370*1","Clowesia russelliana","Clowesia","Orchidaceae","","","","05-01-2023","genus"
"Clowesia russelliana","ALIVE","1999-3004","K:LCD-1999-3004*1","Clowesia russelliana","Clowesia","Orchidaceae","","","Ecuador","08-03-2024","genus"
"Clowesia russelliana","ALIVE","1982-4235","K:LCD-1982-4235*4","Clowesia russelliana","Clowesia","Orchidaceae","","","","17-08-2023","genus"
"Cnicothamnus lorentzii","ALIVE","2018-2271","K:LCD-2018-2271*5","Cnicothamnus lorentzii","Cnicothamnus","Asteraceae",NA,"N - Natural Source and Progeny","Argentina","20-02-2025","genus"
"Cnicothamnus lorentzii","ALIVE","2018-2271","K:LCD-2018-2271*4","Cnicothamnus lorentzii","Cnicothamnus","Asteraceae",NA,"N - Natural Source and Progeny","Argentina","20-02-2025","genus"
"Codonorhiza azurea","ALIVE","2020-1457","K:LCD-2020-1457*1","Codonorhiza azurea","Codonorhiza","Iridaceae","","N - Natural Source and Progeny","South Africa","08-07-2025","genus"
"Codonorhiza corymbosa","ALIVE","2020-1458","K:LCD-2020-1458*2","Codonorhiza corymbosa","Codonorhiza","Iridaceae","","N - Natural Source and Progeny","South Africa","08-07-2025","genus"
"Codonorhiza fastigiata","ALIVE","2020-1459","K:LCD-2020-1459*2","Codonorhiza fastigiata","Codonorhiza","Iridaceae","","N - Natural Source and Progeny","South Africa","08-07-2025","genus"
"Colea comorensis","ALIVE","2023-2051","K:LCD-2023-2051*1","Colea comorensis","Colea","Bignoniaceae","","N - Natural Source and Progeny","Comoros","17-06-2025","genus"
"Colea floribunda","ALIVE","1988-2364","K:LCD-1988-2364*2","Colea floribunda","Colea","Bignoniaceae","","N - Natural Source and Progeny","Madagascar","13-01-2023","genus"
"Colea floribunda","ALIVE","1989-3845","K:LCD-1989-3845*2","Colea floribunda","Colea","Bignoniaceae","","N - Natural Source and Progeny","Madagascar","13-01-2023","genus"
"Collabium","ALIVE","2023-1336","K:LCD-2023-1336*1","Collabium","Collabium","Orchidaceae","","N - Natural Source and Progeny","","27-06-2024","genus"
"Colvillea racemosa","ALIVE","1993-224","K:LCD-1993-224*5","Colvillea racemosa","Colvillea","Fabaceae","","N - Natural Source and Progeny","Madagascar","10-12-2024","genus"
"Conocarpus erectus","ALIVE","1993-498","K:LCD-1993-498*1","Conocarpus erectus","Conocarpus","Combretaceae","","N - Natural Source and Progeny","Guyana","22-12-2023","genus"
"Conocarpus erectus","ALIVE","1979-3100","K:LCD-1979-3100*1","Conocarpus erectus","Conocarpus","Combretaceae","","N - Natural Source and Progeny","Bermuda","22-09-2022","genus"
"Coptosperma","ALIVE","2009-3514","K:LCD-2009-3514*1","Coptosperma","Coptosperma","Rubiaceae","","N - Natural Source and Progeny","Madagascar","09-11-2022","genus"
"Coptosperma","ALIVE","2023-1105","K:LCD-2023-1105*1","Coptosperma","Coptosperma","Rubiaceae","","N - Natural Source and Progeny","Madagascar","15-06-2023","genus"
"Coptosperma","ALIVE","2006-1467","K:LCD-2006-1467*1","Coptosperma","Coptosperma","Rubiaceae","","N - Natural Source and Progeny","Madagascar","09-11-2022","genus"
"Coptosperma","ALIVE","2014-1310","K:LCD-2014-1310*1","Coptosperma","Coptosperma","Rubiaceae","","N - Natural Source and Progeny","Madagascar","09-11-2022","genus"
"Coptosperma bernierianum","ALIVE","2007-1646","K:LCD-2007-1646*1","Coptosperma bernierianum","Coptosperma","Rubiaceae","","N - Natural Source and Progeny","Madagascar","09-11-2022","genus"
"Coptosperma cymosum","ALIVE","2003-3545","K:LCD-2003-3545*1","Coptosperma cymosum","Coptosperma","Rubiaceae","","","","22-12-2023","genus"
"Coptosperma nigrescens","ALIVE","2009-250","K:LCD-2009-250*4","Coptosperma nigrescens","Coptosperma","Rubiaceae","","N - Natural Source and Progeny","Madagascar","23-01-2023","genus"
"Coptosperma nigrescens","ALIVE","2008-3095","K:LCD-2008-3095*1","Coptosperma nigrescens","Coptosperma","Rubiaceae","","N - Natural Source and Progeny","Madagascar","09-11-2022","genus"
"Coptosperma nigrescens","ALIVE","2009-250","K:LCD-2009-250*1","Coptosperma nigrescens","Coptosperma","Rubiaceae","","N - Natural Source and Progeny","Madagascar","09-11-2022","genus"
"Coptosperma nigrescens","ALIVE","2009-250","K:LCD-2009-250*2","Coptosperma nigrescens","Coptosperma","Rubiaceae",NA,"N - Natural Source and Progeny","Madagascar","08-08-2024","genus"
"Cordyla madagascariensis","ALIVE","2014-1779","K:LCD-2014-1779*1","Cordyla madagascariensis","Cordyla","Fabaceae","","N - Natural Source and Progeny","Madagascar","25-11-2022","genus"
"Corryocactus aureus","ALIVE","2007-2231","K:LCD-2007-2231*1","Corryocactus aureus","Corryocactus","Cactaceae","","","","10-12-2024","genus"
"Corryocactus aureus","ALIVE","2007-1515","K:LCD-2007-1515*1","Corryocactus aureus","Corryocactus","Cactaceae","","","","19-02-2024","genus"
"Corryocactus ayacuchoensis","ALIVE","2023-0871","K:LCD-2023-0871*1","Corryocactus ayacuchoensis","Corryocactus","Cactaceae","","","","10-05-2023","genus"
"Corryocactus brevistylus","ALIVE","2001-3819","K:LCD-2001-3819*1","Corryocactus brevistylus","Corryocactus","Cactaceae","","","","10-12-2024","genus"
"Corryocactus brevistylus","ALIVE","2007-2019","K:LCD-2007-2019*1","Corryocactus brevistylus","Corryocactus","Cactaceae","","","","10-12-2024","genus"
"Corryocactus erectus","ALIVE","1976-58","K:LCD-1976-58*3","Corryocactus erectus","Corryocactus","Cactaceae","","N - Natural Source and Progeny","Peru","19-02-2024","genus"
"Corryocactus erectus","ALIVE","1976-58","K:LCD-1976-58*2","Corryocactus erectus","Corryocactus","Cactaceae","","N - Natural Source and Progeny","Peru","10-12-2024","genus"
"Corryocactus erectus","ALIVE","1973-13337","K:LCD-1973-13337*2","Corryocactus erectus","Corryocactus","Cactaceae","","","","19-02-2024","genus"
"Corryocactus melanotrichus","ALIVE","1961-50601","K:LCD-1961-50601*2","Corryocactus melanotrichus","Corryocactus","Cactaceae","","","","10-12-2024","genus"
"Corymbia calophylla","ALIVE","2023-0866","K:LCD-2023-0866*1","Corymbia calophylla","Corymbia","Myrtaceae","","","","10-05-2023","genus"
"Cossinia pinnata","ALIVE","2015-436","K:LCD-2015-436*1","Cossinia pinnata","Cossinia","Sapindaceae","","N - Natural Source and Progeny","Reunion","21-12-2023","genus"
"Cossinia pinnata","ALIVE","2010-1956","K:LCD-2010-1956*3","Cossinia pinnata","Cossinia","Sapindaceae","","N - Natural Source and Progeny","Mauritius","22-12-2023","genus"
"Cossinia pinnata","ALIVE","2010-1956","K:LCD-2010-1956*1","Cossinia pinnata","Cossinia","Sapindaceae","","N - Natural Source and Progeny","Mauritius","22-12-2023","genus"
"Cranichis muscosa","ALIVE","2021-449","K:LCD-2021-449*1","Cranichis muscosa","Cranichis","Orchidaceae","","N - Natural Source and Progeny","Costa Rica","10-12-2024","genus"
"Crossopetalum uragoga","ALIVE","2012-609","K:LCD-2012-609*1","Crossopetalum uragoga","Crossopetalum","Celastraceae","","N - Natural Source and Progeny","Cayman Islands","05-12-2023","family"
"Cryptocarya alba","ALIVE","1983-1606","K:LCD-1983-1606*1","Cryptocarya alba","Cryptocarya","Lauraceae",NA,"N - Natural Source and Progeny","Chile","25-01-2024","genus"
"Cryptocarya triplinervis","ALIVE","1970-2112","K:LCD-1970-2112*1","Cryptocarya triplinervis","Cryptocarya","Lauraceae",NA,"N - Natural Source and Progeny","Australia","28-12-2024","genus"
"Cryptostylis arachnites","ALIVE","2023-1309","K:LCD-2023-1309*1","Cryptostylis arachnites","Cryptostylis","Orchidaceae","","N - Natural Source and Progeny","","28-06-2024","genus"
"Cumulopuntia","ALIVE","1986-3798","K:LCD-1986-3798*2","Cumulopuntia","Cumulopuntia","Cactaceae","","N - Natural Source and Progeny","Bolivia","19-12-2023","genus"
"Cumulopuntia","ALIVE","2008-1171","K:LCD-2008-1171*1","Cumulopuntia","Cumulopuntia","Cactaceae","","N - Natural Source and Progeny","Bolivia","19-12-2023","genus"
"Cumulopuntia boliviana","ALIVE","2025-342","K:LCD-2025-342*1","Cumulopuntia boliviana","Cumulopuntia","Cactaceae","W - Wild","","Argentina","02-04-2025","genus"
"Cumulopuntia boliviana","ALIVE","1979-2753","K:LCD-1979-2753*1","Cumulopuntia boliviana","Cumulopuntia","Cactaceae","","N - Natural Source and Progeny","Argentina","19-12-2023","genus"
"Cumulopuntia boliviana","ALIVE","1979-2748","K:LCD-1979-2748*1","Cumulopuntia boliviana","Cumulopuntia","Cactaceae","","N - Natural Source and Progeny","Argentina","19-12-2023","genus"
"Cumulopuntia boliviana","ALIVE","2007-698","K:LCD-2007-698*1","Cumulopuntia boliviana","Cumulopuntia","Cactaceae","","","","19-12-2023","genus"
"Cumulopuntia boliviana","ALIVE","1963-68208","K:LCD-1963-68208*1","Cumulopuntia boliviana","Cumulopuntia","Cactaceae","","","","19-12-2023","genus"
"Cumulopuntia boliviana","ALIVE","1979-2747","K:LCD-1979-2747*1","Cumulopuntia boliviana","Cumulopuntia","Cactaceae","","N - Natural Source and Progeny","Argentina","19-12-2023","genus"
"Cumulopuntia sphaerica","ALIVE","1982-1861","K:LCD-1982-1861*1","Cumulopuntia sphaerica","Cumulopuntia","Cactaceae","","N - Natural Source and Progeny","Peru","19-12-2023","genus"
"Cumulopuntia sphaerica","ALIVE","1991-502","K:LCD-1991-502*1","Cumulopuntia sphaerica","Cumulopuntia","Cactaceae","","","Chile","14-01-2025","genus"
"Cumulopuntia subterranea subsp. pulcherrima","ALIVE","2023-0904","K:LCD-2023-0904*1","Cumulopuntia subterranea subsp. pulcherrima","Cumulopuntia","Cactaceae","","","","22-05-2023","genus"
"Cumulopuntia zehnderi","ALIVE","2007-16","K:LCD-2007-16*1","Cumulopuntia zehnderi","Cumulopuntia","Cactaceae","","","Chile","19-12-2023","genus"
"Cunonia capensis","ALIVE","1995-232","K:LCD-1995-232*2","Cunonia capensis","Cunonia","Cunoniaceae",NA,"","","09-01-2025","genus"
"Cyanella aquatica","ALIVE","2012-95","K:LCD-2012-95*1","Cyanella aquatica","Cyanella","Tecophilaeaceae",NA,"","","02-07-2024","genus"
"Cyanella aquatica","ALIVE","2012-95","K:LCD-2012-95*5","Cyanella aquatica","Cyanella","Tecophilaeaceae","","","","22-07-2025","genus"
"Cyclantheropsis parviflora","ALIVE","2021-1194","K:LCD-2021-1194*1","Cyclantheropsis parviflora","Cyclantheropsis","Cucurbitaceae","","N - Natural Source and Progeny","Kenya","13-02-2024","genus"
"Cyclopeltis crenata","ALIVE","2024-0785","K:LCD-2024-0785*1","Cyclopeltis crenata","Cyclopeltis","Polypodiaceae","","","","08-04-2024","genus"
"Cylindrocline commersonii","ALIVE","2010-1943","K:LCD-2010-1943*4","Cylindrocline commersonii","Cylindrocline","Asteraceae",NA,"N - Natural Source and Progeny","Mauritius","09-01-2025","genus"
"Cylindrocline commersonii","ALIVE","2010-1943","K:LCD-2010-1943*2","Cylindrocline commersonii","Cylindrocline","Asteraceae","","N - Natural Source and Progeny","Mauritius","03-09-2024","genus"
"Cylindrocline lorencei","ALIVE","2001-2791","K:LCD-2001-2791*2","Cylindrocline lorencei","Cylindrocline","Asteraceae","","","","03-10-2024","genus"
"Cylindrocline lorencei","ALIVE","2001-2791","K:LCD-2001-2791*1","Cylindrocline lorencei","Cylindrocline","Asteraceae",NA,"","","09-12-2024","genus"
"Cylindrophyllum","ALIVE","2009-930","K:LCD-2009-930*1","Cylindrophyllum","Cylindrophyllum","Aizoaceae","","","","19-12-2023","genus"
"Cylindrophyllum","ALIVE","2018-21","K:LCD-2018-21*1","Cylindrophyllum","Cylindrophyllum","Aizoaceae","","N - Natural Source and Progeny","","19-12-2023","genus"
"Cylindrophyllum hallii","ALIVE","2009-1869","K:LCD-2009-1869*1","Cylindrophyllum hallii","Cylindrophyllum","Aizoaceae","","N - Natural Source and Progeny","South Africa","19-12-2023","genus"
"Cylindrophyllum hallii","ALIVE","2009-1869","K:LCD-2009-1869*3","Cylindrophyllum hallii","Cylindrophyllum","Aizoaceae","","N - Natural Source and Progeny","South Africa","19-12-2023","genus"
"Cynometra ramiflora","ALIVE","1987-1990","K:LCD-1987-1990*4","Cynometra ramiflora","Cynometra","Fabaceae","","N - Natural Source and Progeny","Christmas Island","20-12-2023","genus"
"Cynometra ramiflora","ALIVE","1987-1990","K:LCD-1987-1990*5","Cynometra ramiflora","Cynometra","Fabaceae","","N - Natural Source and Progeny","Christmas Island","17-06-2025","genus"
"Cyrtochiloides ochmatochila","ALIVE","2021-450","K:LCD-2021-450*1","Cyrtochiloides ochmatochila","Cyrtochiloides","Orchidaceae","","N - Natural Source and Progeny","Costa Rica","24-12-2024","genus"
"Dalbergia","ALIVE","2015-2109","K:LCD-2015-2109*3","Dalbergia","Dalbergia","Fabaceae","","N - Natural Source and Progeny","Madagascar","25-11-2022","genus"
"Dalbergia glaucocarpa","ALIVE","2020-1129","K:LCD-2020-1129*1","Dalbergia glaucocarpa","Dalbergia","Fabaceae","","N - Natural Source and Progeny","Madagascar","20-09-2023","genus"
"Dalbergia pervillei","ALIVE","2018-2264","K:LCD-2018-2264*1","Dalbergia pervillei","Dalbergia","Fabaceae","","N - Natural Source and Progeny","Madagascar","23-01-2023","genus"
"Dalbergia pseudobaronii","ALIVE","2018-2263","K:LCD-2018-2263*1","Dalbergia pseudobaronii","Dalbergia","Fabaceae","","N - Natural Source and Progeny","Madagascar","25-11-2022","genus"
"Dapania pentandra","ALIVE","2011-1503","K:LCD-2011-1503*1","Dapania pentandra","Dapania","Oxalidaceae","","N - Natural Source and Progeny","Madagascar","22-12-2023","genus"
"Daviesia genistifolia","ALIVE","2000-4560","K:LCD-2000-4560*1","Daviesia genistifolia","Daviesia","Fabaceae","","N - Natural Source and Progeny","Australia","27-01-2016","genus"
"Deherainia smaragdina","ALIVE","1969-13985","K:LCD-1969-13985*2","Deherainia smaragdina","Deherainia","Primulaceae","","","","10-06-2025","genus"
"Dendrophylax fawcettii","ALIVE","2022-361","K:LCD-2022-361*1","Dendrophylax fawcettii","Dendrophylax","Orchidaceae","","","","20-12-2024","genus"
"Dendrophylax lindenii","ALIVE","2023-0955","K:LCD-2023-0955*1","Dendrophylax lindenii","Dendrophylax","Orchidaceae","","N - Natural Source and Progeny","","02-01-2024","genus"
"Dendrophylax sallei","ALIVE","2023-1535","K:LCD-2023-1535*1","Dendrophylax sallei","Dendrophylax","Orchidaceae","","","","20-12-2024","genus"
"Dennstaedtia globulifera","ALIVE","1963-28204","K:LCD-1963-28204*1","Dennstaedtia globulifera","Dennstaedtia","Dennstaedtiaceae","","","","05-07-2022","genus"
"Deppea splendens","ALIVE","2015-388","K:LCD-2015-388*3","Deppea splendens","Deppea","Rubiaceae",NA,"","","09-01-2025","genus"
"Deppea splendens","ALIVE","2015-388","K:LCD-2015-388*1","Deppea splendens","Deppea","Rubiaceae","","","","16-12-2024","genus"
"Deppea splendens","ALIVE","2015-388","K:LCD-2015-388*7","Deppea splendens","Deppea","Rubiaceae",NA,"","","19-02-2024","genus"
"Deppea splendens","ALIVE","2015-388","K:LCD-2015-388*8","Deppea splendens","Deppea","Rubiaceae",NA,"","","19-02-2024","genus"
"Deppea splendens","ALIVE","2015-388","K:LCD-2015-388*6","Deppea splendens","Deppea","Rubiaceae",NA,"","","28-11-2024","genus"
"Desmidorchis retrospiciens","ALIVE","2025-478","K:LCD-2025-478*1","Desmidorchis retrospiciens","Desmidorchis","Apocynaceae","G - Garden","","","22-04-2025","genus"
"Desmidorchis retrospiciens","ALIVE","2025-478","K:LCD-2025-478*2","Desmidorchis retrospiciens","Desmidorchis","Apocynaceae","G - Garden","","","22-04-2025","genus"
"Dicraeopetalum mahafaliense","ALIVE","2020-1121","K:LCD-2020-1121*1","Dicraeopetalum mahafaliense","Dicraeopetalum","Fabaceae","","N - Natural Source and Progeny","Madagascar","11-06-2024","genus"
"Dienia ophrydis","ALIVE","2022-606","K:LCD-2022-606*2","Dienia ophrydis","Dienia","Orchidaceae","","","","17-09-2024","genus"
"Dienia ophrydis","ALIVE","2018-1163","K:LCD-2018-1163*1","Dienia ophrydis","Dienia","Orchidaceae","","N - Natural Source and Progeny","","03-07-2024","genus"
"Dienia ophrydis","ALIVE","2022-1935","K:LCD-2022-1935*1","Dienia ophrydis","Dienia","Orchidaceae","","","","24-12-2024","genus"
"Dienia ophrydis","ALIVE","2022-560","K:LCD-2022-560*1","Dienia ophrydis","Dienia","Orchidaceae","","","","24-12-2024","genus"
"Dinochloa scandens","ALIVE","2019-976","K:LCD-2019-976*1","Dinochloa scandens","Dinochloa","Poaceae","","","","12-05-2023","genus"
"Dinteranthus inexpectatus","ALIVE","2023-1881","K:LCD-2023-1881*1","Dinteranthus inexpectatus","Dinteranthus","Aizoaceae","","","","19-12-2023","genus"
"Discocactus","ALIVE","2024-1163","K:LCD-2024-1163*1","Discocactus","Discocactus","Cactaceae","","","","26-06-2024","genus"
"Discocactus horstii","ALIVE","2025-695","K:LCD-2025-695*1","Discocactus horstii","Discocactus","Cactaceae","U - Unknown","","","29-05-2025","genus"
"Discocactus horstii","ALIVE","2024-1160","K:LCD-2024-1160*1","Discocactus horstii","Discocactus","Cactaceae","","","","26-06-2024","genus"
"Discocactus horstii","ALIVE","2024-1162","K:LCD-2024-1162*1","Discocactus horstii","Discocactus","Cactaceae","","","","26-06-2024","genus"
"Distephanus populifolius","ALIVE","1985-3274","K:LCD-1985-3274*2","Distephanus populifolius","Distephanus","Asteraceae",NA,"N - Natural Source and Progeny","Mauritius","28-07-2022","genus"
"Distephanus populifolius","ALIVE","1985-3275","K:LCD-1985-3275*1","Distephanus populifolius","Distephanus","Asteraceae",NA,"N - Natural Source and Progeny","Mauritius","28-07-2022","genus"
"Disynstemon paullinioides","ALIVE","2020-689","K:LCD-2020-689*1","Disynstemon paullinioides","Disynstemon","Fabaceae","","N - Natural Source and Progeny","Madagascar","18-03-2020","genus"
"Dossinia","ALIVE","2024-1476","K:LCD-2024-1476*1","Dossinia","Dossinia","Orchidaceae","","","","13-11-2024","genus"
"Dracophilus delaetianus","ALIVE","1984-2394","K:LCD-1984-2394*2","Dracophilus delaetianus","Dracophilus","Aizoaceae","","N - Natural Source and Progeny","Namibia","19-12-2023","genus"
"Dressleria dilecta","ALIVE","2021-436","K:LCD-2021-436*1","Dressleria dilecta","Dressleria","Orchidaceae","","N - Natural Source and Progeny","Costa Rica","24-12-2024","genus"
"Drypetes deplanchei","ALIVE","1969-12473","K:LCD-1969-12473*2","Drypetes deplanchei","Drypetes","Putranjivaceae",NA,"","","28-12-2024","family"
"Drypetes deplanchei","ALIVE","1969-12473","K:LCD-1969-12473*2","Drypetes deplanchei","Drypetes","Putranjivaceae",NA,"","","28-12-2024","genus"
"Drypetes deplanchei","ALIVE","1965-57704","K:LCD-1965-57704*1","Drypetes deplanchei subsp. affinis","Drypetes","Putranjivaceae","","N - Natural Source and Progeny","Australia","16-12-2024","family"
"Drypetes deplanchei","ALIVE","1965-57704","K:LCD-1965-57704*1","Drypetes deplanchei subsp. affinis","Drypetes","Putranjivaceae","","N - Natural Source and Progeny","Australia","16-12-2024","genus"
"Drypetes deplanchei","ALIVE","1969-12473","K:LCD-1969-12473*1","Drypetes deplanchei","Drypetes","Putranjivaceae","","","","16-12-2024","family"
"Drypetes deplanchei","ALIVE","1969-12473","K:LCD-1969-12473*1","Drypetes deplanchei","Drypetes","Putranjivaceae","","","","16-12-2024","genus"
"Drypetes integerrima","ALIVE","2001-3187","K:LCD-2001-3187*3","Drypetes integerrima","Drypetes","Putranjivaceae",NA,"","Japan","20-05-2024","genus"
"Drypetes integerrima","ALIVE","2001-3187","K:LCD-2001-3187*3","Drypetes integerrima","Drypetes","Putranjivaceae",NA,"","Japan","20-05-2024","family"
"Drypetes integerrima","ALIVE","2001-3187","K:LCD-2001-3187*1","Drypetes integerrima","Drypetes","Putranjivaceae",NA,"","Japan","20-05-2024","genus"
"Drypetes integerrima","ALIVE","2001-3187","K:LCD-2001-3187*1","Drypetes integerrima","Drypetes","Putranjivaceae",NA,"","Japan","20-05-2024","family"
"Drypetes integerrima","ALIVE","2001-3187","K:LCD-2001-3187*2","Drypetes integerrima","Drypetes","Putranjivaceae",NA,"","Japan","20-05-2024","genus"
"Drypetes integerrima","ALIVE","2001-3187","K:LCD-2001-3187*2","Drypetes integerrima","Drypetes","Putranjivaceae",NA,"","Japan","20-05-2024","family"
"Dyschoriste thunbergiiflora","ALIVE","1958-79701","K:LCD-1958-79701*1","Dyschoriste thunbergiiflora","Dyschoriste","Acanthaceae","","","","29-06-2022","genus"
"Eberlanzia schneideriana","ALIVE","2021-166","K:LCD-2021-166*1","Eberlanzia schneideriana","Eberlanzia","Aizoaceae","","N - Natural Source and Progeny","South Africa","19-12-2023","genus"
"Ebracteola fulleri","ALIVE","2015-2982","K:LCD-2015-2982*1","Ebracteola fulleri","Ebracteola","Aizoaceae","","N - Natural Source and Progeny","","19-12-2023","genus"
"Ebracteola wilmaniae","ALIVE","2024-0921","K:LCD-2024-0921*1","Ebracteola wilmaniae","Ebracteola","Aizoaceae","","","","03-05-2024","genus"
"Ebracteola wilmaniae","ALIVE","2023-0862","K:LCD-2023-0862*1","Ebracteola wilmaniae","Ebracteola","Aizoaceae","","","","20-12-2023","genus"
"Ecbolium amplexicaule","ALIVE","1975-308","K:LCD-1975-308*1","Ecbolium amplexicaule","Ecbolium","Acanthaceae","","N - Natural Source and Progeny","Kenya","29-06-2022","genus"
"Edmundoa lindenii","ALIVE","2006-1194","K:LCD-2006-1194*1","Edmundoa lindenii var. rosea","Edmundoa","Bromeliaceae","","","","13-07-2025","genus"
"Edmundoa lindenii","ALIVE","2008-1000","K:LCD-2008-1000*1","Edmundoa lindenii","Edmundoa","Bromeliaceae","","","Brazil","13-07-2025","genus"
"Edmundoa lindenii","ALIVE","1972-213","K:LCD-1972-213*1","Canistrum viride","Canistrum","Bromeliaceae","","N - Natural Source and Progeny","Brazil","13-07-2025","genus"
"Edmundoa lindenii","ALIVE","1971-768","K:LCD-1971-768*1","Edmundoa lindenii","Edmundoa","Bromeliaceae","","N - Natural Source and Progeny","Brazil","13-07-2025","genus"
"Elingamita johnsonii","ALIVE","1954-37601","K:LCD-1954-37601*3","Elingamita johnsonii","Elingamita","Primulaceae",NA,"","","27-03-2024","genus"
"Elingamita johnsonii","ALIVE","2015-1854","K:LCD-2015-1854*2","Elingamita johnsonii","Elingamita","Primulaceae",NA,"","","27-03-2024","genus"
"Elingamita johnsonii","ALIVE","1998-3505","K:LCD-1998-3505*1","Elingamita johnsonii","Elingamita","Primulaceae",NA,"","New Zealand","27-03-2024","genus"
"Elingamita johnsonii","ALIVE","2025-680","K:LCD-2025-680*1","Elingamita johnsonii","Elingamita","Primulaceae","","","","09-06-2025","genus"
"Elingamita johnsonii","ALIVE","1954-37601","K:LCD-1954-37601*1","Elingamita johnsonii","Elingamita","Primulaceae",NA,"","","18-07-2024","genus"
"Elingamita johnsonii","ALIVE","1998-3505","K:LCD-1998-3505*2","Elingamita johnsonii","Elingamita","Primulaceae",NA,"","New Zealand","27-03-2024","genus"
"Embelia nummulariifolia","ALIVE","2021-966","K:LCD-2021-966*2","Embelia nummulariifolia","Embelia","Primulaceae","","N - Natural Source and Progeny","Madagascar","03-07-2023","genus"
"Embelia tropophylla","ALIVE","2009-257","K:LCD-2009-257*1","Embelia tropophylla","Embelia","Primulaceae","","N - Natural Source and Progeny","Madagascar","12-01-2023","genus"
"Emblemantha urnulata","ALIVE","2024-0784","K:LCD-2024-0784*1","Emblemantha urnulata","Emblemantha","Primulaceae","","","","08-04-2024","genus"
"Empogona ovalifolia","ALIVE","2016-1529","K:LCD-2016-1529*1","Empogona ovalifolia","Empogona","Rubiaceae","","N - Natural Source and Progeny","Madagascar","12-01-2023","genus"
"Enarganthe octonaria","ALIVE","2022-44","K:LCD-2022-44*1","Enarganthe octonaria","Enarganthe","Aizoaceae","","N - Natural Source and Progeny","South Africa","20-12-2023","genus"
"Enarganthe octonaria","ALIVE","2020-1267","K:LCD-2020-1267*1","Enarganthe octonaria","Enarganthe","Aizoaceae","W - Wild","N - Natural Source and Progeny","South Africa","20-05-2025","genus"
"Entelea arborescens","ALIVE","2015-1862","K:LCD-2015-1862*2","Entelea arborescens","Entelea","Malvaceae","","","","05-12-2024","genus"
"Entelea arborescens","ALIVE","2015-1862","K:LCD-2015-1862*3","Entelea arborescens","Entelea","Malvaceae",NA,"","","02-01-2025","genus"
"Eremospatha macrocarpa","ALIVE","2002-2727","K:LCD-2002-2727*1","Eremospatha macrocarpa","Eremospatha","Arecaceae","","","","29-04-2025","genus"
"Eriodes barbata","ALIVE","2012-1375","K:LCD-2012-1375*1","Eriodes barbata","Eriodes","Orchidaceae","","N - Natural Source and Progeny","Thailand","19-10-2021","genus"
"Eriodes barbata","ALIVE","2012-1372","K:LCD-2012-1372*3","Eriodes barbata","Eriodes","Orchidaceae","","N - Natural Source and Progeny","Thailand","11-07-2024","genus"
"Eriolaena boivinii","ALIVE","2021-919","K:LCD-2021-919*1","Eriolaena boivinii","Eriolaena","Malvaceae","","N - Natural Source and Progeny","Madagascar","15-08-2023","genus"
"Eriolaena ctenostegia","ALIVE","2006-167","K:LCD-2006-167*3","Eriolaena ctenostegia","Eriolaena","Malvaceae","","N - Natural Source and Progeny","Madagascar","03-07-2023","genus"
"Eriolaena linearifolia","ALIVE","2023-1094","K:LCD-2023-1094*1","Eriolaena linearifolia","Eriolaena","Malvaceae","","N - Natural Source and Progeny","Madagascar","14-06-2023","genus"
"Eriolaena pseudopopulus","ALIVE","2013-1129","K:LCD-2013-1129*1","Eriolaena pseudopopulus","Eriolaena","Malvaceae","","N - Natural Source and Progeny","Madagascar","03-07-2023","genus"
"Eriolaena rigida","ALIVE","2008-2463","K:LCD-2008-2463*2","Eriolaena rigida","Eriolaena","Malvaceae","","N - Natural Source and Progeny","Madagascar","15-08-2023","genus"
"Eriopsis biloba","ALIVE","1999-2990","K:LCD-1999-2990*1","Eriopsis biloba","Eriopsis","Orchidaceae","","","Ecuador","19-10-2021","genus"
"Eriosyce","ALIVE","2009-2599","K:LCD-2009-2599*1","Eriosyce","Eriosyce","Cactaceae","","","","21-09-2023","genus"
"Eriosyce","ALIVE","2009-2603","K:LCD-2009-2603*1","Eriosyce","Eriosyce","Cactaceae","","","","21-09-2023","genus"
"Eriosyce aurata","ALIVE","2004-212","K:LCD-2004-212*1","Eriosyce aurata","Eriosyce","Cactaceae","","","","17-06-2023","genus"
"Eriosyce heinrichiana","ALIVE","2008-2239","K:LCD-2008-2239*1","Eriosyce heinrichiana","Eriosyce","Cactaceae","","","","24-01-2023","genus"
"Eriosyce heinrichiana","ALIVE","2002-654","K:LCD-2002-654*1","Eriosyce heinrichiana","Eriosyce","Cactaceae","","","","21-09-2023","genus"
"Eriosyce napina subsp. napina","ALIVE","1998-3211","K:LCD-1998-3211*1","Eriosyce napina subsp. napina","Eriosyce","Cactaceae","","","","24-01-2023","genus"
"Eriosyce senilis","ALIVE","2007-704","K:LCD-2007-704*1","Eriosyce senilis","Eriosyce","Cactaceae","","","","21-09-2023","genus"
"Eriosyce subgibbosa","ALIVE","2022-748","K:LCD-2022-748*1","Eriosyce subgibbosa","Eriosyce","Cactaceae","","N - Natural Source and Progeny","Chile","25-07-2022","genus"
"Ernodea littoralis","ALIVE","1991-1600","K:LCD-1991-1600*2","Ernodea littoralis","Ernodea","Rubiaceae","","N - Natural Source and Progeny","Mexico","22-12-2020","genus"
"Euonymus glaber","ALIVE","1979-2099","K:LCD-1979-2099*1","Euonymus glaber","Euonymus","Celastraceae",NA,"N - Natural Source and Progeny","Thailand","20-05-2024","family"
"Euonymus glaber","ALIVE","1979-2099","K:LCD-1979-2099*2","Euonymus glaber","Euonymus","Celastraceae",NA,"N - Natural Source and Progeny","Thailand","24-05-2024","family"
"Evolvulus alsinoides","ALIVE","2011-997","K:LCD-2011-997*1","Evolvulus alsinoides","Evolvulus","Convolvulaceae","","N - Natural Source and Progeny","Turks and Caicos Islands","05-12-2023","genus"
"Evolvulus bracei","ALIVE","2011-1056","K:LCD-2011-1056*1","Evolvulus bracei","Evolvulus","Convolvulaceae","","N - Natural Source and Progeny","Turks and Caicos Islands","05-12-2023","genus"
"Exostema caribaeum","ALIVE","2011-990","K:LCD-2011-990*1","Exostema caribaeum","Exostema","Rubiaceae","","N - Natural Source and Progeny","Turks and Caicos Islands","19-11-2013","genus"
"Fernelia buxifolia","ALIVE","2008-1924","K:LCD-2008-1924*1","Fernelia buxifolia","Fernelia","Rubiaceae","","N - Natural Source and Progeny","Mauritius","21-12-2023","genus"
"Fernelia buxifolia","ALIVE","2008-1924","K:LCD-2008-1924*3","Fernelia buxifolia","Fernelia","Rubiaceae","","N - Natural Source and Progeny","Mauritius","29-07-2022","genus"
"Ferreyranthus excelsus","ALIVE","1988-142","K:LCD-1988-142*1","Ferreyranthus excelsus","Ferreyranthus","Asteraceae",NA,"","Peru","19-02-2024","genus"
"Ferreyranthus excelsus","ALIVE","1988-142","K:LCD-1988-142*2","Ferreyranthus excelsus","Ferreyranthus","Asteraceae",NA,"","Peru","19-02-2024","genus"
"Ferreyranthus excelsus","ALIVE","1988-142","K:LCD-1988-142*3","Ferreyranthus excelsus","Ferreyranthus","Asteraceae",NA,"","Peru","19-02-2024","genus"
"Flagellaria indica","ALIVE","2007-2396","K:LCD-2007-2396*1","Flagellaria indica","Flagellaria","Flagellariaceae","","N - Natural Source and Progeny","Madagascar","12-05-2023","family"
"Flagellaria indica","ALIVE","2007-2396","K:LCD-2007-2396*1","Flagellaria indica","Flagellaria","Flagellariaceae","","N - Natural Source and Progeny","Madagascar","12-05-2023","genus"
"Foetidia mauritiana","ALIVE","2008-1898","K:LCD-2008-1898*1","Foetidia mauritiana","Foetidia","Lecythidaceae","","N - Natural Source and Progeny","Mauritius","21-12-2023","genus"
"Foetidia rodriguesiana","ALIVE","2008-1931","K:LCD-2008-1931*2","Foetidia rodriguesiana","Foetidia","Lecythidaceae","","N - Natural Source and Progeny","Mauritius","20-12-2023","genus"
"Freylinia lanceolata","ALIVE","2006-507","K:LCD-2006-507*1","Freylinia lanceolata","Freylinia","Scrophulariaceae",NA,"","","17-08-2023","genus"
"Frithia humilis","ALIVE","2023-1662","K:LCD-2023-1662*1","Frithia humilis","Frithia","Aizoaceae","","","","20-12-2023","genus"
"Frithia pulchra","ALIVE","2018-2243","K:LCD-2018-2243*1","Frithia pulchra","Frithia","Aizoaceae","","","","25-07-2024","genus"
"Gadoria falukei","ALIVE","2019-140","K:LCD-2019-140*3","Gadoria falukei","Gadoria","Plantaginaceae","","N - Natural Source and Progeny","","19-06-2025","genus"
"Gadoria falukei","ALIVE","2019-140","K:LCD-2019-140*2","Gadoria falukei","Gadoria","Plantaginaceae","","N - Natural Source and Progeny","","03-08-2023","genus"
"Gagnebina pterocarpa","ALIVE","2008-1903","K:LCD-2008-1903*1","Gagnebina pterocarpa","Gagnebina","Fabaceae","","N - Natural Source and Progeny","Mauritius","20-12-2023","genus"
"Geissorhiza eurystigma","ALIVE","2020-1467","K:LCD-2020-1467*1","Geissorhiza eurystigma","Geissorhiza","Iridaceae","","","","16-01-2025","genus"
"Geissorhiza imbricata subsp. bicolor","ALIVE","2020-1463","K:LCD-2020-1463*1","Geissorhiza imbricata subsp. bicolor","Geissorhiza","Iridaceae","","N - Natural Source and Progeny","South Africa","08-07-2025","genus"
"Geissorhiza inaequalis","ALIVE","2020-1464","K:LCD-2020-1464*1","Geissorhiza inaequalis","Geissorhiza","Iridaceae","","N - Natural Source and Progeny","South Africa","08-07-2025","genus"
"Geissorhiza inflexa","ALIVE","2020-1468","K:LCD-2020-1468*1","Geissorhiza inflexa","Geissorhiza","Iridaceae","","N - Natural Source and Progeny","South Africa","08-07-2025","genus"
"Geissorhiza mathewsii","ALIVE","2020-1461","K:LCD-2020-1461*1","Geissorhiza mathewsii","Geissorhiza","Iridaceae","","","","08-07-2025","genus"
"Geissorhiza monanthos","ALIVE","2020-1466","K:LCD-2020-1466*1","Geissorhiza monanthos","Geissorhiza","Iridaceae","","N - Natural Source and Progeny","South Africa","08-07-2025","genus"
"Geissorhiza radians","ALIVE","2020-1462","K:LCD-2020-1462*1","Geissorhiza radians","Geissorhiza","Iridaceae","","N - Natural Source and Progeny","South Africa","08-07-2025","genus"
"Geissorhiza splendidissima","ALIVE","2020-1469","K:LCD-2020-1469*1","Geissorhiza splendidissima","Geissorhiza","Iridaceae","","N - Natural Source and Progeny","South Africa","08-07-2025","genus"
"Geissorhiza tulbaghensis","ALIVE","2020-1470","K:LCD-2020-1470*1","Geissorhiza tulbaghensis","Geissorhiza","Iridaceae","","N - Natural Source and Progeny","South Africa","08-07-2025","genus"
"Geitonoplesium cymosum","ALIVE","1972-2585","K:LCD-1972-2585*1","Geitonoplesium cymosum","Geitonoplesium","Asphodelaceae","","","Australia","17-12-2024","genus"
"Geitonoplesium cymosum","ALIVE","1972-2585","K:LCD-1972-2585*2","Geitonoplesium cymosum","Geitonoplesium","Asphodelaceae",NA,"","Australia","28-12-2024","genus"
"Geitonoplesium cymosum","ALIVE","2003-3054","K:LCD-2003-3054*2","Geitonoplesium cymosum","Geitonoplesium","Asphodelaceae","","","Australia","22-09-2022","genus"
"Gesnouinia arborea","ALIVE","2011-1433","K:LCD-2011-1433*1","Gesnouinia arborea","Gesnouinia","Urticaceae","","N - Natural Source and Progeny","Spain","12-01-2025","genus"
"Glomera pungens","ALIVE","2025-601","K:LCD-2025-601*1","Glomera pungens","Glomera","Orchidaceae","G - Garden","","","20-05-2025","genus"
"Gonioma kamassi","ALIVE","1973-12044","K:LCD-1973-12044*1","Gonioma kamassi","Gonioma","Apocynaceae",NA,"","","21-06-2022","genus"
"Gonioma kamassi","ALIVE","1973-12044","K:LCD-1973-12044*2","Gonioma kamassi","Gonioma","Apocynaceae",NA,"","","23-06-2022","genus"
"Gonzalagunia hirsuta","ALIVE","2016-2414","K:LCD-2016-2414*1","Gonzalagunia hirsuta","Gonzalagunia","Rubiaceae","","N - Natural Source and Progeny","British Virgin Islands","05-12-2023","genus"
"Gorgonidium intermedium","ALIVE","1981-4132","K:LCD-1981-4132*1","Gorgonidium intermedium","Gorgonidium","Araceae","","","Peru","29-12-2024","genus"
"Gorgonidium intermedium","ALIVE","1981-4132","K:LCD-1981-4132*2","Gorgonidium intermedium","Gorgonidium","Araceae",NA,"","Peru","29-05-2024","genus"
"Gouania tiliifolia","ALIVE","2013-1483","K:LCD-2013-1483*1","Gouania tiliifolia","Gouania","Rhamnaceae","","N - Natural Source and Progeny","","15-03-2023","genus"
"Gouania tiliifolia","ALIVE","2013-1483","K:LCD-2013-1483*2","Gouania tiliifolia","Gouania","Rhamnaceae","","N - Natural Source and Progeny","","02-06-2023","genus"
"Grandidiera boivinii","ALIVE","2011-1434","K:LCD-2011-1434*1","Grandidiera boivinii","Grandidiera","Achariaceae","","N - Natural Source and Progeny","Tanzania","22-12-2023","genus"
"Gravendeelia chamaelepanthes","ALIVE","2002-1267","K:LCD-2002-1267*4","Gravendeelia chamaelepanthes","Gravendeelia","Orchidaceae","","","","24-05-2022","genus"
"Gustavia gracillima","ALIVE","2016-2204","K:LCD-2016-2204*1","Gustavia gracillima","Gustavia","Lecythidaceae","","","Colombia","20-12-2023","genus"
"Gustavia longifolia","ALIVE","1985-5383","K:LCD-1985-5383*1","Gustavia longifolia","Gustavia","Lecythidaceae","","N - Natural Source and Progeny","Peru","17-06-2025","genus"
"Gustavia longifolia","ALIVE","1985-5383","K:LCD-1985-5383*4","Gustavia longifolia","Gustavia","Lecythidaceae","","N - Natural Source and Progeny","Peru","17-06-2025","genus"
"Gustavia poeppigiana","ALIVE","1973-1862","K:LCD-1973-1862*1","Gustavia poeppigiana","Gustavia","Lecythidaceae","","N - Natural Source and Progeny","Colombia","20-12-2023","genus"
"Gustavia superba","ALIVE","1995-3144","K:LCD-1995-3144*4","Gustavia superba","Gustavia","Lecythidaceae","","N - Natural Source and Progeny","Ecuador","17-06-2025","genus"
"Gustavia superba","ALIVE","1995-3144","K:LCD-1995-3144*1","Gustavia superba","Gustavia","Lecythidaceae","","N - Natural Source and Progeny","Ecuador","17-06-2025","genus"
"Gymnosporia arbutifolia","ALIVE","1953-58501","K:LCD-1953-58501*3","Gymnosporia arbutifolia","Gymnosporia","Celastraceae",NA,"N - Natural Source and Progeny","Ethiopia","22-08-2023","family"
"Gynochthodes jasminoides","ALIVE","1986-1269","K:LCD-1986-1269*1","Gynochthodes jasminoides","Gynochthodes","Rubiaceae",NA,"N - Natural Source and Progeny","Australia","02-01-2025","genus"
"Habenaria","ALIVE","2018-1175","K:LCD-2018-1175*1","Habenaria","Habenaria","Orchidaceae","","N - Natural Source and Progeny","","17-12-2021","genus"
"Habenaria dentata","ALIVE","2022-1421","K:LCD-2022-1421*1","Habenaria dentata","Habenaria","Orchidaceae","","","","28-11-2024","genus"
"Habenaria dentata","ALIVE","2021-976","K:LCD-2021-976*1","Habenaria dentata","Habenaria","Orchidaceae","","","","04-11-2024","genus"
"Habenaria dentata","ALIVE","2016-2541","K:LCD-2016-2541*1","Habenaria dentata","Habenaria","Orchidaceae","","N - Natural Source and Progeny","","04-11-2024","genus"
"Habenaria jaegeri","ALIVE","2010-398","K:LCD-2010-398*2","Habenaria jaegeri","Habenaria","Orchidaceae","","N - Natural Source and Progeny","","08-11-2024","genus"
"Habenaria leptoceras","ALIVE","1983-2081","K:LCD-1983-2081*1","Habenaria leptoceras","Habenaria","Orchidaceae","","N - Natural Source and Progeny","Brazil","19-10-2021","genus"
"Habenaria leptoceras","ALIVE","2011-1555","K:LCD-2011-1555*1","Habenaria leptoceras","Habenaria","Orchidaceae","","N - Natural Source and Progeny","Brazil","19-10-2021","genus"
"Habenaria medusa","ALIVE","2022-396","K:LCD-2022-396*1","Habenaria medusa","Habenaria","Orchidaceae","","","","04-07-2024","genus"
"Habenaria pasmithii","ALIVE","2023-1613","K:LCD-2023-1613*1","Habenaria pasmithii","Habenaria","Orchidaceae","","","Zambia","22-01-2024","genus"
"Habenaria rhodocheila","ALIVE","2013-1682","K:LCD-2013-1682*1","Habenaria rhodocheila","Habenaria","Orchidaceae","","N - Natural Source and Progeny","","04-11-2024","genus"
"Habenaria zambesina","ALIVE","2023-1470","K:LCD-2023-1470*1","Habenaria zambesina","Habenaria","Orchidaceae","","N - Natural Source and Progeny","Zambia","04-07-2024","genus"
"Harrisia adscendens","ALIVE","1974-1108","K:LCD-1974-1108*2","Harrisia adscendens","Harrisia","Cactaceae","","N - Natural Source and Progeny","Brazil","21-02-2024","genus"
"Harrisia adscendens","ALIVE","2007-978","K:LCD-2007-978*1","Harrisia adscendens","Harrisia","Cactaceae","","","","20-02-2024","genus"
"Harrisia adscendens","ALIVE","2002-3072","K:LCD-2002-3072*1","Harrisia adscendens","Harrisia","Cactaceae","","","","20-02-2024","genus"
"Harrisia adscendens","ALIVE","2003-3486","K:LCD-2003-3486*1","Harrisia adscendens","Harrisia","Cactaceae","","","Brazil","20-02-2024","genus"
"Harrisia divaricata","ALIVE","2020-697","K:LCD-2020-697*3","Harrisia divaricata","Harrisia","Cactaceae","","N - Natural Source and Progeny","Dominican Republic","05-10-2021","genus"
"Harrisia divaricata","ALIVE","2020-697","K:LCD-2020-697*4","Harrisia divaricata","Harrisia","Cactaceae","","N - Natural Source and Progeny","Dominican Republic","19-02-2024","genus"
"Harrisia divaricata","ALIVE","2020-697","K:LCD-2020-697*1","Harrisia divaricata","Harrisia","Cactaceae","","N - Natural Source and Progeny","Dominican Republic","19-02-2024","genus"
"Harrisia divaricata","ALIVE","2020-697","K:LCD-2020-697*2","Harrisia divaricata","Harrisia","Cactaceae","","N - Natural Source and Progeny","Dominican Republic","19-02-2024","genus"
"Harrisia divaricata","ALIVE","2020-697","K:LCD-2020-697*5","Harrisia divaricata","Harrisia","Cactaceae","","N - Natural Source and Progeny","Dominican Republic","19-02-2024","genus"
"Harrisia eriophora","ALIVE","2007-401","K:LCD-2007-401*1","Harrisia eriophora","Harrisia","Cactaceae","","","Cuba","20-02-2024","genus"
"Harrisia gracilis","ALIVE","2003-3491","K:LCD-2003-3491*1","Harrisia gracilis","Harrisia","Cactaceae","","","","20-02-2024","genus"
"Harrisia martinii","ALIVE","1973-13341","K:LCD-1973-13341*2","Harrisia martinii","Harrisia","Cactaceae","","","","20-02-2024","genus"
"Harrisia martinii","ALIVE","2007-632","K:LCD-2007-632*1","Harrisia martinii","Harrisia","Cactaceae","","","","20-02-2024","genus"
"Harrisia martinii","ALIVE","1979-2845","K:LCD-1979-2845*1","Harrisia martinii","Harrisia","Cactaceae","","N - Natural Source and Progeny","Argentina","08-11-2022","genus"
"Harrisia pomanensis","ALIVE","2004-3487","K:LCD-2004-3487*1","Harrisia pomanensis","Harrisia","Cactaceae","","N - Natural Source and Progeny","","20-02-2024","genus"
"Harrisia pomanensis","ALIVE","2000-3472","K:LCD-2000-3472*1","Harrisia pomanensis","Harrisia","Cactaceae","","","","20-02-2024","genus"
"Harrisia regelii","ALIVE","2004-3488","K:LCD-2004-3488*1","Harrisia regelii","Harrisia","Cactaceae","","N - Natural Source and Progeny","","20-02-2024","genus"
"Harrisia tortuosa","ALIVE","1985-2774","K:LCD-1985-2774*1","Harrisia tortuosa","Harrisia","Cactaceae","","","","20-02-2024","genus"
"Hartmanthus pergamentaceus","ALIVE","2021-792","K:LCD-2021-792*1","Hartmanthus pergamentaceus","Hartmanthus","Aizoaceae","","N - Natural Source and Progeny","South Africa","04-11-2021","genus"
"Harungana madagascariensis","ALIVE","2020-1067","K:LCD-2020-1067*1","Harungana madagascariensis","Harungana","Hypericaceae","","N - Natural Source and Progeny","Madagascar","16-06-2023","genus"
"Hedycarya arborea","ALIVE","2015-1863","K:LCD-2015-1863*1","Hedycarya arborea","Hedycarya","Monimiaceae",NA,"","","27-03-2024","genus"
"Heritiera littoralis","ALIVE","2019-2884","K:LCD-2019-2884*2","Heritiera littoralis","Heritiera","Malvaceae","","","","12-05-2023","genus"
"Heteradelphia paulojaegeria","ALIVE","1986-4632","K:LCD-1986-4632*3","Heteradelphia paulojaegeria","Heteradelphia","Acanthaceae","","","Cote d'Ivoire","06-12-2022","genus"
"Heteradelphia paulojaegeria","ALIVE","1986-4632","K:LCD-1986-4632*2","Heteradelphia paulojaegeria","Heteradelphia","Acanthaceae","","","Cote d'Ivoire","29-06-2022","genus"
"Heteropterys glabra","ALIVE","1973-12908","K:LCD-1973-12908*2","Heteropterys glabra","Heteropterys","Malpighiaceae",NA,"","","06-02-2024","genus"
"Heteropterys glabra","ALIVE","1973-12908","K:LCD-1973-12908*1","Heteropterys glabra","Heteropterys","Malpighiaceae","","","","17-12-2024","genus"
"Heteropterys umbellata","ALIVE","1969-18824","K:LCD-1969-18824*2","Heteropterys umbellata","Heteropterys","Malpighiaceae","","","","17-11-2023","genus"
"Hibiscadelphus distans","ALIVE","1989-2726","K:LCD-1989-2726*2","Hibiscadelphus distans","Hibiscadelphus","Malvaceae",NA,"N - Natural Source and Progeny","United States","28-07-2022","genus"
"Hibiscadelphus distans","ALIVE","2014-807","K:LCD-2014-807*1","Hibiscadelphus distans","Hibiscadelphus","Malvaceae","","N - Natural Source and Progeny","United States","12-01-2025","genus"
"Hibiscadelphus distans","ALIVE","1989-2726","K:LCD-1989-2726*1","Hibiscadelphus distans","Hibiscadelphus","Malvaceae","","N - Natural Source and Progeny","United States","12-01-2025","genus"
"Hibiscadelphus distans","ALIVE","2014-806","K:LCD-2014-806*1","Hibiscadelphus distans","Hibiscadelphus","Malvaceae","","N - Natural Source and Progeny","United States","12-01-2025","genus"
"Hibiscadelphus giffardianus","ALIVE","2013-1239","K:LCD-2013-1239*1","Hibiscadelphus giffardianus","Hibiscadelphus","Malvaceae","","","United States","29-07-2023","genus"
"Hibiscadelphus hualalaiensis","ALIVE","1991-1096","K:LCD-1991-1096*2","Hibiscadelphus hualalaiensis","Hibiscadelphus","Malvaceae","","N - Natural Source and Progeny","United States","29-07-2023","genus"
"Hibiscadelphus hualalaiensis","ALIVE","1991-1096","K:LCD-1991-1096*1","Hibiscadelphus hualalaiensis","Hibiscadelphus","Malvaceae",NA,"N - Natural Source and Progeny","United States","28-07-2022","genus"
"Himalayacalamus cupreus","ALIVE","1999-4331","K:LCD-1999-4331*1","Himalayacalamus cupreus","Himalayacalamus","Poaceae",NA,"","","08-11-2023","genus"
"Himalayacalamus hookerianus","ALIVE","1973-12236","K:LCD-1973-12236*1","Himalayacalamus hookerianus","Himalayacalamus","Poaceae",NA,"","","15-07-2025","genus"
"Himalayacalamus hookerianus","ALIVE","1973-12236","K:LCD-1973-12236*2","Himalayacalamus hookerianus","Himalayacalamus","Poaceae",NA,"","","15-07-2025","genus"
"Himalayacalamus porcatus","ALIVE","2006-1519","K:LCD-2006-1519*1","Himalayacalamus porcatus","Himalayacalamus","Poaceae",NA,"N - Natural Source and Progeny","Nepal","08-11-2023","genus"
"Hohenbergiopsis guatemalensis","ALIVE","2004-1957","K:LCD-2004-1957*1","Hohenbergiopsis guatemalensis","Hohenbergiopsis","Bromeliaceae","","","","22-08-2023","genus"
"Hohenbergiopsis guatemalensis","ALIVE","1991-1116","K:LCD-1991-1116*1","Hohenbergiopsis guatemalensis","Hohenbergiopsis","Bromeliaceae","","N - Natural Source and Progeny","Guatemala","23-03-2023","genus"
"Holocalyx balansae","ALIVE","1995-258","K:LCD-1995-258*1","Holocalyx balansae","Holocalyx","Fabaceae",NA,"N - Natural Source and Progeny","Paraguay","31-01-2024","genus"
"Holocalyx balansae","ALIVE","1995-258","K:LCD-1995-258*3","Holocalyx balansae","Holocalyx","Fabaceae",NA,"N - Natural Source and Progeny","Paraguay","31-01-2024","genus"
"Holocalyx balansae","ALIVE","1986-6074","K:LCD-1986-6074*3","Holocalyx balansae","Holocalyx","Fabaceae",NA,"N - Natural Source and Progeny","Paraguay","20-02-2025","genus"
"Holocalyx balansae","ALIVE","1995-258","K:LCD-1995-258*2","Holocalyx balansae","Holocalyx","Fabaceae",NA,"N - Natural Source and Progeny","Paraguay","25-01-2024","genus"
"Homalanthus populifolius","ALIVE","1959-901","K:LCD-1959-901*1","Homalanthus populifolius","Homalanthus","Euphorbiaceae",NA,"","","28-12-2024","genus"
"Humbertiella decaryi","ALIVE","2023-1109","K:LCD-2023-1109*1","Humbertiella decaryi","Humbertiella","Malvaceae","","","Madagascar","15-06-2023","genus"
"Hymenophyllum","ALIVE","2023-0856","K:LCD-2023-0856*1","Hymenophyllum","Hymenophyllum","Hymenophyllaceae","","","","09-05-2023","family"
"Hymenophyllum","ALIVE","2023-0856","K:LCD-2023-0856*1","Hymenophyllum","Hymenophyllum","Hymenophyllaceae","","","","09-05-2023","genus"
"Hymenophyllum","ALIVE","1985-3891","K:LCD-1985-3891*1","Hymenophyllum","Hymenophyllum","Hymenophyllaceae","","N - Natural Source and Progeny","Costa Rica","07-07-2022","family"
"Hymenophyllum","ALIVE","1985-3891","K:LCD-1985-3891*1","Hymenophyllum","Hymenophyllum","Hymenophyllaceae","","N - Natural Source and Progeny","Costa Rica","07-07-2022","genus"
"Hymenophyllum","ALIVE","1980-6221","K:LCD-1980-6221*1","Hymenophyllum","Hymenophyllum","Hymenophyllaceae","","N - Natural Source and Progeny","Malaysia","07-07-2022","family"
"Hymenophyllum","ALIVE","1980-6221","K:LCD-1980-6221*1","Hymenophyllum","Hymenophyllum","Hymenophyllaceae","","N - Natural Source and Progeny","Malaysia","07-07-2022","genus"
"Hyperacanthus","ALIVE","2020-590","K:LCD-2020-590*1","Hyperacanthus","Hyperacanthus","Rubiaceae","","N - Natural Source and Progeny","Madagascar","30-05-2023","genus"
"Hyperacanthus grevei","ALIVE","2007-2173","K:LCD-2007-2173*1","Hyperacanthus grevei","Hyperacanthus","Rubiaceae","","N - Natural Source and Progeny","Madagascar","12-01-2023","genus"
"Hypolytrum mauritianum","ALIVE","2020-272","K:LCD-2020-272*1","Hypolytrum mauritianum","Hypolytrum","Cyperaceae","","N - Natural Source and Progeny","Madagascar","30-01-2024","genus"
"Isoglossa variegata","ALIVE","1996-4580","K:LCD-1996-4580*1","Isoglossa variegata","Isoglossa","Acanthaceae","","N - Natural Source and Progeny","Tanzania","29-06-2022","genus"
"Jaborosa integrifolia","ALIVE","1979-6021","K:LCD-1979-6021*1","Jaborosa integrifolia","Jaborosa","Solanaceae",NA,"N - Natural Source and Progeny","Argentina","01-02-2024","genus"
"Jacobsenia kolbei","ALIVE","1998-3156","K:LCD-1998-3156*1","Jacobsenia kolbei","Jacobsenia","Aizoaceae","","","","04-11-2021","genus"
"Jacquinia armillaris","ALIVE","1988-8593","K:LCD-1988-8593*1","Jacquinia armillaris","Jacquinia","Primulaceae","","N - Natural Source and Progeny","United States","20-12-2023","genus"
"Jacquinia berteroi","ALIVE","2004-3659","K:LCD-2004-3659*1","Jacquinia berteroi","Jacquinia","Primulaceae","","N - Natural Source and Progeny","British Virgin Islands","05-12-2023","genus"
"Jacquinia keyensis","ALIVE","2011-982","K:LCD-2011-982*1","Jacquinia keyensis","Jacquinia","Primulaceae","","N - Natural Source and Progeny","Turks and Caicos Islands","05-12-2023","genus"
"Jamesbrittenia grandiflora","ALIVE","2024-0002","K:LCD-2024-0002*2","Jamesbrittenia grandiflora","Jamesbrittenia","Scrophulariaceae","","N - Natural Source and Progeny","South Africa","06-12-2024","genus"
"Jamesbrittenia macrantha","ALIVE","2024-0006","K:LCD-2024-0006*2","Jamesbrittenia macrantha","Jamesbrittenia","Scrophulariaceae","","N - Natural Source and Progeny","South Africa","06-12-2024","genus"
"Jensenobotrya lossowiana","ALIVE","1998-3195","K:LCD-1998-3195*3","Jensenobotrya lossowiana","Jensenobotrya","Aizoaceae","","","","19-12-2023","genus"
"Jordaaniella","ALIVE","2021-737","K:LCD-2021-737*1","Jordaaniella","Jordaaniella","Aizoaceae","","N - Natural Source and Progeny","South Africa","19-12-2023","genus"
"Jordaaniella cuprea","ALIVE","2021-798","K:LCD-2021-798*1","Jordaaniella cuprea","Jordaaniella","Aizoaceae","","N - Natural Source and Progeny","South Africa","04-11-2021","genus"
"Jordaaniella cuprea","ALIVE","2021-109","K:LCD-2021-109*1","Jordaaniella cuprea","Jordaaniella","Aizoaceae","","N - Natural Source and Progeny","South Africa","19-12-2023","genus"
"Jordaaniella dubia","ALIVE","2013-1124","K:LCD-2013-1124*1","Jordaaniella dubia","Jordaaniella","Aizoaceae","","","","19-12-2023","genus"
"Kabuyea hostifolia","ALIVE","1979-1054","K:LCD-1979-1054*1","Kabuyea hostifolia","Kabuyea","Tecophilaeaceae","","N - Natural Source and Progeny","Tanzania","11-10-2023","genus"
"Knowltonia vesicatoria","ALIVE","1978-3865","K:LCD-1978-3865*1","Knowltonia vesicatoria","Knowltonia","Ranunculaceae",NA,"","","09-01-2025","genus"
"Knowltonia vesicatoria","ALIVE","1978-3865","K:LCD-1978-3865*2","Knowltonia vesicatoria","Knowltonia","Ranunculaceae",NA,"","","23-06-2022","genus"
"Kumara haemanthifolia","ALIVE","2021-910","K:LCD-2021-910*1","Kumara haemanthifolia","Kumara","Asphodelaceae","","N - Natural Source and Progeny","South Africa","06-10-2023","genus"
"Kumara plicatilis","ALIVE","2021-687","K:LCD-2021-687*1","Kumara plicatilis","Kumara","Asphodelaceae","","N - Natural Source and Progeny","South Africa","05-10-2024","genus"
"Kumara plicatilis","ALIVE","2011-1481","K:LCD-2011-1481*1","Kumara plicatilis","Kumara","Asphodelaceae","","","","05-09-2023","genus"
"Kumara plicatilis","ALIVE","2003-1791","K:LCD-2003-1791*2","Kumara plicatilis","Kumara","Asphodelaceae","","","","20-02-2025","genus"
"Lapageria rosea","ALIVE","1989-895","K:LCD-1989-895*2","Lapageria rosea","Lapageria","Philesiaceae",NA,"N - Natural Source and Progeny","Chile","28-11-2024","family"
"Lapageria rosea","ALIVE","2019-1883","K:LCD-2019-1883*1","Lapageria rosea","Lapageria","Philesiaceae","","","Chile","05-12-2024","family"
"Lapageria rosea","ALIVE","1989-895","K:LCD-1989-895*1","Lapageria rosea","Lapageria","Philesiaceae",NA,"N - Natural Source and Progeny","Chile","09-01-2025","family"
"Lasiacis ruscifolia var. velutina","ALIVE","1994-2138","K:LCD-1994-2138*1","Lasiacis ruscifolia var. velutina","Lasiacis","Poaceae",NA,"N - Natural Source and Progeny","Mexico","29-07-2022","genus"
"Lebronnecia kokioides","ALIVE","1984-28","K:LCD-1984-28*3","Lebronnecia kokioides","Lebronnecia","Malvaceae","","","","22-12-2023","genus"
"Lecythis minor","ALIVE","2021-941","K:LCD-2021-941*2","Lecythis minor","Lecythis","Lecythidaceae","","","","19-06-2025","genus"
"Leipoldtia","ALIVE","2021-136","K:LCD-2021-136*1","Leipoldtia","Leipoldtia","Aizoaceae","","N - Natural Source and Progeny","South Africa","19-12-2023","genus"
"Leipoldtia frutescens","ALIVE","2021-1029","K:LCD-2021-1029*1","Leipoldtia frutescens","Leipoldtia","Aizoaceae","","N - Natural Source and Progeny","South Africa","19-12-2023","genus"
"Leipoldtia schultzei","ALIVE","2021-1023","K:LCD-2021-1023*1","Leipoldtia schultzei","Leipoldtia","Aizoaceae","","N - Natural Source and Progeny","South Africa","19-12-2023","genus"
"Leipoldtia uniflora","ALIVE","2021-135","K:LCD-2021-135*1","Leipoldtia uniflora","Leipoldtia","Aizoaceae","","N - Natural Source and Progeny","South Africa","19-12-2023","genus"
"Leipoldtia weigangiana subsp. grandifolia","ALIVE","1999-25","K:LCD-1999-25*1","Leipoldtia grandifolia","Leipoldtia","Aizoaceae","","","","19-12-2023","genus"
"Leipoldtia weigangiana subsp. grandifolia","ALIVE","2021-138","K:LCD-2021-138*1","Leipoldtia weigangiana subsp. grandifolia","Leipoldtia","Aizoaceae","","N - Natural Source and Progeny","South Africa","19-12-2023","genus"
"Lemurodendron capuronii","ALIVE","2015-2232","K:LCD-2015-2232*1","Lemurodendron capuronii","Lemurodendron","Fabaceae","","N - Natural Source and Progeny","Madagascar","14-11-2024","genus"
"Lemurodendron capuronii","ALIVE","2015-2232","K:LCD-2015-2232*2","Lemurodendron capuronii","Lemurodendron","Fabaceae","","N - Natural Source and Progeny","Madagascar","23-01-2023","genus"
"Lepanthopsis acuminata","ALIVE","2002-1296","K:LCD-2002-1296*1","Lepanthopsis acuminata","Lepanthopsis","Orchidaceae","","","","19-10-2021","genus"
"Lepanthopsis astrophora","ALIVE","2002-1297","K:LCD-2002-1297*2","Lepanthopsis astrophora","Lepanthopsis","Orchidaceae","","","","27-03-2023","genus"
"Lepanthopsis prolifera","ALIVE","2002-1243","K:LCD-2002-1243*4","Lepanthopsis prolifera","Lepanthopsis","Orchidaceae","","","","28-03-2023","genus"
"Lepidagathis grandidieri","ALIVE","2023-1169","K:LCD-2023-1169*1","Lepidagathis grandidieri","Lepidagathis","Acanthaceae","","","Madagascar","02-08-2023","genus"
"Lepidaploa arbuscula","ALIVE","2008-2245","K:LCD-2008-2245*1","Lepidaploa arbuscula","Lepidaploa","Asteraceae","","","Turks and Caicos Islands","05-12-2023","genus"
"Leptocereus quadricostatus","ALIVE","1985-1932","K:LCD-1985-1932*1","Leptocereus quadricostatus","Leptocereus","Cactaceae","","","Puerto Rico","20-02-2024","genus"
"Leptocereus undulosus","ALIVE","2020-554","K:LCD-2020-554*4","Leptocereus undulosus","Leptocereus","Cactaceae","","N - Natural Source and Progeny","Dominican Republic","19-02-2024","genus"
"Leptocereus undulosus","ALIVE","2020-554","K:LCD-2020-554*5","Leptocereus undulosus","Leptocereus","Cactaceae","","N - Natural Source and Progeny","Dominican Republic","19-02-2024","genus"
"Leptocereus undulosus","ALIVE","2020-554","K:LCD-2020-554*1","Leptocereus undulosus","Leptocereus","Cactaceae","","N - Natural Source and Progeny","Dominican Republic","19-02-2024","genus"
"Leptocereus undulosus","ALIVE","2021-190","K:LCD-2021-190*1","Dendrocereus undulosus","Dendrocereus","Cactaceae","","N - Natural Source and Progeny","Dominican Republic","05-01-2023","genus"
"Leptocereus undulosus","ALIVE","2020-554","K:LCD-2020-554*3","Leptocereus undulosus","Leptocereus","Cactaceae","","N - Natural Source and Progeny","Dominican Republic","19-02-2024","genus"
"Leptocereus undulosus","ALIVE","2020-554","K:LCD-2020-554*2","Leptocereus undulosus","Leptocereus","Cactaceae","","N - Natural Source and Progeny","Dominican Republic","19-02-2024","genus"
"Leptocereus weingartianus","ALIVE","2003-3488","K:LCD-2003-3488*1","Leptocereus weingartianus","Leptocereus","Cactaceae","","","","19-02-2024","genus"
"Leptocereus wrightii","ALIVE","2001-3166","K:LCD-2001-3166*1","Leptocereus wrightii","Leptocereus","Cactaceae","","N - Natural Source and Progeny","Cuba","19-02-2024","genus"
"Leucostegia immersa","ALIVE","1969-5737","K:LCD-1969-5737*1","Leucostegia immersa","Leucostegia","Polypodiaceae","","N - Natural Source and Progeny","Indonesia","19-02-2024","genus"
"Liparia splendens subsp. splendens","ALIVE","1993-2908","K:LCD-1993-2908*1","Liparia splendens subsp. splendens","Liparia","Fabaceae","","N - Natural Source and Progeny","South Africa","12-01-2025","genus"
"Liparia splendens subsp. splendens","ALIVE","1993-2908","K:LCD-1993-2908*3","Liparia splendens subsp. splendens","Liparia","Fabaceae",NA,"N - Natural Source and Progeny","South Africa","06-09-2023","genus"
"Litsea cubeba","ALIVE","1988-8612","K:LCD-1988-8612*1","Litsea cubeba","Litsea","Lauraceae",NA,"N - Natural Source and Progeny","China","21-05-2024","genus"
"Loeseneriella","ALIVE","2007-2266","K:LCD-2007-2266*1","Loeseneriella","Loeseneriella","Celastraceae","","N - Natural Source and Progeny","Madagascar","12-01-2023","family"
"Loeseneriella","ALIVE","2007-2266","K:LCD-2007-2266*1","Loeseneriella","Loeseneriella","Celastraceae","","N - Natural Source and Progeny","Madagascar","12-01-2023","genus"
"Lonchitis hirsuta","ALIVE","2020-1323","K:LCD-2020-1323*1","Lonchitis hirsuta","Lonchitis","Lonchitidaceae","","N - Natural Source and Progeny","Costa Rica","24-07-2023","genus"
"Lonchitis hirsuta","ALIVE","2020-1323","K:LCD-2020-1323*1","Lonchitis hirsuta","Lonchitis","Lonchitidaceae","","N - Natural Source and Progeny","Costa Rica","24-07-2023","family"
"Lophomyrtus obcordata","ALIVE","2025-990","K:LCD-2025-990*1","Lophomyrtus obcordata","Lophomyrtus","Myrtaceae","","","","25-07-2025","genus"
"Lymania azurea","ALIVE","1977-727","K:LCD-1977-727*1","Lymania azurea","Lymania","Bromeliaceae","","N - Natural Source and Progeny","Brazil","13-07-2025","genus"
"Lymania smithii","ALIVE","2018-1489","K:LCD-2018-1489*1","Lymania smithii","Lymania","Bromeliaceae","","","Brazil","17-07-2025","genus"
"Lysionotus pauciflorus","ALIVE","2018-608","K:LCD-2018-608*2","Lysionotus pauciflorus","Lysionotus","Gesneriaceae",NA,"N - Natural Source and Progeny","Vietnam","20-01-2025","genus"
"Lysionotus pauciflorus","ALIVE","2018-608","K:LCD-2018-608*1","Lysionotus pauciflorus","Lysionotus","Gesneriaceae",NA,"N - Natural Source and Progeny","Vietnam","01-10-2024","genus"
"Lysionotus pauciflorus","ALIVE","2018-608","K:LCD-2018-608*3","Lysionotus pauciflorus","Lysionotus","Gesneriaceae",NA,"N - Natural Source and Progeny","Vietnam","21-11-2024","genus"
"Mackaya bella","ALIVE","1990-1276","K:LCD-1990-1276*1","Mackaya bella","Mackaya","Acanthaceae","","","","29-06-2022","genus"
"Mackaya bella","ALIVE","1980-1796","K:LCD-1980-1796*1","Mackaya bella","Mackaya","Acanthaceae","","","","29-06-2022","genus"
"Maihuenia poeppigii","ALIVE","2010-600","K:LCD-2010-600*2","Maihuenia poeppigii","Maihuenia","Cactaceae","","N - Natural Source and Progeny","","20-02-2024","genus"
"Malacomeles denticulata","ALIVE","1965-76301","K:LCD-1965-76301*2","Malacomeles denticulata","Malacomeles","Rosaceae","","N - Natural Source and Progeny","","06-12-2024","genus"
"Malacomeles denticulata","ALIVE","1965-76301","K:LCD-1965-76301*1","Malacomeles denticulata","Malacomeles","Rosaceae",NA,"N - Natural Source and Progeny","","28-11-2024","genus"
"Malephora crocea","ALIVE","2009-1053","K:LCD-2009-1053*1","Malephora crocea","Malephora","Aizoaceae","","","","19-12-2023","genus"
"Malephora crocea","ALIVE","1999-2311","K:LCD-1999-2311*1","Malephora crocea","Malephora","Aizoaceae","","","","19-12-2023","genus"
"Malleastrum mandenense","ALIVE","2007-2348","K:LCD-2007-2348*1","Malleastrum mandenense","Malleastrum","Meliaceae","","N - Natural Source and Progeny","","16-06-2023","genus"
"Marlothistella stenophylla","ALIVE","2000-3438","K:LCD-2000-3438*1","Marlothistella stenophylla","Marlothistella","Aizoaceae","","","","19-12-2023","genus"
"Marlothistella uniondalensis","ALIVE","1999-77","K:LCD-1999-77*1","Marlothistella uniondalensis","Marlothistella","Aizoaceae","","","","19-12-2023","genus"
"Marlothistella uniondalensis","ALIVE","1999-1537","K:LCD-1999-1537*1","Marlothistella uniondalensis","Marlothistella","Aizoaceae","","","","19-12-2023","genus"
"Maurocenia frangula","ALIVE","1973-12142","K:LCD-1973-12142*1","Maurocenia frangula","Maurocenia","Celastraceae",NA,"","","14-02-2024","family"
"Maytenus ilicifolia","ALIVE","1979-6229","K:LCD-1979-6229*2","Maytenus ilicifolia","Maytenus","Celastraceae",NA,"N - Natural Source and Progeny","Argentina","14-02-2024","family"
"Maytenus ilicifolia","ALIVE","1979-6229","K:LCD-1979-6229*1","Maytenus ilicifolia","Maytenus","Celastraceae",NA,"N - Natural Source and Progeny","Argentina","09-01-2025","family"
"Medusagyne oppositifolia","ALIVE","1981-2059","K:LCD-1981-2059*2","Medusagyne oppositifolia","Medusagyne","Ochnaceae","","N - Natural Source and Progeny","Seychelles","30-07-2023","genus"
"Megalochlamys kenyensis","ALIVE","2021-175","K:LCD-2021-175*1","Megalochlamys kenyensis","Megalochlamys","Acanthaceae","","N - Natural Source and Progeny","Kenya","29-06-2022","genus"
"Megaphrynium macrostachyum","ALIVE","1964-79204","K:LCD-1964-79204*2","Megaphrynium macrostachyum","Megaphrynium","Marantaceae","","","","19-05-2022","genus"
"Megistostegium microphyllum","ALIVE","2016-2412","K:LCD-2016-2412*1","Megistostegium microphyllum","Megistostegium","Malvaceae","","N - Natural Source and Progeny","Madagascar","09-05-2025","genus"
"Meineckia ovata","ALIVE","2013-35","K:LCD-2013-35*2","Meineckia ovata","Meineckia","Phyllanthaceae","","N - Natural Source and Progeny","Kenya","22-12-2023","genus"
"Mellera nyassana","ALIVE","2017-2477","K:LCD-2017-2477*1","Mellera nyassana","Mellera","Acanthaceae","","N - Natural Source and Progeny","Malawi","29-06-2022","genus"
"Melochia tomentosa","ALIVE","2013-1092","K:LCD-2013-1092*1","Melochia tomentosa","Melochia","Malvaceae",NA,"","","29-07-2022","genus"
"Melochia tomentosa","ALIVE","2013-1092","K:LCD-2013-1092*2","Melochia tomentosa","Melochia","Malvaceae","","","","06-07-2022","genus"
"Merrilliodendron megacarpum","ALIVE","1990-1136","K:LCD-1990-1136*3","Merrilliodendron megacarpum","Merrilliodendron","Icacinaceae","","N - Natural Source and Progeny","","19-06-2025","genus"
"Merwilla plumbea","ALIVE","2002-427","K:LCD-2002-427*1","Merwilla plumbea","Merwilla","Asparagaceae","","","","22-07-2025","genus"
"Meryta sinclairii","ALIVE","1957-28802","K:LCD-1957-28802*1","Meryta sinclairii","Meryta","Araliaceae",NA,"","","27-03-2024","genus"
"Meryta sinclairii","ALIVE","2015-1864","K:LCD-2015-1864*1","Meryta sinclairii","Meryta","Araliaceae",NA,"","","27-03-2024","genus"
"Meryta sonchifolia","ALIVE","1969-19559","K:LCD-1969-19559*1","Meryta sonchifolia","Meryta","Araliaceae",NA,"","","20-10-2023","genus"
"Metastelma anegadense","ALIVE","2013-24","K:LCD-2013-24*1","Metastelma anegadense","Metastelma","Apocynaceae","","N - Natural Source and Progeny","British Virgin Islands","05-12-2023","genus"
"Meyerophytum meyeri","ALIVE","2021-734","K:LCD-2021-734*1","Meyerophytum meyeri","Meyerophytum","Aizoaceae","","N - Natural Source and Progeny","South Africa","19-12-2023","genus"
"Meyerophytum meyeri","ALIVE","2018-273","K:LCD-2018-273*1","Meyerophytum meyeri","Meyerophytum","Aizoaceae","","N - Natural Source and Progeny","","19-12-2023","genus"
"Meyerophytum meyeri","ALIVE","1999-26","K:LCD-1999-26*1","Meyerophytum meyeri","Meyerophytum","Aizoaceae","","","","04-11-2021","genus"
"Miconia prasina","ALIVE","2017-2211","K:LCD-2017-2211*1","Miconia prasina","Miconia","Melastomataceae","","N - Natural Source and Progeny","British Virgin Islands","05-12-2023","genus"
"Miconia thomasiana","ALIVE","2012-286","K:LCD-2012-286*2","Miconia thomasiana","Miconia","Melastomataceae","","N - Natural Source and Progeny","British Virgin Islands","05-12-2023","genus"
"Miconia thomasiana","ALIVE","2014-403","K:LCD-2014-403*2","Miconia thomasiana","Miconia","Melastomataceae","","N - Natural Source and Progeny","","05-12-2023","genus"
"Micranthocereus auri-azureus","ALIVE","2025-495","K:LCD-2025-495*1","Micranthocereus auri-azureus","Micranthocereus","Cactaceae","Z - Propagule from Wild","","Brazil","09-07-2025","genus"
"Micranthocereus auri-azureus","ALIVE","2001-3825","K:LCD-2001-3825*1","Micranthocereus auri-azureus","Micranthocereus","Cactaceae","","","","21-02-2024","genus"
"Micranthocereus auri-azureus","ALIVE","2002-3073","K:LCD-2002-3073*1","Micranthocereus auri-azureus","Micranthocereus","Cactaceae","","","","06-03-2009","genus"
"Micranthocereus flaviflorus","ALIVE","2025-496","K:LCD-2025-496*1","Micranthocereus flaviflorus","Micranthocereus","Cactaceae","","","","09-07-2025","genus"
"Micranthocereus flaviflorus","ALIVE","2002-698","K:LCD-2002-698*1","Micranthocereus flaviflorus","Micranthocereus","Cactaceae","","","","19-02-2024","genus"
"Micranthocereus polyanthus","ALIVE","2024-1360","K:LCD-2024-1360*1","Micranthocereus polyanthus","Micranthocereus","Cactaceae","","","","19-07-2024","genus"
"Micranthocereus purpureus","ALIVE","1977-907","K:LCD-1977-907*1","Micranthocereus purpureus","Micranthocereus","Cactaceae","","N - Natural Source and Progeny","Brazil","15-02-2024","genus"
"Micranthocereus streckeri","ALIVE","2002-697","K:LCD-2002-697*1","Micranthocereus streckeri","Micranthocereus","Cactaceae","","","","15-02-2024","genus"
"Micranthocereus streckeri","ALIVE","2001-3827","K:LCD-2001-3827*1","Micranthocereus streckeri","Micranthocereus","Cactaceae","","","","15-02-2024","genus"
"Micranthocereus streckeri","ALIVE","2007-407","K:LCD-2007-407*1","Micranthocereus streckeri","Micranthocereus","Cactaceae","","","Brazil","15-02-2024","genus"
"Microlepia speluncae","ALIVE","1974-17","K:LCD-1974-17*1","Microlepia speluncae","Microlepia","Dennstaedtiaceae","","N - Natural Source and Progeny","Papua New Guinea","05-07-2022","genus"
"Microlepia speluncae","ALIVE","2015-1678","K:LCD-2015-1678*1","Microlepia speluncae","Microlepia","Dennstaedtiaceae",NA,"N - Natural Source and Progeny","Vietnam","20-05-2024","genus"
"Microlepia speluncae","ALIVE","2015-1678","K:LCD-2015-1678*2","Microlepia speluncae","Microlepia","Dennstaedtiaceae",NA,"N - Natural Source and Progeny","Vietnam","20-05-2024","genus"
"Microlepia strigosa","ALIVE","2025-974","K:LCD-2025-974*1","Microlepia strigosa","Microlepia","Dennstaedtiaceae","U - Unknown","","","25-07-2025","genus"
"Mila caespitosa","ALIVE","2024-1396","K:LCD-2024-1396*1","Mila caespitosa","Mila","Cactaceae","","","Peru","25-07-2024","genus"
"Mitracarpus polycladus","ALIVE","2020-644","K:LCD-2020-644*1","Mitracarpus polycladus","Mitracarpus","Rubiaceae","","N - Natural Source and Progeny","Madagascar","11-01-2023","genus"
"Mitriostigma axillare","ALIVE","1973-13751","K:LCD-1973-13751*1","Mitriostigma axillare","Mitriostigma","Rubiaceae","","","","22-12-2023","genus"
"Mitriostigma axillare","ALIVE","1973-21355","K:LCD-1973-21355*3","Mitriostigma axillare","Mitriostigma","Rubiaceae","","","","19-06-2025","genus"
"Mondia whitei","ALIVE","1967-8002","K:LCD-1967-8002*1","Mondia whitei","Mondia","Apocynaceae","","N - Natural Source and Progeny","Burundi","22-09-2022","genus"
"Monilaria","ALIVE","2020-1071","K:LCD-2020-1071*1","Monilaria","Monilaria","Aizoaceae","","N - Natural Source and Progeny","South Africa","19-12-2023","genus"
"Monilaria","ALIVE","2021-134","K:LCD-2021-134*1","Monilaria","Monilaria","Aizoaceae","","N - Natural Source and Progeny","South Africa","08-11-2021","genus"
"Moquilea tomentosa","ALIVE","1928-48502","K:LCD-1928-48502*3","Moquilea tomentosa","Moquilea","Chrysobalanaceae","","","","20-11-2024","genus"
"Moquilea tomentosa","ALIVE","1928-48502","K:LCD-1928-48502*2","Moquilea tomentosa","Moquilea","Chrysobalanaceae","","","","23-12-2023","genus"
"Morisonia paradoxa","ALIVE","1969-14001","K:LCD-1969-14001*3","Morisonia paradoxa","Morisonia","Capparaceae","","","","19-06-2025","genus"
"Mormodes","ALIVE","2023-0027","K:LCD-2023-0027*1","Mormodes","Mormodes","Orchidaceae","","","","05-01-2023","genus"
"Mormodes colossus","ALIVE","2021-498","K:LCD-2021-498*1","Mormodes colossus","Mormodes","Orchidaceae","","N - Natural Source and Progeny","Costa Rica","10-12-2024","genus"
"Musanga cecropioides","ALIVE","2015-454","K:LCD-2015-454*2","Musanga cecropioides","Musanga","Urticaceae","","N - Natural Source and Progeny","Cameroon","20-12-2023","genus"
"Myoporum laetum","ALIVE","1997-5260","K:LCD-1997-5260*2","Myoporum laetum","Myoporum","Scrophulariaceae","","N - Natural Source and Progeny","New Zealand","05-12-2024","genus"
"Myoporum laetum","ALIVE","1997-5260","K:LCD-1997-5260*1","Myoporum laetum","Myoporum","Scrophulariaceae",NA,"N - Natural Source and Progeny","New Zealand","27-03-2024","genus"
"Myoporum mauritianum","ALIVE","1984-4220","K:LCD-1984-4220*3","Myoporum mauritianum","Myoporum","Scrophulariaceae",NA,"N - Natural Source and Progeny","Mauritius","13-01-2025","genus"
"Myoporum mauritianum","ALIVE","1984-4220","K:LCD-1984-4220*2","Myoporum mauritianum","Myoporum","Scrophulariaceae","","N - Natural Source and Progeny","Mauritius","16-06-2025","genus"
"Myosotidium hortensia","ALIVE","2023-1019","K:LCD-2023-1019*1","Myosotidium hortensia","Myosotidium","Boraginaceae",NA,"","","27-03-2024","genus"
"Myrcia neothomasiana","ALIVE","2012-128","K:LCD-2012-128*1","Myrcia neothomasiana","Myrcia","Myrtaceae","","N - Natural Source and Progeny","British Virgin Islands","05-12-2023","genus"
"Myrcia neothomasiana","ALIVE","2012-127","K:LCD-2012-127*1","Myrcia neothomasiana","Myrcia","Myrtaceae","","N - Natural Source and Progeny","British Virgin Islands","19-12-2023","genus"
"Myriocarpa stipitata","ALIVE","1980-1800","K:LCD-1980-1800*2","Myriocarpa stipitata","Myriocarpa","Urticaceae","","","","20-12-2023","genus"
"Myrospermum sousanum","ALIVE","1990-901","K:LCD-1990-901*1","Myrospermum sousanum","Myrospermum","Fabaceae","","N - Natural Source and Progeny","United States","05-12-2024","genus"
"Mystroxylon aethiopicum","ALIVE","1973-12146","K:LCD-1973-12146*1","Cassine aethiopica","Cassine","Celastraceae",NA,"","","21-06-2022","family"
"Mystroxylon aethiopicum","ALIVE","1973-12928","K:LCD-1973-12928*1","Mystroxylon aethiopicum","Mystroxylon","Celastraceae",NA,"","","21-02-2024","family"
"Namaquanthus vanheerdei","ALIVE","1997-98","K:LCD-1997-98*1","Namaquanthus vanheerdei","Namaquanthus","Aizoaceae","","N - Natural Source and Progeny","South Africa","19-12-2023","genus"
"Nelia","ALIVE","2021-805","K:LCD-2021-805*1","Nelia","Nelia","Aizoaceae","","N - Natural Source and Progeny","South Africa","19-12-2023","genus"
"Nelia pillansii","ALIVE","2021-732","K:LCD-2021-732*1","Nelia pillansii","Nelia","Aizoaceae","","N - Natural Source and Progeny","South Africa","19-12-2023","genus"
"Nelia schlechteri","ALIVE","2021-735","K:LCD-2021-735*1","Nelia schlechteri","Nelia","Aizoaceae","","N - Natural Source and Progeny","South Africa","19-12-2023","genus"
"Nematostylis anthophylla","ALIVE","2009-3526","K:LCD-2009-3526*2","Nematostylis anthophylla","Nematostylis","Rubiaceae","","N - Natural Source and Progeny","Madagascar","02-08-2023","genus"
"Neoapaloxylon madagascariense","ALIVE","2020-1069","K:LCD-2020-1069*2","Neoapaloxylon madagascariense","Neoapaloxylon","Fabaceae","","N - Natural Source and Progeny","Madagascar","28-10-2022","genus"
"Neoapaloxylon madagascariense","ALIVE","2008-2505","K:LCD-2008-2505*1","Neoapaloxylon madagascariense","Neoapaloxylon","Fabaceae","","N - Natural Source and Progeny","Madagascar","20-09-2023","genus"
"Neoapaloxylon tuberosum","ALIVE","2007-2004","K:LCD-2007-2004*1","Neoapaloxylon tuberosum","Neoapaloxylon","Fabaceae","","N - Natural Source and Progeny","Madagascar","20-02-2024","genus"
"Neoglaziovia variegata","ALIVE","1977-915","K:LCD-1977-915*1","Neoglaziovia variegata","Neoglaziovia","Bromeliaceae","","N - Natural Source and Progeny","Brazil","21-03-2023","genus"
"Neolitsea aciculata","ALIVE","1989-3965","K:LCD-1989-3965*2","Neolitsea aciculata","Neolitsea","Lauraceae","","N - Natural Source and Progeny","Japan","03-09-2024","genus"
"Neolitsea aciculata","ALIVE","1989-3965","K:LCD-1989-3965*1","Neolitsea aciculata","Neolitsea","Lauraceae",NA,"N - Natural Source and Progeny","Japan","24-05-2024","genus"
"Neolitsea sericea","ALIVE","1989-4047","K:LCD-1989-4047*2","Neolitsea sericea","Neolitsea","Lauraceae",NA,"N - Natural Source and Progeny","Japan","22-05-2024","genus"
"Neolitsea sericea","ALIVE","1989-4047","K:LCD-1989-4047*1","Neolitsea sericea","Neolitsea","Lauraceae",NA,"N - Natural Source and Progeny","Japan","21-05-2024","genus"
"Neomillspaughia emarginata","ALIVE","2012-1412","K:LCD-2012-1412*2","Neomillspaughia emarginata","Neomillspaughia","Polygonaceae","","N - Natural Source and Progeny","Mexico","20-12-2023","genus"
"Neoraimondia arequipensis","ALIVE","1979-5672","K:LCD-1979-5672*1","Neoraimondia arequipensis","Neoraimondia","Cactaceae","","N - Natural Source and Progeny","Peru","19-02-2024","genus"
"Neoraimondia arequipensis","ALIVE","2007-783","K:LCD-2007-783*1","Neoraimondia arequipensis","Neoraimondia","Cactaceae","","","","19-02-2024","genus"
"Neoraimondia herzogiana","ALIVE","2023-0905","K:LCD-2023-0905*2","Neoraimondia herzogiana","Neoraimondia","Cactaceae","","","","22-05-2023","genus"
"Neoraimondia herzogiana","ALIVE","2004-3064","K:LCD-2004-3064*1","Neoraimondia herzogiana","Neoraimondia","Cactaceae","","","","15-02-2024","genus"
"Neoraimondia herzogiana","ALIVE","2023-0905","K:LCD-2023-0905*1","Neoraimondia herzogiana","Neoraimondia","Cactaceae","","","","22-05-2023","genus"
"Neoschumannia kamerunensis","ALIVE","1996-527","K:LCD-1996-527*1","Neoschumannia kamerunensis","Neoschumannia","Apocynaceae","","N - Natural Source and Progeny","Cameroon","15-03-2023","genus"
"Nesohedyotis arborea","ALIVE","1985-3736","K:LCD-1985-3736*2","Nesohedyotis arborea","Nesohedyotis","Rubiaceae",NA,"N - Natural Source and Progeny","Saint Helena, Ascension, and Tristan da Cunha","28-07-2022","genus"
"Nesohedyotis arborea","ALIVE","2023-1834","K:LCD-2023-1834*1","Nesohedyotis arborea","Nesohedyotis","Rubiaceae","","N - Natural Source and Progeny","Saint Helena, Ascension, and Tristan da Cunha","17-01-2024","genus"
"Nesohedyotis arborea","ALIVE","1985-3736","K:LCD-1985-3736*4","Nesohedyotis arborea","Nesohedyotis","Rubiaceae","","N - Natural Source and Progeny","Saint Helena, Ascension, and Tristan da Cunha","07-11-2024","genus"
"Obregonia denegrii","ALIVE","2023-0864","K:LCD-2023-0864*1","Obregonia denegrii","Obregonia","Cactaceae","","","","14-02-2024","genus"
"Obregonia denegrii","ALIVE","2023-1012","K:LCD-2023-1012*1","Obregonia denegrii","Obregonia","Cactaceae","","","","07-06-2023","genus"
"Odontosoria deltoidea","ALIVE","2012-1404","K:LCD-2012-1404*1","Odontosoria deltoidea","Odontosoria","Lindsaeaceae","","N - Natural Source and Progeny","New Caledonia","05-12-2012","genus"
"Olax lanceolata","ALIVE","2007-897","K:LCD-2007-897*1","Olax lanceolata","Olax","Olacaceae","","N - Natural Source and Progeny","Madagascar","12-05-2023","genus"
"Olax lanceolata","ALIVE","2007-897","K:LCD-2007-897*1","Olax lanceolata","Olax","Olacaceae","","N - Natural Source and Progeny","Madagascar","12-05-2023","family"
"Olax lanceolata","ALIVE","2007-896","K:LCD-2007-896*1","Olax lanceolata","Olax","Olacaceae","","N - Natural Source and Progeny","Madagascar","12-01-2023","genus"
"Olax lanceolata","ALIVE","2007-896","K:LCD-2007-896*1","Olax lanceolata","Olax","Olacaceae","","N - Natural Source and Progeny","Madagascar","12-01-2023","family"
"Olmediella betschleriana","ALIVE","1969-12335","K:LCD-1969-12335*1","Olmediella betschleriana","Olmediella","Salicaceae",NA,"","","27-11-2024","genus"
"Oplonia microphylla","ALIVE","2021-690","K:LCD-2021-690*2","Oplonia microphylla","Oplonia","Acanthaceae","","N - Natural Source and Progeny","Montserrat","28-10-2022","genus"
"Orania sylvicola","ALIVE","2022-500","K:LCD-2022-500*2","Orania sylvicola","Orania","Arecaceae","","","","10-06-2025","genus"
"Oreocnide frutescens","ALIVE","1973-12334","K:LCD-1973-12334*2","Oreocnide frutescens","Oreocnide","Urticaceae","","","","16-12-2024","genus"
"Oreocnide frutescens","ALIVE","1973-12334","K:LCD-1973-12334*1","Oreocnide frutescens","Oreocnide","Urticaceae",NA,"","","24-05-2024","genus"
"Oreocnide pedunculata","ALIVE","1958-35902","K:LCD-1958-35902*1","Oreocnide pedunculata","Oreocnide","Urticaceae",NA,"","","20-05-2024","genus"
"Orphium frutescens","ALIVE","2016-972","K:LCD-2016-972*1","Orphium frutescens","Orphium","Gentianaceae",NA,"","","13-03-2024","genus"
"Orthopterum coeganum","ALIVE","2007-908","K:LCD-2007-908*1","Orthopterum coeganum","Orthopterum","Aizoaceae","","","South Africa","19-12-2023","genus"
"Orthopterum coeganum","ALIVE","2005-1079","K:LCD-2005-1079*1","Orthopterum coeganum","Orthopterum","Aizoaceae","","N - Natural Source and Progeny","South Africa","19-12-2023","genus"
"Orthopterum coeganum","ALIVE","2006-1299","K:LCD-2006-1299*1","Orthopterum coeganum","Orthopterum","Aizoaceae","","","South Africa","19-12-2023","genus"
"Otoglossum globuliferum","ALIVE","2021-510","K:LCD-2021-510*1","Otoglossum globuliferum","Otoglossum","Orchidaceae","","N - Natural Source and Progeny","Costa Rica","28-10-2024","genus"
"Otoglossum globuliferum","ALIVE","2022-125","K:LCD-2022-125*1","Otoglossum globuliferum","Otoglossum","Orchidaceae","","","","10-02-2022","genus"
"Otoglossum globuliferum","ALIVE","2021-509","K:LCD-2021-509*1","Otoglossum globuliferum","Otoglossum","Orchidaceae","","N - Natural Source and Progeny","Costa Rica","02-03-2022","genus"
"Ottosonderia monticola","ALIVE","1969-2909","K:LCD-1969-2909*1","Ottosonderia monticola","Ottosonderia","Aizoaceae","","","","19-12-2023","genus"
"Oziroe argentinensis","ALIVE","1976-3915","K:LCD-1976-3915*1","Oziroe argentinensis","Oziroe","Asparagaceae","","N - Natural Source and Progeny","Argentina","22-07-2025","genus"
"Oziroe argentinensis","ALIVE","1976-3906","K:LCD-1976-3906*1","Oziroe argentinensis","Oziroe","Asparagaceae","","N - Natural Source and Progeny","Argentina","22-07-2025","genus"
"Oziroe argentinensis","ALIVE","1976-3904","K:LCD-1976-3904*1","Oziroe argentinensis","Oziroe","Asparagaceae","","N - Natural Source and Progeny","Argentina","22-07-2025","genus"
"Oziroe biflora","ALIVE","1975-4530","K:LCD-1975-4530*1","Oziroe biflora","Oziroe","Asparagaceae","","N - Natural Source and Progeny","Peru","08-07-2025","genus"
"Pabstiella fusca","ALIVE","2003-1709","K:LCD-2003-1709*1","Pabstiella fusca","Pabstiella","Orchidaceae","","","","24-05-2022","genus"
"Pabstiella tripterantha","ALIVE","2021-512","K:LCD-2021-512*1","Pabstiella tripterantha","Pabstiella","Orchidaceae","","N - Natural Source and Progeny","Costa Rica","30-03-2023","genus"
"Pabstiella tripterantha","ALIVE","2021-511","K:LCD-2021-511*1","Pabstiella tripterantha","Pabstiella","Orchidaceae","","N - Natural Source and Progeny","Costa Rica","30-03-2023","genus"
"Pabstiella tripterantha","ALIVE","2021-513","K:LCD-2021-513*1","Pabstiella tripterantha","Pabstiella","Orchidaceae","","N - Natural Source and Progeny","Costa Rica","30-03-2023","genus"
"Paracarphalea angulata","ALIVE","2021-691","K:LCD-2021-691*1","Paracarphalea angulata","Paracarphalea","Rubiaceae","","N - Natural Source and Progeny","Madagascar","03-07-2023","genus"
"Paracephaelis cinerea","ALIVE","2008-2388","K:LCD-2008-2388*1","Paracephaelis cinerea","Paracephaelis","Rubiaceae","","N - Natural Source and Progeny","Madagascar","12-01-2023","genus"
"Paracephaelis saxatilis","ALIVE","2007-2172","K:LCD-2007-2172*1","Paracephaelis saxatilis","Paracephaelis","Rubiaceae","","N - Natural Source and Progeny","Madagascar","02-08-2023","genus"
"Paracephaelis saxatilis","ALIVE","2009-3515","K:LCD-2009-3515*1","Paracephaelis saxatilis","Paracephaelis","Rubiaceae","","N - Natural Source and Progeny","Madagascar","13-01-2023","genus"
"Paramongaia weberbaueri","ALIVE","1994-2812","K:LCD-1994-2812*1","Paramongaia weberbaueri","Paramongaia","Amaryllidaceae","","","","08-07-2025","genus"
"Paramongaia weberbaueri","ALIVE","2018-2262","K:LCD-2018-2262*1","Paramongaia weberbaueri","Paramongaia","Amaryllidaceae","","","Peru","08-07-2025","genus"
"Parapolystichum glabellum","ALIVE","2025-975","K:LCD-2025-975*1","Parapolystichum glabellum","Parapolystichum","Polypodiaceae","G - Garden","","","25-07-2025","genus"
"Parapolystichum microsorum","ALIVE","2024-0139","K:LCD-2024-0139*1","Parapolystichum microsorum","Parapolystichum","Polypodiaceae","","","","23-01-2024","genus"
"Pasithea caerulea","ALIVE","2016-1288","K:LCD-2016-1288*2","Pasithea caerulea","Pasithea","Asphodelaceae",NA,"N - Natural Source and Progeny","Chile","29-07-2022","genus"
"Pectinaria","ALIVE","2024-1681","K:LCD-2024-1681*1","Pectinaria","Pectinaria","Apocynaceae","","N - Natural Source and Progeny","","03-10-2024","genus"
"Peddiea africana","ALIVE","1990-1278","K:LCD-1990-1278*1","Peddiea africana","Peddiea","Thymelaeaceae","","","South Africa","16-12-2024","genus"
"Peddiea africana","ALIVE","1990-1278","K:LCD-1990-1278*2","Peddiea africana","Peddiea","Thymelaeaceae",NA,"","South Africa","28-11-2024","genus"
"Peddiea africana","ALIVE","1990-1278","K:LCD-1990-1278*3","Peddiea africana","Peddiea","Thymelaeaceae",NA,"","South Africa","11-06-2024","genus"
"Peersia frithii","ALIVE","2000-4033","K:LCD-2000-4033*1","Peersia frithii","Peersia","Aizoaceae","","","","22-02-2025","genus"
"Pelecyphora aselliformis","ALIVE","1985-542","K:LCD-1985-542*1","Pelecyphora aselliformis","Pelecyphora","Cactaceae","","","","07-03-2023","genus"
"Pelecyphora aselliformis","ALIVE","1999-642","K:LCD-1999-642*1","Pelecyphora aselliformis","Pelecyphora","Cactaceae","","","","07-03-2023","genus"
"Peltophorum dubium","ALIVE","2012-154","K:LCD-2012-154*1","Peltophorum dubium","Peltophorum","Fabaceae","","","","23-01-2024","genus"
"Peniocereus viperinus","ALIVE","2002-3082","K:LCD-2002-3082*1","Peniocereus viperinus","Peniocereus","Cactaceae","","","","03-08-2023","genus"
"Peniocereus viperinus","ALIVE","1969-4258","K:LCD-1969-4258*1","Peniocereus viperinus","Peniocereus","Cactaceae","","N - Natural Source and Progeny","Mexico","20-02-2024","genus"
"Peniocereus viperinus","ALIVE","1985-336","K:LCD-1985-336*1","Peniocereus viperinus","Peniocereus","Cactaceae","","N - Natural Source and Progeny","Mexico","20-02-2024","genus"
"Pentopetia","ALIVE","2017-2345","K:LCD-2017-2345*1","Pentopetia","Pentopetia","Apocynaceae","","N - Natural Source and Progeny","Madagascar","12-01-2023","genus"
"Pereskiopsis diguetii","ALIVE","1986-1054","K:LCD-1986-1054*1","Pereskiopsis diguetii","Pereskiopsis","Cactaceae","","N - Natural Source and Progeny","Mexico","20-02-2024","genus"
"Pereskiopsis diguetii","ALIVE","1953-53605","K:LCD-1953-53605*1","Pereskiopsis diguetii","Pereskiopsis","Cactaceae","","","","20-02-2024","genus"
"Pereskiopsis diguetii","ALIVE","1986-1093","K:LCD-1986-1093*1","Pereskiopsis diguetii","Pereskiopsis","Cactaceae","","","","20-02-2024","genus"
"Petraeovitex bambusetorum","ALIVE","2021-97","K:LCD-2021-97*1","Petraeovitex bambusetorum","Petraeovitex","Lamiaceae","","","","11-02-2021","genus"
"Petrobium arboreum","ALIVE","2023-1833","K:LCD-2023-1833*1","Petrobium arboreum","Petrobium","Asteraceae","","N - Natural Source and Progeny","Saint Helena, Ascension, and Tristan da Cunha","07-11-2024","genus"
"Phanera yunnanensis","ALIVE","2025-678","K:LCD-2025-678*1","Phanera yunnanensis","Phanera","Fabaceae","G - Garden","","","09-06-2025","genus"
"Phaulopsis","ALIVE","1996-2320","K:LCD-1996-2320*1","Phaulopsis","Phaulopsis","Acanthaceae","","N - Natural Source and Progeny","Madagascar","29-06-2022","genus"
"Phaulopsis barteri var. barteri","ALIVE","1996-2292","K:LCD-1996-2292*1","Phaulopsis barteri var. barteri","Phaulopsis","Acanthaceae","","N - Natural Source and Progeny","Ghana","29-06-2022","genus"
"Phaulopsis barteri var. pauciglandula","ALIVE","1996-2288","K:LCD-1996-2288*1","Phaulopsis barteri var. pauciglandula","Phaulopsis","Acanthaceae","","N - Natural Source and Progeny","Ghana","19-11-2024","genus"
"Phaulopsis ciliata","ALIVE","1996-2314","K:LCD-1996-2314*1","Phaulopsis ciliata","Phaulopsis","Acanthaceae","","N - Natural Source and Progeny","Ghana","01-07-2022","genus"
"Phaulopsis imbricata subsp. madagascariensis","ALIVE","1996-2293","K:LCD-1996-2293*1","Phaulopsis imbricata subsp. madagascariensis","Phaulopsis","Acanthaceae","","N - Natural Source and Progeny","Madagascar","29-06-2022","genus"
"Phaulopsis imbricata subsp. poggei","ALIVE","1996-2319","K:LCD-1996-2319*1","Phaulopsis imbricata subsp. poggei","Phaulopsis","Acanthaceae","","N - Natural Source and Progeny","Ethiopia","29-06-2022","genus"
"Phaulopsis pulchella","ALIVE","1996-2321","K:LCD-1996-2321*1","Phaulopsis pulchella","Phaulopsis","Acanthaceae","","N - Natural Source and Progeny","Tanzania","29-06-2022","genus"
"Philesia magellanica","ALIVE","2019-2683","K:LCD-2019-2683*1","Philesia magellanica","Philesia","Philesiaceae","","","Chile","16-09-2023","family"
"Philesia magellanica","ALIVE","2019-2683","K:LCD-2019-2683*1","Philesia magellanica","Philesia","Philesiaceae","","","Chile","16-09-2023","genus"
"Phreatia","ALIVE","2023-1291","K:LCD-2023-1291*1","Phreatia","Phreatia","Orchidaceae","","N - Natural Source and Progeny","","18-06-2024","genus"
"Phymatarum borneense","ALIVE","1999-3063","K:LCD-1999-3063*2","Phymatarum borneense","Phymatarum","Araceae","","","Malaysia","08-08-2023","genus"
"Phymatarum borneense","ALIVE","1999-3063","K:LCD-1999-3063*1","Phymatarum borneense","Phymatarum","Araceae","","","Malaysia","08-08-2023","genus"
"Phymosia rosea","ALIVE","1973-12675","K:LCD-1973-12675*1","Phymosia rosea","Phymosia","Malvaceae",NA,"","","09-01-2025","genus"
"Phymosia umbellata","ALIVE","1999-4231","K:LCD-1999-4231*3","Phymosia umbellata","Phymosia","Malvaceae",NA,"","","08-02-2024","genus"
"Phymosia umbellata","ALIVE","1999-4231","K:LCD-1999-4231*1","Phymosia umbellata","Phymosia","Malvaceae",NA,"","","15-10-2024","genus"
"Phymosia umbellata","ALIVE","1999-4231","K:LCD-1999-4231*2","Phymosia umbellata","Phymosia","Malvaceae",NA,"","","14-02-2024","genus"
"Phymosia umbellata","ALIVE","1973-12446","K:LCD-1973-12446*1","Phymosia umbellata","Phymosia","Malvaceae",NA,"","","08-02-2024","genus"
"Phymosia umbellata","ALIVE","1973-12446","K:LCD-1973-12446*2","Phymosia umbellata","Phymosia","Malvaceae",NA,"","","14-02-2024","genus"
"Physena sessiliflora","ALIVE","2007-895","K:LCD-2007-895*1","Physena sessiliflora","Physena","Physenaceae","","N - Natural Source and Progeny","Madagascar","03-07-2023","genus"
"Physena sessiliflora","ALIVE","2007-895","K:LCD-2007-895*1","Physena sessiliflora","Physena","Physenaceae","","N - Natural Source and Progeny","Madagascar","03-07-2023","family"
"Pilocarpus pennatifolius","ALIVE","1969-17371","K:LCD-1969-17371*2","Pilocarpus pennatifolius","Pilocarpus","Rutaceae",NA,"","","05-02-2024","genus"
"Pilocarpus pennatifolius","ALIVE","1973-12746","K:LCD-1973-12746*2","Pilocarpus pennatifolius","Pilocarpus","Rutaceae","","","","16-12-2024","genus"
"Pilocarpus pennatifolius","ALIVE","1969-17371","K:LCD-1969-17371*3","Pilocarpus pennatifolius","Pilocarpus","Rutaceae","","","","16-12-2024","genus"
"Pilocarpus pennatifolius","ALIVE","1973-12746","K:LCD-1973-12746*3","Pilocarpus pennatifolius","Pilocarpus","Rutaceae",NA,"","","06-02-2024","genus"
"Pisonia subcordata","ALIVE","2007-889","K:LCD-2007-889*1","Pisonia subcordata","Pisonia","Nyctaginaceae","","N - Natural Source and Progeny","Montserrat","20-12-2023","genus"
"Planchonella eerwah","ALIVE","1986-2961","K:LCD-1986-2961*1","Planchonella eerwah","Planchonella","Sapotaceae","","N - Natural Source and Progeny","Australia","22-12-2023","genus"
"Pleurostylia putamen","ALIVE","2010-2016","K:LCD-2010-2016*1","Pleurostylia putamen","Pleurostylia","Celastraceae","","N - Natural Source and Progeny","","21-07-2023","family"
"Plocoglottis bokorensis","ALIVE","2023-1331","K:LCD-2023-1331*1","Plocoglottis bokorensis","Plocoglottis","Orchidaceae","","N - Natural Source and Progeny","","27-06-2024","genus"
"Plocoglottis bokorensis","ALIVE","2017-54","K:LCD-2017-54*1","Plocoglottis bokorensis","Plocoglottis","Orchidaceae","","N - Natural Source and Progeny","","19-10-2021","genus"
"Plocoglottis bokorensis","ALIVE","2016-2575","K:LCD-2016-2575*1","Plocoglottis bokorensis","Plocoglottis","Orchidaceae","","N - Natural Source and Progeny","","11-09-2023","genus"
"Podachaenium eminens","ALIVE","2020-945","K:LCD-2020-945*2","Podachaenium eminens","Podachaenium","Asteraceae",NA,"N - Natural Source and Progeny","Mexico","18-04-2024","genus"
"Pogonopus exsertus","ALIVE","2021-103","K:LCD-2021-103*1","Pogonopus exsertus","Pogonopus","Rubiaceae","","","","23-12-2023","genus"
"Pogonopus exsertus","ALIVE","2021-103","K:LCD-2021-103*4","Pogonopus exsertus","Pogonopus","Rubiaceae","","","","20-12-2023","genus"
"Pogonopus exsertus","ALIVE","2021-103","K:LCD-2021-103*2","Pogonopus exsertus","Pogonopus","Rubiaceae","","","","23-12-2023","genus"
"Pogonopus exsertus","ALIVE","2021-103","K:LCD-2021-103*5","Pogonopus exsertus","Pogonopus","Rubiaceae","","","","23-12-2023","genus"
"Pogonopus exsertus","ALIVE","2021-103","K:LCD-2021-103*3","Pogonopus exsertus","Pogonopus","Rubiaceae","","","","20-12-2023","genus"
"Polaskia chende","ALIVE","1959-5009","K:LCD-1959-5009*1","Polaskia chende","Polaskia","Cactaceae","","","","19-02-2024","genus"
"Polaskia chende","ALIVE","1943-12232","K:LCD-1943-12232*1","Polaskia chende","Polaskia","Cactaceae","","","","23-06-2022","genus"
"Polaskia chende","ALIVE","1985-5","K:LCD-1985-5*1","Polaskia chende","Polaskia","Cactaceae","","","","19-02-2024","genus"
"Polaskia chichipe","ALIVE","1990-3073","K:LCD-1990-3073*2","Polaskia chichipe","Polaskia","Cactaceae","","N - Natural Source and Progeny","Mexico","19-02-2024","genus"
"Polaskia chichipe","ALIVE","1959-5010","K:LCD-1959-5010*1","Polaskia chichipe","Polaskia","Cactaceae","","","","14-01-2025","genus"
"Polaskia chichipe","ALIVE","1990-3073","K:LCD-1990-3073*1","Polaskia chichipe","Polaskia","Cactaceae","","N - Natural Source and Progeny","Mexico","19-02-2024","genus"
"Polaskia chichipe","ALIVE","2023-1083","K:LCD-2023-1083*1","Polaskia chichipe","Polaskia","Cactaceae","","","","12-06-2023","genus"
"Polyalthia suberosa","ALIVE","2004-2946","K:LCD-2004-2946*1","Polyalthia suberosa","Polyalthia","Annonaceae","","","","22-12-2023","genus"
"Polyspora","ALIVE","2025-171","K:LCD-2025-171*1","Polyspora","Polyspora","Theaceae","W - Wild","","Vietnam","11-03-2025","genus"
"Polyspora","ALIVE","2025-195","K:LCD-2025-195*1","Polyspora","Polyspora","Theaceae","W - Wild","","Vietnam","11-03-2025","genus"
"Pomaderris rugosa","ALIVE","1955-28803","K:LCD-1955-28803*4","Pomaderris rugosa","Pomaderris","Rhamnaceae",NA,"","","11-09-2024","genus"
"Pomaderris rugosa","ALIVE","1955-28803","K:LCD-1955-28803*1","Pomaderris rugosa","Pomaderris","Rhamnaceae","","","","16-12-2024","genus"
"Pomaderris vacciniifolia","ALIVE","2017-874","K:LCD-2017-874*2","Pomaderris vacciniifolia","Pomaderris","Rhamnaceae","","N - Natural Source and Progeny","Australia","16-12-2024","genus"
"Pomaderris vacciniifolia","ALIVE","2017-874","K:LCD-2017-874*1","Pomaderris vacciniifolia","Pomaderris","Rhamnaceae",NA,"N - Natural Source and Progeny","Australia","28-12-2024","genus"
"Pomaderris vacciniifolia","ALIVE","2017-874","K:LCD-2017-874*3","Pomaderris vacciniifolia","Pomaderris","Rhamnaceae",NA,"N - Natural Source and Progeny","Australia","02-01-2025","genus"
"Pomaderris vacciniifolia","ALIVE","2017-874","K:LCD-2017-874*5","Pomaderris vacciniifolia","Pomaderris","Rhamnaceae",NA,"N - Natural Source and Progeny","Australia","28-12-2024","genus"
"Pongamia pinnata","ALIVE","2008-1917","K:LCD-2008-1917*1","Pongamia pinnata","Pongamia","Fabaceae","","N - Natural Source and Progeny","Mauritius","22-12-2023","genus"
"Pongamiopsis","ALIVE","2014-1324","K:LCD-2014-1324*1","Pongamiopsis","Pongamiopsis","Fabaceae","","N - Natural Source and Progeny","Madagascar","12-01-2023","genus"
"Porpax elwesii","ALIVE","2023-1310","K:LCD-2023-1310*1","Porpax elwesii","Porpax","Orchidaceae","","N - Natural Source and Progeny","","21-06-2024","genus"
"Porpax elwesii","ALIVE","2023-1311","K:LCD-2023-1311*1","Porpax elwesii","Porpax","Orchidaceae","","N - Natural Source and Progeny","","21-06-2024","genus"
"Porpax parviflora","ALIVE","2023-1275","K:LCD-2023-1275*1","Porpax parviflora","Porpax","Orchidaceae","","N - Natural Source and Progeny","","18-06-2024","genus"
"Porpax summerhayesiana","ALIVE","2022-1615","K:LCD-2022-1615*1","Porpax summerhayesiana","Porpax","Orchidaceae","","","","23-11-2022","genus"
"Porpax summerhayesiana","ALIVE","2023-0882","K:LCD-2023-0882*1","Porpax summerhayesiana","Porpax","Orchidaceae","","","","15-05-2023","genus"
"Porpax ustulata","ALIVE","2023-1290","K:LCD-2023-1290*1","Porpax ustulata","Porpax","Orchidaceae","","N - Natural Source and Progeny","","21-06-2024","genus"
"Praecereus saxicola","ALIVE","1985-1947","K:LCD-1985-1947*2","Praecereus saxicola","Praecereus","Cactaceae","","","","23-06-2022","genus"
"Praecereus saxicola","ALIVE","1985-1947","K:LCD-1985-1947*1","Praecereus saxicola","Praecereus","Cactaceae","","","","23-06-2022","genus"
"Prescottia plantaginifolia","ALIVE","1975-2603","K:LCD-1975-2603*4","Prescottia plantaginifolia","Prescottia","Orchidaceae","","","","19-10-2021","genus"
"Prescottia spiranthophylla","ALIVE","1983-4059","K:LCD-1983-4059*4","Prescottia spiranthophylla","Prescottia","Orchidaceae","","","","30-06-2023","genus"
"Prosopis","ALIVE","2011-1772","K:LCD-2011-1772*1","Prosopis","Prosopis","Fabaceae","","N - Natural Source and Progeny","Peru","22-12-2023","genus"
"Prosopis","ALIVE","2011-545","K:LCD-2011-545*1","Prosopis","Prosopis","Fabaceae","","N - Natural Source and Progeny","Peru","13-02-2024","genus"
"Prosopis","ALIVE","2011-545","K:LCD-2011-545*2","Prosopis","Prosopis","Fabaceae",NA,"N - Natural Source and Progeny","Peru","28-07-2022","genus"
"Prosopis","ALIVE","2011-545","K:LCD-2011-545*3","Prosopis","Prosopis","Fabaceae",NA,"N - Natural Source and Progeny","Peru","21-06-2022","genus"
"Psammophora modesta","ALIVE","2021-733","K:LCD-2021-733*1","Psammophora modesta","Psammophora","Aizoaceae","","N - Natural Source and Progeny","South Africa","19-12-2023","genus"
"Pseudosedum ferganense","ALIVE","2025-861","K:LCD-2025-861*2","Pseudosedum ferganense","Pseudosedum","Crassulaceae","W - Wild","","Kyrgyzstan","08-07-2025","genus"
"Psiguria umbrosa","ALIVE","1999-3619","K:LCD-1999-3619*1","Psiguria umbrosa","Psiguria","Cucurbitaceae","","","","22-09-2022","genus"
"Psorospermum","ALIVE","2008-2168","K:LCD-2008-2168*1","Psorospermum","Psorospermum","Hypericaceae","","N - Natural Source and Progeny","Madagascar","12-01-2023","genus"
"Psorospermum malifolium","ALIVE","2016-2411","K:LCD-2016-2411*2","Psorospermum malifolium","Psorospermum","Hypericaceae","","N - Natural Source and Progeny","Madagascar","03-07-2023","genus"
"Psydrax austro-orientalis","ALIVE","2008-604","K:LCD-2008-604*1","Psydrax austro-orientalis","Psydrax","Rubiaceae","","N - Natural Source and Progeny","Madagascar","13-01-2023","genus"
"Pterocactus","ALIVE","1985-519","K:LCD-1985-519*1","Pterocactus","Pterocactus","Cactaceae","","N - Natural Source and Progeny","Argentina","17-11-2017","genus"
"Pterocactus","ALIVE","2024-1197","K:LCD-2024-1197*1","Pterocactus","Pterocactus","Cactaceae","","","","01-07-2024","genus"
"Pterocactus","ALIVE","2024-1199","K:LCD-2024-1199*1","Pterocactus","Pterocactus","Cactaceae","","","","01-07-2024","genus"
"Pterocactus araucanus","ALIVE","1985-521","K:LCD-1985-521*1","Pterocactus araucanus","Pterocactus","Cactaceae","","","","24-01-2023","genus"
"Pterocactus fischeri","ALIVE","2023-1401","K:LCD-2023-1401*1","Pterocactus fischeri","Pterocactus","Cactaceae","","","","11-07-2023","genus"
"Pterocactus gonjianii","ALIVE","1985-528","K:LCD-1985-528*2","Pterocactus gonjianii","Pterocactus","Cactaceae","","N - Natural Source and Progeny","Argentina","24-01-2023","genus"
"Pterocactus megliolii","ALIVE","2023-0872","K:LCD-2023-0872*1","Pterocactus megliolii","Pterocactus","Cactaceae","","","","10-05-2023","genus"
"Pterocactus tuberosus","ALIVE","2007-1140","K:LCD-2007-1140*1","Pterocactus tuberosus","Pterocactus","Cactaceae","","","","24-01-2023","genus"
"Pterocactus tuberosus","ALIVE","1962-44040","K:LCD-1962-44040*1","Pterocactus tuberosus","Pterocactus","Cactaceae","","","","24-01-2023","genus"
"Pterocactus tuberosus","ALIVE","1997-6323","K:LCD-1997-6323*1","Pterocactus tuberosus","Pterocactus","Cactaceae","","N - Natural Source and Progeny","Argentina","14-01-2025","genus"
"Pterocactus tuberosus","ALIVE","2004-3142","K:LCD-2004-3142*1","Pterocactus tuberosus","Pterocactus","Cactaceae","","","","17-11-2017","genus"
"Pterocactus tuberosus","ALIVE","1997-6322","K:LCD-1997-6322*1","Pterocactus tuberosus","Pterocactus","Cactaceae","","N - Natural Source and Progeny","Argentina","14-01-2025","genus"
"Pterocactus tuberosus","ALIVE","1973-14766","K:LCD-1973-14766*1","Pterocactus tuberosus","Pterocactus","Cactaceae","","","","24-01-2023","genus"
"Pterocactus tuberosus","ALIVE","1985-522","K:LCD-1985-522*1","Pterocactus tuberosus","Pterocactus","Cactaceae","","","","24-01-2023","genus"
"Pterocactus tuberosus","ALIVE","1966-40620","K:LCD-1966-40620*1","Pterocactus tuberosus","Pterocactus","Cactaceae","","","","24-01-2023","genus"
"Pterocelastrus tricuspidatus","ALIVE","1971-2136","K:LCD-1971-2136*3","Pterocelastrus tricuspidatus","Pterocelastrus","Celastraceae",NA,"N - Natural Source and Progeny","South Africa","09-01-2025","family"
"Pterocelastrus tricuspidatus","ALIVE","1971-2136","K:LCD-1971-2136*1","Pterocelastrus tricuspidatus","Pterocelastrus","Celastraceae","","N - Natural Source and Progeny","South Africa","16-12-2024","family"
"Pterodiscus ruspolii","ALIVE","2024-0916","K:LCD-2024-0916*1","Pterodiscus ruspolii","Pterodiscus","Pedaliaceae","","","","02-10-2024","genus"
"Pterospermum acerifolium","ALIVE","1973-12674","K:LCD-1973-12674*2","Pterospermum acerifolium","Pterospermum","Malvaceae","","","","10-06-2025","genus"
"Pterospermum pecteniforme","ALIVE","2025-805","K:LCD-2025-805*2","Pterospermum pecteniforme","Pterospermum","Malvaceae","W - Wild","","Thailand","03-07-2025","genus"
"Pygmaeocereus bylesianus","ALIVE","2001-3891","K:LCD-2001-3891*1","Pygmaeocereus bylesianus","Pygmaeocereus","Cactaceae","","","","24-01-2023","genus"
"Pygmaeocereus bylesianus","ALIVE","1981-4719","K:LCD-1981-4719*1","Pygmaeocereus bylesianus","Pygmaeocereus","Cactaceae","","","","24-01-2023","genus"
"Pygmaeocereus bylesianus","ALIVE","2007-1498","K:LCD-2007-1498*1","Pygmaeocereus bylesianus","Pygmaeocereus","Cactaceae","","","","30-06-2023","genus"
"Pyrostria revoluta","ALIVE","2008-1920","K:LCD-2008-1920*1","Pyrostria revoluta","Pyrostria","Rubiaceae","","N - Natural Source and Progeny","","19-03-2025","genus"
"Pyrostria revoluta","ALIVE","2010-2017","K:LCD-2010-2017*1","Pyrostria revoluta","Pyrostria","Rubiaceae","","N - Natural Source and Progeny","Mauritius","22-12-2023","genus"
"Pyrostria revoluta","ALIVE","1981-6383","K:LCD-1981-6383*1","Pyrostria revoluta","Pyrostria","Rubiaceae","","N - Natural Source and Progeny","Mauritius","19-03-2025","genus"
"Pyrostria revoluta","ALIVE","2010-2017","K:LCD-2010-2017*2","Pyrostria revoluta","Pyrostria","Rubiaceae","","N - Natural Source and Progeny","Mauritius","22-12-2023","genus"
"Quiabentia verticillata","ALIVE","1966-40621","K:LCD-1966-40621*2","Quiabentia verticillata","Quiabentia","Cactaceae","","","","13-02-2024","genus"
"Quiabentia zehntneri","ALIVE","2023-1693","K:LCD-2023-1693*1","Quiabentia zehntneri","Quiabentia","Cactaceae","","","","13-02-2024","genus"
"Ramosmania rodriguesii","ALIVE","2006-1278","K:LCD-2006-1278*1","Ramosmania rodriguesii","Ramosmania","Rubiaceae","","N - Natural Source and Progeny","Mauritius","20-12-2023","genus"
"Ramosmania rodriguesii","ALIVE","2006-1275","K:LCD-2006-1275*1","Ramosmania rodriguesii","Ramosmania","Rubiaceae","","N - Natural Source and Progeny","Mauritius","20-12-2023","genus"
"Ramosmania rodriguesii","ALIVE","2006-1273","K:LCD-2006-1273*1","Ramosmania rodriguesii","Ramosmania","Rubiaceae","","N - Natural Source and Progeny","Mauritius","20-12-2023","genus"
"Ramosmania rodriguesii","ALIVE","2006-1271","K:LCD-2006-1271*1","Ramosmania rodriguesii","Ramosmania","Rubiaceae","","N - Natural Source and Progeny","Mauritius","20-12-2023","genus"
"Ramosmania rodriguesii","ALIVE","2006-1272","K:LCD-2006-1272*1","Ramosmania rodriguesii","Ramosmania","Rubiaceae","","N - Natural Source and Progeny","Mauritius","20-12-2023","genus"
"Ramosmania rodriguesii","ALIVE","2006-1283","K:LCD-2006-1283*1","Ramosmania rodriguesii","Ramosmania","Rubiaceae","","N - Natural Source and Progeny","Mauritius","20-12-2023","genus"
"Ramosmania rodriguesii","ALIVE","2006-1277","K:LCD-2006-1277*1","Ramosmania rodriguesii","Ramosmania","Rubiaceae","","N - Natural Source and Progeny","Mauritius","20-12-2023","genus"
"Ramosmania rodriguesii","ALIVE","2006-1280","K:LCD-2006-1280*1","Ramosmania rodriguesii","Ramosmania","Rubiaceae","","N - Natural Source and Progeny","Mauritius","20-12-2023","genus"
"Ramosmania rodriguesii","ALIVE","2006-1279","K:LCD-2006-1279*1","Ramosmania rodriguesii","Ramosmania","Rubiaceae","","N - Natural Source and Progeny","Mauritius","20-12-2023","genus"
"Ramosmania rodriguesii","ALIVE","1986-2514","K:LCD-1986-2514*1","Ramosmania rodriguesii","Ramosmania","Rubiaceae","","N - Natural Source and Progeny","Mauritius","05-10-2024","genus"
"Ramosmania rodriguesii","ALIVE","2006-1276","K:LCD-2006-1276*1","Ramosmania rodriguesii","Ramosmania","Rubiaceae","","N - Natural Source and Progeny","Mauritius","20-12-2023","genus"
"Ramosmania rodriguesii","ALIVE","2006-1282","K:LCD-2006-1282*1","Ramosmania rodriguesii","Ramosmania","Rubiaceae","","N - Natural Source and Progeny","Mauritius","20-12-2023","genus"
"Ramosmania rodriguesii","ALIVE","2010-1414","K:LCD-2010-1414*2","Ramosmania rodriguesii","Ramosmania","Rubiaceae","","N - Natural Source and Progeny","Mauritius","20-12-2023","genus"
"Ramosmania rodriguesii","ALIVE","2006-1281","K:LCD-2006-1281*1","Ramosmania rodriguesii","Ramosmania","Rubiaceae","","N - Natural Source and Progeny","Mauritius","20-12-2023","genus"
"Ramosmania rodriguesii","ALIVE","2006-1270","K:LCD-2006-1270*1","Ramosmania rodriguesii","Ramosmania","Rubiaceae","","N - Natural Source and Progeny","Mauritius","20-12-2023","genus"
"Rapicactus subterraneus","ALIVE","2024-1725","K:LCD-2024-1725*1","Rapicactus subterraneus","Rapicactus","Cactaceae","","","","15-10-2024","genus"
"Reevesia thyrsoidea","ALIVE","1966-33604","K:LCD-1966-33604*1","Reevesia thyrsoidea","Reevesia","Malvaceae",NA,"","","20-01-2025","genus"
"Reinwardtia cicanoba","ALIVE","1973-12448","K:LCD-1973-12448*1","Reinwardtia cicanoba","Reinwardtia","Linaceae",NA,"","","08-11-2023","genus"
"Rhinacanthus gracilis","ALIVE","1990-1688","K:LCD-1990-1688*1","Rhinacanthus gracilis","Rhinacanthus","Acanthaceae",NA,"N - Natural Source and Progeny","South Africa","09-01-2025","genus"
"Rhombophyllum dolabriforme","ALIVE","1997-6025","K:LCD-1997-6025*1","Rhombophyllum dolabriforme","Rhombophyllum","Aizoaceae","","N - Natural Source and Progeny","South Africa","19-12-2023","genus"
"Rhopalocarpus lucidus","ALIVE","2016-1526","K:LCD-2016-1526*1","Rhopalocarpus lucidus","Rhopalocarpus","Sphaerosepalaceae","","N - Natural Source and Progeny","Madagascar","12-01-2023","genus"
"Rhopalocarpus lucidus","ALIVE","2016-1526","K:LCD-2016-1526*1","Rhopalocarpus lucidus","Rhopalocarpus","Sphaerosepalaceae","","N - Natural Source and Progeny","Madagascar","12-01-2023","family"
"Rhopalocarpus lucidus","ALIVE","2016-1525","K:LCD-2016-1525*3","Rhopalocarpus lucidus","Rhopalocarpus","Sphaerosepalaceae","","N - Natural Source and Progeny","Madagascar","28-10-2022","genus"
"Rhopalocarpus lucidus","ALIVE","2016-1525","K:LCD-2016-1525*3","Rhopalocarpus lucidus","Rhopalocarpus","Sphaerosepalaceae","","N - Natural Source and Progeny","Madagascar","28-10-2022","family"
"Rhopalocarpus lucidus","ALIVE","2016-1525","K:LCD-2016-1525*1","Rhopalocarpus lucidus","Rhopalocarpus","Sphaerosepalaceae",NA,"N - Natural Source and Progeny","Madagascar","15-08-2023","genus"
"Rhopalocarpus lucidus","ALIVE","2016-1525","K:LCD-2016-1525*1","Rhopalocarpus lucidus","Rhopalocarpus","Sphaerosepalaceae",NA,"N - Natural Source and Progeny","Madagascar","15-08-2023","family"
"Ripogonum album","ALIVE","1987-8058","K:LCD-1987-8058*1","Ripogonum album","Ripogonum","Ripogonaceae",NA,"N - Natural Source and Progeny","Australia","28-12-2024","family"
"Ripogonum album","ALIVE","1987-8058","K:LCD-1987-8058*1","Ripogonum album","Ripogonum","Ripogonaceae",NA,"N - Natural Source and Progeny","Australia","28-12-2024","genus"
"Rojasianthe superba","ALIVE","2024-1532","K:LCD-2024-1532*1","Rojasianthe superba","Rojasianthe","Asteraceae","","","","14-01-2025","genus"
"Rokautskyia microglazioui","ALIVE","2002-620","K:LCD-2002-620*1","Rokautskyia microglazioui","Rokautskyia","Bromeliaceae","","","","21-03-2023","genus"
"Roussea simplex","ALIVE","2010-1954","K:LCD-2010-1954*1","Roussea simplex","Roussea","Rousseaceae","","N - Natural Source and Progeny","Mauritius","12-05-2023","genus"
"Saba comorensis","ALIVE","1973-12046","K:LCD-1973-12046*2","Saba comorensis","Saba","Apocynaceae","","","","10-06-2025","genus"
"Sacoila lanceolata","ALIVE","2024-1065","K:LCD-2024-1065*1","Sacoila lanceolata","Sacoila","Orchidaceae","","","","04-11-2024","genus"
"Sageretia hamosa","ALIVE","1985-4492","K:LCD-1985-4492*2","Sageretia hamosa","Sageretia","Rhamnaceae",NA,"N - Natural Source and Progeny","China","20-05-2024","genus"
"Salvadora persica","ALIVE","1973-12748","K:LCD-1973-12748*2","Salvadora persica","Salvadora","Salvadoraceae","","","","10-06-2025","genus"
"Salvadora persica","ALIVE","1973-12748","K:LCD-1973-12748*2","Salvadora persica","Salvadora","Salvadoraceae","","","","10-06-2025","family"
"Salvadoropsis arenicola","ALIVE","2009-142","K:LCD-2009-142*1","Salvadoropsis arenicola","Salvadoropsis","Celastraceae","","N - Natural Source and Progeny","Madagascar","12-01-2023","family"
"Saranthe","ALIVE","1981-2375","K:LCD-1981-2375*2","Saranthe","Saranthe","Marantaceae","","","","19-05-2022","genus"
"Saranthe leptostachya","ALIVE","1981-4224","K:LCD-1981-4224*1","Saranthe leptostachya","Saranthe","Marantaceae","","","","19-05-2022","genus"
"Sarcanthopsis hansemannii","ALIVE","1975-4171","K:LCD-1975-4171*3","Sarcanthopsis hansemannii","Sarcanthopsis","Orchidaceae","","N - Natural Source and Progeny","Papua New Guinea","12-10-2023","genus"
"Sarcoglottis grandiflora","ALIVE","1999-3026","K:LCD-1999-3026*1","Sarcoglottis grandiflora","Sarcoglottis","Orchidaceae","","","Ecuador","28-10-2024","genus"
"Sarcolaena oblongifolia","ALIVE","2020-1117","K:LCD-2020-1117*1","Sarcolaena oblongifolia","Sarcolaena","Sarcolaenaceae","","N - Natural Source and Progeny","Madagascar","12-01-2023","family"
"Sarcolaena oblongifolia","ALIVE","2020-1117","K:LCD-2020-1117*1","Sarcolaena oblongifolia","Sarcolaena","Sarcolaenaceae","","N - Natural Source and Progeny","Madagascar","12-01-2023","genus"
"Sarcomelicope simplicifolia subsp. simplicifolia","ALIVE","1985-794","K:LCD-1985-794*1","Sarcomelicope simplicifolia subsp. simplicifolia","Sarcomelicope","Rutaceae",NA,"N - Natural Source and Progeny","Australia","28-07-2022","genus"
"Sarmienta scandens","ALIVE","1994-3147","K:LCD-1994-3147*1","Sarmienta scandens","Sarmienta","Gesneriaceae","","N - Natural Source and Progeny","","14-01-2025","genus"
"Schiedea globosa","ALIVE","2009-1725","K:LCD-2009-1725*1","Schiedea globosa","Schiedea","Caryophyllaceae","","","","12-01-2025","genus"
"Schizolaena parviflora","ALIVE","2020-1158","K:LCD-2020-1158*1","Schizolaena parviflora","Schizolaena","Sarcolaenaceae","","N - Natural Source and Progeny","Madagascar","12-05-2023","genus"
"Schizolaena parviflora","ALIVE","2020-1158","K:LCD-2020-1158*1","Schizolaena parviflora","Schizolaena","Sarcolaenaceae","","N - Natural Source and Progeny","Madagascar","12-05-2023","family"
"Schizolaena parviflora","ALIVE","2007-1650","K:LCD-2007-1650*1","Schizolaena parviflora","Schizolaena","Sarcolaenaceae","","N - Natural Source and Progeny","Madagascar","26-01-2024","genus"
"Schizolaena parviflora","ALIVE","2007-1650","K:LCD-2007-1650*1","Schizolaena parviflora","Schizolaena","Sarcolaenaceae","","N - Natural Source and Progeny","Madagascar","26-01-2024","family"
"Schlechteranthus","ALIVE","2021-1009","K:LCD-2021-1009*1","Schlechteranthus","Schlechteranthus","Aizoaceae","","N - Natural Source and Progeny","South Africa","19-12-2023","genus"
"Schlechteranthus maximiliani","ALIVE","2021-740","K:LCD-2021-740*1","Schlechteranthus maximiliani","Schlechteranthus","Aizoaceae","","N - Natural Source and Progeny","South Africa","19-12-2023","genus"
"Schlechteranthus pungens","ALIVE","2021-838","K:LCD-2021-838*1","Schlechteranthus pungens","Schlechteranthus","Aizoaceae","","N - Natural Source and Progeny","South Africa","19-12-2023","genus"
"Schlechteranthus steenbokensis","ALIVE","2024-1561","K:LCD-2024-1561*1","Schlechteranthus steenbokensis","Schlechteranthus","Aizoaceae","","N - Natural Source and Progeny","South Africa","02-09-2024","genus"
"Schlechteranthus stylosus","ALIVE","2021-730","K:LCD-2021-730*1","Schlechteranthus stylosus","Schlechteranthus","Aizoaceae","","N - Natural Source and Progeny","South Africa","08-11-2021","genus"
"Schlegelia violacea","ALIVE","1979-3114","K:LCD-1979-3114*1","Schlegelia violacea","Schlegelia","Schlegeliaceae","","N - Natural Source and Progeny","Guyana","15-03-2024","genus"
"Schlegelia violacea","ALIVE","1979-3114","K:LCD-1979-3114*1","Schlegelia violacea","Schlegelia","Schlegeliaceae","","N - Natural Source and Progeny","Guyana","15-03-2024","family"
"Schrebera alata","ALIVE","1969-18826","K:LCD-1969-18826*1","Schrebera alata","Schrebera","Oleaceae",NA,"","","15-02-2024","genus"
"Sclerocarya birrea","ALIVE","2001-3253","K:LCD-2001-3253*2","Sclerocarya birrea","Sclerocarya","Anacardiaceae","","N - Natural Source and Progeny","Senegal","13-02-2024","genus"
"Scoliopus bigelovii","ALIVE","1976-1909","K:LCD-1976-1909*4","Scoliopus bigelovii","Scoliopus","Liliaceae","","","","30-01-2019","genus"
"Scolopia heterophylla","ALIVE","2012-679","K:LCD-2012-679*1","Scolopia heterophylla","Scolopia","Salicaceae","","N - Natural Source and Progeny","Mauritius","26-06-2012","genus"
"Semecarpus curtisii","ALIVE","2015-2229","K:LCD-2015-2229*2","Semecarpus curtisii","Semecarpus","Anacardiaceae","","N - Natural Source and Progeny","","22-12-2023","genus"
"Semele androgyna","ALIVE","1973-12432","K:LCD-1973-12432*1","Semele androgyna","Semele","Asparagaceae",NA,"","","29-01-2024","genus"
"Sesbania tomentosa","ALIVE","2023-1172","K:LCD-2023-1172*1","Sesbania tomentosa","Sesbania","Fabaceae","","","","03-07-2023","genus"
"Sibthorpia peregrina","ALIVE","1982-1912","K:LCD-1982-1912*1","Sibthorpia peregrina","Sibthorpia","Plantaginaceae",NA,"N - Natural Source and Progeny","Portugal","14-10-2024","genus"
"Sievekingia reichenbachiana","ALIVE","2022-1730","K:LCD-2022-1730*1","Sievekingia reichenbachiana","Sievekingia","Orchidaceae","","","","28-11-2022","genus"
"Sievekingia suavis","ALIVE","2022-1724","K:LCD-2022-1724*1","Sievekingia suavis","Sievekingia","Orchidaceae","","","","28-11-2022","genus"
"Sinobambusa tootsik","ALIVE","1973-12243","K:LCD-1973-12243*1","Sinobambusa tootsik","Sinobambusa","Poaceae",NA,"","","20-01-2025","genus"
"Siolmatra","ALIVE","1991-602","K:LCD-1991-602*1","Siolmatra","Siolmatra","Cucurbitaceae","","","Brazil","13-02-2024","genus"
"Siolmatra brasiliensis","ALIVE","1998-3503","K:LCD-1998-3503*1","Siolmatra brasiliensis","Siolmatra","Cucurbitaceae","","N - Natural Source and Progeny","Brazil","14-02-2024","genus"
"Siphonochilus kirkii","ALIVE","1964-74201","K:LCD-1964-74201*1","Siphonochilus kirkii","Siphonochilus","Zingiberaceae","","N - Natural Source and Progeny","","01-03-2022","genus"
"Siphonochilus kirkii","ALIVE","1980-3977","K:LCD-1980-3977*1","Siphonochilus kirkii","Siphonochilus","Zingiberaceae","","","Malawi","09-02-2024","genus"
"Siphonochilus kirkii","ALIVE","1957-46113","K:LCD-1957-46113*1","Siphonochilus kirkii","Siphonochilus","Zingiberaceae","","","","01-03-2022","genus"
"Sloanea","ALIVE","1985-4304","K:LCD-1985-4304*1","Sloanea","Sloanea","Elaeocarpaceae","","N - Natural Source and Progeny","China","05-12-2024","genus"
"Solanecio buchwaldii","ALIVE","1977-5421","K:LCD-1977-5421*2","Solanecio buchwaldii","Solanecio","Asteraceae","","N - Natural Source and Progeny","Kenya","12-06-2024","genus"
"Souroubea guianensis","ALIVE","1933-41201","K:LCD-1933-41201*1","Souroubea guianensis","Souroubea","Marcgraviaceae","","","","15-03-2023","genus"
"Squamopappus skutchii","ALIVE","2024-1531","K:LCD-2024-1531*1","Squamopappus skutchii","Squamopappus","Asteraceae","","","","14-01-2025","genus"
"Stapeliopsis neronis","ALIVE","2021-644","K:LCD-2021-644*1","Stapeliopsis neronis","Stapeliopsis","Apocynaceae","","N - Natural Source and Progeny","South Africa","19-02-2024","genus"
"Stayneria neilii","ALIVE","1969-2910","K:LCD-1969-2910*1","Stayneria neilii","Stayneria","Aizoaceae","","","","19-12-2023","genus"
"Stayneria neilii","ALIVE","1969-2910","K:LCD-1969-2910*2","Stayneria neilii","Stayneria","Aizoaceae","","","","19-12-2023","genus"
"Stemona tuberosa","ALIVE","1996-4308","K:LCD-1996-4308*1","Stemona tuberosa","Stemona","Stemonaceae","","N - Natural Source and Progeny","Thailand","23-12-2023","genus"
"Stemona tuberosa","ALIVE","1996-4308","K:LCD-1996-4308*1","Stemona tuberosa","Stemona","Stemonaceae","","N - Natural Source and Progeny","Thailand","23-12-2023","family"
"Stillingia lineata","ALIVE","2015-440","K:LCD-2015-440*3","Stillingia lineata","Stillingia","Euphorbiaceae","","N - Natural Source and Progeny","Mauritius","22-12-2020","genus"
"Stillingia lineata","ALIVE","2015-440","K:LCD-2015-440*2","Stillingia lineata","Stillingia","Euphorbiaceae","","N - Natural Source and Progeny","Mauritius","08-11-2017","genus"
"Stillingia lineata","ALIVE","2015-440","K:LCD-2015-440*4","Stillingia lineata","Stillingia","Euphorbiaceae","","N - Natural Source and Progeny","Mauritius","29-07-2022","genus"
"Stoebe plumosa","ALIVE","1993-2913","K:LCD-1993-2913*1","Stoebe plumosa","Stoebe","Asteraceae","","N - Natural Source and Progeny","South Africa","16-12-2024","genus"
"Stoeberia arborea","ALIVE","2021-120","K:LCD-2021-120*1","Stoeberia arborea","Stoeberia","Aizoaceae","","N - Natural Source and Progeny","South Africa","21-02-2024","genus"
"Stoeberia beetzii","ALIVE","2021-113","K:LCD-2021-113*1","Stoeberia beetzii","Stoeberia","Aizoaceae","","N - Natural Source and Progeny","South Africa","19-12-2023","genus"
"Stoeberia frutescens","ALIVE","2015-2979","K:LCD-2015-2979*1","Stoeberia frutescens","Stoeberia","Aizoaceae","","N - Natural Source and Progeny","","19-12-2023","genus"
"Stoeberia giftbergensis","ALIVE","2020-900","K:LCD-2020-900*1","Stoeberia giftbergensis","Stoeberia","Aizoaceae","","N - Natural Source and Progeny","South Africa","20-05-2025","genus"
"Stoeberia utilis","ALIVE","2021-1022","K:LCD-2021-1022*1","Stoeberia utilis","Stoeberia","Aizoaceae","","N - Natural Source and Progeny","South Africa","19-07-2024","genus"
"Stomatium","ALIVE","2015-2126","K:LCD-2015-2126*1","Stomatium","Stomatium","Aizoaceae","","N - Natural Source and Progeny","","08-09-2022","genus"
"Stomatium bryantii","ALIVE","2003-593","K:LCD-2003-593*1","Stomatium bryantii","Stomatium","Aizoaceae","","","","19-12-2023","genus"
"Stomatium bryantii","ALIVE","2003-593","K:LCD-2003-593*2","Stomatium bryantii","Stomatium","Aizoaceae","","","","19-12-2023","genus"
"Stomatium duthieae","ALIVE","2003-594","K:LCD-2003-594*1","Stomatium duthieae","Stomatium","Aizoaceae","","","","19-12-2023","genus"
"Stomatium villetii","ALIVE","2003-444","K:LCD-2003-444*1","Stomatium villetii","Stomatium","Aizoaceae","","N - Natural Source and Progeny","","19-12-2023","genus"
"Stomatium villetii","ALIVE","2004-2763","K:LCD-2004-2763*1","Stomatium villetii","Stomatium","Aizoaceae","","N - Natural Source and Progeny","","19-12-2023","genus"
"Stylochaeton bogneri","ALIVE","1969-351","K:LCD-1969-351*1","Stylochaeton bogneri","Stylochaeton","Araceae","","N - Natural Source and Progeny","Tanzania","30-03-2023","genus"
"Stylochaeton bogneri","ALIVE","1968-30101","K:LCD-1968-30101*1","Stylochaeton bogneri","Stylochaeton","Araceae","","N - Natural Source and Progeny","Tanzania","19-03-2024","genus"
"Stylochaeton bogneri","ALIVE","1993-1936","K:LCD-1993-1936*1","Stylochaeton bogneri","Stylochaeton","Araceae","","N - Natural Source and Progeny","Tanzania","30-03-2023","genus"
"Stylochaeton bogneri","ALIVE","1956-23101","K:LCD-1956-23101*1","Stylochaeton bogneri","Stylochaeton","Araceae","","N - Natural Source and Progeny","Tanzania","30-03-2023","genus"
"Suberogerens cyclophylla","ALIVE","2025-477","K:LCD-2025-477*1","Suberogerens cyclophylla","Suberogerens","Apocynaceae","G - Garden","","","22-04-2025","genus"
"Suberogerens cyclophylla","ALIVE","2025-477","K:LCD-2025-477*2","Suberogerens cyclophylla","Suberogerens","Apocynaceae","G - Garden","","","06-05-2025","genus"
"Suberogerens cyclophylla","ALIVE","2025-477","K:LCD-2025-477*3","Suberogerens cyclophylla","Suberogerens","Apocynaceae","G - Garden","","","22-04-2025","genus"
"Synandrospadix vermitoxicus","ALIVE","1973-19870","K:LCD-1973-19870*3","Synandrospadix vermitoxicus","Synandrospadix","Araceae","","","","19-06-2025","genus"
"Synandrospadix vermitoxicus","ALIVE","1973-19870","K:LCD-1973-19870*2","Synandrospadix vermitoxicus","Synandrospadix","Araceae",NA,"","","29-07-2022","genus"
"Tacazzea apiculata","ALIVE","1982-271","K:LCD-1982-271*1","Tacazzea apiculata","Tacazzea","Apocynaceae","","N - Natural Source and Progeny","South Africa","22-12-2020","genus"
"Tainia","ALIVE","2023-1330","K:LCD-2023-1330*1","Tainia","Tainia","Orchidaceae","","N - Natural Source and Progeny","","18-06-2024","genus"
"Tainia latifolia","ALIVE","2013-1715","K:LCD-2013-1715*1","Tainia latifolia","Tainia","Orchidaceae","","N - Natural Source and Progeny","","10-12-2024","genus"
"Tainia latifolia","ALIVE","2013-1715","K:LCD-2013-1715*4","Tainia latifolia","Tainia","Orchidaceae","","N - Natural Source and Progeny","","13-04-2022","genus"
"Tainia obpandurata","ALIVE","2023-0531","K:LCD-2023-0531*1","Tainia obpandurata","Tainia","Orchidaceae","","","","11-09-2023","genus"
"Tainia wrayana","ALIVE","2022-1652","K:LCD-2022-1652*1","Tainia wrayana","Tainia","Orchidaceae","","","","11-09-2023","genus"
"Tambourissa purpurea","ALIVE","2009-249","K:LCD-2009-249*1","Tambourissa purpurea","Tambourissa","Monimiaceae","","N - Natural Source and Progeny","Madagascar","21-10-2023","genus"
"Tambourissa quadrifida","ALIVE","2008-1892","K:LCD-2008-1892*2","Tambourissa quadrifida","Tambourissa","Monimiaceae","","N - Natural Source and Progeny","Mauritius","15-03-2023","genus"
"Tambourissa quadrifida","ALIVE","2008-1892","K:LCD-2008-1892*1","Tambourissa quadrifida","Tambourissa","Monimiaceae","","N - Natural Source and Progeny","Mauritius","21-12-2023","genus"
"Tambourissa tetragona","ALIVE","2010-2035","K:LCD-2010-2035*1","Tambourissa tetragona","Tambourissa","Monimiaceae","","N - Natural Source and Progeny","","22-12-2022","genus"
"Tanquana","ALIVE","2014-712","K:LCD-2014-712*1","Tanquana","Tanquana","Aizoaceae","","","","19-12-2023","genus"
"Telanthophora grandifolia","ALIVE","1978-1735","K:LCD-1978-1735*1","Telanthophora grandifolia","Telanthophora","Asteraceae",NA,"N - Natural Source and Progeny","Mexico","09-01-2025","genus"
"Ternstroemia gymnanthera","ALIVE","1989-3991","K:LCD-1989-3991*2","Ternstroemia gymnanthera","Ternstroemia","Pentaphylacaceae",NA,"N - Natural Source and Progeny","Japan","24-05-2024","genus"
"Ternstroemia gymnanthera","ALIVE","1989-3991","K:LCD-1989-3991*1","Ternstroemia gymnanthera","Ternstroemia","Pentaphylacaceae",NA,"N - Natural Source and Progeny","Japan","20-05-2024","genus"
"Tetrapterocarpon septentrionale","ALIVE","2008-2483","K:LCD-2008-2483*1","Tetrapterocarpon septentrionale","Tetrapterocarpon","Fabaceae","","N - Natural Source and Progeny","Madagascar","12-01-2023","genus"
"Thecostele alata","ALIVE","2013-1577","K:LCD-2013-1577*2","Thecostele alata","Thecostele","Orchidaceae","","N - Natural Source and Progeny","","19-10-2021","genus"
"Thecostele alata","ALIVE","2013-1577","K:LCD-2013-1577*1","Thecostele alata","Thecostele","Orchidaceae","","N - Natural Source and Progeny","","16-12-2024","genus"
"Thelasis pygmaea","ALIVE","2017-42","K:LCD-2017-42*1","Thelasis pygmaea","Thelasis","Orchidaceae","","N - Natural Source and Progeny","","04-07-2024","genus"
"Thelasis pygmaea","ALIVE","2013-1694","K:LCD-2013-1694*1","Thelasis pygmaea","Thelasis","Orchidaceae","","N - Natural Source and Progeny","","04-11-2024","genus"
"Thladiantha villosula","ALIVE","1988-4508","K:LCD-1988-4508*1","Thladiantha villosula","Thladiantha","Cucurbitaceae","","N - Natural Source and Progeny","China","18-12-2024","genus"
"Thladiantha villosula","ALIVE","1988-4508","K:LCD-1988-4508*2","Thladiantha villosula","Thladiantha","Cucurbitaceae",NA,"N - Natural Source and Progeny","China","24-05-2024","genus"
"Thomasia petalocalyx","ALIVE","2004-2906","K:LCD-2004-2906*2","Thomasia petalocalyx","Thomasia","Malvaceae","","","","12-01-2025","genus"
"Thomasia petalocalyx","ALIVE","2004-2906","K:LCD-2004-2906*4","Thomasia petalocalyx","Thomasia","Malvaceae",NA,"","","21-11-2024","genus"
"Thomasia petalocalyx","ALIVE","2004-2906","K:LCD-2004-2906*1","Thomasia petalocalyx","Thomasia","Malvaceae",NA,"","","18-07-2024","genus"
"Thottea siliquosa","ALIVE","1996-1265","K:LCD-1996-1265*1","Thottea siliquosa","Thottea","Aristolochiaceae","","N - Natural Source and Progeny","Sri Lanka","23-12-2023","genus"
"Thouinia discolor","ALIVE","2011-987","K:LCD-2011-987*1","Thouinia discolor","Thouinia","Sapindaceae","","N - Natural Source and Progeny","Turks and Caicos Islands","05-12-2023","genus"
"Tovomita","ALIVE","1982-1656","K:LCD-1982-1656*1","Tovomita","Tovomita","Clusiaceae","","N - Natural Source and Progeny","Ecuador","20-12-2023","genus"
"Trachyandra","ALIVE","2021-1080","K:LCD-2021-1080*1","Trachyandra","Trachyandra","Asphodelaceae","","N - Natural Source and Progeny","South Africa","14-01-2025","genus"
"Trachyandra bulbinifolia","ALIVE","2023-2059","K:LCD-2023-2059*1","Trachyandra bulbinifolia","Trachyandra","Asphodelaceae","","N - Natural Source and Progeny","South Africa","30-11-2023","genus"
"Trachyandra muricata","ALIVE","2023-0321","K:LCD-2023-0321*1","Trachyandra muricata","Trachyandra","Asphodelaceae","","N - Natural Source and Progeny","South Africa","20-02-2024","genus"
"Trachyandra paniculata","ALIVE","2023-2161","K:LCD-2023-2161*1","Trachyandra paniculata","Trachyandra","Asphodelaceae","","N - Natural Source and Progeny","","21-02-2024","genus"
"Trachyandra tortilis","ALIVE","2023-2170","K:LCD-2023-2170*1","Trachyandra tortilis","Trachyandra","Asphodelaceae","","N - Natural Source and Progeny","South Africa","21-02-2024","genus"
"Triainolepis arcuata","ALIVE","2008-2390","K:LCD-2008-2390*1","Triainolepis arcuata","Triainolepis","Rubiaceae","","N - Natural Source and Progeny","Madagascar","05-06-2023","genus"
"Triainolepis xerophila","ALIVE","2006-1765","K:LCD-2006-1765*2","Triainolepis xerophila","Triainolepis","Rubiaceae","","","Madagascar","05-06-2023","genus"
"Tricalysia cryptocalyx","ALIVE","1969-1333","K:LCD-1969-1333*2","Tricalysia cryptocalyx","Tricalysia","Rubiaceae","","N - Natural Source and Progeny","Madagascar","10-06-2025","genus"
"Tricalysia cryptocalyx","ALIVE","2009-3521","K:LCD-2009-3521*1","Tricalysia cryptocalyx","Tricalysia","Rubiaceae","","N - Natural Source and Progeny","Madagascar","12-01-2023","genus"
"Trichomanes auriculatum","ALIVE","1994-1081","K:LCD-1994-1081*1","Trichomanes auriculatum","Trichomanes","Hymenophyllaceae","","N - Natural Source and Progeny","Malaysia","12-10-2023","family"
"Trichomanes auriculatum","ALIVE","1994-1081","K:LCD-1994-1081*1","Trichomanes auriculatum","Trichomanes","Hymenophyllaceae","","N - Natural Source and Progeny","Malaysia","12-10-2023","genus"
"Trichomanes minutum","ALIVE","2022-1089","K:LCD-2022-1089*1","Trichomanes minutum","Trichomanes","Hymenophyllaceae","","","","12-10-2023","genus"
"Trichomanes minutum","ALIVE","2022-1089","K:LCD-2022-1089*1","Trichomanes minutum","Trichomanes","Hymenophyllaceae","","","","12-10-2023","family"
"Trichosalpinx blaisdellii","ALIVE","2021-590","K:LCD-2021-590*1","Trichosalpinx blaisdellii","Trichosalpinx","Orchidaceae","","N - Natural Source and Progeny","Costa Rica","20-01-2023","genus"
"Trichosalpinx memor","ALIVE","2021-591","K:LCD-2021-591*1","Trichosalpinx memor","Trichosalpinx","Orchidaceae","","N - Natural Source and Progeny","Costa Rica","20-01-2023","genus"
"Trichosalpinx rotundata","ALIVE","2021-592","K:LCD-2021-592*1","Trichosalpinx rotundata","Trichosalpinx","Orchidaceae","","N - Natural Source and Progeny","Costa Rica","20-01-2023","genus"
"Tridactyle tridactylites","ALIVE","2003-2944","K:LCD-2003-2944*1","Tridactyle tridactylites","Tridactyle","Orchidaceae","","","","15-07-2024","genus"
"Tristellateia","ALIVE","2007-1655","K:LCD-2007-1655*1","Tristellateia","Tristellateia","Malpighiaceae","","N - Natural Source and Progeny","Madagascar","12-05-2023","genus"
"Trochomeria macrocarpa subsp. macrocarpa","ALIVE","1974-3627","K:LCD-1974-3627*1","Trochomeria macrocarpa subsp. macrocarpa","Trochomeria","Cucurbitaceae","","N - Natural Source and Progeny","Congo, Democratic Republic of the","13-02-2024","genus"
"Tropidia curculigoides","ALIVE","2018-1240","K:LCD-2018-1240*1","Tropidia curculigoides","Tropidia","Orchidaceae","","N - Natural Source and Progeny","","26-07-2022","genus"
"Tulista marginata","ALIVE","2023-1910","K:LCD-2023-1910*1","Tulista marginata","Tulista","Asphodelaceae","","","","02-11-2023","genus"
"Tulista pumila","ALIVE","1997-6923","K:LCD-1997-6923*1","Tulista pumila","Tulista","Asphodelaceae","","","","01-12-2023","genus"
"Vallaris solanacea","ALIVE","1946-13302","K:LCD-1946-13302*1","Vallaris solanacea","Vallaris","Apocynaceae","","","","15-03-2023","genus"
"Varronia bahamensis","ALIVE","2014-384","K:LCD-2014-384*2","Varronia bahamensis","Varronia","Boraginaceae","","N - Natural Source and Progeny","","05-12-2023","genus"
"Varronia curassavica","ALIVE","1936-31901","K:LCD-1936-31901*1","Varronia curassavica","Varronia","Boraginaceae","","","","22-12-2023","genus"
"Varronia rupicola","ALIVE","2014-405","K:LCD-2014-405*1","Varronia rupicola","Varronia","Boraginaceae","","N - Natural Source and Progeny","","05-12-2023","genus"
"Varronia rupicola","ALIVE","2009-2709","K:LCD-2009-2709*2","Varronia rupicola","Varronia","Boraginaceae","","N - Natural Source and Progeny","British Virgin Islands","05-12-2023","genus"
"Varronia rupicola","ALIVE","2011-1273","K:LCD-2011-1273*1","Varronia rupicola","Varronia","Boraginaceae","","N - Natural Source and Progeny","British Virgin Islands","05-12-2023","genus"
"Varronia rupicola","ALIVE","2005-1557","K:LCD-2005-1557*2","Varronia rupicola","Varronia","Boraginaceae","","N - Natural Source and Progeny","British Virgin Islands","05-12-2023","genus"
"Vellozia dasypus","ALIVE","2021-780","K:LCD-2021-780*2","Vellozia dasypus","Vellozia","Velloziaceae","","N - Natural Source and Progeny","Brazil","03-07-2023","genus"
"Vellozia dasypus","ALIVE","2021-780","K:LCD-2021-780*1","Vellozia dasypus","Vellozia","Velloziaceae","","N - Natural Source and Progeny","Brazil","14-01-2025","genus"
"Virgilia oroboides","ALIVE","2018-386","K:LCD-2018-386*3","Virgilia oroboides","Virgilia","Fabaceae",NA,"N - Natural Source and Progeny","South Africa","23-06-2022","genus"
"Volkameria inermis","ALIVE","1973-12316","K:LCD-1973-12316*1","Volkameria inermis","Volkameria","Lamiaceae","","","","19-06-2025","genus"
"Vrydagzynea albida","ALIVE","2023-1268","K:LCD-2023-1268*1","Vrydagzynea albida","Vrydagzynea","Orchidaceae","","N - Natural Source and Progeny","","27-06-2024","genus"
"Wercklea","ALIVE","2024-1572","K:LCD-2024-1572*1","Wercklea","Wercklea","Malvaceae","","","","05-09-2024","genus"
"Wercklea ferox","ALIVE","1989-1609","K:LCD-1989-1609*1","Wercklea ferox","Wercklea","Malvaceae","","","Ecuador","23-12-2023","genus"
"Wercklea flavovirens","ALIVE","2014-2400","K:LCD-2014-2400*2","Wercklea flavovirens","Wercklea","Malvaceae","","N - Natural Source and Progeny","Jamaica","23-12-2023","genus"
"Wercklea flavovirens","ALIVE","1992-2038","K:LCD-1992-2038*1","Wercklea flavovirens","Wercklea","Malvaceae","","N - Natural Source and Progeny","Jamaica","23-12-2023","genus"
"Wercklea insignis","ALIVE","2023-1879","K:LCD-2023-1879*1","Wercklea insignis","Wercklea","Malvaceae","","","","26-10-2023","genus"
"Wittrockia superba","ALIVE","1973-1771","K:LCD-1973-1771*1","Wittrockia superba","Wittrockia","Bromeliaceae","","","","17-07-2025","genus"
"Wittsteinia vacciniacea","ALIVE","2016-403","K:LCD-2016-403*2","Wittsteinia vacciniacea","Wittsteinia","Alseuosmiaceae",NA,"N - Natural Source and Progeny","Australia","28-12-2024","family"
"Wittsteinia vacciniacea","ALIVE","2016-403","K:LCD-2016-403*2","Wittsteinia vacciniacea","Wittsteinia","Alseuosmiaceae",NA,"N - Natural Source and Progeny","Australia","28-12-2024","genus"
"Wittsteinia vacciniacea","ALIVE","2016-403","K:LCD-2016-403*1","Wittsteinia vacciniacea","Wittsteinia","Alseuosmiaceae","","N - Natural Source and Progeny","Australia","20-12-2024","family"
"Wittsteinia vacciniacea","ALIVE","2016-403","K:LCD-2016-403*1","Wittsteinia vacciniacea","Wittsteinia","Alseuosmiaceae","","N - Natural Source and Progeny","Australia","20-12-2024","genus"
"Xiphidium caeruleum","ALIVE","2012-1019","K:LCD-2012-1019*2","Xiphidium caeruleum","Xiphidium","Haemodoraceae","","N - Natural Source and Progeny","Peru","28-06-2022","genus"
"Xiphidium caeruleum","ALIVE","2012-619","K:LCD-2012-619*1","Xiphidium caeruleum","Xiphidium","Haemodoraceae","","N - Natural Source and Progeny","Ecuador","28-06-2022","genus"
"Xyloolaena perrieri","ALIVE","2021-980","K:LCD-2021-980*1","Xyloolaena perrieri","Xyloolaena","Sarcolaenaceae","","N - Natural Source and Progeny","Madagascar","12-05-2023","family"
"Xyloolaena perrieri","ALIVE","2021-980","K:LCD-2021-980*1","Xyloolaena perrieri","Xyloolaena","Sarcolaenaceae","","N - Natural Source and Progeny","Madagascar","12-05-2023","genus"
"Xyloolaena richardii","ALIVE","2016-1511","K:LCD-2016-1511*1","Xyloolaena richardii","Xyloolaena","Sarcolaenaceae","","N - Natural Source and Progeny","Madagascar","29-07-2022","genus"
"Xyloolaena richardii","ALIVE","2016-1511","K:LCD-2016-1511*1","Xyloolaena richardii","Xyloolaena","Sarcolaenaceae","","N - Natural Source and Progeny","Madagascar","29-07-2022","family"
"Xyloolaena sambiranensis","ALIVE","2020-1170","K:LCD-2020-1170*1","Xyloolaena sambiranensis","Xyloolaena","Sarcolaenaceae","","N - Natural Source and Progeny","Madagascar","12-01-2023","genus"
"Xyloolaena sambiranensis","ALIVE","2020-1170","K:LCD-2020-1170*1","Xyloolaena sambiranensis","Xyloolaena","Sarcolaenaceae","","N - Natural Source and Progeny","Madagascar","12-01-2023","family"
"Yavia cryptocarpa","ALIVE","2023-1002","K:LCD-2023-1002*1","Yavia cryptocarpa","Yavia","Cactaceae","","","","07-06-2023","genus"
"Zapoteca portoricensis","ALIVE","1969-16378","K:LCD-1969-16378*1","Zapoteca portoricensis","Zapoteca","Fabaceae",NA,"","","01-08-2024","genus"
"Zollernia glabra","ALIVE","1993-3632","K:LCD-1993-3632*1","Zollernia glabra","Zollernia","Fabaceae","","N - Natural Source and Progeny","Brazil","22-12-2023","genus"
