filename;sample_id;species;NCBITaxonomy_ID;Ionization_mode;garden;dataset;taxon_scientific_name;taxon_accepted_name;taxon_rank;observation_subject;is_wild;qfield_project;latitude;longitude;collection_date;instrument_model;extraction_method;sample_type
20240307_EB_dbgi_001195_01_01.mzML;dbgi_001195;Geranium sibiricum L.;NA;Positive;JBUF;jbuf;Geranium sibiricum;Geranium sibiricum L.;species;NA;0;jbuf;46,792282;7,1569970;NA;LC-MS QExactive Plus;MeOH/H2O;plant specimen
20240307_EB_dbgi_001199_01_01.mzML;dbgi_001199;Oenothera glazioviana Micheli;NA;Positive;JBUF;jbuf;Oenothera glazioviana;Oenothera glazioviana Micheli;species;NA;0;jbuf;46,792260;7,1569967;NA;LC-MS QExactive Plus;MeOH/H2O;plant specimen
20240307_EB_dbgi_001213_01_01.mzML;dbgi_001213;Arabis alpina subsp. alpina;NA;Positive;JBUF;jbuf;Arabis alpina subsp. alpina;Arabis alpina subsp. alpina;subspecies;NA;0;jbuf;46,792175;7,1568546;NA;LC-MS QExactive Plus;MeOH/H2O;plant specimen
20240307_EB_dbgi_001215_01_01.mzML;dbgi_001215;Lythrum hyssopifolia L.;NA;Positive;JBUF;jbuf;Lythrum hyssopifolia;Lythrum hyssopifolia L.;species;NA;0;jbuf;46,792248;7,1570535;NA;LC-MS QExactive Plus;MeOH/H2O;plant specimen
20240307_EB_dbgi_001764_01_01.mzML;dbgi_001764;Raphanus sativus var. niger;NA;Positive;JBUF;jbuf;Raphanus sativus var. niger;Raphanus sativus var. niger;variety;NA;0;jbuf;46,792183;7,1569376;NA;LC-MS QExactive Plus;MeOH/H2O;plant specimen
20240307_EB_dbgi_001773_01_01.mzML;dbgi_001773;Diplotaxis tenuifolia (L.) DC.;NA;Positive;JBUF;jbuf;Diplotaxis tenuifolia;Diplotaxis tenuifolia (L.) DC.;species;NA;0;jbuf;46,792164;7,1568937;NA;LC-MS QExactive Plus;MeOH/H2O;plant specimen
20240307_EB_dbgi_001774_01_01.mzML;dbgi_001774;Brassica rapa subsp. rapa;NA;Positive;JBUF;jbuf;Brassica rapa subsp. rapa;Brassica rapa subsp. rapa;subspecies;NA;0;jbuf;46,792170;7,1569853;NA;LC-MS QExactive Plus;MeOH/H2O;plant specimen
20240307_EB_dbgi_001777_01_01.mzML;dbgi_001777;Brassica oleracea L.;NA;Positive;JBUF;jbuf;Brassica oleracea;Brassica oleracea L.;species;NA;0;jbuf;46,792160;7,1570830;NA;LC-MS QExactive Plus;MeOH/H2O;plant specimen
20240307_EB_dbgi_001781_01_01.mzML;dbgi_001781;Erysimum perofskianum Fisch. & C.A.Mey.;NA;Positive;JBUF;jbuf;Erysimum perofskianum;Erysimum perofskianum Fisch. & C.A.Mey.;species;NA;0;jbuf;46,792206;7,1567790;NA;LC-MS QExactive Plus;MeOH/H2O;plant specimen
20240307_EB_dbgi_001788_01_01.mzML;dbgi_001788;Neslia paniculata (L.) Desv.;NA;Positive;JBUF;jbuf;Neslia paniculata;Neslia paniculata (L.) Desv.;species;NA;0;jbuf;46,792213;7,1567590;NA;LC-MS QExactive Plus;MeOH/H2O;plant specimen
20240307_EB_dbgi_001799_01_01.mzML;dbgi_001799;Polanisia dodecandra (L.) DC.;NA;Positive;JBUF;jbuf;Polanisia dodecandra;Polanisia dodecandra (L.) DC.;species;NA;0;jbuf;46,792210;7,1568440;NA;LC-MS QExactive Plus;MeOH/H2O;plant specimen
20240307_EB_dbgi_001804_01_01.mzML;dbgi_001804;Beta vulgaris L.;NA;Positive;JBUF;jbuf;Beta vulgaris;Beta vulgaris L.;species;NA;0;jbuf;46,792114;7,1568520;NA;LC-MS QExactive Plus;MeOH/H2O;plant specimen
20240307_EB_dbgi_001805_01_01.mzML;dbgi_001805;Gypsophila fastigiata L.;NA;Positive;JBUF;jbuf;Gypsophila fastigiata;Gypsophila fastigiata L.;species;NA;0;jbuf;46,792140;7,1568640;NA;LC-MS QExactive Plus;MeOH/H2O;plant specimen
20240307_EB_dbgi_001809_01_01.mzML;dbgi_001809;Fagopyrum esculentum Moench;NA;Positive;JBUF;jbuf;Fagopyrum esculentum;Fagopyrum esculentum Moench;species;NA;0;jbuf;46,792107;7,1570050;NA;LC-MS QExactive Plus;MeOH/H2O;plant specimen
20240307_EB_dbgi_001823_01_01.mzML;dbgi_001823;Hesperis matronalis L.;NA;Positive;JBUF;jbuf;Hesperis matronalis;Hesperis matronalis L.;species;NA;0;jbuf;46,792194;7,1568880;NA;LC-MS QExactive Plus;MeOH/H2O;plant specimen
20240307_EB_dbgi_001827_01_01.mzML;dbgi_001827;Matthiola sinuata (L.) W.T.Aiton;NA;Positive;JBUF;jbuf;Matthiola sinuata;Matthiola sinuata (L.) W.T.Aiton;species;NA;0;jbuf;46,792194;7,1568770;NA;LC-MS QExactive Plus;MeOH/H2O;plant specimen
20240307_EB_dbgi_001828_01_01.mzML;dbgi_001828;Hirschfeldia incana (L.) Lagr.-Foss.;NA;Positive;JBUF;jbuf;Hirschfeldia incana;Hirschfeldia incana (L.) Lagr.-Foss.;species;NA;0;jbuf;46,792156;7,1569270;NA;LC-MS QExactive Plus;MeOH/H2O;plant specimen
20240307_EB_dbgi_001836_01_01.mzML;dbgi_001836;Amaranthus hypochondriacus L.;NA;Positive;JBUF;jbuf;Amaranthus hypochondriacus;Amaranthus hypochondriacus L.;species;NA;0;jbuf;46,792103;7,1568933;NA;LC-MS QExactive Plus;MeOH/H2O;plant specimen
20240307_EB_dbgi_001837_01_01.mzML;dbgi_001837;Saponaria officinalis L.;NA;Positive;JBUF;jbuf;Saponaria officinalis;Saponaria officinalis L.;species;NA;0;jbuf;46,792133;7,1568685;NA;LC-MS QExactive Plus;MeOH/H2O;plant specimen
20240307_EB_dbgi_001838_01_01.mzML;dbgi_001838;Petrorhagia prolifera (L.) P.W.Ball & Heywood;NA;Positive;JBUF;jbuf;Petrorhagia prolifera;Petrorhagia prolifera (L.) P.W.Ball & Heywood;species;NA;0;jbuf;46,792140;7,1568522;NA;LC-MS QExactive Plus;MeOH/H2O;plant specimen
20240307_EB_dbgi_001841_01_01.mzML;dbgi_001841;Amaranthus retroflexus L.;NA;Positive;JBUF;jbuf;Amaranthus retroflexus;Amaranthus retroflexus L.;species;NA;0;jbuf;46,792095;7,1569366;NA;LC-MS QExactive Plus;MeOH/H2O;plant specimen
20240307_EB_dbgi_001848_01_01.mzML;dbgi_001848;Amaranthus hypochondriacus L.;NA;Positive;JBUF;jbuf;Amaranthus hypochondriacus;Amaranthus hypochondriacus L.;species;NA;0;jbuf;46,792100;7,1569220;NA;LC-MS QExactive Plus;MeOH/H2O;plant specimen
20240307_EB_dbgi_001857_01_01.mzML;dbgi_001857;Dianthus armeria L.;NA;Positive;JBUF;jbuf;Dianthus armeria;Dianthus armeria L.;species;NA;0;jbuf;46,792130;7,1569223;NA;LC-MS QExactive Plus;MeOH/H2O;plant specimen
20240307_EB_dbgi_001858_01_01.mzML;dbgi_001858;Rheum rhaponticum L.;NA;Positive;JBUF;jbuf;Rheum rhaponticum;Rheum rhaponticum L.;species;NA;1;jbuf;46,792103;7,1571336;NA;LC-MS QExactive Plus;MeOH/H2O;plant specimen
20240307_EB_dbgi_001859_01_01.mzML;dbgi_001859;Atriplex hortensis L.;NA;Positive;JBUF;jbuf;Atriplex hortensis;Atriplex hortensis L.;species;NA;0;jbuf;46,792114;7,1568575;NA;LC-MS QExactive Plus;MeOH/H2O;plant specimen
20240307_EB_dbgi_001860_01_01.mzML;dbgi_001860;Sabulina juniperina (L.) Dillenb. & Kadereit;NA;Positive;JBUF;jbuf;Sabulina juniperina;Sabulina juniperina (L.) Dillenb. & Kadereit;species;NA;0;jbuf;46,792126;7,1569333;NA;LC-MS QExactive Plus;MeOH/H2O;plant specimen
20240307_EB_dbgi_001861_01_01.mzML;dbgi_001861;Scleranthus annuus L.;NA;Positive;JBUF;jbuf;Scleranthus annuus;Scleranthus annuus L.;species;NA;0;jbuf;46,792120;7,1569276;NA;LC-MS QExactive Plus;MeOH/H2O;plant specimen
20240307_EB_dbgi_001862_01_01.mzML;dbgi_001862;Dianthus chinensis L.;NA;Positive;JBUF;jbuf;Dianthus chinensis;Dianthus chinensis L.;species;NA;0;jbuf;46,792130;7,1569110;NA;LC-MS QExactive Plus;MeOH/H2O;plant specimen
20240307_EB_dbgi_001863_01_01.mzML;dbgi_001863;Eremogone saxatilis (L.) Ikonn.;NA;Positive;JBUF;jbuf;Eremogone saxatilis;Eremogone saxatilis (L.) Ikonn.;species;NA;1;jbuf;46,792118;7,1569370;NA;LC-MS QExactive Plus;MeOH/H2O;plant specimen
20240307_EB_dbgi_001867_01_01.mzML;dbgi_001867;Dysphania botrys (L.) Mosyakin & Clemants;NA;Positive;JBUF;jbuf;Dysphania botrys;Dysphania botrys (L.) Mosyakin & Clemants;species;NA;0;jbuf;46,792110;7,1568794;NA;LC-MS QExactive Plus;MeOH/H2O;plant specimen
20240307_EB_dbgi_001869_01_01.mzML;dbgi_001869;Mesembryanthemum crystallinum L.;NA;Positive;JBUF;jbuf;Mesembryanthemum crystallinum;Mesembryanthemum crystallinum L.;species;NA;0;jbuf;46,792126;7,1568340;NA;LC-MS QExactive Plus;MeOH/H2O;plant specimen
20240307_EB_dbgi_001870_01_01.mzML;dbgi_001870;Cerastium tomentosum L.;NA;Positive;JBUF;jbuf;Cerastium tomentosum;Cerastium tomentosum L.;species;NA;0;jbuf;46,792114;7,1569586;NA;LC-MS QExactive Plus;MeOH/H2O;plant specimen
20240307_EB_dbgi_001873_01_01.mzML;dbgi_001873;Amaranthus caudatus L.;NA;Positive;JBUF;jbuf;Amaranthus caudatus;Amaranthus caudatus L.;species;NA;0;jbuf;46,792100;7,1569140;NA;LC-MS QExactive Plus;MeOH/H2O;plant specimen
20240307_EB_dbgi_001875_01_01.mzML;dbgi_001875;Brassica oleracea L.;NA;Positive;JBUF;jbuf;Brassica oleracea;Brassica oleracea L.;species;NA;0;jbuf;46,792164;7,1570187;NA;LC-MS QExactive Plus;MeOH/H2O;plant specimen
20240307_EB_dbgi_001884_01_01.mzML;dbgi_001884;Silene baccifera (L.) Durande;NA;Positive;JBUF;jbuf;Silene baccifera;Silene baccifera (L.) Durande;species;NA;0;jbuf;46,792145;7,1568513;NA;LC-MS QExactive Plus;MeOH/H2O;plant specimen
20240307_EB_dbgi_001893_01_01.mzML;dbgi_001893;Camelina sativa (L.) Crantz;NA;Positive;JBUF;jbuf;Camelina sativa;Camelina sativa (L.) Crantz;species;NA;0;jbuf;46,792220;7,1567655;NA;LC-MS QExactive Plus;MeOH/H2O;plant specimen
20240307_EB_dbgi_001894_01_01.mzML;dbgi_001894;Dianthus hyssopifolius L.;NA;Positive;JBUF;jbuf;Dianthus hyssopifolius;Dianthus hyssopifolius L.;species;NA;0;jbuf;46,792126;7,1568960;NA;LC-MS QExactive Plus;MeOH/H2O;plant specimen
20240307_EB_dbgi_001895_01_01.mzML;dbgi_001895;Dianthus giganteus d'Urv.;NA;Positive;JBUF;jbuf;Dianthus giganteus;Dianthus giganteus d'Urv.;species;NA;0;jbuf;46,792126;7,1569014;NA;LC-MS QExactive Plus;MeOH/H2O;plant specimen
20240307_EB_dbgi_001910_01_01.mzML;dbgi_001910;Blitum capitatum L.;NA;Positive;JBUF;jbuf;Blitum capitatum;Blitum capitatum L.;species;NA;0;jbuf;46,792114;7,1568610;NA;LC-MS QExactive Plus;MeOH/H2O;plant specimen
20240307_EB_dbgi_001912_01_01.mzML;dbgi_001912;Rumex acetosa L.;NA;Positive;JBUF;jbuf;Rumex acetosa;Rumex acetosa L.;species;NA;0;jbuf;46,792103;7,1570983;NA;LC-MS QExactive Plus;MeOH/H2O;plant specimen
20240307_EB_dbgi_001915_01_01.mzML;dbgi_001915;Indigofera heterantha Wall. ex Brandis;NA;Positive;JBUF;jbuf;Indigofera heterantha;Indigofera heterantha Wall. ex Brandis;species;NA;0;jbuf;46,792267;7,1572127;NA;LC-MS QExactive Plus;MeOH/H2O;plant specimen
20240307_EB_dbgi_001922_01_01.mzML;dbgi_001922;Phaseolus vulgaris L.;NA;Positive;JBUF;jbuf;Phaseolus vulgaris;Phaseolus vulgaris L.;species;NA;0;jbuf;46,792244;7,1572060;NA;LC-MS QExactive Plus;MeOH/H2O;plant specimen
20240307_EB_dbgi_001928_01_01.mzML;dbgi_001928;Cylindropuntia imbricata subsp. imbricata;NA;Positive;JBUF;jbuf;Cylindropuntia imbricata subsp. imbricata;Cylindropuntia imbricata subsp. imbricata;subspecies;NA;1;jbuf;46,792187;7,1566930;NA;LC-MS QExactive Plus;MeOH/H2O;plant specimen
20240307_EB_dbgi_001935_01_01.mzML;dbgi_001935;Anthyllis vulneraria subsp. alpestris (Kit.) Asch. & Graebn.;NA;Positive;JBUF;jbuf;Anthyllis vulneraria subsp. alpestris;Anthyllis vulneraria subsp. alpestris (Kit.) Asch. & Graebn.;subspecies;NA;0;jbuf;46,792180;7,1571710;NA;LC-MS QExactive Plus;MeOH/H2O;plant specimen
20240307_EB_dbgi_002240_01_01.mzML;dbgi_002240;Salix alba var. vitellina (L.) Stokes;NA;Positive;JBUF;jbuf;Salix alba var. vitellina;Salix alba var. vitellina (L.) Stokes;variety;NA;0;jbuf;46,792175;7,1572948;NA;LC-MS QExactive Plus;MeOH/H2O;plant specimen
20240307_EB_dbgi_002246_01_01.mzML;dbgi_002246;Euphorbia marginata Pursh;NA;Positive;JBUF;jbuf;Euphorbia marginata;Euphorbia marginata Pursh;species;NA;0;jbuf;46,792100;7,1572213;NA;LC-MS QExactive Plus;MeOH/H2O;plant specimen
20240307_EB_dbgi_002247_01_01.mzML;dbgi_002247;Euonymus europaeus L.;NA;Positive;JBUF;jbuf;Euonymus europaeus;Euonymus europaeus L.;species;NA;0;jbuf;46,792213;7,1573043;NA;LC-MS QExactive Plus;MeOH/H2O;plant specimen
20240307_EB_dbgi_002250_01_01.mzML;dbgi_002250;Polygala vulgaris L.;NA;Positive;JBUF;jbuf;Polygala vulgaris;Polygala vulgaris L.;species;NA;0;jbuf;46,792496;7,1570888;NA;LC-MS QExactive Plus;MeOH/H2O;plant specimen
20240307_EB_dbgi_002253_01_01.mzML;dbgi_002253;Euphorbia amygdaloides subsp. semiperfoliata (Viv.) Radcl.-Sm.;NA;Positive;JBUF;jbuf;Euphorbia amygdaloides subsp. semiperfoliata;Euphorbia amygdaloides subsp. semiperfoliata (Viv.) Radcl.-Sm.;subspecies;NA;0;jbuf;46,792107;7,1572146;NA;LC-MS QExactive Plus;MeOH/H2O;plant specimen
20240307_EB_dbgi_002265_01_01.mzML;dbgi_002265;Hypericum perforatum subsp. perforatum;NA;Positive;JBUF;jbuf;Hypericum perforatum subsp. perforatum;Hypericum perforatum subsp. perforatum;subspecies;NA;0;jbuf;46,792110;7,1571927;NA;LC-MS QExactive Plus;MeOH/H2O;plant specimen
20240307_EB_dbgi_002272_01_01.mzML;dbgi_002272;Hypericum ascyron L.;NA;Positive;JBUF;jbuf;Hypericum ascyron;Hypericum ascyron L.;species;NA;0;jbuf;46,792120;7,1572075;NA;LC-MS QExactive Plus;MeOH/H2O;plant specimen
20240307_EB_dbgi_002275_01_01.mzML;dbgi_002275;Veronica serpyllifolia var. serpyllifolia;NA;Positive;JBUF;jbuf;Veronica serpyllifolia var. serpyllifolia;Veronica serpyllifolia var. serpyllifolia;variety;NA;0;jbuf;46,792550;7,1568260;NA;LC-MS QExactive Plus;MeOH/H2O;plant specimen
20240307_EB_dbgi_002277_01_01.mzML;dbgi_002277;Datura stramonium var. godronii Danert;NA;Positive;JBUF;jbuf;Datura stramonium var. godronii;Datura stramonium var. godronii Danert;variety;NA;0;jbuf;46,792545;7,1566377;NA;LC-MS QExactive Plus;MeOH/H2O;plant specimen
20240307_EB_dbgi_002279_01_01.mzML;dbgi_002279;Veronica spicata subsp. spicata;NA;Positive;JBUF;jbuf;Veronica spicata subsp. spicata;Veronica spicata subsp. spicata;subspecies;NA;0;jbuf;46,792550;7,1567984;NA;LC-MS QExactive Plus;MeOH/H2O;plant specimen
20240307_EB_dbgi_002288_01_01.mzML;dbgi_002288;Exochorda racemosa (Lindl.) Rehder;NA;Positive;JBUF;jbuf;Exochorda racemosa;Exochorda racemosa (Lindl.) Rehder;species;NA;0;jbuf;46,792362;7,1572866;NA;LC-MS QExactive Plus;MeOH/H2O;plant specimen
20240307_EB_dbgi_002294_01_01.mzML;dbgi_002294;Medicago sativa L.;NA;Positive;JBUF;jbuf;Medicago sativa;Medicago sativa L.;species;NA;0;jbuf;46,792202;7,1572210;NA;LC-MS QExactive Plus;MeOH/H2O;plant specimen
20240307_EB_dbgi_002312_01_01.mzML;dbgi_002312;Linum grandiflorum Desf.;NA;Positive;JBUF;jbuf;Linum grandiflorum;Linum grandiflorum Desf.;species;NA;0;jbuf;46,792140;7,1572614;NA;LC-MS QExactive Plus;MeOH/H2O;plant specimen
20240307_EB_dbgi_002321_01_01.mzML;dbgi_002321;Digitalis lutea L.;NA;Positive;JBUF;jbuf;Digitalis lutea;Digitalis lutea L.;species;NA;0;jbuf;46,792553;7,1567793;NA;LC-MS QExactive Plus;MeOH/H2O;plant specimen
20240307_EB_dbgi_002332_01_01.mzML;dbgi_002332;Cladrastis kentukea (Dum.Cours.) Rudd;NA;Positive;JBUF;jbuf;Cladrastis kentukea;Cladrastis kentukea (Dum.Cours.) Rudd;species;NA;0;jbuf;46,792297;7,1572313;NA;LC-MS QExactive Plus;MeOH/H2O;plant specimen
20240307_EB_dbgi_002335_01_01.mzML;dbgi_002335;Veronica fruticulosa L.;NA;Positive;JBUF;jbuf;Veronica fruticulosa;Veronica fruticulosa L.;species;NA;0;jbuf;46,792545;7,1568165;NA;LC-MS QExactive Plus;MeOH/H2O;plant specimen
20240307_EB_dbgi_002338_01_01.mzML;dbgi_002338;Albizia julibrissin Durazz.;NA;Positive;JBUF;jbuf;Albizia julibrissin;Albizia julibrissin Durazz.;species;NA;0;jbuf;46,792427;7,1572084;NA;LC-MS QExactive Plus;MeOH/H2O;plant specimen
20240307_EB_dbgi_002356_01_01.mzML;dbgi_002356;Pilea microphylla (L.) Liebm.;NA;Positive;JBUF;jbuf;Pilea microphylla;Pilea microphylla (L.) Liebm.;species;NA;0;jbuf;46,792160;7,1572350;NA;LC-MS QExactive Plus;MeOH/H2O;plant specimen
20240307_EB_dbgi_002359_01_01.mzML;dbgi_002359;Ricinus communis L.;NA;Positive;JBUF;jbuf;Ricinus communis;Ricinus communis L.;species;NA;0;jbuf;46,792100;7,1572165;NA;LC-MS QExactive Plus;MeOH/H2O;plant specimen
20240307_EB_dbgi_002365_01_01.mzML;dbgi_002365;Nothofagus antarctica (G.Forst.) Oerst.;NA;Positive;JBUF;jbuf;Nothofagus antarctica;Nothofagus antarctica (G.Forst.) Oerst.;species;NA;0;jbuf;46,792255;7,1573320;NA;LC-MS QExactive Plus;MeOH/H2O;plant specimen
20240307_EB_dbgi_002374_01_01.mzML;dbgi_002374;Melicytus crassifolius (Hook.fil.) Garn.-Jones;NA;Positive;JBUF;jbuf;Melicytus crassifolius;Melicytus crassifolius (Hook.fil.) Garn.-Jones;species;NA;0;jbuf;46,792156;7,1572650;NA;LC-MS QExactive Plus;MeOH/H2O;plant specimen
20240307_EB_dbgi_002375_01_01.mzML;dbgi_002375;Oxalis triangularis A.St.-Hil.;NA;Positive;JBUF;jbuf;Oxalis triangularis;Oxalis triangularis A.St.-Hil.;species;NA;0;jbuf;46,792133;7,1572127;NA;LC-MS QExactive Plus;MeOH/H2O;plant specimen
20240307_EB_dbgi_002385_01_01.mzML;dbgi_002385;Leptopus chinensis (Bunge) Pojark.;NA;Positive;JBUF;jbuf;Leptopus chinensis;Leptopus chinensis (Bunge) Pojark.;species;NA;0;jbuf;46,792084;7,1571940;NA;LC-MS QExactive Plus;MeOH/H2O;plant specimen
20240307_EB_dbgi_002388_01_01.mzML;dbgi_002388;Hypericum prolificum L.;NA;Positive;JBUF;jbuf;Hypericum prolificum;Hypericum prolificum L.;species;NA;0;jbuf;46,792126;7,1572010;NA;LC-MS QExactive Plus;MeOH/H2O;plant specimen
20240307_EB_dbgi_002390_01_01.mzML;dbgi_002390;Parietaria officinalis L.;NA;Positive;JBUF;jbuf;Parietaria officinalis;Parietaria officinalis L.;species;NA;0;jbuf;46,792156;7,1572430;NA;LC-MS QExactive Plus;MeOH/H2O;plant specimen
20240307_EB_dbgi_002425_01_01.mzML;dbgi_002425;Antirrhinum majus L.;NA;Positive;JBUF;jbuf;Antirrhinum majus;Antirrhinum majus L.;species;NA;0;jbuf;46,792557;7,1567640;NA;LC-MS QExactive Plus;MeOH/H2O;plant specimen
20240307_EB_dbgi_002429_01_01.mzML;dbgi_002429;Nicotiana glutinosa L.;NA;Positive;JBUF;jbuf;Nicotiana glutinosa;Nicotiana glutinosa L.;species;NA;0;jbuf;46,792534;7,1567097;NA;LC-MS QExactive Plus;MeOH/H2O;plant specimen
20240307_EB_dbgi_002433_01_01.mzML;dbgi_002433;Myosotis sylvatica Ehrh. ex Hoffm.;NA;Positive;JBUF;jbuf;Myosotis sylvatica;Myosotis sylvatica Ehrh. ex Hoffm.;species;NA;0;jbuf;46,792560;7,1566434;NA;LC-MS QExactive Plus;MeOH/H2O;plant specimen
20240307_EB_dbgi_002437_01_01.mzML;dbgi_002437;Nicotiana rustica L.;NA;Positive;JBUF;jbuf;Nicotiana rustica;Nicotiana rustica L.;species;NA;0;jbuf;46,792534;7,1567160;NA;LC-MS QExactive Plus;MeOH/H2O;plant specimen
20240307_EB_dbgi_002443_01_01.mzML;dbgi_002443;Prunus serrula Franch.;NA;Positive;JBUF;jbuf;Prunus serrula;Prunus serrula Franch.;species;NA;0;jbuf;46,792507;7,1573143;NA;LC-MS QExactive Plus;MeOH/H2O;plant specimen
20240307_EB_dbgi_002452_01_01.mzML;dbgi_002452;Brugmansia insignis (Barb.Rodr.) Lockwood ex R.E.Schult.;NA;Positive;JBUF;jbuf;Brugmansia insignis;Brugmansia insignis (Barb.Rodr.) Lockwood ex R.E.Schult.;species;NA;0;jbuf;46,792550;7,1566076;NA;LC-MS QExactive Plus;MeOH/H2O;plant specimen
20240307_EB_dbgi_002454_01_01.mzML;dbgi_002454;Cerinthe major L.;NA;Positive;JBUF;jbuf;Cerinthe major;Cerinthe major L.;species;NA;0;jbuf;46,792557;7,1565250;NA;LC-MS QExactive Plus;MeOH/H2O;plant specimen
20240307_EB_dbgi_002469_01_01.mzML;dbgi_002469;Petunia axillaris (Lam.) Britton, Sterns & Poggenb.;NA;Positive;JBUF;jbuf;Petunia axillaris;Petunia axillaris (Lam.) Britton, Sterns & Poggenb.;species;NA;0;jbuf;46,792530;7,1567470;NA;LC-MS QExactive Plus;MeOH/H2O;plant specimen
20240307_EB_dbgi_002478_01_01.mzML;dbgi_002478;Penstemon digitalis Nutt.;NA;Positive;JBUF;jbuf;Penstemon digitalis;Penstemon digitalis Nutt.;species;NA;0;jbuf;46,792553;7,1566987;NA;LC-MS QExactive Plus;MeOH/H2O;plant specimen
20240307_EB_dbgi_002482_01_01.mzML;dbgi_002482;Veronica chamaedrys L.;NA;Positive;JBUF;jbuf;Veronica chamaedrys;Veronica chamaedrys L.;species;NA;0;jbuf;46,792545;7,1568213;NA;LC-MS QExactive Plus;MeOH/H2O;plant specimen
20240307_EB_dbgi_002483_01_01.mzML;dbgi_002483;Borago officinalis L.;NA;Positive;JBUF;jbuf;Borago officinalis;Borago officinalis L.;species;NA;0;jbuf;46,792576;7,1565920;NA;LC-MS QExactive Plus;MeOH/H2O;plant specimen
20240307_EB_dbgi_002487_01_01.mzML;dbgi_002487;Aegonychon purpurocaeruleum (L.) Holub;NA;Positive;JBUF;jbuf;Aegonychon purpurocaeruleum;Aegonychon purpurocaeruleum (L.) Holub;species;NA;0;jbuf;46,792570;7,1565614;NA;LC-MS QExactive Plus;MeOH/H2O;plant specimen
20240307_EB_dbgi_002489_01_01.mzML;dbgi_002489;Solanum melongena L.;NA;Positive;JBUF;jbuf;Solanum melongena;Solanum melongena L.;species;NA;0;jbuf;46,792538;7,1565570;NA;LC-MS QExactive Plus;MeOH/H2O;plant specimen
20240307_EB_dbgi_002493_01_01.mzML;dbgi_002493;Cymbalaria muralis G.Gaertn., B.Mey. & Scherb.;NA;Positive;JBUF;jbuf;Cymbalaria muralis;Cymbalaria muralis G.Gaertn., B.Mey. & Scherb.;species;NA;0;jbuf;46,792553;7,1567287;NA;LC-MS QExactive Plus;MeOH/H2O;plant specimen
20240307_EB_dbgi_002496_01_01.mzML;dbgi_002496;Solanum viride G.Forst. ex Biehler;NA;Positive;JBUF;jbuf;Solanum viride;Solanum viride G.Forst. ex Biehler;species;NA;0;jbuf;46,792540;7,1565610;NA;LC-MS QExactive Plus;MeOH/H2O;plant specimen
20240307_EB_dbgi_002498_01_01.mzML;dbgi_002498;Cynoglossum officinale L.;NA;Positive;JBUF;jbuf;Cynoglossum officinale;Cynoglossum officinale L.;species;NA;0;jbuf;46,792564;7,1566586;NA;LC-MS QExactive Plus;MeOH/H2O;plant specimen
20240307_EB_dbgi_002501_01_01.mzML;dbgi_002501;Solanum pyracanthos Lam.;NA;Positive;JBUF;jbuf;Solanum pyracanthos;Solanum pyracanthos Lam.;species;NA;0;jbuf;46,792540;7,1565650;NA;LC-MS QExactive Plus;MeOH/H2O;plant specimen
20240307_EB_dbgi_002509_01_01.mzML;dbgi_002509;Nicotiana langsdorffii Schrank;NA;Positive;JBUF;jbuf;Nicotiana langsdorffii;Nicotiana langsdorffii Schrank;species;NA;0;jbuf;46,792534;7,1567035;NA;LC-MS QExactive Plus;MeOH/H2O;plant specimen
20240307_EB_dbgi_002519_01_01.mzML;dbgi_002519;Galium sylvaticum L.;NA;Positive;JBUF;jbuf;Galium sylvaticum;Galium sylvaticum L.;species;NA;0;jbuf;46,792520;7,1569295;NA;LC-MS QExactive Plus;MeOH/H2O;plant specimen
20240307_EB_dbgi_002521_01_01.mzML;dbgi_002521;Datura innoxia Mill.;NA;Positive;JBUF;jbuf;Datura innoxia;Datura innoxia Mill.;species;NA;0;jbuf;46,792545;7,1566230;NA;LC-MS QExactive Plus;MeOH/H2O;plant specimen
20240307_EB_dbgi_002523_01_01.mzML;dbgi_002523;Solanum dulcamara L.;NA;Positive;JBUF;jbuf;Solanum dulcamara;Solanum dulcamara L.;species;NA;0;jbuf;46,792530;7,1565430;NA;LC-MS QExactive Plus;MeOH/H2O;plant specimen
20240307_EB_dbgi_002532_01_01.mzML;dbgi_002532;Myosotis arvensis (L.) Hill;NA;Positive;JBUF;jbuf;Myosotis arvensis;Myosotis arvensis (L.) Hill;species;NA;0;jbuf;46,792570;7,1566460;NA;LC-MS QExactive Plus;MeOH/H2O;plant specimen
20240307_EB_dbgi_002536_01_01.mzML;dbgi_002536;Veronica prostrata subsp. prostrata;NA;Positive;JBUF;jbuf;Veronica prostrata subsp. prostrata;Veronica prostrata subsp. prostrata;subspecies;NA;0;jbuf;46,792550;7,1568340;NA;LC-MS QExactive Plus;MeOH/H2O;plant specimen
20240307_EB_dbgi_002542_01_01.mzML;dbgi_002542;Asyneuma canescens (Waldst. & Kit.) Griseb. & Schenk;NA;Positive;JBUF;jbuf;Asyneuma canescens;Asyneuma canescens (Waldst. & Kit.) Griseb. & Schenk;species;NA;0;jbuf;46,792618;7,1570363;NA;LC-MS QExactive Plus;MeOH/H2O;plant specimen
20240307_EB_dbgi_002543_01_01.mzML;dbgi_002543;Campanula latifolia L.;NA;Positive;JBUF;jbuf;Campanula latifolia;Campanula latifolia L.;species;NA;0;jbuf;46,792606;7,1570597;NA;LC-MS QExactive Plus;MeOH/H2O;plant specimen
20240307_EB_dbgi_002566_01_01.mzML;dbgi_002566;Scabiosa columbaria L.;NA;Positive;JBUF;jbuf;Scabiosa columbaria;Scabiosa columbaria L.;species;NA;0;jbuf;46,792595;7,1569430;NA;LC-MS QExactive Plus;MeOH/H2O;plant specimen
20240307_EB_dbgi_002592_01_01.mzML;dbgi_002592;Campanula trachelium L.;NA;Positive;JBUF;jbuf;Campanula trachelium;Campanula trachelium L.;species;NA;0;jbuf;46,792610;7,1570590;NA;LC-MS QExactive Plus;MeOH/H2O;plant specimen
20240307_EB_dbgi_002600_01_01.mzML;dbgi_002600;Syringa vulgaris L.;NA;Positive;JBUF;jbuf;Syringa vulgaris;Syringa vulgaris L.;species;NA;0;jbuf;46,792557;7,1571060;NA;LC-MS QExactive Plus;MeOH/H2O;plant specimen
20240307_EB_dbgi_002603_01_01.mzML;dbgi_002603;Aegopodium podagraria L.;NA;Positive;JBUF;jbuf;Aegopodium podagraria;Aegopodium podagraria L.;species;NA;0;jbuf;46,792625;7,1566360;NA;LC-MS QExactive Plus;MeOH/H2O;plant specimen
20240307_EB_dbgi_002606_01_01.mzML;dbgi_002606;Centaurea scabiosa L.;NA;Positive;JBUF;jbuf;Centaurea scabiosa;Centaurea scabiosa L.;species;NA;0;jbuf;46,792640;7,1568030;NA;LC-MS QExactive Plus;MeOH/H2O;plant specimen
20240307_EB_dbgi_002607_01_01.mzML;dbgi_002607;Adenophora liliifolia (L.) A.DC.;NA;Positive;JBUF;jbuf;Adenophora liliifolia;Adenophora liliifolia (L.) A.DC.;species;NA;0;jbuf;46,792603;7,1570697;NA;LC-MS QExactive Plus;MeOH/H2O;plant specimen
20240307_EB_dbgi_002613_01_01.mzML;dbgi_002613;Succisa pratensis Moench;NA;Positive;JBUF;jbuf;Succisa pratensis;Succisa pratensis Moench;species;NA;0;jbuf;46,792600;7,1569223;NA;LC-MS QExactive Plus;MeOH/H2O;plant specimen
20240307_EB_dbgi_002618_01_01.mzML;dbgi_002618;Weigela florida (Bunge) A.DC.;NA;Positive;JBUF;jbuf;Weigela florida;Weigela florida (Bunge) A.DC.;species;NA;0;jbuf;46,792610;7,1567717;NA;LC-MS QExactive Plus;MeOH/H2O;plant specimen
20240307_EB_dbgi_002622_01_01.mzML;dbgi_002622;Cirsium vulgare (Savi) Ten.;NA;Positive;JBUF;jbuf;Cirsium vulgare;Cirsium vulgare (Savi) Ten.;species;NA;0;jbuf;46,792637;7,1568710;NA;LC-MS QExactive Plus;MeOH/H2O;plant specimen
20240307_EB_dbgi_002623_01_01.mzML;dbgi_002623;Lophiolepis eriophora (L.) Del Guacchio, Bureš, Iamonico & P.Caputo;NA;Positive;JBUF;jbuf;Lophiolepis eriophora;Lophiolepis eriophora (L.) Del Guacchio, Bureš, Iamonico & P.Caputo;species;NA;0;jbuf;46,792633;7,1568810;NA;LC-MS QExactive Plus;MeOH/H2O;plant specimen
20240307_EB_dbgi_002624_01_01.mzML;dbgi_002624;Lonicera caerulea subsp. caerulea;NA;Positive;JBUF;jbuf;Lonicera caerulea subsp. caerulea;Lonicera caerulea subsp. caerulea;subspecies;NA;0;jbuf;46,792603;7,1568080;NA;LC-MS QExactive Plus;MeOH/H2O;plant specimen
20240307_EB_dbgi_002628_01_01.mzML;dbgi_002628;Lonicera xylosteum L.;NA;Positive;JBUF;jbuf;Lonicera xylosteum;Lonicera xylosteum L.;species;NA;0;jbuf;46,792606;7,1568000;NA;LC-MS QExactive Plus;MeOH/H2O;plant specimen
20240307_EB_dbgi_002635_01_01.mzML;dbgi_002635;Artemisia dracunculus L.;NA;Positive;JBUF;jbuf;Artemisia dracunculus;Artemisia dracunculus L.;species;NA;0;jbuf;46,792683;7,1566250;NA;LC-MS QExactive Plus;MeOH/H2O;plant specimen
20240307_EB_dbgi_002636_01_01.mzML;dbgi_002636;Eleutherococcus leucorrhizus var. setchuenensis (Harms) C.B.Shang & J.Y.Huang;NA;Positive;JBUF;jbuf;Eleutherococcus leucorrhizus var. setchuenensis;Eleutherococcus leucorrhizus var. setchuenensis (Harms) C.B.Shang & J.Y.Huang;variety;NA;0;jbuf;46,792580;7,1564507;NA;LC-MS QExactive Plus;MeOH/H2O;plant specimen
20240307_EB_dbgi_002641_01_01.mzML;dbgi_002641;Petroselinum crispum (Mill.) Fuss;NA;Positive;JBUF;jbuf;Petroselinum crispum;Petroselinum crispum (Mill.) Fuss;species;NA;0;jbuf;46,792620;7,1566610;NA;LC-MS QExactive Plus;MeOH/H2O;plant specimen
20240307_EB_dbgi_002642_01_01.mzML;dbgi_002642;Betonica officinalis subsp. officinalis;NA;Positive;JBUF;jbuf;Betonica officinalis subsp. officinalis;Betonica officinalis subsp. officinalis;subspecies;NA;0;jbuf;46,792606;7,1565285;NA;LC-MS QExactive Plus;MeOH/H2O;plant specimen
20240307_EB_dbgi_002643_01_01.mzML;dbgi_002643;Ilex aquifolium L.;NA;Positive;JBUF;jbuf;Ilex aquifolium;Ilex aquifolium L.;species;NA;0;jbuf;46,792580;7,1571610;NA;LC-MS QExactive Plus;MeOH/H2O;plant specimen
20240307_EB_dbgi_002645_01_01.mzML;dbgi_002645;Lobelia erinus L.;NA;Positive;JBUF;jbuf;Lobelia erinus;Lobelia erinus L.;species;NA;0;jbuf;46,792595;7,1571000;NA;LC-MS QExactive Plus;MeOH/H2O;plant specimen
20240307_EB_dbgi_002648_01_01.mzML;dbgi_002648;Ilex verticillata (L.) A.Gray;NA;Positive;JBUF;jbuf;Ilex verticillata;Ilex verticillata (L.) A.Gray;species;NA;0;jbuf;46,792600;7,1571570;NA;LC-MS QExactive Plus;MeOH/H2O;plant specimen
20240307_EB_dbgi_002650_01_01.mzML;dbgi_002650;Falcaria vulgaris Bernh.;NA;Positive;JBUF;jbuf;Falcaria vulgaris;Falcaria vulgaris Bernh.;species;NA;0;jbuf;46,792618;7,1566330;NA;LC-MS QExactive Plus;MeOH/H2O;plant specimen
20240307_EB_dbgi_002652_01_01.mzML;dbgi_002652;Seseli montanum L.;NA;Positive;JBUF;jbuf;Seseli montanum;Seseli montanum L.;species;NA;0;jbuf;46,792630;7,1565770;NA;LC-MS QExactive Plus;MeOH/H2O;plant specimen
20240307_EB_dbgi_002653_01_01.mzML;dbgi_002653;Lamium album L.;NA;Positive;JBUF;jbuf;Lamium album;Lamium album L.;species;NA;0;jbuf;46,792570;7,1564827;NA;LC-MS QExactive Plus;MeOH/H2O;plant specimen
20240307_EB_dbgi_002660_01_01.mzML;dbgi_002660;Viburnum lantana L.;NA;Positive;JBUF;jbuf;Viburnum lantana;Viburnum lantana L.;species;NA;0;jbuf;46,792618;7,1567073;NA;LC-MS QExactive Plus;MeOH/H2O;plant specimen
20240307_EB_dbgi_002661_01_01.mzML;dbgi_002661;Cephalaria gigantea (Ledeb.) Bobrov;NA;Positive;JBUF;jbuf;Cephalaria gigantea;Cephalaria gigantea (Ledeb.) Bobrov;species;NA;0;jbuf;46,792590;7,1569295;NA;LC-MS QExactive Plus;MeOH/H2O;plant specimen
20240307_EB_dbgi_002665_01_01.mzML;dbgi_002665;Foeniculum vulgare Mill.;NA;Positive;JBUF;jbuf;Foeniculum vulgare;Foeniculum vulgare Mill.;species;NA;0;jbuf;46,792620;7,1566440;NA;LC-MS QExactive Plus;MeOH/H2O;plant specimen
20240307_EB_dbgi_002666_01_01.mzML;dbgi_002666;Viburnum dilatatum Thunb.;NA;Positive;JBUF;jbuf;Viburnum dilatatum;Viburnum dilatatum Thunb.;species;NA;0;jbuf;46,792614;7,1567230;NA;LC-MS QExactive Plus;MeOH/H2O;plant specimen
20240307_EB_dbgi_002671_01_01.mzML;dbgi_002671;Carduus acanthoides L.;NA;Positive;JBUF;jbuf;Carduus acanthoides;Carduus acanthoides L.;species;NA;0;jbuf;46,792633;7,1568630;NA;LC-MS QExactive Plus;MeOH/H2O;plant specimen
20240307_EB_dbgi_002677_01_01.mzML;dbgi_002677;Arctium tomentosum Mill.;NA;Positive;JBUF;jbuf;Arctium tomentosum;Arctium tomentosum Mill.;species;NA;0;jbuf;46,792633;7,1568413;NA;LC-MS QExactive Plus;MeOH/H2O;plant specimen
20240307_EB_dbgi_002690_01_01.mzML;dbgi_002690;Petroselinum crispum (Mill.) Fuss;NA;Positive;JBUF;jbuf;Petroselinum crispum;Petroselinum crispum (Mill.) Fuss;species;NA;0;jbuf;46,792618;7,1566570;NA;LC-MS QExactive Plus;MeOH/H2O;plant specimen
20240307_EB_dbgi_002693_01_01.mzML;dbgi_002693;Lomelosia graminifolia (L.) Greuter & Burdet;NA;Positive;JBUF;jbuf;Lomelosia graminifolia;Lomelosia graminifolia (L.) Greuter & Burdet;species;NA;0;jbuf;46,792587;7,1569605;NA;LC-MS QExactive Plus;MeOH/H2O;plant specimen
20240307_EB_dbgi_002698_01_01.mzML;dbgi_002698;Echinops sphaerocephalus L.;NA;Positive;JBUF;jbuf;Echinops sphaerocephalus;Echinops sphaerocephalus L.;species;NA;0;jbuf;46,792625;7,1569520;NA;LC-MS QExactive Plus;MeOH/H2O;plant specimen
20240307_EB_dbgi_002699_01_01.mzML;dbgi_002699;Tanacetum cinerariifolium (Trevis.) Sch.Bip.;NA;Positive;JBUF;jbuf;Tanacetum cinerariifolium;Tanacetum cinerariifolium (Trevis.) Sch.Bip.;species;NA;0;jbuf;46,792675;7,1566860;NA;LC-MS QExactive Plus;MeOH/H2O;plant specimen
20240307_EB_dbgi_002702_01_01.mzML;dbgi_002702;Pseudopodospermum hispanicum subsp. hispanicum;NA;Positive;JBUF;jbuf;Pseudopodospermum hispanicum subsp. hispanicum;Pseudopodospermum hispanicum subsp. hispanicum;subspecies;NA;1;jbuf;46,792640;7,1567535;NA;LC-MS QExactive Plus;MeOH/H2O;plant specimen
20240307_EB_dbgi_002704_01_01.mzML;dbgi_002704;Monardella odoratissima Benth.;NA;Positive;JBUF;jbuf;Monardella odoratissima;Monardella odoratissima Benth.;species;NA;1;jbuf;46,792610;7,1565850;NA;LC-MS QExactive Plus;MeOH/H2O;plant specimen
20240307_EB_dbgi_002715_01_01.mzML;dbgi_002715;Carlina vulgaris L.;NA;Positive;JBUF;jbuf;Carlina vulgaris;Carlina vulgaris L.;species;NA;0;jbuf;46,792625;7,1569653;NA;LC-MS QExactive Plus;MeOH/H2O;plant specimen
20240307_EB_dbgi_002725_01_01.mzML;dbgi_002725;Campanula rapunculus L.;NA;Positive;JBUF;jbuf;Campanula rapunculus;Campanula rapunculus L.;species;NA;1;jbuf;46,792614;7,1570334;NA;LC-MS QExactive Plus;MeOH/H2O;plant specimen
20240307_EB_dbgi_002727_01_01.mzML;dbgi_002727;Serratula tinctoria L.;NA;Positive;JBUF;jbuf;Serratula tinctoria;Serratula tinctoria L.;species;NA;0;jbuf;46,792640;7,1568213;NA;LC-MS QExactive Plus;MeOH/H2O;plant specimen
20240307_EB_dbgi_002728_01_01.mzML;dbgi_002728;Hieracium laevigatum Willd.;NA;Positive;JBUF;jbuf;Hieracium laevigatum;Hieracium laevigatum Willd.;species;NA;0;jbuf;46,792664;7,1565995;NA;LC-MS QExactive Plus;MeOH/H2O;plant specimen
20240307_EB_dbgi_002729_01_01.mzML;dbgi_002729;Trachelium caeruleum L.;NA;Positive;JBUF;jbuf;Trachelium caeruleum;Trachelium caeruleum L.;species;NA;0;jbuf;46,792603;7,1570864;NA;LC-MS QExactive Plus;MeOH/H2O;plant specimen
20240307_EB_dbgi_002732_01_01.mzML;dbgi_002732;Campanula persicifolia L.;NA;Positive;JBUF;jbuf;Campanula persicifolia;Campanula persicifolia L.;species;NA;0;jbuf;46,792614;7,1570410;NA;LC-MS QExactive Plus;MeOH/H2O;plant specimen
20240307_EB_dbgi_002733_01_01.mzML;dbgi_002733;Calendula officinalis L.;NA;Positive;JBUF;jbuf;Calendula officinalis;Calendula officinalis L.;species;NA;0;jbuf;46,792633;7,1564584;NA;LC-MS QExactive Plus;MeOH/H2O;plant specimen
20240307_EB_dbgi_002743_01_01.mzML;dbgi_002743;Elsholtzia stauntonii Benth.;NA;Positive;JBUF;jbuf;Elsholtzia stauntonii;Elsholtzia stauntonii Benth.;species;NA;0;jbuf;46,792583;7,1568570;NA;LC-MS QExactive Plus;MeOH/H2O;plant specimen
20240307_EB_dbgi_002747_01_01.mzML;dbgi_002747;Hieracium murorum L.;NA;Positive;JBUF;jbuf;Hieracium murorum;Hieracium murorum L.;species;NA;0;jbuf;46,792667;7,1565780;NA;LC-MS QExactive Plus;MeOH/H2O;plant specimen
20240307_EB_dbgi_002959_01_01.mzML;dbgi_002959;Glebionis segetum (L.) Fourr.;NA;Positive;JBUF;jbuf;Glebionis segetum;Glebionis segetum (L.) Fourr.;species;NA;0;jbuf;46,792664;7,1567755;NA;LC-MS QExactive Plus;MeOH/H2O;plant specimen
20240307_EB_dbgi_002962_01_01.mzML;dbgi_002962;Eupatorium cannabinum L.;NA;Positive;JBUF;jbuf;Eupatorium cannabinum;Eupatorium cannabinum L.;species;NA;0;jbuf;46,792614;7,1571183;NA;LC-MS QExactive Plus;MeOH/H2O;plant specimen
20240307_EB_dbgi_002972_01_01.mzML;dbgi_002972;Ageratina altissima (L.) R.M.King & H.Rob.;NA;Positive;JBUF;jbuf;Ageratina altissima;Ageratina altissima (L.) R.M.King & H.Rob.;species;NA;0;jbuf;46,792620;7,1571070;NA;LC-MS QExactive Plus;MeOH/H2O;plant specimen
20240307_EB_dbgi_002975_01_01.mzML;dbgi_002975;Helenium autumnale L.;NA;Positive;JBUF;jbuf;Helenium autumnale;Helenium autumnale L.;species;NA;0;jbuf;46,792660;7,1568327;NA;LC-MS QExactive Plus;MeOH/H2O;plant specimen
20240307_EB_dbgi_002990_01_01.mzML;dbgi_002990;Helichrysum petiolare Hilliard & B.L.Burtt;NA;Positive;JBUF;jbuf;Helichrysum petiolare;Helichrysum petiolare Hilliard & B.L.Burtt;species;NA;0;jbuf;46,792656;7,1564484;NA;LC-MS QExactive Plus;MeOH/H2O;plant specimen
20240307_EB_dbgi_003010_01_01.mzML;dbgi_003010;Scorzoneroides autumnalis subsp. autumnalis;NA;Positive;JBUF;jbuf;Scorzoneroides autumnalis subsp. autumnalis;Scorzoneroides autumnalis subsp. autumnalis;subspecies;NA;0;jbuf;46,792652;7,1566777;NA;LC-MS QExactive Plus;MeOH/H2O;plant specimen
20240307_EB_dbgi_003011_01_01.mzML;dbgi_003011;Emilia coccinea (Sims) G.Don;NA;Positive;JBUF;jbuf;Emilia coccinea;Emilia coccinea (Sims) G.Don;species;NA;0;jbuf;46,792645;7,1564750;NA;LC-MS QExactive Plus;MeOH/H2O;plant specimen
20240307_EB_dbgi_003013_01_01.mzML;dbgi_003013;Symphyotrichum novi-belgii (L.) G.L.Nesom;NA;Positive;JBUF;jbuf;Symphyotrichum novi-belgii;Symphyotrichum novi-belgii (L.) G.L.Nesom;species;NA;0;jbuf;46,792680;7,1565895;NA;LC-MS QExactive Plus;MeOH/H2O;plant specimen
20240307_EB_dbgi_003016_01_01.mzML;dbgi_003016;Baccharis halimifolia L.;NA;Positive;JBUF;jbuf;Baccharis halimifolia;Baccharis halimifolia L.;species;NA;0;jbuf;46,792680;7,1565040;NA;LC-MS QExactive Plus;MeOH/H2O;plant specimen
20240307_EB_dbgi_003021_01_01.mzML;dbgi_003021;Boltonia asteroides (L.) L'Hér.;NA;Positive;JBUF;jbuf;Boltonia asteroides;Boltonia asteroides (L.) L'Hér.;species;NA;0;jbuf;46,792686;7,1565595;NA;LC-MS QExactive Plus;MeOH/H2O;plant specimen
20240307_EB_dbgi_003029_01_01.mzML;dbgi_003029;Vernonia noveboracensis (L.) Willd.;NA;Positive;JBUF;jbuf;Vernonia noveboracensis;Vernonia noveboracensis (L.) Willd.;species;NA;0;jbuf;46,792664;7,1565394;NA;LC-MS QExactive Plus;MeOH/H2O;plant specimen
20240307_EB_dbgi_003030_01_01.mzML;dbgi_003030;Leucanthemella serotina (L.) Tzvelev;NA;Positive;JBUF;jbuf;Leucanthemella serotina;Leucanthemella serotina (L.) Tzvelev;species;NA;0;jbuf;46,792680;7,1566534;NA;LC-MS QExactive Plus;MeOH/H2O;plant specimen
20240307_EB_dbgi_003035_01_01.mzML;dbgi_003035;Solidago virgaurea L.;NA;Positive;JBUF;jbuf;Solidago virgaurea;Solidago virgaurea L.;species;NA;1;jbuf;46,792686;7,1565237;NA;LC-MS QExactive Plus;MeOH/H2O;plant specimen
20240307_EB_dbgi_003036_01_01.mzML;dbgi_003036;Symphyotrichum oolentangiense (Riddell) G.L.Nesom;NA;Positive;JBUF;jbuf;Symphyotrichum oolentangiense;Symphyotrichum oolentangiense (Riddell) G.L.Nesom;species;NA;0;jbuf;46,792683;7,1565720;NA;LC-MS QExactive Plus;MeOH/H2O;plant specimen
20240307_EB_dbgi_003039_01_01.mzML;dbgi_003039;Hieracium glaucum All.;NA;Positive;JBUF;jbuf;Hieracium glaucum;Hieracium glaucum All.;species;NA;0;jbuf;46,792660;7,1565843;NA;LC-MS QExactive Plus;MeOH/H2O;plant specimen
20240307_EB_dbgi_003040_01_01.mzML;dbgi_003040;Pseudognaphalium luteoalbum (L.) Hilliard & B.L.Burtt;NA;Positive;JBUF;jbuf;Pseudognaphalium luteoalbum;Pseudognaphalium luteoalbum (L.) Hilliard & B.L.Burtt;species;NA;0;jbuf;46,792660;7,1564503;NA;LC-MS QExactive Plus;MeOH/H2O;plant specimen
20240307_EB_dbgi_003043_01_01.mzML;dbgi_003043;Artemisia pontica L.;NA;Positive;JBUF;jbuf;Artemisia pontica;Artemisia pontica L.;species;NA;0;jbuf;46,792680;7,1566415;NA;LC-MS QExactive Plus;MeOH/H2O;plant specimen
20240307_EB_dbgi_003045_01_01.mzML;dbgi_003045;Tibetiodes himalaica (C.B.Clarke) G.L.Nesom;NA;Positive;JBUF;jbuf;Tibetiodes himalaica;Tibetiodes himalaica (C.B.Clarke) G.L.Nesom;species;NA;0;jbuf;46,792670;7,1564713;NA;LC-MS QExactive Plus;MeOH/H2O;plant specimen
20240307_EB_dbgi_003046_01_01.mzML;dbgi_003046;Filago germanica L.;NA;Positive;JBUF;jbuf;Filago germanica;Filago germanica L.;species;NA;0;jbuf;46,792652;7,1564417;NA;LC-MS QExactive Plus;MeOH/H2O;plant specimen
20240307_EB_dbgi_003049_01_01.mzML;dbgi_003049;Anaphalis margaritacea (L.) Benth.;NA;Positive;JBUF;jbuf;Anaphalis margaritacea;Anaphalis margaritacea (L.) Benth.;species;NA;0;jbuf;46,792652;7,1564370;NA;LC-MS QExactive Plus;MeOH/H2O;plant specimen
20240307_EB_dbgi_003050_01_01.mzML;dbgi_003050;Arctotis venusta Norl.;NA;Positive;JBUF;jbuf;Arctotis venusta;Arctotis venusta Norl.;species;NA;0;jbuf;46,792664;7,1565557;NA;LC-MS QExactive Plus;MeOH/H2O;plant specimen
20240307_EB_dbgi_003051_01_01.mzML;dbgi_003051;Callistephus chinensis (L.) Nees;NA;Positive;JBUF;jbuf;Callistephus chinensis;Callistephus chinensis (L.) Nees;species;NA;0;jbuf;46,792680;7,1564956;NA;LC-MS QExactive Plus;MeOH/H2O;plant specimen
20240307_EB_dbgi_003056_01_01.mzML;dbgi_003056;Galatella linosyris subsp. linosyris;NA;Positive;JBUF;jbuf;Galatella linosyris subsp. linosyris;Galatella linosyris subsp. linosyris;subspecies;NA;0;jbuf;46,792664;7,1564670;NA;LC-MS QExactive Plus;MeOH/H2O;plant specimen
20240307_EB_dbgi_003058_01_01.mzML;dbgi_003058;Coreopsis tinctoria Nutt.;NA;Positive;JBUF;jbuf;Coreopsis tinctoria;Coreopsis tinctoria Nutt.;species;NA;0;jbuf;46,792660;7,1568450;NA;LC-MS QExactive Plus;MeOH/H2O;plant specimen
20240328_EB_dbgi_001195_01_01_100mm_C18_15min_DDA_neg.mzML;dbgi_001195;Geranium sibiricum L.;NA;Negative;JBUF;jbuf;Geranium sibiricum;Geranium sibiricum L.;species;NA;0;jbuf;46,792282;7,1569970;NA;LC-MS QExactive Plus;MeOH/H2O;plant specimen
20240328_EB_dbgi_001199_01_01_100mm_C18_15min_DDA_neg.mzML;dbgi_001199;Oenothera glazioviana Micheli;NA;Negative;JBUF;jbuf;Oenothera glazioviana;Oenothera glazioviana Micheli;species;NA;0;jbuf;46,792260;7,1569967;NA;LC-MS QExactive Plus;MeOH/H2O;plant specimen
20240328_EB_dbgi_001213_01_01_100mm_C18_15min_DDA_neg.mzML;dbgi_001213;Arabis alpina subsp. alpina;NA;Negative;JBUF;jbuf;Arabis alpina subsp. alpina;Arabis alpina subsp. alpina;subspecies;NA;0;jbuf;46,792175;7,1568546;NA;LC-MS QExactive Plus;MeOH/H2O;plant specimen
20240328_EB_dbgi_001215_01_01_100mm_C18_15min_DDA_neg.mzML;dbgi_001215;Lythrum hyssopifolia L.;NA;Negative;JBUF;jbuf;Lythrum hyssopifolia;Lythrum hyssopifolia L.;species;NA;0;jbuf;46,792248;7,1570535;NA;LC-MS QExactive Plus;MeOH/H2O;plant specimen
20240328_EB_dbgi_001764_01_01_100mm_C18_15min_DDA_neg.mzML;dbgi_001764;Raphanus sativus var. niger;NA;Negative;JBUF;jbuf;Raphanus sativus var. niger;Raphanus sativus var. niger;variety;NA;0;jbuf;46,792183;7,1569376;NA;LC-MS QExactive Plus;MeOH/H2O;plant specimen
20240328_EB_dbgi_001773_01_01_100mm_C18_15min_DDA_neg.mzML;dbgi_001773;Diplotaxis tenuifolia (L.) DC.;NA;Negative;JBUF;jbuf;Diplotaxis tenuifolia;Diplotaxis tenuifolia (L.) DC.;species;NA;0;jbuf;46,792164;7,1568937;NA;LC-MS QExactive Plus;MeOH/H2O;plant specimen
20240328_EB_dbgi_001774_01_01_100mm_C18_15min_DDA_neg.mzML;dbgi_001774;Brassica rapa subsp. rapa;NA;Negative;JBUF;jbuf;Brassica rapa subsp. rapa;Brassica rapa subsp. rapa;subspecies;NA;0;jbuf;46,792170;7,1569853;NA;LC-MS QExactive Plus;MeOH/H2O;plant specimen
20240328_EB_dbgi_001777_01_01_100mm_C18_15min_DDA_neg.mzML;dbgi_001777;Brassica oleracea L.;NA;Negative;JBUF;jbuf;Brassica oleracea;Brassica oleracea L.;species;NA;0;jbuf;46,792160;7,1570830;NA;LC-MS QExactive Plus;MeOH/H2O;plant specimen
20240328_EB_dbgi_001781_01_01_100mm_C18_15min_DDA_neg.mzML;dbgi_001781;Erysimum perofskianum Fisch. & C.A.Mey.;NA;Negative;JBUF;jbuf;Erysimum perofskianum;Erysimum perofskianum Fisch. & C.A.Mey.;species;NA;0;jbuf;46,792206;7,1567790;NA;LC-MS QExactive Plus;MeOH/H2O;plant specimen
20240328_EB_dbgi_001788_01_01_100mm_C18_15min_DDA_neg.mzML;dbgi_001788;Neslia paniculata (L.) Desv.;NA;Negative;JBUF;jbuf;Neslia paniculata;Neslia paniculata (L.) Desv.;species;NA;0;jbuf;46,792213;7,1567590;NA;LC-MS QExactive Plus;MeOH/H2O;plant specimen
20240328_EB_dbgi_001799_01_01_100mm_C18_15min_DDA_neg.mzML;dbgi_001799;Polanisia dodecandra (L.) DC.;NA;Negative;JBUF;jbuf;Polanisia dodecandra;Polanisia dodecandra (L.) DC.;species;NA;0;jbuf;46,792210;7,1568440;NA;LC-MS QExactive Plus;MeOH/H2O;plant specimen
20240328_EB_dbgi_001804_01_01_100mm_C18_15min_DDA_neg.mzML;dbgi_001804;Beta vulgaris L.;NA;Negative;JBUF;jbuf;Beta vulgaris;Beta vulgaris L.;species;NA;0;jbuf;46,792114;7,1568520;NA;LC-MS QExactive Plus;MeOH/H2O;plant specimen
20240328_EB_dbgi_001805_01_01_100mm_C18_15min_DDA_neg.mzML;dbgi_001805;Gypsophila fastigiata L.;NA;Negative;JBUF;jbuf;Gypsophila fastigiata;Gypsophila fastigiata L.;species;NA;0;jbuf;46,792140;7,1568640;NA;LC-MS QExactive Plus;MeOH/H2O;plant specimen
20240328_EB_dbgi_001809_01_01_100mm_C18_15min_DDA_neg.mzML;dbgi_001809;Fagopyrum esculentum Moench;NA;Negative;JBUF;jbuf;Fagopyrum esculentum;Fagopyrum esculentum Moench;species;NA;0;jbuf;46,792107;7,1570050;NA;LC-MS QExactive Plus;MeOH/H2O;plant specimen
20240328_EB_dbgi_001823_01_01_100mm_C18_15min_DDA_neg.mzML;dbgi_001823;Hesperis matronalis L.;NA;Negative;JBUF;jbuf;Hesperis matronalis;Hesperis matronalis L.;species;NA;0;jbuf;46,792194;7,1568880;NA;LC-MS QExactive Plus;MeOH/H2O;plant specimen
20240328_EB_dbgi_001827_01_01_100mm_C18_15min_DDA_neg.mzML;dbgi_001827;Matthiola sinuata (L.) W.T.Aiton;NA;Negative;JBUF;jbuf;Matthiola sinuata;Matthiola sinuata (L.) W.T.Aiton;species;NA;0;jbuf;46,792194;7,1568770;NA;LC-MS QExactive Plus;MeOH/H2O;plant specimen
20240328_EB_dbgi_001828_01_01_100mm_C18_15min_DDA_neg.mzML;dbgi_001828;Hirschfeldia incana (L.) Lagr.-Foss.;NA;Negative;JBUF;jbuf;Hirschfeldia incana;Hirschfeldia incana (L.) Lagr.-Foss.;species;NA;0;jbuf;46,792156;7,1569270;NA;LC-MS QExactive Plus;MeOH/H2O;plant specimen
20240328_EB_dbgi_001836_01_01_100mm_C18_15min_DDA_neg.mzML;dbgi_001836;Amaranthus hypochondriacus L.;NA;Negative;JBUF;jbuf;Amaranthus hypochondriacus;Amaranthus hypochondriacus L.;species;NA;0;jbuf;46,792103;7,1568933;NA;LC-MS QExactive Plus;MeOH/H2O;plant specimen
20240328_EB_dbgi_001837_01_01_100mm_C18_15min_DDA_neg.mzML;dbgi_001837;Saponaria officinalis L.;NA;Negative;JBUF;jbuf;Saponaria officinalis;Saponaria officinalis L.;species;NA;0;jbuf;46,792133;7,1568685;NA;LC-MS QExactive Plus;MeOH/H2O;plant specimen
20240328_EB_dbgi_001838_01_01_100mm_C18_15min_DDA_neg.mzML;dbgi_001838;Petrorhagia prolifera (L.) P.W.Ball & Heywood;NA;Negative;JBUF;jbuf;Petrorhagia prolifera;Petrorhagia prolifera (L.) P.W.Ball & Heywood;species;NA;0;jbuf;46,792140;7,1568522;NA;LC-MS QExactive Plus;MeOH/H2O;plant specimen
20240328_EB_dbgi_001841_01_01_100mm_C18_15min_DDA_neg.mzML;dbgi_001841;Amaranthus retroflexus L.;NA;Negative;JBUF;jbuf;Amaranthus retroflexus;Amaranthus retroflexus L.;species;NA;0;jbuf;46,792095;7,1569366;NA;LC-MS QExactive Plus;MeOH/H2O;plant specimen
20240328_EB_dbgi_001848_01_01_100mm_C18_15min_DDA_neg.mzML;dbgi_001848;Amaranthus hypochondriacus L.;NA;Negative;JBUF;jbuf;Amaranthus hypochondriacus;Amaranthus hypochondriacus L.;species;NA;0;jbuf;46,792100;7,1569220;NA;LC-MS QExactive Plus;MeOH/H2O;plant specimen
20240328_EB_dbgi_001857_01_01_100mm_C18_15min_DDA_neg.mzML;dbgi_001857;Dianthus armeria L.;NA;Negative;JBUF;jbuf;Dianthus armeria;Dianthus armeria L.;species;NA;0;jbuf;46,792130;7,1569223;NA;LC-MS QExactive Plus;MeOH/H2O;plant specimen
20240328_EB_dbgi_001858_01_01_100mm_C18_15min_DDA_neg.mzML;dbgi_001858;Rheum rhaponticum L.;NA;Negative;JBUF;jbuf;Rheum rhaponticum;Rheum rhaponticum L.;species;NA;1;jbuf;46,792103;7,1571336;NA;LC-MS QExactive Plus;MeOH/H2O;plant specimen
20240328_EB_dbgi_001859_01_01_100mm_C18_15min_DDA_neg.mzML;dbgi_001859;Atriplex hortensis L.;NA;Negative;JBUF;jbuf;Atriplex hortensis;Atriplex hortensis L.;species;NA;0;jbuf;46,792114;7,1568575;NA;LC-MS QExactive Plus;MeOH/H2O;plant specimen
20240328_EB_dbgi_001860_01_01_100mm_C18_15min_DDA_neg.mzML;dbgi_001860;Sabulina juniperina (L.) Dillenb. & Kadereit;NA;Negative;JBUF;jbuf;Sabulina juniperina;Sabulina juniperina (L.) Dillenb. & Kadereit;species;NA;0;jbuf;46,792126;7,1569333;NA;LC-MS QExactive Plus;MeOH/H2O;plant specimen
20240328_EB_dbgi_001861_01_01_100mm_C18_15min_DDA_neg.mzML;dbgi_001861;Scleranthus annuus L.;NA;Negative;JBUF;jbuf;Scleranthus annuus;Scleranthus annuus L.;species;NA;0;jbuf;46,792120;7,1569276;NA;LC-MS QExactive Plus;MeOH/H2O;plant specimen
20240328_EB_dbgi_001862_01_01_100mm_C18_15min_DDA_neg.mzML;dbgi_001862;Dianthus chinensis L.;NA;Negative;JBUF;jbuf;Dianthus chinensis;Dianthus chinensis L.;species;NA;0;jbuf;46,792130;7,1569110;NA;LC-MS QExactive Plus;MeOH/H2O;plant specimen
20240328_EB_dbgi_001863_01_01_100mm_C18_15min_DDA_neg.mzML;dbgi_001863;Eremogone saxatilis (L.) Ikonn.;NA;Negative;JBUF;jbuf;Eremogone saxatilis;Eremogone saxatilis (L.) Ikonn.;species;NA;1;jbuf;46,792118;7,1569370;NA;LC-MS QExactive Plus;MeOH/H2O;plant specimen
20240328_EB_dbgi_001867_01_01_100mm_C18_15min_DDA_neg.mzML;dbgi_001867;Dysphania botrys (L.) Mosyakin & Clemants;NA;Negative;JBUF;jbuf;Dysphania botrys;Dysphania botrys (L.) Mosyakin & Clemants;species;NA;0;jbuf;46,792110;7,1568794;NA;LC-MS QExactive Plus;MeOH/H2O;plant specimen
20240328_EB_dbgi_001869_01_01_100mm_C18_15min_DDA_neg.mzML;dbgi_001869;Mesembryanthemum crystallinum L.;NA;Negative;JBUF;jbuf;Mesembryanthemum crystallinum;Mesembryanthemum crystallinum L.;species;NA;0;jbuf;46,792126;7,1568340;NA;LC-MS QExactive Plus;MeOH/H2O;plant specimen
20240328_EB_dbgi_001870_01_01_100mm_C18_15min_DDA_neg.mzML;dbgi_001870;Cerastium tomentosum L.;NA;Negative;JBUF;jbuf;Cerastium tomentosum;Cerastium tomentosum L.;species;NA;0;jbuf;46,792114;7,1569586;NA;LC-MS QExactive Plus;MeOH/H2O;plant specimen
20240328_EB_dbgi_001873_01_01_100mm_C18_15min_DDA_neg.mzML;dbgi_001873;Amaranthus caudatus L.;NA;Negative;JBUF;jbuf;Amaranthus caudatus;Amaranthus caudatus L.;species;NA;0;jbuf;46,792100;7,1569140;NA;LC-MS QExactive Plus;MeOH/H2O;plant specimen
20240328_EB_dbgi_001875_01_01_100mm_C18_15min_DDA_neg.mzML;dbgi_001875;Brassica oleracea L.;NA;Negative;JBUF;jbuf;Brassica oleracea;Brassica oleracea L.;species;NA;0;jbuf;46,792164;7,1570187;NA;LC-MS QExactive Plus;MeOH/H2O;plant specimen
20240328_EB_dbgi_001884_01_01_100mm_C18_15min_DDA_neg.mzML;dbgi_001884;Silene baccifera (L.) Durande;NA;Negative;JBUF;jbuf;Silene baccifera;Silene baccifera (L.) Durande;species;NA;0;jbuf;46,792145;7,1568513;NA;LC-MS QExactive Plus;MeOH/H2O;plant specimen
20240328_EB_dbgi_001893_01_01_100mm_C18_15min_DDA_neg.mzML;dbgi_001893;Camelina sativa (L.) Crantz;NA;Negative;JBUF;jbuf;Camelina sativa;Camelina sativa (L.) Crantz;species;NA;0;jbuf;46,792220;7,1567655;NA;LC-MS QExactive Plus;MeOH/H2O;plant specimen
20240328_EB_dbgi_001894_01_01_100mm_C18_15min_DDA_neg.mzML;dbgi_001894;Dianthus hyssopifolius L.;NA;Negative;JBUF;jbuf;Dianthus hyssopifolius;Dianthus hyssopifolius L.;species;NA;0;jbuf;46,792126;7,1568960;NA;LC-MS QExactive Plus;MeOH/H2O;plant specimen
20240328_EB_dbgi_001895_01_01_100mm_C18_15min_DDA_neg.mzML;dbgi_001895;Dianthus giganteus d'Urv.;NA;Negative;JBUF;jbuf;Dianthus giganteus;Dianthus giganteus d'Urv.;species;NA;0;jbuf;46,792126;7,1569014;NA;LC-MS QExactive Plus;MeOH/H2O;plant specimen
20240328_EB_dbgi_001910_01_01_100mm_C18_15min_DDA_neg.mzML;dbgi_001910;Blitum capitatum L.;NA;Negative;JBUF;jbuf;Blitum capitatum;Blitum capitatum L.;species;NA;0;jbuf;46,792114;7,1568610;NA;LC-MS QExactive Plus;MeOH/H2O;plant specimen
20240328_EB_dbgi_001912_01_01_100mm_C18_15min_DDA_neg.mzML;dbgi_001912;Rumex acetosa L.;NA;Negative;JBUF;jbuf;Rumex acetosa;Rumex acetosa L.;species;NA;0;jbuf;46,792103;7,1570983;NA;LC-MS QExactive Plus;MeOH/H2O;plant specimen
20240328_EB_dbgi_001915_01_01_100mm_C18_15min_DDA_neg.mzML;dbgi_001915;Indigofera heterantha Wall. ex Brandis;NA;Negative;JBUF;jbuf;Indigofera heterantha;Indigofera heterantha Wall. ex Brandis;species;NA;0;jbuf;46,792267;7,1572127;NA;LC-MS QExactive Plus;MeOH/H2O;plant specimen
20240328_EB_dbgi_001922_01_01_100mm_C18_15min_DDA_neg.mzML;dbgi_001922;Phaseolus vulgaris L.;NA;Negative;JBUF;jbuf;Phaseolus vulgaris;Phaseolus vulgaris L.;species;NA;0;jbuf;46,792244;7,1572060;NA;LC-MS QExactive Plus;MeOH/H2O;plant specimen
20240328_EB_dbgi_001928_01_01_100mm_C18_15min_DDA_neg.mzML;dbgi_001928;Cylindropuntia imbricata subsp. imbricata;NA;Negative;JBUF;jbuf;Cylindropuntia imbricata subsp. imbricata;Cylindropuntia imbricata subsp. imbricata;subspecies;NA;1;jbuf;46,792187;7,1566930;NA;LC-MS QExactive Plus;MeOH/H2O;plant specimen
20240328_EB_dbgi_001935_01_01_100mm_C18_15min_DDA_neg.mzML;dbgi_001935;Anthyllis vulneraria subsp. alpestris (Kit.) Asch. & Graebn.;NA;Negative;JBUF;jbuf;Anthyllis vulneraria subsp. alpestris;Anthyllis vulneraria subsp. alpestris (Kit.) Asch. & Graebn.;subspecies;NA;0;jbuf;46,792180;7,1571710;NA;LC-MS QExactive Plus;MeOH/H2O;plant specimen
20240328_EB_dbgi_002240_01_01_100mm_C18_15min_DDA_neg.mzML;dbgi_002240;Salix alba var. vitellina (L.) Stokes;NA;Negative;JBUF;jbuf;Salix alba var. vitellina;Salix alba var. vitellina (L.) Stokes;variety;NA;0;jbuf;46,792175;7,1572948;NA;LC-MS QExactive Plus;MeOH/H2O;plant specimen
20240328_EB_dbgi_002246_01_01_100mm_C18_15min_DDA_neg.mzML;dbgi_002246;Euphorbia marginata Pursh;NA;Negative;JBUF;jbuf;Euphorbia marginata;Euphorbia marginata Pursh;species;NA;0;jbuf;46,792100;7,1572213;NA;LC-MS QExactive Plus;MeOH/H2O;plant specimen
20240328_EB_dbgi_002247_01_01_100mm_C18_15min_DDA_neg.mzML;dbgi_002247;Euonymus europaeus L.;NA;Negative;JBUF;jbuf;Euonymus europaeus;Euonymus europaeus L.;species;NA;0;jbuf;46,792213;7,1573043;NA;LC-MS QExactive Plus;MeOH/H2O;plant specimen
20240328_EB_dbgi_002250_01_01_100mm_C18_15min_DDA_neg.mzML;dbgi_002250;Polygala vulgaris L.;NA;Negative;JBUF;jbuf;Polygala vulgaris;Polygala vulgaris L.;species;NA;0;jbuf;46,792496;7,1570888;NA;LC-MS QExactive Plus;MeOH/H2O;plant specimen
20240328_EB_dbgi_002253_01_01_100mm_C18_15min_DDA_neg.mzML;dbgi_002253;Euphorbia amygdaloides subsp. semiperfoliata (Viv.) Radcl.-Sm.;NA;Negative;JBUF;jbuf;Euphorbia amygdaloides subsp. semiperfoliata;Euphorbia amygdaloides subsp. semiperfoliata (Viv.) Radcl.-Sm.;subspecies;NA;0;jbuf;46,792107;7,1572146;NA;LC-MS QExactive Plus;MeOH/H2O;plant specimen
20240328_EB_dbgi_002265_01_01_100mm_C18_15min_DDA_neg.mzML;dbgi_002265;Hypericum perforatum subsp. perforatum;NA;Negative;JBUF;jbuf;Hypericum perforatum subsp. perforatum;Hypericum perforatum subsp. perforatum;subspecies;NA;0;jbuf;46,792110;7,1571927;NA;LC-MS QExactive Plus;MeOH/H2O;plant specimen
20240328_EB_dbgi_002272_01_01_100mm_C18_15min_DDA_neg.mzML;dbgi_002272;Hypericum ascyron L.;NA;Negative;JBUF;jbuf;Hypericum ascyron;Hypericum ascyron L.;species;NA;0;jbuf;46,792120;7,1572075;NA;LC-MS QExactive Plus;MeOH/H2O;plant specimen
20240328_EB_dbgi_002275_01_01_100mm_C18_15min_DDA_neg.mzML;dbgi_002275;Veronica serpyllifolia var. serpyllifolia;NA;Negative;JBUF;jbuf;Veronica serpyllifolia var. serpyllifolia;Veronica serpyllifolia var. serpyllifolia;variety;NA;0;jbuf;46,792550;7,1568260;NA;LC-MS QExactive Plus;MeOH/H2O;plant specimen
20240328_EB_dbgi_002277_01_01_100mm_C18_15min_DDA_neg.mzML;dbgi_002277;Datura stramonium var. godronii Danert;NA;Negative;JBUF;jbuf;Datura stramonium var. godronii;Datura stramonium var. godronii Danert;variety;NA;0;jbuf;46,792545;7,1566377;NA;LC-MS QExactive Plus;MeOH/H2O;plant specimen
20240328_EB_dbgi_002279_01_01_100mm_C18_15min_DDA_neg.mzML;dbgi_002279;Veronica spicata subsp. spicata;NA;Negative;JBUF;jbuf;Veronica spicata subsp. spicata;Veronica spicata subsp. spicata;subspecies;NA;0;jbuf;46,792550;7,1567984;NA;LC-MS QExactive Plus;MeOH/H2O;plant specimen
20240328_EB_dbgi_002288_01_01_100mm_C18_15min_DDA_neg.mzML;dbgi_002288;Exochorda racemosa (Lindl.) Rehder;NA;Negative;JBUF;jbuf;Exochorda racemosa;Exochorda racemosa (Lindl.) Rehder;species;NA;0;jbuf;46,792362;7,1572866;NA;LC-MS QExactive Plus;MeOH/H2O;plant specimen
20240328_EB_dbgi_002294_01_01_100mm_C18_15min_DDA_neg.mzML;dbgi_002294;Medicago sativa L.;NA;Negative;JBUF;jbuf;Medicago sativa;Medicago sativa L.;species;NA;0;jbuf;46,792202;7,1572210;NA;LC-MS QExactive Plus;MeOH/H2O;plant specimen
20240328_EB_dbgi_002312_01_01_100mm_C18_15min_DDA_neg.mzML;dbgi_002312;Linum grandiflorum Desf.;NA;Negative;JBUF;jbuf;Linum grandiflorum;Linum grandiflorum Desf.;species;NA;0;jbuf;46,792140;7,1572614;NA;LC-MS QExactive Plus;MeOH/H2O;plant specimen
20240328_EB_dbgi_002321_01_01_100mm_C18_15min_DDA_neg.mzML;dbgi_002321;Digitalis lutea L.;NA;Negative;JBUF;jbuf;Digitalis lutea;Digitalis lutea L.;species;NA;0;jbuf;46,792553;7,1567793;NA;LC-MS QExactive Plus;MeOH/H2O;plant specimen
20240328_EB_dbgi_002332_01_01_100mm_C18_15min_DDA_neg.mzML;dbgi_002332;Cladrastis kentukea (Dum.Cours.) Rudd;NA;Negative;JBUF;jbuf;Cladrastis kentukea;Cladrastis kentukea (Dum.Cours.) Rudd;species;NA;0;jbuf;46,792297;7,1572313;NA;LC-MS QExactive Plus;MeOH/H2O;plant specimen
20240328_EB_dbgi_002335_01_01_100mm_C18_15min_DDA_neg.mzML;dbgi_002335;Veronica fruticulosa L.;NA;Negative;JBUF;jbuf;Veronica fruticulosa;Veronica fruticulosa L.;species;NA;0;jbuf;46,792545;7,1568165;NA;LC-MS QExactive Plus;MeOH/H2O;plant specimen
20240328_EB_dbgi_002338_01_01_100mm_C18_15min_DDA_neg.mzML;dbgi_002338;Albizia julibrissin Durazz.;NA;Negative;JBUF;jbuf;Albizia julibrissin;Albizia julibrissin Durazz.;species;NA;0;jbuf;46,792427;7,1572084;NA;LC-MS QExactive Plus;MeOH/H2O;plant specimen
20240328_EB_dbgi_002356_01_01_100mm_C18_15min_DDA_neg.mzML;dbgi_002356;Pilea microphylla (L.) Liebm.;NA;Negative;JBUF;jbuf;Pilea microphylla;Pilea microphylla (L.) Liebm.;species;NA;0;jbuf;46,792160;7,1572350;NA;LC-MS QExactive Plus;MeOH/H2O;plant specimen
20240328_EB_dbgi_002359_01_01_100mm_C18_15min_DDA_neg.mzML;dbgi_002359;Ricinus communis L.;NA;Negative;JBUF;jbuf;Ricinus communis;Ricinus communis L.;species;NA;0;jbuf;46,792100;7,1572165;NA;LC-MS QExactive Plus;MeOH/H2O;plant specimen
20240328_EB_dbgi_002365_01_01_100mm_C18_15min_DDA_neg.mzML;dbgi_002365;Nothofagus antarctica (G.Forst.) Oerst.;NA;Negative;JBUF;jbuf;Nothofagus antarctica;Nothofagus antarctica (G.Forst.) Oerst.;species;NA;0;jbuf;46,792255;7,1573320;NA;LC-MS QExactive Plus;MeOH/H2O;plant specimen
20240328_EB_dbgi_002374_01_01_100mm_C18_15min_DDA_neg.mzML;dbgi_002374;Melicytus crassifolius (Hook.fil.) Garn.-Jones;NA;Negative;JBUF;jbuf;Melicytus crassifolius;Melicytus crassifolius (Hook.fil.) Garn.-Jones;species;NA;0;jbuf;46,792156;7,1572650;NA;LC-MS QExactive Plus;MeOH/H2O;plant specimen
20240328_EB_dbgi_002375_01_01_100mm_C18_15min_DDA_neg.mzML;dbgi_002375;Oxalis triangularis A.St.-Hil.;NA;Negative;JBUF;jbuf;Oxalis triangularis;Oxalis triangularis A.St.-Hil.;species;NA;0;jbuf;46,792133;7,1572127;NA;LC-MS QExactive Plus;MeOH/H2O;plant specimen
20240328_EB_dbgi_002385_01_01_100mm_C18_15min_DDA_neg.mzML;dbgi_002385;Leptopus chinensis (Bunge) Pojark.;NA;Negative;JBUF;jbuf;Leptopus chinensis;Leptopus chinensis (Bunge) Pojark.;species;NA;0;jbuf;46,792084;7,1571940;NA;LC-MS QExactive Plus;MeOH/H2O;plant specimen
20240328_EB_dbgi_002388_01_01_100mm_C18_15min_DDA_neg.mzML;dbgi_002388;Hypericum prolificum L.;NA;Negative;JBUF;jbuf;Hypericum prolificum;Hypericum prolificum L.;species;NA;0;jbuf;46,792126;7,1572010;NA;LC-MS QExactive Plus;MeOH/H2O;plant specimen
20240328_EB_dbgi_002390_01_01_100mm_C18_15min_DDA_neg.mzML;dbgi_002390;Parietaria officinalis L.;NA;Negative;JBUF;jbuf;Parietaria officinalis;Parietaria officinalis L.;species;NA;0;jbuf;46,792156;7,1572430;NA;LC-MS QExactive Plus;MeOH/H2O;plant specimen
20240328_EB_dbgi_002425_01_01_100mm_C18_15min_DDA_neg.mzML;dbgi_002425;Antirrhinum majus L.;NA;Negative;JBUF;jbuf;Antirrhinum majus;Antirrhinum majus L.;species;NA;0;jbuf;46,792557;7,1567640;NA;LC-MS QExactive Plus;MeOH/H2O;plant specimen
20240328_EB_dbgi_002429_01_01_100mm_C18_15min_DDA_neg.mzML;dbgi_002429;Nicotiana glutinosa L.;NA;Negative;JBUF;jbuf;Nicotiana glutinosa;Nicotiana glutinosa L.;species;NA;0;jbuf;46,792534;7,1567097;NA;LC-MS QExactive Plus;MeOH/H2O;plant specimen
20240328_EB_dbgi_002433_01_01_100mm_C18_15min_DDA_neg.mzML;dbgi_002433;Myosotis sylvatica Ehrh. ex Hoffm.;NA;Negative;JBUF;jbuf;Myosotis sylvatica;Myosotis sylvatica Ehrh. ex Hoffm.;species;NA;0;jbuf;46,792560;7,1566434;NA;LC-MS QExactive Plus;MeOH/H2O;plant specimen
20240328_EB_dbgi_002437_01_01_100mm_C18_15min_DDA_neg.mzML;dbgi_002437;Nicotiana rustica L.;NA;Negative;JBUF;jbuf;Nicotiana rustica;Nicotiana rustica L.;species;NA;0;jbuf;46,792534;7,1567160;NA;LC-MS QExactive Plus;MeOH/H2O;plant specimen
20240328_EB_dbgi_002443_01_01_100mm_C18_15min_DDA_neg.mzML;dbgi_002443;Prunus serrula Franch.;NA;Negative;JBUF;jbuf;Prunus serrula;Prunus serrula Franch.;species;NA;0;jbuf;46,792507;7,1573143;NA;LC-MS QExactive Plus;MeOH/H2O;plant specimen
20240328_EB_dbgi_002452_01_01_100mm_C18_15min_DDA_neg.mzML;dbgi_002452;Brugmansia insignis (Barb.Rodr.) Lockwood ex R.E.Schult.;NA;Negative;JBUF;jbuf;Brugmansia insignis;Brugmansia insignis (Barb.Rodr.) Lockwood ex R.E.Schult.;species;NA;0;jbuf;46,792550;7,1566076;NA;LC-MS QExactive Plus;MeOH/H2O;plant specimen
20240328_EB_dbgi_002454_01_01_100mm_C18_15min_DDA_neg.mzML;dbgi_002454;Cerinthe major L.;NA;Negative;JBUF;jbuf;Cerinthe major;Cerinthe major L.;species;NA;0;jbuf;46,792557;7,1565250;NA;LC-MS QExactive Plus;MeOH/H2O;plant specimen
20240328_EB_dbgi_002469_01_01_100mm_C18_15min_DDA_neg.mzML;dbgi_002469;Petunia axillaris (Lam.) Britton, Sterns & Poggenb.;NA;Negative;JBUF;jbuf;Petunia axillaris;Petunia axillaris (Lam.) Britton, Sterns & Poggenb.;species;NA;0;jbuf;46,792530;7,1567470;NA;LC-MS QExactive Plus;MeOH/H2O;plant specimen
20240328_EB_dbgi_002478_01_01_100mm_C18_15min_DDA_neg.mzML;dbgi_002478;Penstemon digitalis Nutt.;NA;Negative;JBUF;jbuf;Penstemon digitalis;Penstemon digitalis Nutt.;species;NA;0;jbuf;46,792553;7,1566987;NA;LC-MS QExactive Plus;MeOH/H2O;plant specimen
20240328_EB_dbgi_002482_01_01_100mm_C18_15min_DDA_neg.mzML;dbgi_002482;Veronica chamaedrys L.;NA;Negative;JBUF;jbuf;Veronica chamaedrys;Veronica chamaedrys L.;species;NA;0;jbuf;46,792545;7,1568213;NA;LC-MS QExactive Plus;MeOH/H2O;plant specimen
20240328_EB_dbgi_002483_01_01_100mm_C18_15min_DDA_neg.mzML;dbgi_002483;Borago officinalis L.;NA;Negative;JBUF;jbuf;Borago officinalis;Borago officinalis L.;species;NA;0;jbuf;46,792576;7,1565920;NA;LC-MS QExactive Plus;MeOH/H2O;plant specimen
20240328_EB_dbgi_002487_01_01_100mm_C18_15min_DDA_neg.mzML;dbgi_002487;Aegonychon purpurocaeruleum (L.) Holub;NA;Negative;JBUF;jbuf;Aegonychon purpurocaeruleum;Aegonychon purpurocaeruleum (L.) Holub;species;NA;0;jbuf;46,792570;7,1565614;NA;LC-MS QExactive Plus;MeOH/H2O;plant specimen
20240328_EB_dbgi_002489_01_01_100mm_C18_15min_DDA_neg.mzML;dbgi_002489;Solanum melongena L.;NA;Negative;JBUF;jbuf;Solanum melongena;Solanum melongena L.;species;NA;0;jbuf;46,792538;7,1565570;NA;LC-MS QExactive Plus;MeOH/H2O;plant specimen
20240328_EB_dbgi_002493_01_01_100mm_C18_15min_DDA_neg.mzML;dbgi_002493;Cymbalaria muralis G.Gaertn., B.Mey. & Scherb.;NA;Negative;JBUF;jbuf;Cymbalaria muralis;Cymbalaria muralis G.Gaertn., B.Mey. & Scherb.;species;NA;0;jbuf;46,792553;7,1567287;NA;LC-MS QExactive Plus;MeOH/H2O;plant specimen
20240328_EB_dbgi_002496_01_01_100mm_C18_15min_DDA_neg.mzML;dbgi_002496;Solanum viride G.Forst. ex Biehler;NA;Negative;JBUF;jbuf;Solanum viride;Solanum viride G.Forst. ex Biehler;species;NA;0;jbuf;46,792540;7,1565610;NA;LC-MS QExactive Plus;MeOH/H2O;plant specimen
20240328_EB_dbgi_002498_01_01_100mm_C18_15min_DDA_neg.mzML;dbgi_002498;Cynoglossum officinale L.;NA;Negative;JBUF;jbuf;Cynoglossum officinale;Cynoglossum officinale L.;species;NA;0;jbuf;46,792564;7,1566586;NA;LC-MS QExactive Plus;MeOH/H2O;plant specimen
20240328_EB_dbgi_002501_01_01_100mm_C18_15min_DDA_neg.mzML;dbgi_002501;Solanum pyracanthos Lam.;NA;Negative;JBUF;jbuf;Solanum pyracanthos;Solanum pyracanthos Lam.;species;NA;0;jbuf;46,792540;7,1565650;NA;LC-MS QExactive Plus;MeOH/H2O;plant specimen
20240328_EB_dbgi_002509_01_01_100mm_C18_15min_DDA_neg.mzML;dbgi_002509;Nicotiana langsdorffii Schrank;NA;Negative;JBUF;jbuf;Nicotiana langsdorffii;Nicotiana langsdorffii Schrank;species;NA;0;jbuf;46,792534;7,1567035;NA;LC-MS QExactive Plus;MeOH/H2O;plant specimen
20240328_EB_dbgi_002519_01_01_100mm_C18_15min_DDA_neg.mzML;dbgi_002519;Galium sylvaticum L.;NA;Negative;JBUF;jbuf;Galium sylvaticum;Galium sylvaticum L.;species;NA;0;jbuf;46,792520;7,1569295;NA;LC-MS QExactive Plus;MeOH/H2O;plant specimen
20240328_EB_dbgi_002521_01_01_100mm_C18_15min_DDA_neg.mzML;dbgi_002521;Datura innoxia Mill.;NA;Negative;JBUF;jbuf;Datura innoxia;Datura innoxia Mill.;species;NA;0;jbuf;46,792545;7,1566230;NA;LC-MS QExactive Plus;MeOH/H2O;plant specimen
20240328_EB_dbgi_002523_01_01_100mm_C18_15min_DDA_neg.mzML;dbgi_002523;Solanum dulcamara L.;NA;Negative;JBUF;jbuf;Solanum dulcamara;Solanum dulcamara L.;species;NA;0;jbuf;46,792530;7,1565430;NA;LC-MS QExactive Plus;MeOH/H2O;plant specimen
20240328_EB_dbgi_002532_01_01_100mm_C18_15min_DDA_neg.mzML;dbgi_002532;Myosotis arvensis (L.) Hill;NA;Negative;JBUF;jbuf;Myosotis arvensis;Myosotis arvensis (L.) Hill;species;NA;0;jbuf;46,792570;7,1566460;NA;LC-MS QExactive Plus;MeOH/H2O;plant specimen
20240328_EB_dbgi_002536_01_01_100mm_C18_15min_DDA_neg.mzML;dbgi_002536;Veronica prostrata subsp. prostrata;NA;Negative;JBUF;jbuf;Veronica prostrata subsp. prostrata;Veronica prostrata subsp. prostrata;subspecies;NA;0;jbuf;46,792550;7,1568340;NA;LC-MS QExactive Plus;MeOH/H2O;plant specimen
20240328_EB_dbgi_002542_01_01_100mm_C18_15min_DDA_neg.mzML;dbgi_002542;Asyneuma canescens (Waldst. & Kit.) Griseb. & Schenk;NA;Negative;JBUF;jbuf;Asyneuma canescens;Asyneuma canescens (Waldst. & Kit.) Griseb. & Schenk;species;NA;0;jbuf;46,792618;7,1570363;NA;LC-MS QExactive Plus;MeOH/H2O;plant specimen
20240328_EB_dbgi_002543_01_01_100mm_C18_15min_DDA_neg.mzML;dbgi_002543;Campanula latifolia L.;NA;Negative;JBUF;jbuf;Campanula latifolia;Campanula latifolia L.;species;NA;0;jbuf;46,792606;7,1570597;NA;LC-MS QExactive Plus;MeOH/H2O;plant specimen
20240328_EB_dbgi_002566_01_01_100mm_C18_15min_DDA_neg.mzML;dbgi_002566;Scabiosa columbaria L.;NA;Negative;JBUF;jbuf;Scabiosa columbaria;Scabiosa columbaria L.;species;NA;0;jbuf;46,792595;7,1569430;NA;LC-MS QExactive Plus;MeOH/H2O;plant specimen
20240328_EB_dbgi_002592_01_01_100mm_C18_15min_DDA_neg.mzML;dbgi_002592;Campanula trachelium L.;NA;Negative;JBUF;jbuf;Campanula trachelium;Campanula trachelium L.;species;NA;0;jbuf;46,792610;7,1570590;NA;LC-MS QExactive Plus;MeOH/H2O;plant specimen
20240328_EB_dbgi_002600_01_01_100mm_C18_15min_DDA_neg.mzML;dbgi_002600;Syringa vulgaris L.;NA;Negative;JBUF;jbuf;Syringa vulgaris;Syringa vulgaris L.;species;NA;0;jbuf;46,792557;7,1571060;NA;LC-MS QExactive Plus;MeOH/H2O;plant specimen
20240328_EB_dbgi_002603_01_01_100mm_C18_15min_DDA_neg.mzML;dbgi_002603;Aegopodium podagraria L.;NA;Negative;JBUF;jbuf;Aegopodium podagraria;Aegopodium podagraria L.;species;NA;0;jbuf;46,792625;7,1566360;NA;LC-MS QExactive Plus;MeOH/H2O;plant specimen
20240328_EB_dbgi_002606_01_01_100mm_C18_15min_DDA_neg.mzML;dbgi_002606;Centaurea scabiosa L.;NA;Negative;JBUF;jbuf;Centaurea scabiosa;Centaurea scabiosa L.;species;NA;0;jbuf;46,792640;7,1568030;NA;LC-MS QExactive Plus;MeOH/H2O;plant specimen
20240328_EB_dbgi_002607_01_01_100mm_C18_15min_DDA_neg.mzML;dbgi_002607;Adenophora liliifolia (L.) A.DC.;NA;Negative;JBUF;jbuf;Adenophora liliifolia;Adenophora liliifolia (L.) A.DC.;species;NA;0;jbuf;46,792603;7,1570697;NA;LC-MS QExactive Plus;MeOH/H2O;plant specimen
20240328_EB_dbgi_002613_01_01_100mm_C18_15min_DDA_neg.mzML;dbgi_002613;Succisa pratensis Moench;NA;Negative;JBUF;jbuf;Succisa pratensis;Succisa pratensis Moench;species;NA;0;jbuf;46,792600;7,1569223;NA;LC-MS QExactive Plus;MeOH/H2O;plant specimen
20240328_EB_dbgi_002618_01_01_100mm_C18_15min_DDA_neg.mzML;dbgi_002618;Weigela florida (Bunge) A.DC.;NA;Negative;JBUF;jbuf;Weigela florida;Weigela florida (Bunge) A.DC.;species;NA;0;jbuf;46,792610;7,1567717;NA;LC-MS QExactive Plus;MeOH/H2O;plant specimen
20240328_EB_dbgi_002622_01_01_100mm_C18_15min_DDA_neg.mzML;dbgi_002622;Cirsium vulgare (Savi) Ten.;NA;Negative;JBUF;jbuf;Cirsium vulgare;Cirsium vulgare (Savi) Ten.;species;NA;0;jbuf;46,792637;7,1568710;NA;LC-MS QExactive Plus;MeOH/H2O;plant specimen
20240328_EB_dbgi_002623_01_01_100mm_C18_15min_DDA_neg.mzML;dbgi_002623;Lophiolepis eriophora (L.) Del Guacchio, Bureš, Iamonico & P.Caputo;NA;Negative;JBUF;jbuf;Lophiolepis eriophora;Lophiolepis eriophora (L.) Del Guacchio, Bureš, Iamonico & P.Caputo;species;NA;0;jbuf;46,792633;7,1568810;NA;LC-MS QExactive Plus;MeOH/H2O;plant specimen
20240328_EB_dbgi_002624_01_01_100mm_C18_15min_DDA_neg.mzML;dbgi_002624;Lonicera caerulea subsp. caerulea;NA;Negative;JBUF;jbuf;Lonicera caerulea subsp. caerulea;Lonicera caerulea subsp. caerulea;subspecies;NA;0;jbuf;46,792603;7,1568080;NA;LC-MS QExactive Plus;MeOH/H2O;plant specimen
20240328_EB_dbgi_002628_01_01_100mm_C18_15min_DDA_neg.mzML;dbgi_002628;Lonicera xylosteum L.;NA;Negative;JBUF;jbuf;Lonicera xylosteum;Lonicera xylosteum L.;species;NA;0;jbuf;46,792606;7,1568000;NA;LC-MS QExactive Plus;MeOH/H2O;plant specimen
20240328_EB_dbgi_002635_01_01_100mm_C18_15min_DDA_neg.mzML;dbgi_002635;Artemisia dracunculus L.;NA;Negative;JBUF;jbuf;Artemisia dracunculus;Artemisia dracunculus L.;species;NA;0;jbuf;46,792683;7,1566250;NA;LC-MS QExactive Plus;MeOH/H2O;plant specimen
20240328_EB_dbgi_002636_01_01_100mm_C18_15min_DDA_neg.mzML;dbgi_002636;Eleutherococcus leucorrhizus var. setchuenensis (Harms) C.B.Shang & J.Y.Huang;NA;Negative;JBUF;jbuf;Eleutherococcus leucorrhizus var. setchuenensis;Eleutherococcus leucorrhizus var. setchuenensis (Harms) C.B.Shang & J.Y.Huang;variety;NA;0;jbuf;46,792580;7,1564507;NA;LC-MS QExactive Plus;MeOH/H2O;plant specimen
20240328_EB_dbgi_002641_01_01_100mm_C18_15min_DDA_neg.mzML;dbgi_002641;Petroselinum crispum (Mill.) Fuss;NA;Negative;JBUF;jbuf;Petroselinum crispum;Petroselinum crispum (Mill.) Fuss;species;NA;0;jbuf;46,792620;7,1566610;NA;LC-MS QExactive Plus;MeOH/H2O;plant specimen
20240328_EB_dbgi_002642_01_01_100mm_C18_15min_DDA_neg.mzML;dbgi_002642;Betonica officinalis subsp. officinalis;NA;Negative;JBUF;jbuf;Betonica officinalis subsp. officinalis;Betonica officinalis subsp. officinalis;subspecies;NA;0;jbuf;46,792606;7,1565285;NA;LC-MS QExactive Plus;MeOH/H2O;plant specimen
20240328_EB_dbgi_002643_01_01_100mm_C18_15min_DDA_neg.mzML;dbgi_002643;Ilex aquifolium L.;NA;Negative;JBUF;jbuf;Ilex aquifolium;Ilex aquifolium L.;species;NA;0;jbuf;46,792580;7,1571610;NA;LC-MS QExactive Plus;MeOH/H2O;plant specimen
20240328_EB_dbgi_002645_01_01_100mm_C18_15min_DDA_neg.mzML;dbgi_002645;Lobelia erinus L.;NA;Negative;JBUF;jbuf;Lobelia erinus;Lobelia erinus L.;species;NA;0;jbuf;46,792595;7,1571000;NA;LC-MS QExactive Plus;MeOH/H2O;plant specimen
20240328_EB_dbgi_002648_01_01_100mm_C18_15min_DDA_neg.mzML;dbgi_002648;Ilex verticillata (L.) A.Gray;NA;Negative;JBUF;jbuf;Ilex verticillata;Ilex verticillata (L.) A.Gray;species;NA;0;jbuf;46,792600;7,1571570;NA;LC-MS QExactive Plus;MeOH/H2O;plant specimen
20240328_EB_dbgi_002650_01_01_100mm_C18_15min_DDA_neg.mzML;dbgi_002650;Falcaria vulgaris Bernh.;NA;Negative;JBUF;jbuf;Falcaria vulgaris;Falcaria vulgaris Bernh.;species;NA;0;jbuf;46,792618;7,1566330;NA;LC-MS QExactive Plus;MeOH/H2O;plant specimen
20240328_EB_dbgi_002652_01_01_100mm_C18_15min_DDA_neg.mzML;dbgi_002652;Seseli montanum L.;NA;Negative;JBUF;jbuf;Seseli montanum;Seseli montanum L.;species;NA;0;jbuf;46,792630;7,1565770;NA;LC-MS QExactive Plus;MeOH/H2O;plant specimen
20240328_EB_dbgi_002653_01_01_100mm_C18_15min_DDA_neg.mzML;dbgi_002653;Lamium album L.;NA;Negative;JBUF;jbuf;Lamium album;Lamium album L.;species;NA;0;jbuf;46,792570;7,1564827;NA;LC-MS QExactive Plus;MeOH/H2O;plant specimen
20240328_EB_dbgi_002660_01_01_100mm_C18_15min_DDA_neg.mzML;dbgi_002660;Viburnum lantana L.;NA;Negative;JBUF;jbuf;Viburnum lantana;Viburnum lantana L.;species;NA;0;jbuf;46,792618;7,1567073;NA;LC-MS QExactive Plus;MeOH/H2O;plant specimen
20240328_EB_dbgi_002661_01_01_100mm_C18_15min_DDA_neg.mzML;dbgi_002661;Cephalaria gigantea (Ledeb.) Bobrov;NA;Negative;JBUF;jbuf;Cephalaria gigantea;Cephalaria gigantea (Ledeb.) Bobrov;species;NA;0;jbuf;46,792590;7,1569295;NA;LC-MS QExactive Plus;MeOH/H2O;plant specimen
20240328_EB_dbgi_002665_01_01_100mm_C18_15min_DDA_neg.mzML;dbgi_002665;Foeniculum vulgare Mill.;NA;Negative;JBUF;jbuf;Foeniculum vulgare;Foeniculum vulgare Mill.;species;NA;0;jbuf;46,792620;7,1566440;NA;LC-MS QExactive Plus;MeOH/H2O;plant specimen
20240328_EB_dbgi_002666_01_01_100mm_C18_15min_DDA_neg.mzML;dbgi_002666;Viburnum dilatatum Thunb.;NA;Negative;JBUF;jbuf;Viburnum dilatatum;Viburnum dilatatum Thunb.;species;NA;0;jbuf;46,792614;7,1567230;NA;LC-MS QExactive Plus;MeOH/H2O;plant specimen
20240328_EB_dbgi_002671_01_01_100mm_C18_15min_DDA_neg.mzML;dbgi_002671;Carduus acanthoides L.;NA;Negative;JBUF;jbuf;Carduus acanthoides;Carduus acanthoides L.;species;NA;0;jbuf;46,792633;7,1568630;NA;LC-MS QExactive Plus;MeOH/H2O;plant specimen
20240328_EB_dbgi_002677_01_01_100mm_C18_15min_DDA_neg.mzML;dbgi_002677;Arctium tomentosum Mill.;NA;Negative;JBUF;jbuf;Arctium tomentosum;Arctium tomentosum Mill.;species;NA;0;jbuf;46,792633;7,1568413;NA;LC-MS QExactive Plus;MeOH/H2O;plant specimen
20240328_EB_dbgi_002690_01_01_100mm_C18_15min_DDA_neg.mzML;dbgi_002690;Petroselinum crispum (Mill.) Fuss;NA;Negative;JBUF;jbuf;Petroselinum crispum;Petroselinum crispum (Mill.) Fuss;species;NA;0;jbuf;46,792618;7,1566570;NA;LC-MS QExactive Plus;MeOH/H2O;plant specimen
20240328_EB_dbgi_002693_01_01_100mm_C18_15min_DDA_neg.mzML;dbgi_002693;Lomelosia graminifolia (L.) Greuter & Burdet;NA;Negative;JBUF;jbuf;Lomelosia graminifolia;Lomelosia graminifolia (L.) Greuter & Burdet;species;NA;0;jbuf;46,792587;7,1569605;NA;LC-MS QExactive Plus;MeOH/H2O;plant specimen
20240328_EB_dbgi_002698_01_01_100mm_C18_15min_DDA_neg.mzML;dbgi_002698;Echinops sphaerocephalus L.;NA;Negative;JBUF;jbuf;Echinops sphaerocephalus;Echinops sphaerocephalus L.;species;NA;0;jbuf;46,792625;7,1569520;NA;LC-MS QExactive Plus;MeOH/H2O;plant specimen
20240328_EB_dbgi_002699_01_01_100mm_C18_15min_DDA_neg.mzML;dbgi_002699;Tanacetum cinerariifolium (Trevis.) Sch.Bip.;NA;Negative;JBUF;jbuf;Tanacetum cinerariifolium;Tanacetum cinerariifolium (Trevis.) Sch.Bip.;species;NA;0;jbuf;46,792675;7,1566860;NA;LC-MS QExactive Plus;MeOH/H2O;plant specimen
20240328_EB_dbgi_002702_01_01_100mm_C18_15min_DDA_neg.mzML;dbgi_002702;Pseudopodospermum hispanicum subsp. hispanicum;NA;Negative;JBUF;jbuf;Pseudopodospermum hispanicum subsp. hispanicum;Pseudopodospermum hispanicum subsp. hispanicum;subspecies;NA;1;jbuf;46,792640;7,1567535;NA;LC-MS QExactive Plus;MeOH/H2O;plant specimen
20240328_EB_dbgi_002704_01_01_100mm_C18_15min_DDA_neg.mzML;dbgi_002704;Monardella odoratissima Benth.;NA;Negative;JBUF;jbuf;Monardella odoratissima;Monardella odoratissima Benth.;species;NA;1;jbuf;46,792610;7,1565850;NA;LC-MS QExactive Plus;MeOH/H2O;plant specimen
20240328_EB_dbgi_002715_01_01_100mm_C18_15min_DDA_neg.mzML;dbgi_002715;Carlina vulgaris L.;NA;Negative;JBUF;jbuf;Carlina vulgaris;Carlina vulgaris L.;species;NA;0;jbuf;46,792625;7,1569653;NA;LC-MS QExactive Plus;MeOH/H2O;plant specimen
20240328_EB_dbgi_002725_01_01_100mm_C18_15min_DDA_neg.mzML;dbgi_002725;Campanula rapunculus L.;NA;Negative;JBUF;jbuf;Campanula rapunculus;Campanula rapunculus L.;species;NA;1;jbuf;46,792614;7,1570334;NA;LC-MS QExactive Plus;MeOH/H2O;plant specimen
20240328_EB_dbgi_002727_01_01_100mm_C18_15min_DDA_neg.mzML;dbgi_002727;Serratula tinctoria L.;NA;Negative;JBUF;jbuf;Serratula tinctoria;Serratula tinctoria L.;species;NA;0;jbuf;46,792640;7,1568213;NA;LC-MS QExactive Plus;MeOH/H2O;plant specimen
20240328_EB_dbgi_002728_01_01_100mm_C18_15min_DDA_neg.mzML;dbgi_002728;Hieracium laevigatum Willd.;NA;Negative;JBUF;jbuf;Hieracium laevigatum;Hieracium laevigatum Willd.;species;NA;0;jbuf;46,792664;7,1565995;NA;LC-MS QExactive Plus;MeOH/H2O;plant specimen
20240328_EB_dbgi_002729_01_01_100mm_C18_15min_DDA_neg.mzML;dbgi_002729;Trachelium caeruleum L.;NA;Negative;JBUF;jbuf;Trachelium caeruleum;Trachelium caeruleum L.;species;NA;0;jbuf;46,792603;7,1570864;NA;LC-MS QExactive Plus;MeOH/H2O;plant specimen
20240328_EB_dbgi_002732_01_01_100mm_C18_15min_DDA_neg.mzML;dbgi_002732;Campanula persicifolia L.;NA;Negative;JBUF;jbuf;Campanula persicifolia;Campanula persicifolia L.;species;NA;0;jbuf;46,792614;7,1570410;NA;LC-MS QExactive Plus;MeOH/H2O;plant specimen
20240328_EB_dbgi_002733_01_01_100mm_C18_15min_DDA_neg.mzML;dbgi_002733;Calendula officinalis L.;NA;Negative;JBUF;jbuf;Calendula officinalis;Calendula officinalis L.;species;NA;0;jbuf;46,792633;7,1564584;NA;LC-MS QExactive Plus;MeOH/H2O;plant specimen
20240328_EB_dbgi_002743_01_01_100mm_C18_15min_DDA_neg.mzML;dbgi_002743;Elsholtzia stauntonii Benth.;NA;Negative;JBUF;jbuf;Elsholtzia stauntonii;Elsholtzia stauntonii Benth.;species;NA;0;jbuf;46,792583;7,1568570;NA;LC-MS QExactive Plus;MeOH/H2O;plant specimen
20240328_EB_dbgi_002747_01_01_100mm_C18_15min_DDA_neg.mzML;dbgi_002747;Hieracium murorum L.;NA;Negative;JBUF;jbuf;Hieracium murorum;Hieracium murorum L.;species;NA;0;jbuf;46,792667;7,1565780;NA;LC-MS QExactive Plus;MeOH/H2O;plant specimen
20240328_EB_dbgi_002959_01_01_100mm_C18_15min_DDA_neg.mzML;dbgi_002959;Glebionis segetum (L.) Fourr.;NA;Negative;JBUF;jbuf;Glebionis segetum;Glebionis segetum (L.) Fourr.;species;NA;0;jbuf;46,792664;7,1567755;NA;LC-MS QExactive Plus;MeOH/H2O;plant specimen
20240328_EB_dbgi_002962_01_01_100mm_C18_15min_DDA_neg.mzML;dbgi_002962;Eupatorium cannabinum L.;NA;Negative;JBUF;jbuf;Eupatorium cannabinum;Eupatorium cannabinum L.;species;NA;0;jbuf;46,792614;7,1571183;NA;LC-MS QExactive Plus;MeOH/H2O;plant specimen
20240328_EB_dbgi_002972_01_01_100mm_C18_15min_DDA_neg.mzML;dbgi_002972;Ageratina altissima (L.) R.M.King & H.Rob.;NA;Negative;JBUF;jbuf;Ageratina altissima;Ageratina altissima (L.) R.M.King & H.Rob.;species;NA;0;jbuf;46,792620;7,1571070;NA;LC-MS QExactive Plus;MeOH/H2O;plant specimen
20240328_EB_dbgi_002975_01_01_100mm_C18_15min_DDA_neg.mzML;dbgi_002975;Helenium autumnale L.;NA;Negative;JBUF;jbuf;Helenium autumnale;Helenium autumnale L.;species;NA;0;jbuf;46,792660;7,1568327;NA;LC-MS QExactive Plus;MeOH/H2O;plant specimen
20240328_EB_dbgi_002990_01_01_100mm_C18_15min_DDA_neg.mzML;dbgi_002990;Helichrysum petiolare Hilliard & B.L.Burtt;NA;Negative;JBUF;jbuf;Helichrysum petiolare;Helichrysum petiolare Hilliard & B.L.Burtt;species;NA;0;jbuf;46,792656;7,1564484;NA;LC-MS QExactive Plus;MeOH/H2O;plant specimen
20240328_EB_dbgi_003010_01_01_100mm_C18_15min_DDA_neg.mzML;dbgi_003010;Scorzoneroides autumnalis subsp. autumnalis;NA;Negative;JBUF;jbuf;Scorzoneroides autumnalis subsp. autumnalis;Scorzoneroides autumnalis subsp. autumnalis;subspecies;NA;0;jbuf;46,792652;7,1566777;NA;LC-MS QExactive Plus;MeOH/H2O;plant specimen
20240328_EB_dbgi_003011_01_01_100mm_C18_15min_DDA_neg.mzML;dbgi_003011;Emilia coccinea (Sims) G.Don;NA;Negative;JBUF;jbuf;Emilia coccinea;Emilia coccinea (Sims) G.Don;species;NA;0;jbuf;46,792645;7,1564750;NA;LC-MS QExactive Plus;MeOH/H2O;plant specimen
20240328_EB_dbgi_003013_01_01_100mm_C18_15min_DDA_neg.mzML;dbgi_003013;Symphyotrichum novi-belgii (L.) G.L.Nesom;NA;Negative;JBUF;jbuf;Symphyotrichum novi-belgii;Symphyotrichum novi-belgii (L.) G.L.Nesom;species;NA;0;jbuf;46,792680;7,1565895;NA;LC-MS QExactive Plus;MeOH/H2O;plant specimen
20240328_EB_dbgi_003016_01_01_100mm_C18_15min_DDA_neg.mzML;dbgi_003016;Baccharis halimifolia L.;NA;Negative;JBUF;jbuf;Baccharis halimifolia;Baccharis halimifolia L.;species;NA;0;jbuf;46,792680;7,1565040;NA;LC-MS QExactive Plus;MeOH/H2O;plant specimen
20240328_EB_dbgi_003021_01_01_100mm_C18_15min_DDA_neg.mzML;dbgi_003021;Boltonia asteroides (L.) L'Hér.;NA;Negative;JBUF;jbuf;Boltonia asteroides;Boltonia asteroides (L.) L'Hér.;species;NA;0;jbuf;46,792686;7,1565595;NA;LC-MS QExactive Plus;MeOH/H2O;plant specimen
20240328_EB_dbgi_003029_01_01_100mm_C18_15min_DDA_neg.mzML;dbgi_003029;Vernonia noveboracensis (L.) Willd.;NA;Negative;JBUF;jbuf;Vernonia noveboracensis;Vernonia noveboracensis (L.) Willd.;species;NA;0;jbuf;46,792664;7,1565394;NA;LC-MS QExactive Plus;MeOH/H2O;plant specimen
20240328_EB_dbgi_003030_01_01_100mm_C18_15min_DDA_neg.mzML;dbgi_003030;Leucanthemella serotina (L.) Tzvelev;NA;Negative;JBUF;jbuf;Leucanthemella serotina;Leucanthemella serotina (L.) Tzvelev;species;NA;0;jbuf;46,792680;7,1566534;NA;LC-MS QExactive Plus;MeOH/H2O;plant specimen
20240328_EB_dbgi_003035_01_01_100mm_C18_15min_DDA_neg.mzML;dbgi_003035;Solidago virgaurea L.;NA;Negative;JBUF;jbuf;Solidago virgaurea;Solidago virgaurea L.;species;NA;1;jbuf;46,792686;7,1565237;NA;LC-MS QExactive Plus;MeOH/H2O;plant specimen
20240328_EB_dbgi_003036_01_01_100mm_C18_15min_DDA_neg.mzML;dbgi_003036;Symphyotrichum oolentangiense (Riddell) G.L.Nesom;NA;Negative;JBUF;jbuf;Symphyotrichum oolentangiense;Symphyotrichum oolentangiense (Riddell) G.L.Nesom;species;NA;0;jbuf;46,792683;7,1565720;NA;LC-MS QExactive Plus;MeOH/H2O;plant specimen
20240328_EB_dbgi_003039_01_01_100mm_C18_15min_DDA_neg.mzML;dbgi_003039;Hieracium glaucum All.;NA;Negative;JBUF;jbuf;Hieracium glaucum;Hieracium glaucum All.;species;NA;0;jbuf;46,792660;7,1565843;NA;LC-MS QExactive Plus;MeOH/H2O;plant specimen
20240328_EB_dbgi_003040_01_01_100mm_C18_15min_DDA_neg.mzML;dbgi_003040;Pseudognaphalium luteoalbum (L.) Hilliard & B.L.Burtt;NA;Negative;JBUF;jbuf;Pseudognaphalium luteoalbum;Pseudognaphalium luteoalbum (L.) Hilliard & B.L.Burtt;species;NA;0;jbuf;46,792660;7,1564503;NA;LC-MS QExactive Plus;MeOH/H2O;plant specimen
20240328_EB_dbgi_003043_01_01_100mm_C18_15min_DDA_neg.mzML;dbgi_003043;Artemisia pontica L.;NA;Negative;JBUF;jbuf;Artemisia pontica;Artemisia pontica L.;species;NA;0;jbuf;46,792680;7,1566415;NA;LC-MS QExactive Plus;MeOH/H2O;plant specimen
20240328_EB_dbgi_003045_01_01_100mm_C18_15min_DDA_neg.mzML;dbgi_003045;Tibetiodes himalaica (C.B.Clarke) G.L.Nesom;NA;Negative;JBUF;jbuf;Tibetiodes himalaica;Tibetiodes himalaica (C.B.Clarke) G.L.Nesom;species;NA;0;jbuf;46,792670;7,1564713;NA;LC-MS QExactive Plus;MeOH/H2O;plant specimen
20240328_EB_dbgi_003046_01_01_100mm_C18_15min_DDA_neg.mzML;dbgi_003046;Filago germanica L.;NA;Negative;JBUF;jbuf;Filago germanica;Filago germanica L.;species;NA;0;jbuf;46,792652;7,1564417;NA;LC-MS QExactive Plus;MeOH/H2O;plant specimen
20240328_EB_dbgi_003049_01_01_100mm_C18_15min_DDA_neg.mzML;dbgi_003049;Anaphalis margaritacea (L.) Benth.;NA;Negative;JBUF;jbuf;Anaphalis margaritacea;Anaphalis margaritacea (L.) Benth.;species;NA;0;jbuf;46,792652;7,1564370;NA;LC-MS QExactive Plus;MeOH/H2O;plant specimen
20240328_EB_dbgi_003050_01_01_100mm_C18_15min_DDA_neg.mzML;dbgi_003050;Arctotis venusta Norl.;NA;Negative;JBUF;jbuf;Arctotis venusta;Arctotis venusta Norl.;species;NA;0;jbuf;46,792664;7,1565557;NA;LC-MS QExactive Plus;MeOH/H2O;plant specimen
20240328_EB_dbgi_003051_01_01_100mm_C18_15min_DDA_neg.mzML;dbgi_003051;Callistephus chinensis (L.) Nees;NA;Negative;JBUF;jbuf;Callistephus chinensis;Callistephus chinensis (L.) Nees;species;NA;0;jbuf;46,792680;7,1564956;NA;LC-MS QExactive Plus;MeOH/H2O;plant specimen
20240328_EB_dbgi_003056_01_01_100mm_C18_15min_DDA_neg.mzML;dbgi_003056;Galatella linosyris subsp. linosyris;NA;Negative;JBUF;jbuf;Galatella linosyris subsp. linosyris;Galatella linosyris subsp. linosyris;subspecies;NA;0;jbuf;46,792664;7,1564670;NA;LC-MS QExactive Plus;MeOH/H2O;plant specimen
20240328_EB_dbgi_003058_01_01_100mm_C18_15min_DDA_neg.mzML;dbgi_003058;Coreopsis tinctoria Nutt.;NA;Negative;JBUF;jbuf;Coreopsis tinctoria;Coreopsis tinctoria Nutt.;species;NA;0;jbuf;46,792660;7,1568450;NA;LC-MS QExactive Plus;MeOH/H2O;plant specimen
20240405_EB_dbgi_001189_01_01_100mm_C18_15min_DDA_ELON_pos.mzML;dbgi_001189;Geranium pratense L.;NA;Positive;JBUF;jbuf;Geranium pratense;Geranium pratense L.;species;NA;0;jbuf;46,792280;7,1570140;NA;LC-MS QExactive Plus;MeOH/H2O;plant specimen
20240405_EB_dbgi_001191_01_01_100mm_C18_15min_DDA_ELON_pos.mzML;dbgi_001191;Delphinium grandiflorum L.;NA;Positive;JBUF;jbuf;Delphinium grandiflorum;Delphinium grandiflorum L.;species;NA;0;jbuf;46,792465;7,1564627;NA;LC-MS QExactive Plus;MeOH/H2O;plant specimen
20240405_EB_dbgi_001201_01_01_100mm_C18_15min_DDA_ELON_pos.mzML;dbgi_001201;Epilobium montanum L.;NA;Positive;JBUF;jbuf;Epilobium montanum;Epilobium montanum L.;species;NA;0;jbuf;46,792270;7,1569653;NA;LC-MS QExactive Plus;MeOH/H2O;plant specimen
20240405_EB_dbgi_001778_01_01_100mm_C18_15min_DDA_ELON_pos.mzML;dbgi_001778;Alcea rosea L.;NA;Positive;JBUF;jbuf;Alcea rosea;Alcea rosea L.;species;NA;0;jbuf;46,792194;7,1570300;NA;LC-MS QExactive Plus;MeOH/H2O;plant specimen
20240405_EB_dbgi_001793_01_01_100mm_C18_15min_DDA_ELON_pos.mzML;dbgi_001793;Liriodendron chinense (Hemsl.) Sarg.;NA;Positive;JBUF;jbuf;Liriodendron chinense;Liriodendron chinense (Hemsl.) Sarg.;species;NA;0;jbuf;46,792263;7,1568356;NA;LC-MS QExactive Plus;MeOH/H2O;plant specimen
20240405_EB_dbgi_001797_01_01_100mm_C18_15min_DDA_ELON_pos.mzML;dbgi_001797;Reseda lutea L.;NA;Positive;JBUF;jbuf;Reseda lutea;Reseda lutea L.;species;NA;0;jbuf;46,792217;7,1568260;NA;LC-MS QExactive Plus;MeOH/H2O;plant specimen
20240405_EB_dbgi_001798_01_01_100mm_C18_15min_DDA_ELON_pos.mzML;dbgi_001798;Tarenaya spinosa (Jacq.) Raf.;NA;Positive;JBUF;jbuf;Tarenaya spinosa;Tarenaya spinosa (Jacq.) Raf.;species;NA;0;jbuf;46,792206;7,1568494;NA;LC-MS QExactive Plus;MeOH/H2O;plant specimen
20240405_EB_dbgi_001812_01_01_100mm_C18_15min_DDA_ELON_pos.mzML;dbgi_001812;Lunaria rediviva L.;NA;Positive;JBUF;jbuf;Lunaria rediviva;Lunaria rediviva L.;species;NA;0;jbuf;46,792187;7,1568960;NA;LC-MS QExactive Plus;MeOH/H2O;plant specimen
20240405_EB_dbgi_001832_01_01_100mm_C18_15min_DDA_ELON_pos.mzML;dbgi_001832;Beta maritima L.;NA;Positive;JBUF;jbuf;Beta maritima;Beta maritima L.;species;NA;0;jbuf;46,792118;7,1568446;NA;LC-MS QExactive Plus;MeOH/H2O;plant specimen
20240405_EB_dbgi_001842_01_01_100mm_C18_15min_DDA_ELON_pos.mzML;dbgi_001842;Dianthus collinus Waldst. & Kit.;NA;Positive;JBUF;jbuf;Dianthus collinus;Dianthus collinus Waldst. & Kit.;species;NA;0;jbuf;46,792137;7,1568723;NA;LC-MS QExactive Plus;MeOH/H2O;plant specimen
20240405_EB_dbgi_001846_01_01_100mm_C18_15min_DDA_ELON_pos.mzML;dbgi_001846;Stellaria graminea L.;NA;Positive;JBUF;jbuf;Stellaria graminea;Stellaria graminea L.;species;NA;0;jbuf;46,792114;7,1569770;NA;LC-MS QExactive Plus;MeOH/H2O;plant specimen
20240405_EB_dbgi_001855_01_01_100mm_C18_15min_DDA_ELON_pos.mzML;dbgi_001855;Brassica oleracea var. oleracea L.;NA;Positive;JBUF;jbuf;Brassica oleracea var. oleracea;Brassica oleracea var. oleracea L.;variety;NA;0;jbuf;46,792160;7,1571236;NA;LC-MS QExactive Plus;MeOH/H2O;plant specimen
20240405_EB_dbgi_001866_01_01_100mm_C18_15min_DDA_ELON_pos.mzML;dbgi_001866;Lepidium virginicum L.;NA;Positive;JBUF;jbuf;Lepidium virginicum;Lepidium virginicum L.;species;NA;0;jbuf;46,792220;7,1567554;NA;LC-MS QExactive Plus;MeOH/H2O;plant specimen
20240405_EB_dbgi_001880_01_01_100mm_C18_15min_DDA_ELON_pos.mzML;dbgi_001880;Brassica oleracea L.;NA;Positive;JBUF;jbuf;Brassica oleracea;Brassica oleracea L.;species;NA;0;jbuf;46,792160;7,1570926;NA;LC-MS QExactive Plus;MeOH/H2O;plant specimen
20240405_EB_dbgi_001889_01_01_100mm_C18_15min_DDA_ELON_pos.mzML;dbgi_001889;Gomphrena globosa L.;NA;Positive;JBUF;jbuf;Gomphrena globosa;Gomphrena globosa L.;species;NA;0;jbuf;46,792090;7,1569676;NA;LC-MS QExactive Plus;MeOH/H2O;plant specimen
20240405_EB_dbgi_001890_01_01_100mm_C18_15min_DDA_ELON_pos.mzML;dbgi_001890;Beta vulgaris L.;NA;Positive;JBUF;jbuf;Beta vulgaris;Beta vulgaris L.;species;NA;0;jbuf;46,792118;7,1568500;NA;LC-MS QExactive Plus;MeOH/H2O;plant specimen
20240405_EB_dbgi_001898_01_01_100mm_C18_15min_DDA_ELON_pos.mzML;dbgi_001898;Brassica oleracea L.;NA;Positive;JBUF;jbuf;Brassica oleracea;Brassica oleracea L.;species;NA;0;jbuf;46,792164;7,1570487;NA;LC-MS QExactive Plus;MeOH/H2O;plant specimen
20240405_EB_dbgi_001906_01_01_100mm_C18_15min_DDA_ELON_pos.mzML;dbgi_001906;Cerastium candidissimum Correns;NA;Positive;JBUF;jbuf;Cerastium candidissimum;Cerastium candidissimum Correns;species;NA;0;jbuf;46,792120;7,1569533;NA;LC-MS QExactive Plus;MeOH/H2O;plant specimen
20240405_EB_dbgi_001925_01_01_100mm_C18_15min_DDA_ELON_pos.mzML;dbgi_001925;Desmodium canadense (L.) DC.;NA;Positive;JBUF;jbuf;Desmodium canadense;Desmodium canadense (L.) DC.;species;NA;0;jbuf;46,792263;7,1572065;NA;LC-MS QExactive Plus;MeOH/H2O;plant specimen
20240405_EB_dbgi_001927_01_01_100mm_C18_15min_DDA_ELON_pos.mzML;dbgi_001927;Portulaca grandiflora Hook.;NA;Positive;JBUF;jbuf;Portulaca grandiflora;Portulaca grandiflora Hook.;species;NA;0;jbuf;46,792170;7,1567050;NA;LC-MS QExactive Plus;MeOH/H2O;plant specimen
20240405_EB_dbgi_001933_01_01_100mm_C18_15min_DDA_ELON_pos.mzML;dbgi_001933;Amphicarpaea bracteata (L.) Fernald;NA;Positive;JBUF;jbuf;Amphicarpaea bracteata;Amphicarpaea bracteata (L.) Fernald;species;NA;0;jbuf;46,792260;7,1572050;NA;LC-MS QExactive Plus;MeOH/H2O;plant specimen
20240405_EB_dbgi_002256_01_01_100mm_C18_15min_DDA_ELON_pos.mzML;dbgi_002256;Rhamnus cathartica L.;NA;Positive;JBUF;jbuf;Rhamnus cathartica;Rhamnus cathartica L.;species;NA;0;jbuf;46,792316;7,1572886;NA;LC-MS QExactive Plus;MeOH/H2O;plant specimen
20240405_EB_dbgi_002261_01_01_100mm_C18_15min_DDA_ELON_pos.mzML;dbgi_002261;Euphorbia illirica Lam.;NA;Positive;JBUF;jbuf;Euphorbia illirica;Euphorbia illirica Lam.;species;NA;0;jbuf;46,792114;7,1572310;NA;LC-MS QExactive Plus;MeOH/H2O;plant specimen
20240405_EB_dbgi_002268_01_01_100mm_C18_15min_DDA_ELON_pos.mzML;dbgi_002268;Linum campanulatum L.;NA;Positive;JBUF;jbuf;Linum campanulatum;Linum campanulatum L.;species;NA;0;jbuf;46,792130;7,1572547;NA;LC-MS QExactive Plus;MeOH/H2O;plant specimen
20240405_EB_dbgi_002323_01_01_100mm_C18_15min_DDA_ELON_pos.mzML;dbgi_002323;Galega officinalis L.;NA;Positive;JBUF;jbuf;Galega officinalis;Galega officinalis L.;species;NA;0;jbuf;46,792168;7,1571956;NA;LC-MS QExactive Plus;MeOH/H2O;plant specimen
20240405_EB_dbgi_002326_01_01_100mm_C18_15min_DDA_ELON_pos.mzML;dbgi_002326;Digitalis grandiflora Mill.;NA;Positive;JBUF;jbuf;Digitalis grandiflora;Digitalis grandiflora Mill.;species;NA;0;jbuf;46,792550;7,1567810;NA;LC-MS QExactive Plus;MeOH/H2O;plant specimen
20240405_EB_dbgi_002364_01_01_100mm_C18_15min_DDA_ELON_pos.mzML;dbgi_002364;Pulmonaria mollis J.P.Wolff ex J.F.Lehm.;NA;Positive;JBUF;jbuf;Pulmonaria mollis;Pulmonaria mollis J.P.Wolff ex J.F.Lehm.;species;NA;1;jbuf;46,792576;7,1565857;NA;LC-MS QExactive Plus;MeOH/H2O;plant specimen
20240405_EB_dbgi_002371_01_01_100mm_C18_15min_DDA_ELON_pos.mzML;dbgi_002371;Euphorbia cyparissias L.;NA;Positive;JBUF;jbuf;Euphorbia cyparissias;Euphorbia cyparissias L.;species;NA;0;jbuf;46,792103;7,1572100;NA;LC-MS QExactive Plus;MeOH/H2O;plant specimen
20240405_EB_dbgi_002386_01_01_100mm_C18_15min_DDA_ELON_pos.mzML;dbgi_002386;Genista germanica L.;NA;Positive;JBUF;jbuf;Genista germanica;Genista germanica L.;species;NA;1;jbuf;46,792460;7,1570980;NA;LC-MS QExactive Plus;MeOH/H2O;plant specimen
20240405_EB_dbgi_002395_01_01_100mm_C18_15min_DDA_ELON_pos.mzML;dbgi_002395;Oxalis lasiandra Zucc.;NA;Positive;JBUF;jbuf;Oxalis lasiandra;Oxalis lasiandra Zucc.;species;NA;0;jbuf;46,792133;7,1572160;NA;LC-MS QExactive Plus;MeOH/H2O;plant specimen
20240405_EB_dbgi_002401_01_01_100mm_C18_15min_DDA_ELON_pos.mzML;dbgi_002401;Nonea lutea (Desr.) DC.;NA;Positive;JBUF;jbuf;Nonea lutea;Nonea lutea (Desr.) DC.;species;NA;0;jbuf;46,792576;7,1565623;NA;LC-MS QExactive Plus;MeOH/H2O;plant specimen
20240405_EB_dbgi_002410_01_01_100mm_C18_15min_DDA_ELON_pos.mzML;dbgi_002410;Rubia tinctorum L.;NA;Positive;JBUF;jbuf;Rubia tinctorum;Rubia tinctorum L.;species;NA;0;jbuf;46,792515;7,1569690;NA;LC-MS QExactive Plus;MeOH/H2O;plant specimen
20240405_EB_dbgi_002424_01_01_100mm_C18_15min_DDA_ELON_pos.mzML;dbgi_002424;Asclepias incarnata subsp. incarnata;NA;Positive;JBUF;jbuf;Asclepias incarnata subsp. incarnata;Asclepias incarnata subsp. incarnata;subspecies;NA;0;jbuf;46,792526;7,1568530;NA;LC-MS QExactive Plus;MeOH/H2O;plant specimen
20240405_EB_dbgi_002431_01_01_100mm_C18_15min_DDA_ELON_pos.mzML;dbgi_002431;Solanum lycopersicum L.;NA;Positive;JBUF;jbuf;Solanum lycopersicum;Solanum lycopersicum L.;species;NA;0;jbuf;46,792553;7,1565757;NA;LC-MS QExactive Plus;MeOH/H2O;plant specimen
20240405_EB_dbgi_002439_01_01_100mm_C18_15min_DDA_ELON_pos.mzML;dbgi_002439;Veronica persica Poir.;NA;Positive;JBUF;jbuf;Veronica persica;Veronica persica Poir.;species;NA;1;jbuf;46,792553;7,1568100;NA;LC-MS QExactive Plus;MeOH/H2O;plant specimen
20240405_EB_dbgi_002442_01_01_100mm_C18_15min_DDA_ELON_pos.mzML;dbgi_002442;Atropa belladonna subsp. belladonna;NA;Positive;JBUF;jbuf;Atropa belladonna subsp. belladonna;Atropa belladonna subsp. belladonna;subspecies;NA;0;jbuf;46,792540;7,1566834;NA;LC-MS QExactive Plus;MeOH/H2O;plant specimen
20240405_EB_dbgi_002449_01_01_100mm_C18_15min_DDA_ELON_pos.mzML;dbgi_002449;Asclepias curassavica L.;NA;Positive;JBUF;jbuf;Asclepias curassavica;Asclepias curassavica L.;species;NA;0;jbuf;46,792522;7,1568310;NA;LC-MS QExactive Plus;MeOH/H2O;plant specimen
20240405_EB_dbgi_002450_01_01_100mm_C18_15min_DDA_ELON_pos.mzML;dbgi_002450;Hydrogalium tinctorium (L.) Kadereit & Schneew.;NA;Positive;JBUF;jbuf;Hydrogalium tinctorium;Hydrogalium tinctorium (L.) Kadereit & Schneew.;species;NA;0;jbuf;46,792515;7,1569304;NA;LC-MS QExactive Plus;MeOH/H2O;plant specimen
20240405_EB_dbgi_002451_01_01_100mm_C18_15min_DDA_ELON_pos.mzML;dbgi_002451;Cruciata laevipes Opiz;NA;Positive;JBUF;jbuf;Cruciata laevipes;Cruciata laevipes Opiz;species;NA;0;jbuf;46,792515;7,1569633;NA;LC-MS QExactive Plus;MeOH/H2O;plant specimen
20240405_EB_dbgi_002461_01_01_100mm_C18_15min_DDA_ELON_pos.mzML;dbgi_002461;Gentiana tibetica King ex Hook.fil.;NA;Positive;JBUF;jbuf;Gentiana tibetica;Gentiana tibetica King ex Hook.fil.;species;NA;0;jbuf;46,792520;7,1568813;NA;LC-MS QExactive Plus;MeOH/H2O;plant specimen
20240405_EB_dbgi_002466_01_01_100mm_C18_15min_DDA_ELON_pos.mzML;dbgi_002466;Ipomoea lobata (Cerv.) Thell.;NA;Positive;JBUF;jbuf;Ipomoea lobata;Ipomoea lobata (Cerv.) Thell.;species;NA;0;jbuf;46,792530;7,1568030;NA;LC-MS QExactive Plus;MeOH/H2O;plant specimen
20240405_EB_dbgi_002467_01_01_100mm_C18_15min_DDA_ELON_pos.mzML;dbgi_002467;Nierembergia scoparia Sendtn.;NA;Positive;JBUF;jbuf;Nierembergia scoparia;Nierembergia scoparia Sendtn.;species;NA;0;jbuf;46,792534;7,1567480;NA;LC-MS QExactive Plus;MeOH/H2O;plant specimen
20240405_EB_dbgi_002468_01_01_100mm_C18_15min_DDA_ELON_pos.mzML;dbgi_002468;Prunus domestica subsp. insititia (L.) Bonnier & Layens;NA;Positive;JBUF;jbuf;Prunus domestica subsp. insititia;Prunus domestica subsp. insititia (L.) Bonnier & Layens;subspecies;NA;0;jbuf;46,792442;7,1573544;NA;LC-MS QExactive Plus;MeOH/H2O;plant specimen
20240405_EB_dbgi_002473_01_01_100mm_C18_15min_DDA_ELON_pos.mzML;dbgi_002473;Browallia americana L.;NA;Positive;JBUF;jbuf;Browallia americana;Browallia americana L.;species;NA;0;jbuf;46,792530;7,1567545;NA;LC-MS QExactive Plus;MeOH/H2O;plant specimen
20240405_EB_dbgi_002474_01_01_100mm_C18_15min_DDA_ELON_pos.mzML;dbgi_002474;Petunia integrifolia (Hook.) Schinz & Thell.;NA;Positive;JBUF;jbuf;Petunia integrifolia;Petunia integrifolia (Hook.) Schinz & Thell.;species;NA;0;jbuf;46,792530;7,1567340;NA;LC-MS QExactive Plus;MeOH/H2O;plant specimen
20240405_EB_dbgi_002475_01_01_100mm_C18_15min_DDA_ELON_pos.mzML;dbgi_002475;Prunus avium (L.) L.;NA;Positive;JBUF;jbuf;Prunus avium;Prunus avium (L.) L.;species;NA;0;jbuf;46,792557;7,1572146;NA;LC-MS QExactive Plus;MeOH/H2O;plant specimen
20240405_EB_dbgi_002476_01_01_100mm_C18_15min_DDA_ELON_pos.mzML;dbgi_002476;Prunus cerasifera Ehrh.;NA;Positive;JBUF;jbuf;Prunus cerasifera;Prunus cerasifera Ehrh.;species;NA;0;jbuf;46,792477;7,1573520;NA;LC-MS QExactive Plus;MeOH/H2O;plant specimen
20240405_EB_dbgi_002481_01_01_100mm_C18_15min_DDA_ELON_pos.mzML;dbgi_002481;Veronica teucrium L.;NA;Positive;JBUF;jbuf;Veronica teucrium;Veronica teucrium L.;species;NA;0;jbuf;46,792545;7,1568330;NA;LC-MS QExactive Plus;MeOH/H2O;plant specimen
20240405_EB_dbgi_002490_01_01_100mm_C18_15min_DDA_ELON_pos.mzML;dbgi_002490;Alkanna orientalis (L.) Boiss.;NA;Positive;JBUF;jbuf;Alkanna orientalis;Alkanna orientalis (L.) Boiss.;species;NA;0;jbuf;46,792557;7,1565360;NA;LC-MS QExactive Plus;MeOH/H2O;plant specimen
20240405_EB_dbgi_002497_01_01_100mm_C18_15min_DDA_ELON_pos.mzML;dbgi_002497;Capsicum annuum L.;NA;Positive;JBUF;jbuf;Capsicum annuum;Capsicum annuum L.;species;NA;0;jbuf;46,792545;7,1565790;NA;LC-MS QExactive Plus;MeOH/H2O;plant specimen
20240405_EB_dbgi_002500_01_01_100mm_C18_15min_DDA_ELON_pos.mzML;dbgi_002500;Pontechium maculatum (L.) Böhle & Hilger;NA;Positive;JBUF;jbuf;Pontechium maculatum;Pontechium maculatum (L.) Böhle & Hilger;species;NA;0;jbuf;46,792576;7,1565666;NA;LC-MS QExactive Plus;MeOH/H2O;plant specimen
20240405_EB_dbgi_002502_01_01_100mm_C18_15min_DDA_ELON_pos.mzML;dbgi_002502;Gentiana angustifolia Vill.;NA;Positive;JBUF;jbuf;Gentiana angustifolia;Gentiana angustifolia Vill.;species;NA;0;jbuf;46,792515;7,1568933;NA;LC-MS QExactive Plus;MeOH/H2O;plant specimen
20240405_EB_dbgi_002506_01_01_100mm_C18_15min_DDA_ELON_pos.mzML;dbgi_002506;Solanum pimpinellifolium L.;NA;Positive;JBUF;jbuf;Solanum pimpinellifolium;Solanum pimpinellifolium L.;species;NA;0;jbuf;46,792545;7,1565685;NA;LC-MS QExactive Plus;MeOH/H2O;plant specimen
20240405_EB_dbgi_002508_01_01_100mm_C18_15min_DDA_ELON_pos.mzML;dbgi_002508;Solanum aviculare G.Forst.;NA;Positive;JBUF;jbuf;Solanum aviculare;Solanum aviculare G.Forst.;species;NA;0;jbuf;46,792545;7,1565566;NA;LC-MS QExactive Plus;MeOH/H2O;plant specimen
20240405_EB_dbgi_002510_01_01_100mm_C18_15min_DDA_ELON_pos.mzML;dbgi_002510;Ipomoea batatas (L.) Lam.;NA;Positive;JBUF;jbuf;Ipomoea batatas;Ipomoea batatas (L.) Lam.;species;NA;0;jbuf;46,792522;7,1568040;NA;LC-MS QExactive Plus;MeOH/H2O;plant specimen
20240405_EB_dbgi_002511_01_01_100mm_C18_15min_DDA_ELON_pos.mzML;dbgi_002511;Capsicum annuum L.;NA;Positive;JBUF;jbuf;Capsicum annuum;Capsicum annuum L.;species;NA;0;jbuf;46,792550;7,1565824;NA;LC-MS QExactive Plus;MeOH/H2O;plant specimen
20240405_EB_dbgi_002526_01_01_100mm_C18_15min_DDA_ELON_pos.mzML;dbgi_002526;Physalis peruviana L.;NA;Positive;JBUF;jbuf;Physalis peruviana;Physalis peruviana L.;species;NA;0;jbuf;46,792550;7,1565930;NA;LC-MS QExactive Plus;MeOH/H2O;plant specimen
20240405_EB_dbgi_002527_01_01_100mm_C18_15min_DDA_ELON_pos.mzML;dbgi_002527;Heliotropium arborescens L.;NA;Positive;JBUF;jbuf;Heliotropium arborescens;Heliotropium arborescens L.;species;NA;0;jbuf;46,792550;7,1565294;NA;LC-MS QExactive Plus;MeOH/H2O;plant specimen
20240405_EB_dbgi_002549_01_01_100mm_C18_15min_DDA_ELON_pos.mzML;dbgi_002549;Zamioculcas zamiifolia (G.Lodd.) Engl.;NA;Positive;JBUF;jbuf;Zamioculcas zamiifolia;Zamioculcas zamiifolia (G.Lodd.) Engl.;species;NA;0;jbuf;46,793200;7,1548840;NA;LC-MS QExactive Plus;MeOH/H2O;plant specimen
20240405_EB_dbgi_002552_01_01_100mm_C18_15min_DDA_ELON_pos.mzML;dbgi_002552;Platycodon grandiflorus (Jacq.) A.DC.;NA;Positive;JBUF;jbuf;Platycodon grandiflorus;Platycodon grandiflorus (Jacq.) A.DC.;species;NA;0;jbuf;46,792603;7,1570900;NA;LC-MS QExactive Plus;MeOH/H2O;plant specimen
20240405_EB_dbgi_002593_01_01_100mm_C18_15min_DDA_ELON_pos.mzML;dbgi_002593;Pimpinella saxifraga L.;NA;Positive;JBUF;jbuf;Pimpinella saxifraga;Pimpinella saxifraga L.;species;NA;0;jbuf;46,792620;7,1566215;NA;LC-MS QExactive Plus;MeOH/H2O;plant specimen
20240405_EB_dbgi_002598_01_01_100mm_C18_15min_DDA_ELON_pos.mzML;dbgi_002598;Anethum graveolens L.;NA;Positive;JBUF;jbuf;Anethum graveolens;Anethum graveolens L.;species;NA;0;jbuf;46,792620;7,1566534;NA;LC-MS QExactive Plus;MeOH/H2O;plant specimen
20240405_EB_dbgi_002608_01_01_100mm_C18_15min_DDA_ELON_pos.mzML;dbgi_002608;Campanula hofmannii (Pant.) Greuter & Burdet;NA;Positive;JBUF;jbuf;Campanula hofmannii;Campanula hofmannii (Pant.) Greuter & Burdet;species;NA;0;jbuf;46,792614;7,1570530;NA;LC-MS QExactive Plus;MeOH/H2O;plant specimen
20240405_EB_dbgi_002615_01_01_100mm_C18_15min_DDA_ELON_pos.mzML;dbgi_002615;Lantana L.;NA;Positive;JBUF;jbuf;Lantana;Lantana L.;genus;NA;0;jbuf;46,792570;7,1569386;NA;LC-MS QExactive Plus;MeOH/H2O;plant specimen
20240405_EB_dbgi_002625_01_01_100mm_C18_15min_DDA_ELON_pos.mzML;dbgi_002625;Lonicera nigra L.;NA;Positive;JBUF;jbuf;Lonicera nigra;Lonicera nigra L.;species;NA;0;jbuf;46,792606;7,1568200;NA;LC-MS QExactive Plus;MeOH/H2O;plant specimen
20240405_EB_dbgi_002651_01_01_100mm_C18_15min_DDA_ELON_pos.mzML;dbgi_002651;Lobelia siphilitica L.;NA;Positive;JBUF;jbuf;Lobelia siphilitica;Lobelia siphilitica L.;species;NA;0;jbuf;46,792600;7,1571054;NA;LC-MS QExactive Plus;MeOH/H2O;plant specimen
20240405_EB_dbgi_002694_01_01_100mm_C18_15min_DDA_ELON_pos.mzML;dbgi_002694;Tragopogon porrifolius subsp. porrifolius;NA;Positive;JBUF;jbuf;Tragopogon porrifolius subsp. porrifolius;Tragopogon porrifolius subsp. porrifolius;subspecies;NA;0;jbuf;46,792645;7,1567470;NA;LC-MS QExactive Plus;MeOH/H2O;plant specimen
20240405_EB_dbgi_002697_01_01_100mm_C18_15min_DDA_ELON_pos.mzML;dbgi_002697;Sideritis taurica Steph. ex Willd.;NA;Positive;JBUF;jbuf;Sideritis taurica;Sideritis taurica Steph. ex Willd.;species;NA;0;jbuf;46,792590;7,1565094;NA;LC-MS QExactive Plus;MeOH/H2O;plant specimen
20240405_EB_dbgi_002740_01_01_100mm_C18_15min_DDA_ELON_pos.mzML;dbgi_002740;Centaurea jacea subsp. jacea;NA;Positive;JBUF;jbuf;Centaurea jacea subsp. jacea;Centaurea jacea subsp. jacea;subspecies;NA;0;jbuf;46,792637;7,1568103;NA;LC-MS QExactive Plus;MeOH/H2O;plant specimen
20240405_EB_dbgi_002748_01_01_100mm_C18_15min_DDA_ELON_pos.mzML;dbgi_002748;Begonia ulmifolia Willd.;NA;Positive;JBUF;jbuf;Begonia ulmifolia;Begonia ulmifolia Willd.;species;NA;0;jbuf;46,793220;7,1548724;NA;LC-MS QExactive Plus;MeOH/H2O;plant specimen
20240405_EB_dbgi_002749_01_01_100mm_C18_15min_DDA_ELON_pos.mzML;dbgi_002749;Epiphyllum Haw.;NA;Positive;JBUF;jbuf;Epiphyllum;Epiphyllum Haw.;genus;NA;0;jbuf;46,793213;7,1548786;NA;LC-MS QExactive Plus;MeOH/H2O;plant specimen
20240405_EB_dbgi_002753_01_01_100mm_C18_15min_DDA_ELON_pos.mzML;dbgi_002753;Syngonium auritum (L.) Schott;NA;Positive;JBUF;jbuf;Syngonium auritum;Syngonium auritum (L.) Schott;species;NA;0;jbuf;46,793220;7,1548686;NA;LC-MS QExactive Plus;MeOH/H2O;plant specimen
20240405_EB_dbgi_002754_01_01_100mm_C18_15min_DDA_ELON_pos.mzML;dbgi_002754;Chlorophytum comosum (Thunb.) Jacques;NA;Positive;JBUF;jbuf;Chlorophytum comosum;Chlorophytum comosum (Thunb.) Jacques;species;NA;0;jbuf;46,793200;7,1549970;NA;LC-MS QExactive Plus;MeOH/H2O;plant specimen
20240405_EB_dbgi_002758_01_01_100mm_C18_15min_DDA_ELON_pos.mzML;dbgi_002758;Begonia L.;NA;Positive;JBUF;jbuf;Begonia;Begonia L.;genus;NA;0;jbuf;46,793213;7,1549115;NA;LC-MS QExactive Plus;MeOH/H2O;plant specimen
20240405_EB_dbgi_002759_01_01_100mm_C18_15min_DDA_ELON_pos.mzML;dbgi_002759;Begonia amphioxus Sands;NA;Positive;JBUF;jbuf;Begonia amphioxus;Begonia amphioxus Sands;species;NA;0;jbuf;46,793220;7,1548777;NA;LC-MS QExactive Plus;MeOH/H2O;plant specimen
20240405_EB_dbgi_002763_01_01_100mm_C18_15min_DDA_ELON_pos.mzML;dbgi_002763;Rotala rotundifolia (Buch.-Ham. ex Roxb.) Koehne;NA;Positive;JBUF;jbuf;Rotala rotundifolia;Rotala rotundifolia (Buch.-Ham. ex Roxb.) Koehne;species;NA;0;jbuf;46,793167;7,1550074;NA;LC-MS QExactive Plus;MeOH/H2O;plant specimen
20240405_EB_dbgi_002769_01_01_100mm_C18_15min_DDA_ELON_pos.mzML;dbgi_002769;Nephrolepis exaltata (L.) Schott;NA;Positive;JBUF;jbuf;Nephrolepis exaltata;Nephrolepis exaltata (L.) Schott;species;NA;0;jbuf;46,793198;7,1550245;NA;LC-MS QExactive Plus;MeOH/H2O;plant specimen
20240405_EB_dbgi_002778_01_01_100mm_C18_15min_DDA_ELON_pos.mzML;dbgi_002778;Nymphoides hydrophylla (Lour.) Kuntze;NA;Positive;JBUF;jbuf;Nymphoides hydrophylla;Nymphoides hydrophylla (Lour.) Kuntze;species;NA;0;jbuf;46,793180;7,1549310;NA;LC-MS QExactive Plus;MeOH/H2O;plant specimen
20240405_EB_dbgi_002779_01_01_100mm_C18_15min_DDA_ELON_pos.mzML;dbgi_002779;Streptocarpus ionanthus subsp. grotei (Engl.) Christenh.;NA;Positive;JBUF;jbuf;Streptocarpus ionanthus subsp. grotei;Streptocarpus ionanthus subsp. grotei (Engl.) Christenh.;subspecies;NA;0;jbuf;46,793205;7,1550136;NA;LC-MS QExactive Plus;MeOH/H2O;plant specimen
20240405_EB_dbgi_002781_01_01_100mm_C18_15min_DDA_ELON_pos.mzML;dbgi_002781;Anthurium scherzerianum Schott;NA;Positive;JBUF;jbuf;Anthurium scherzerianum;Anthurium scherzerianum Schott;species;NA;0;jbuf;46,793198;7,1549230;NA;LC-MS QExactive Plus;MeOH/H2O;plant specimen
20240405_EB_dbgi_002783_01_01_100mm_C18_15min_DDA_ELON_pos.mzML;dbgi_002783;Clerodendrum thomsoniae Balf.;NA;Positive;JBUF;jbuf;Clerodendrum thomsoniae;Clerodendrum thomsoniae Balf.;species;NA;0;jbuf;46,793170;7,1550120;NA;LC-MS QExactive Plus;MeOH/H2O;plant specimen
20240405_EB_dbgi_002792_01_01_100mm_C18_15min_DDA_ELON_pos.mzML;dbgi_002792;Rhynchosia phaseoloides (Sw.) DC.;NA;Positive;JBUF;jbuf;Rhynchosia phaseoloides;Rhynchosia phaseoloides (Sw.) DC.;species;NA;0;jbuf;46,793180;7,1549797;NA;LC-MS QExactive Plus;MeOH/H2O;plant specimen
20240405_EB_dbgi_002799_01_01_100mm_C18_15min_DDA_ELON_pos.mzML;dbgi_002799;Epipremnum pinnatum (L.) Engl.;NA;Positive;JBUF;jbuf;Epipremnum pinnatum;Epipremnum pinnatum (L.) Engl.;species;NA;0;jbuf;46,793210;7,1549770;NA;LC-MS QExactive Plus;MeOH/H2O;plant specimen
20240405_EB_dbgi_002803_01_01_100mm_C18_15min_DDA_ELON_pos.mzML;dbgi_002803;Trichotosia velutina (Lodd. ex Lindl.) Kraenzl.;NA;Positive;JBUF;jbuf;Trichotosia velutina;Trichotosia velutina (Lodd. ex Lindl.) Kraenzl.;species;NA;0;jbuf;46,793180;7,1550126;NA;LC-MS QExactive Plus;MeOH/H2O;plant specimen
20240405_EB_dbgi_002812_01_01_100mm_C18_15min_DDA_ELON_pos.mzML;dbgi_002812;Codiaeum Rumph. ex A.Juss.;NA;Positive;JBUF;jbuf;Codiaeum;Codiaeum Rumph. ex A.Juss.;genus;NA;0;jbuf;46,793182;7,1549890;NA;LC-MS QExactive Plus;MeOH/H2O;plant specimen
20240405_EB_dbgi_002813_01_01_100mm_C18_15min_DDA_ELON_pos.mzML;dbgi_002813;Episcia cupreata (Hook.) Hanst.;NA;Positive;JBUF;jbuf;Episcia cupreata;Episcia cupreata (Hook.) Hanst.;species;NA;0;jbuf;46,793210;7,1548676;NA;LC-MS QExactive Plus;MeOH/H2O;plant specimen
20240405_EB_dbgi_002815_01_01_100mm_C18_15min_DDA_ELON_pos.mzML;dbgi_002815;Phlegmariurus squarrosus (G.Forst.) Á.Löve & D.Löve;NA;Positive;JBUF;jbuf;Phlegmariurus squarrosus;Phlegmariurus squarrosus (G.Forst.) Á.Löve & D.Löve;species;NA;0;jbuf;46,793220;7,1548686;NA;LC-MS QExactive Plus;MeOH/H2O;plant specimen
20240405_EB_dbgi_002818_01_01_100mm_C18_15min_DDA_ELON_pos.mzML;dbgi_002818;Dieffenbachia seguine var. seguine;NA;Positive;JBUF;jbuf;Dieffenbachia seguine var. seguine;Dieffenbachia seguine var. seguine;variety;NA;0;jbuf;46,793200;7,1549000;NA;LC-MS QExactive Plus;MeOH/H2O;plant specimen
20240405_EB_dbgi_002819_01_01_100mm_C18_15min_DDA_ELON_pos.mzML;dbgi_002819;Aeschynanthus longicaulis Wall. ex R.Br.;NA;Positive;JBUF;jbuf;Aeschynanthus longicaulis;Aeschynanthus longicaulis Wall. ex R.Br.;species;NA;0;jbuf;46,793205;7,1549520;NA;LC-MS QExactive Plus;MeOH/H2O;plant specimen
20240405_EB_dbgi_002820_01_01_100mm_C18_15min_DDA_ELON_pos.mzML;dbgi_002820;Davallia bullata Wall. ex Hook.;NA;Positive;JBUF;jbuf;Davallia bullata;Davallia bullata Wall. ex Hook.;species;NA;0;jbuf;46,793217;7,1548690;NA;LC-MS QExactive Plus;MeOH/H2O;plant specimen
20240405_EB_dbgi_002823_01_01_100mm_C18_15min_DDA_ELON_pos.mzML;dbgi_002823;Tetranema roseum (M.Martens & Galeotti) Standl. & Steyerm.;NA;Positive;JBUF;jbuf;Tetranema roseum;Tetranema roseum (M.Martens & Galeotti) Standl. & Steyerm.;species;NA;0;jbuf;46,793210;7,1548657;NA;LC-MS QExactive Plus;MeOH/H2O;plant specimen
20240405_EB_dbgi_002824_01_01_100mm_C18_15min_DDA_ELON_pos.mzML;dbgi_002824;Selaginella plana (Desv. ex Poir.) Hieron.;NA;Positive;JBUF;jbuf;Selaginella plana;Selaginella plana (Desv. ex Poir.) Hieron.;species;NA;0;jbuf;46,793220;7,1548696;NA;LC-MS QExactive Plus;MeOH/H2O;plant specimen
20240405_EB_dbgi_002825_01_01_100mm_C18_15min_DDA_ELON_pos.mzML;dbgi_002825;Calvoa orientalis Taub.;NA;Positive;JBUF;jbuf;Calvoa orientalis;Calvoa orientalis Taub.;species;NA;0;jbuf;46,793205;7,1550055;NA;LC-MS QExactive Plus;MeOH/H2O;plant specimen
20240405_EB_dbgi_002831_01_01_100mm_C18_15min_DDA_ELON_pos.mzML;dbgi_002831;Dendrobium nobile Lindl.;NA;Positive;JBUF;jbuf;Dendrobium nobile;Dendrobium nobile Lindl.;species;NA;0;jbuf;46,793182;7,1548796;NA;LC-MS QExactive Plus;MeOH/H2O;plant specimen
20240405_EB_dbgi_002832_01_01_100mm_C18_15min_DDA_ELON_pos.mzML;dbgi_002832;Heteranthera zosterifolia Mart.;NA;Positive;JBUF;jbuf;Heteranthera zosterifolia;Heteranthera zosterifolia Mart.;species;NA;0;jbuf;46,793170;7,1549960;NA;LC-MS QExactive Plus;MeOH/H2O;plant specimen
20240405_EB_dbgi_002834_01_01_100mm_C18_15min_DDA_ELON_pos.mzML;dbgi_002834;Selaginella pallescens (C.Presl) Spring;NA;Positive;JBUF;jbuf;Selaginella pallescens;Selaginella pallescens (C.Presl) Spring;species;NA;0;jbuf;46,793213;7,1548660;NA;LC-MS QExactive Plus;MeOH/H2O;plant specimen
20240405_EB_dbgi_002836_01_01_100mm_C18_15min_DDA_ELON_pos.mzML;dbgi_002836;Nepenthes maxima Reinw.;NA;Positive;JBUF;jbuf;Nepenthes maxima;Nepenthes maxima Reinw.;species;NA;0;jbuf;46,793217;7,1549206;NA;LC-MS QExactive Plus;MeOH/H2O;plant specimen
20240405_EB_dbgi_002837_01_01_100mm_C18_15min_DDA_ELON_pos.mzML;dbgi_002837;Scutellaria coccinea Kunth;NA;Positive;JBUF;jbuf;Scutellaria coccinea;Scutellaria coccinea Kunth;species;NA;0;jbuf;46,793200;7,1550020;NA;LC-MS QExactive Plus;MeOH/H2O;plant specimen
20240405_EB_dbgi_002841_01_01_100mm_C18_15min_DDA_ELON_pos.mzML;dbgi_002841;Philodendron angustisectum Engl.;NA;Positive;JBUF;jbuf;Philodendron angustisectum;Philodendron angustisectum Engl.;species;NA;0;jbuf;46,793217;7,1548670;NA;LC-MS QExactive Plus;MeOH/H2O;plant specimen
20240405_EB_dbgi_002844_01_01_100mm_C18_15min_DDA_ELON_pos.mzML;dbgi_002844;Strongylodon macrobotrys A.Gray;NA;Positive;JBUF;jbuf;Strongylodon macrobotrys;Strongylodon macrobotrys A.Gray;species;NA;0;jbuf;46,793210;7,1549706;NA;LC-MS QExactive Plus;MeOH/H2O;plant specimen
20240405_EB_dbgi_002846_01_01_100mm_C18_15min_DDA_ELON_pos.mzML;dbgi_002846;Coelogyne cobbiana (Rchb.f.) M.W.Chase & Schuit.;NA;Positive;JBUF;jbuf;Coelogyne cobbiana;Coelogyne cobbiana (Rchb.f.) M.W.Chase & Schuit.;species;NA;0;jbuf;46,793175;7,1549490;NA;LC-MS QExactive Plus;MeOH/H2O;plant specimen
20240405_EB_dbgi_002847_01_01_100mm_C18_15min_DDA_ELON_pos.mzML;dbgi_002847;Cryptanthus acaulis (Lindl.) Beer;NA;Positive;JBUF;jbuf;Cryptanthus acaulis;Cryptanthus acaulis (Lindl.) Beer;species;NA;0;jbuf;46,793190;7,1548630;NA;LC-MS QExactive Plus;MeOH/H2O;plant specimen
20240405_EB_dbgi_002851_01_01_100mm_C18_15min_DDA_ELON_pos.mzML;dbgi_002851;Rhipsalis dissimilis (G.Lindb.) K.Schum.;NA;Positive;JBUF;jbuf;Rhipsalis dissimilis;Rhipsalis dissimilis (G.Lindb.) K.Schum.;species;NA;0;jbuf;46,793213;7,1548843;NA;LC-MS QExactive Plus;MeOH/H2O;plant specimen
20240405_EB_dbgi_002853_01_01_100mm_C18_15min_DDA_ELON_pos.mzML;dbgi_002853;Begonia microsperma Warb.;NA;Positive;JBUF;jbuf;Begonia microsperma;Begonia microsperma Warb.;species;NA;0;jbuf;46,793217;7,1549006;NA;LC-MS QExactive Plus;MeOH/H2O;plant specimen
20240405_EB_dbgi_002855_01_01_100mm_C18_15min_DDA_ELON_pos.mzML;dbgi_002855;Ficus lyrata Warb.;NA;Positive;JBUF;jbuf;Ficus lyrata;Ficus lyrata Warb.;species;NA;0;jbuf;46,793194;7,1549044;NA;LC-MS QExactive Plus;MeOH/H2O;plant specimen
20240405_EB_dbgi_002858_01_01_100mm_C18_15min_DDA_ELON_pos.mzML;dbgi_002858;Orchidaceae Juss.;NA;Positive;JBUF;jbuf;Orchidaceae;Orchidaceae Juss.;family;NA;0;jbuf;46,793186;7,1548730;NA;LC-MS QExactive Plus;MeOH/H2O;plant specimen
20240405_EB_dbgi_002870_01_01_100mm_C18_15min_DDA_ELON_pos.mzML;dbgi_002870;Microsorum punctatum (L.) Copel.;NA;Positive;JBUF;jbuf;Microsorum punctatum;Microsorum punctatum (L.) Copel.;species;NA;0;jbuf;46,793180;7,1550126;NA;LC-MS QExactive Plus;MeOH/H2O;plant specimen
20240405_EB_dbgi_002873_01_01_100mm_C18_15min_DDA_ELON_pos.mzML;dbgi_002873;Neoblechnum brasiliense (Desv.) Gasper & V.A.O.Dittrich;NA;Positive;JBUF;jbuf;Neoblechnum brasiliense;Neoblechnum brasiliense (Desv.) Gasper & V.A.O.Dittrich;species;NA;0;jbuf;46,793220;7,1548680;NA;LC-MS QExactive Plus;MeOH/H2O;plant specimen
20240405_EB_dbgi_002875_01_01_100mm_C18_15min_DDA_ELON_pos.mzML;dbgi_002875;Begonia foliosa Kunth;NA;Positive;JBUF;jbuf;Begonia foliosa;Begonia foliosa Kunth;species;NA;0;jbuf;46,793220;7,1548753;NA;LC-MS QExactive Plus;MeOH/H2O;plant specimen
20240405_EB_dbgi_002876_01_01_100mm_C18_15min_DDA_ELON_pos.mzML;dbgi_002876;Begonia heracleifolia Cham. & Schltdl.;NA;Positive;JBUF;jbuf;Begonia heracleifolia;Begonia heracleifolia Cham. & Schltdl.;species;NA;0;jbuf;46,793220;7,1548734;NA;LC-MS QExactive Plus;MeOH/H2O;plant specimen
20240405_EB_dbgi_002882_01_01_100mm_C18_15min_DDA_ELON_pos.mzML;dbgi_002882;Kohleria warszewiczii (Regel) Hanst.;NA;Positive;JBUF;jbuf;Kohleria warszewiczii;Kohleria warszewiczii (Regel) Hanst.;species;NA;0;jbuf;46,793200;7,1550100;NA;LC-MS QExactive Plus;MeOH/H2O;plant specimen
20240405_EB_dbgi_002887_01_01_100mm_C18_15min_DDA_ELON_pos.mzML;dbgi_002887;Pyrrosia heterophylla (L.) M.G.Price;NA;Positive;JBUF;jbuf;Pyrrosia heterophylla;Pyrrosia heterophylla (L.) M.G.Price;species;NA;0;jbuf;46,793220;7,1548700;NA;LC-MS QExactive Plus;MeOH/H2O;plant specimen
20240405_EB_dbgi_002892_01_01_100mm_C18_15min_DDA_ELON_pos.mzML;dbgi_002892;Alocasia macrorrhizos (L.) G.Don;NA;Positive;JBUF;jbuf;Alocasia macrorrhizos;Alocasia macrorrhizos (L.) G.Don;species;NA;0;jbuf;46,793190;7,1549416;NA;LC-MS QExactive Plus;MeOH/H2O;plant specimen
20240405_EB_dbgi_002895_01_01_100mm_C18_15min_DDA_ELON_pos.mzML;dbgi_002895;Streptocarpus Lindl.;NA;Positive;JBUF;jbuf;Streptocarpus;Streptocarpus Lindl.;genus;NA;0;jbuf;46,793198;7,1550140;NA;LC-MS QExactive Plus;MeOH/H2O;plant specimen
20240405_EB_dbgi_002896_01_01_100mm_C18_15min_DDA_ELON_pos.mzML;dbgi_002896;Begonia L.;NA;Positive;JBUF;jbuf;Begonia;Begonia L.;genus;NA;0;jbuf;46,793213;7,1549300;NA;LC-MS QExactive Plus;MeOH/H2O;plant specimen
20240405_EB_dbgi_002902_01_01_100mm_C18_15min_DDA_ELON_pos.mzML;dbgi_002902;Selaginella lepidophylla (Hook. & Grev.) Spring;NA;Positive;JBUF;jbuf;Selaginella lepidophylla;Selaginella lepidophylla (Hook. & Grev.) Spring;species;NA;0;jbuf;46,793217;7,1548680;NA;LC-MS QExactive Plus;MeOH/H2O;plant specimen
20240405_EB_dbgi_002904_01_01_100mm_C18_15min_DDA_ELON_pos.mzML;dbgi_002904;Acalypha wilkesiana Müll.Arg.;NA;Positive;JBUF;jbuf;Acalypha wilkesiana;Acalypha wilkesiana Müll.Arg.;species;NA;0;jbuf;46,793180;7,1549660;NA;LC-MS QExactive Plus;MeOH/H2O;plant specimen
20240405_EB_dbgi_002905_01_01_100mm_C18_15min_DDA_ELON_pos.mzML;dbgi_002905;Scutellaria stenosiphon Hemsl.;NA;Positive;JBUF;jbuf;Scutellaria stenosiphon;Scutellaria stenosiphon Hemsl.;species;NA;0;jbuf;46,793200;7,1550093;NA;LC-MS QExactive Plus;MeOH/H2O;plant specimen
20240405_EB_dbgi_002907_01_01_100mm_C18_15min_DDA_ELON_pos.mzML;dbgi_002907;Stanhopea hernandezii (Kunth) Schltr.;NA;Positive;JBUF;jbuf;Stanhopea hernandezii;Stanhopea hernandezii (Kunth) Schltr.;species;NA;0;jbuf;46,793180;7,1550126;NA;LC-MS QExactive Plus;MeOH/H2O;plant specimen
20240405_EB_dbgi_002918_01_01_100mm_C18_15min_DDA_ELON_pos.mzML;dbgi_002918;Impatiens congolensis G.M.Schulze & R.Wilczek;NA;Positive;JBUF;jbuf;Impatiens congolensis;Impatiens congolensis G.M.Schulze & R.Wilczek;species;NA;0;jbuf;46,793210;7,1549620;NA;LC-MS QExactive Plus;MeOH/H2O;plant specimen
20240405_EB_dbgi_002919_01_01_100mm_C18_15min_DDA_ELON_pos.mzML;dbgi_002919;Cryptanthus bivittatus (Hook.) Regel;NA;Positive;JBUF;jbuf;Cryptanthus bivittatus;Cryptanthus bivittatus (Hook.) Regel;species;NA;0;jbuf;46,793194;7,1548630;NA;LC-MS QExactive Plus;MeOH/H2O;plant specimen
20240405_EB_dbgi_002922_01_01_100mm_C18_15min_DDA_ELON_pos.mzML;dbgi_002922;Cryptanthus Otto & A.Dietr.;NA;Positive;JBUF;jbuf;Cryptanthus;Cryptanthus Otto & A.Dietr.;genus;NA;0;jbuf;46,793198;7,1548650;NA;LC-MS QExactive Plus;MeOH/H2O;plant specimen
20240405_EB_dbgi_002927_01_01_100mm_C18_15min_DDA_ELON_pos.mzML;dbgi_002927;Ananas comosus (L.) Merr.;NA;Positive;JBUF;jbuf;Ananas comosus;Ananas comosus (L.) Merr.;species;NA;0;jbuf;46,793194;7,1548624;NA;LC-MS QExactive Plus;MeOH/H2O;plant specimen
20240405_EB_dbgi_002928_01_01_100mm_C18_15min_DDA_ELON_pos.mzML;dbgi_002928;Bromelia pinguin L.;NA;Positive;JBUF;jbuf;Bromelia pinguin;Bromelia pinguin L.;species;NA;0;jbuf;46,793186;7,1548624;NA;LC-MS QExactive Plus;MeOH/H2O;plant specimen
20240405_EB_dbgi_002946_02_01_100mm_C18_15min_DDA_ELON_pos.mzML;dbgi_002946;Hippobroma longiflora (L.) G.Don;NA;Positive;JBUF;jbuf;Hippobroma longiflora;Hippobroma longiflora (L.) G.Don;species;NA;1;jbuf;46,793210;7,1549490;NA;LC-MS QExactive Plus;MeOH/H2O;plant specimen
20240405_EB_dbgi_002948_01_01_100mm_C18_15min_DDA_ELON_pos.mzML;dbgi_002948;Neoregelia carolinae (Beer) L.B.Sm.;NA;Positive;JBUF;jbuf;Neoregelia carolinae;Neoregelia carolinae (Beer) L.B.Sm.;species;NA;0;jbuf;46,793180;7,1550126;NA;LC-MS QExactive Plus;MeOH/H2O;plant specimen
20240405_EB_dbgi_002949_01_01_100mm_C18_15min_DDA_ELON_pos.mzML;dbgi_002949;Argyranthemum frutescens (L.) Sch.Bip.;NA;Positive;JBUF;jbuf;Argyranthemum frutescens;Argyranthemum frutescens (L.) Sch.Bip.;species;NA;0;jbuf;46,792667;7,1567607;NA;LC-MS QExactive Plus;MeOH/H2O;plant specimen
20240405_EB_dbgi_002950_01_01_100mm_C18_15min_DDA_ELON_pos.mzML;dbgi_002950;Carpesium cernuum L.;NA;Positive;JBUF;jbuf;Carpesium cernuum;Carpesium cernuum L.;species;NA;0;jbuf;46,792664;7,1567836;NA;LC-MS QExactive Plus;MeOH/H2O;plant specimen
20240405_EB_dbgi_002953_01_01_100mm_C18_15min_DDA_ELON_pos.mzML;dbgi_002953;Aquarius floribundus (Seub.) Christenh. & Byng;NA;Positive;JBUF;jbuf;Aquarius floribundus;Aquarius floribundus (Seub.) Christenh. & Byng;species;NA;0;jbuf;46,793170;7,1549916;NA;LC-MS QExactive Plus;MeOH/H2O;plant specimen
20240405_EB_dbgi_002969_01_01_100mm_C18_15min_DDA_ELON_pos.mzML;dbgi_002969;Chlorophytum capense (L.) Voss;NA;Positive;JBUF;jbuf;Chlorophytum capense;Chlorophytum capense (L.) Voss;species;NA;0;jbuf;46,793200;7,1549916;NA;LC-MS QExactive Plus;MeOH/H2O;plant specimen
20240405_EB_dbgi_002970_01_01_100mm_C18_15min_DDA_ELON_pos.mzML;dbgi_002970;Tanacetum parthenium (L.) Sch.Bip.;NA;Positive;JBUF;jbuf;Tanacetum parthenium;Tanacetum parthenium (L.) Sch.Bip.;species;NA;0;jbuf;46,792667;7,1566825;NA;LC-MS QExactive Plus;MeOH/H2O;plant specimen
20240405_EB_dbgi_002973_01_01_100mm_C18_15min_DDA_ELON_pos.mzML;dbgi_002973;Begonia mazae Ziesenh.;NA;Positive;JBUF;jbuf;Begonia mazae;Begonia mazae Ziesenh.;species;NA;0;jbuf;46,793220;7,1548720;NA;LC-MS QExactive Plus;MeOH/H2O;plant specimen
20240405_EB_dbgi_002980_01_01_100mm_C18_15min_DDA_ELON_pos.mzML;dbgi_002980;Selaginella umbrosa Lem. ex Hieron.;NA;Positive;JBUF;jbuf;Selaginella umbrosa;Selaginella umbrosa Lem. ex Hieron.;species;NA;0;jbuf;46,793213;7,1548670;NA;LC-MS QExactive Plus;MeOH/H2O;plant specimen
20240405_EB_dbgi_002984_01_01_100mm_C18_15min_DDA_ELON_pos.mzML;dbgi_002984;Pontederia azurea Sw.;NA;Positive;JBUF;jbuf;Pontederia azurea;Pontederia azurea Sw.;species;NA;0;jbuf;46,793180;7,1549106;NA;LC-MS QExactive Plus;MeOH/H2O;plant specimen
20240405_EB_dbgi_002989_01_01_100mm_C18_15min_DDA_ELON_pos.mzML;dbgi_002989;Artemisia vulgaris L.;NA;Positive;JBUF;jbuf;Artemisia vulgaris;Artemisia vulgaris L.;species;NA;0;jbuf;46,792675;7,1566300;NA;LC-MS QExactive Plus;MeOH/H2O;plant specimen
20240405_EB_dbgi_002991_01_01_100mm_C18_15min_DDA_ELON_pos.mzML;dbgi_002991;Begonia maculata Raddi;NA;Positive;JBUF;jbuf;Begonia maculata;Begonia maculata Raddi;species;NA;0;jbuf;46,793220;7,1548796;NA;LC-MS QExactive Plus;MeOH/H2O;plant specimen
20240405_EB_dbgi_002996_01_01_100mm_C18_15min_DDA_ELON_pos.mzML;dbgi_002996;Begonia reniformis Dryand.;NA;Positive;JBUF;jbuf;Begonia reniformis;Begonia reniformis Dryand.;species;NA;0;jbuf;46,793220;7,1548705;NA;LC-MS QExactive Plus;MeOH/H2O;plant specimen
20240405_EB_dbgi_003001_01_01_100mm_C18_15min_DDA_ELON_pos.mzML;dbgi_003001;Anthurium scherzerianum Schott;NA;Positive;JBUF;jbuf;Anthurium scherzerianum;Anthurium scherzerianum Schott;species;NA;0;jbuf;46,793180;7,1550126;NA;LC-MS QExactive Plus;MeOH/H2O;plant specimen
20240405_EB_dbgi_003002_01_01_100mm_C18_15min_DDA_ELON_pos.mzML;dbgi_003002;Chlorophytum comosum (Thunb.) Jacques;NA;Positive;JBUF;jbuf;Chlorophytum comosum;Chlorophytum comosum (Thunb.) Jacques;species;NA;0;jbuf;46,793205;7,1549910;NA;LC-MS QExactive Plus;MeOH/H2O;plant specimen
20240405_EB_dbgi_003006_01_01_100mm_C18_15min_DDA_ELON_pos.mzML;dbgi_003006;Begonia foliosa Kunth;NA;Positive;JBUF;jbuf;Begonia foliosa;Begonia foliosa Kunth;species;NA;0;jbuf;46,793220;7,1548743;NA;LC-MS QExactive Plus;MeOH/H2O;plant specimen
20240405_EB_dbgi_003017_01_01_100mm_C18_15min_DDA_ELON_pos.mzML;dbgi_003017;Selaginella plana (Desv. ex Poir.) Hieron.;NA;Positive;JBUF;jbuf;Selaginella plana;Selaginella plana (Desv. ex Poir.) Hieron.;species;NA;0;jbuf;46,793210;7,1549644;NA;LC-MS QExactive Plus;MeOH/H2O;plant specimen
20240405_EB_dbgi_003024_01_01_100mm_C18_15min_DDA_ELON_pos.mzML;dbgi_003024;Dimorphotheca ecklonis DC.;NA;Positive;JBUF;jbuf;Dimorphotheca ecklonis;Dimorphotheca ecklonis DC.;species;NA;0;jbuf;46,792637;7,1564670;NA;LC-MS QExactive Plus;MeOH/H2O;plant specimen
20240405_EB_dbgi_003027_01_01_100mm_C18_15min_DDA_ELON_pos.mzML;dbgi_003027;Asplenium nidus L.;NA;Positive;JBUF;jbuf;Asplenium nidus;Asplenium nidus L.;species;NA;0;jbuf;46,793220;7,1548690;NA;LC-MS QExactive Plus;MeOH/H2O;plant specimen
20240405_EB_dbgi_003033_01_01_100mm_C18_15min_DDA_ELON_pos.mzML;dbgi_003033;Telekia speciosa (Schreb.) Baumg.;NA;Positive;JBUF;jbuf;Telekia speciosa;Telekia speciosa (Schreb.) Baumg.;species;NA;0;jbuf;46,792660;7,1567903;NA;LC-MS QExactive Plus;MeOH/H2O;plant specimen
20240405_EB_dbgi_003034_01_01_100mm_C18_15min_DDA_ELON_pos.mzML;dbgi_003034;Achillea millefolium L.;NA;Positive;JBUF;jbuf;Achillea millefolium;Achillea millefolium L.;species;NA;0;jbuf;46,792680;7,1566625;NA;LC-MS QExactive Plus;MeOH/H2O;plant specimen
20240405_EB_dbgi_003037_01_01_100mm_C18_15min_DDA_ELON_pos.mzML;dbgi_003037;Saxifraga stolonifera Curtis;NA;Positive;JBUF;jbuf;Saxifraga stolonifera;Saxifraga stolonifera Curtis;species;NA;0;jbuf;46,793205;7,1548657;NA;LC-MS QExactive Plus;MeOH/H2O;plant specimen
20240405_EB_dbgi_003041_01_01_100mm_C18_15min_DDA_ELON_pos.mzML;dbgi_003041;Jacobaea erratica (Bertol.) Fourr.;NA;Positive;JBUF;jbuf;Jacobaea erratica;Jacobaea erratica (Bertol.) Fourr.;species;NA;0;jbuf;46,792652;7,1564937;NA;LC-MS QExactive Plus;MeOH/H2O;plant specimen
20240405_EB_dbgi_003047_01_01_100mm_C18_15min_DDA_ELON_pos.mzML;dbgi_003047;Selaginella vogelii Spring;NA;Positive;JBUF;jbuf;Selaginella vogelii;Selaginella vogelii Spring;species;NA;0;jbuf;46,793213;7,1548657;NA;LC-MS QExactive Plus;MeOH/H2O;plant specimen
20240405_EB_dbgi_003048_01_01_100mm_C18_15min_DDA_ELON_pos.mzML;dbgi_003048;Gaillardia aristata Pursh;NA;Positive;JBUF;jbuf;Gaillardia aristata;Gaillardia aristata Pursh;species;NA;0;jbuf;46,792664;7,1568220;NA;LC-MS QExactive Plus;MeOH/H2O;plant specimen
20240405_EB_dbgi_003053_01_01_100mm_C18_15min_DDA_ELON_pos.mzML;dbgi_003053;Artemisia abrotanum L.;NA;Positive;JBUF;jbuf;Artemisia abrotanum;Artemisia abrotanum L.;species;NA;0;jbuf;46,792675;7,1566486;NA;LC-MS QExactive Plus;MeOH/H2O;plant specimen
20240405_EB_dbgi_003057_01_01_100mm_C18_15min_DDA_ELON_pos.mzML;dbgi_003057;Dorstenia urceolata Schott;NA;Positive;JBUF;jbuf;Dorstenia urceolata;Dorstenia urceolata Schott;species;NA;0;jbuf;46,793205;7,1549870;NA;LC-MS QExactive Plus;MeOH/H2O;plant specimen
20240405_EB_dbgi_003064_01_01_100mm_C18_15min_DDA_ELON_pos.mzML;dbgi_003064;Hypochaeris radicata L.;NA;Positive;JBUF;jbuf;Hypochaeris radicata;Hypochaeris radicata L.;species;NA;0;jbuf;46,792656;7,1566870;NA;LC-MS QExactive Plus;MeOH/H2O;plant specimen
20240405_EB_dbgi_003073_01_01_100mm_C18_15min_DDA_ELON_pos.mzML;dbgi_003073;Ficus religiosa L.;NA;Positive;JBUF;jbuf;Ficus religiosa;Ficus religiosa L.;species;NA;0;jbuf;46,793186;7,1549560;NA;LC-MS QExactive Plus;MeOH/H2O;plant specimen
20240405_EB_dbgi_003084_01_01_100mm_C18_15min_DDA_ELON_pos.mzML;dbgi_003084;Justicia brandegeeana Wassh. & L.B.Sm.;NA;Positive;JBUF;jbuf;Justicia brandegeeana;Justicia brandegeeana Wassh. & L.B.Sm.;species;NA;0;jbuf;46,793194;7,1548910;NA;LC-MS QExactive Plus;MeOH/H2O;plant specimen
20240405_EB_dbgi_003092_01_01_100mm_C18_15min_DDA_ELON_pos.mzML;dbgi_003092;Aphelandra arborea (Mill.) M.R.Almeida;NA;Positive;JBUF;jbuf;Aphelandra arborea;Aphelandra arborea (Mill.) M.R.Almeida;species;NA;0;jbuf;46,793190;7,1549034;NA;LC-MS QExactive Plus;MeOH/H2O;plant specimen
20240405_EB_dbgi_003095_01_01_100mm_C18_15min_DDA_ELON_pos.mzML;dbgi_003095;Thunbergia erecta (Benth.) T.Anderson;NA;Positive;JBUF;jbuf;Thunbergia erecta;Thunbergia erecta (Benth.) T.Anderson;species;NA;0;jbuf;46,793198;7,1548890;NA;LC-MS QExactive Plus;MeOH/H2O;plant specimen
20240405_EB_dbgi_003120_01_01_100mm_C18_15min_DDA_ELON_pos.mzML;dbgi_003120;Fittonia albivenis (Lindl. ex Veitch) Brummitt;NA;Positive;JBUF;jbuf;Fittonia albivenis;Fittonia albivenis (Lindl. ex Veitch) Brummitt;species;NA;0;jbuf;46,793190;7,1549190;NA;LC-MS QExactive Plus;MeOH/H2O;plant specimen
202404101527_EB_dbgi_001189_01_01.mzML;dbgi_001189;Geranium pratense L.;NA;Negative;JBUF;jbuf;Geranium pratense;Geranium pratense L.;species;NA;0;jbuf;46,792280;7,1570140;NA;LC-MS QExactive Plus;MeOH/H2O;plant specimen
202404101527_EB_dbgi_001191_01_01.mzML;dbgi_001191;Delphinium grandiflorum L.;NA;Negative;JBUF;jbuf;Delphinium grandiflorum;Delphinium grandiflorum L.;species;NA;0;jbuf;46,792465;7,1564627;NA;LC-MS QExactive Plus;MeOH/H2O;plant specimen
202404101527_EB_dbgi_001201_01_01.mzML;dbgi_001201;Epilobium montanum L.;NA;Negative;JBUF;jbuf;Epilobium montanum;Epilobium montanum L.;species;NA;0;jbuf;46,792270;7,1569653;NA;LC-MS QExactive Plus;MeOH/H2O;plant specimen
202404101527_EB_dbgi_001778_01_01.mzML;dbgi_001778;Alcea rosea L.;NA;Negative;JBUF;jbuf;Alcea rosea;Alcea rosea L.;species;NA;0;jbuf;46,792194;7,1570300;NA;LC-MS QExactive Plus;MeOH/H2O;plant specimen
202404101527_EB_dbgi_001793_01_01.mzML;dbgi_001793;Liriodendron chinense (Hemsl.) Sarg.;NA;Negative;JBUF;jbuf;Liriodendron chinense;Liriodendron chinense (Hemsl.) Sarg.;species;NA;0;jbuf;46,792263;7,1568356;NA;LC-MS QExactive Plus;MeOH/H2O;plant specimen
202404101527_EB_dbgi_001797_01_01.mzML;dbgi_001797;Reseda lutea L.;NA;Negative;JBUF;jbuf;Reseda lutea;Reseda lutea L.;species;NA;0;jbuf;46,792217;7,1568260;NA;LC-MS QExactive Plus;MeOH/H2O;plant specimen
202404101527_EB_dbgi_001798_01_01.mzML;dbgi_001798;Tarenaya spinosa (Jacq.) Raf.;NA;Negative;JBUF;jbuf;Tarenaya spinosa;Tarenaya spinosa (Jacq.) Raf.;species;NA;0;jbuf;46,792206;7,1568494;NA;LC-MS QExactive Plus;MeOH/H2O;plant specimen
202404101527_EB_dbgi_001812_01_01.mzML;dbgi_001812;Lunaria rediviva L.;NA;Negative;JBUF;jbuf;Lunaria rediviva;Lunaria rediviva L.;species;NA;0;jbuf;46,792187;7,1568960;NA;LC-MS QExactive Plus;MeOH/H2O;plant specimen
202404101527_EB_dbgi_001832_01_01.mzML;dbgi_001832;Beta maritima L.;NA;Negative;JBUF;jbuf;Beta maritima;Beta maritima L.;species;NA;0;jbuf;46,792118;7,1568446;NA;LC-MS QExactive Plus;MeOH/H2O;plant specimen
202404101527_EB_dbgi_001842_01_01.mzML;dbgi_001842;Dianthus collinus Waldst. & Kit.;NA;Negative;JBUF;jbuf;Dianthus collinus;Dianthus collinus Waldst. & Kit.;species;NA;0;jbuf;46,792137;7,1568723;NA;LC-MS QExactive Plus;MeOH/H2O;plant specimen
202404101527_EB_dbgi_001846_01_01.mzML;dbgi_001846;Stellaria graminea L.;NA;Negative;JBUF;jbuf;Stellaria graminea;Stellaria graminea L.;species;NA;0;jbuf;46,792114;7,1569770;NA;LC-MS QExactive Plus;MeOH/H2O;plant specimen
202404101527_EB_dbgi_001855_01_01.mzML;dbgi_001855;Brassica oleracea var. oleracea L.;NA;Negative;JBUF;jbuf;Brassica oleracea var. oleracea;Brassica oleracea var. oleracea L.;variety;NA;0;jbuf;46,792160;7,1571236;NA;LC-MS QExactive Plus;MeOH/H2O;plant specimen
202404101527_EB_dbgi_001866_01_01.mzML;dbgi_001866;Lepidium virginicum L.;NA;Negative;JBUF;jbuf;Lepidium virginicum;Lepidium virginicum L.;species;NA;0;jbuf;46,792220;7,1567554;NA;LC-MS QExactive Plus;MeOH/H2O;plant specimen
202404101527_EB_dbgi_001880_01_01.mzML;dbgi_001880;Brassica oleracea L.;NA;Negative;JBUF;jbuf;Brassica oleracea;Brassica oleracea L.;species;NA;0;jbuf;46,792160;7,1570926;NA;LC-MS QExactive Plus;MeOH/H2O;plant specimen
202404101527_EB_dbgi_001889_01_01.mzML;dbgi_001889;Gomphrena globosa L.;NA;Negative;JBUF;jbuf;Gomphrena globosa;Gomphrena globosa L.;species;NA;0;jbuf;46,792090;7,1569676;NA;LC-MS QExactive Plus;MeOH/H2O;plant specimen
202404101527_EB_dbgi_001890_01_01.mzML;dbgi_001890;Beta vulgaris L.;NA;Negative;JBUF;jbuf;Beta vulgaris;Beta vulgaris L.;species;NA;0;jbuf;46,792118;7,1568500;NA;LC-MS QExactive Plus;MeOH/H2O;plant specimen
202404101527_EB_dbgi_001898_01_01.mzML;dbgi_001898;Brassica oleracea L.;NA;Negative;JBUF;jbuf;Brassica oleracea;Brassica oleracea L.;species;NA;0;jbuf;46,792164;7,1570487;NA;LC-MS QExactive Plus;MeOH/H2O;plant specimen
202404101527_EB_dbgi_001906_01_01.mzML;dbgi_001906;Cerastium candidissimum Correns;NA;Negative;JBUF;jbuf;Cerastium candidissimum;Cerastium candidissimum Correns;species;NA;0;jbuf;46,792120;7,1569533;NA;LC-MS QExactive Plus;MeOH/H2O;plant specimen
202404101527_EB_dbgi_001925_01_01.mzML;dbgi_001925;Desmodium canadense (L.) DC.;NA;Negative;JBUF;jbuf;Desmodium canadense;Desmodium canadense (L.) DC.;species;NA;0;jbuf;46,792263;7,1572065;NA;LC-MS QExactive Plus;MeOH/H2O;plant specimen
202404101527_EB_dbgi_001927_01_01.mzML;dbgi_001927;Portulaca grandiflora Hook.;NA;Negative;JBUF;jbuf;Portulaca grandiflora;Portulaca grandiflora Hook.;species;NA;0;jbuf;46,792170;7,1567050;NA;LC-MS QExactive Plus;MeOH/H2O;plant specimen
202404101527_EB_dbgi_001933_01_01.mzML;dbgi_001933;Amphicarpaea bracteata (L.) Fernald;NA;Negative;JBUF;jbuf;Amphicarpaea bracteata;Amphicarpaea bracteata (L.) Fernald;species;NA;0;jbuf;46,792260;7,1572050;NA;LC-MS QExactive Plus;MeOH/H2O;plant specimen
202404101527_EB_dbgi_002256_01_01.mzML;dbgi_002256;Rhamnus cathartica L.;NA;Negative;JBUF;jbuf;Rhamnus cathartica;Rhamnus cathartica L.;species;NA;0;jbuf;46,792316;7,1572886;NA;LC-MS QExactive Plus;MeOH/H2O;plant specimen
202404101527_EB_dbgi_002261_01_01.mzML;dbgi_002261;Euphorbia illirica Lam.;NA;Negative;JBUF;jbuf;Euphorbia illirica;Euphorbia illirica Lam.;species;NA;0;jbuf;46,792114;7,1572310;NA;LC-MS QExactive Plus;MeOH/H2O;plant specimen
202404101527_EB_dbgi_002268_01_01.mzML;dbgi_002268;Linum campanulatum L.;NA;Negative;JBUF;jbuf;Linum campanulatum;Linum campanulatum L.;species;NA;0;jbuf;46,792130;7,1572547;NA;LC-MS QExactive Plus;MeOH/H2O;plant specimen
202404101527_EB_dbgi_002323_01_01.mzML;dbgi_002323;Galega officinalis L.;NA;Negative;JBUF;jbuf;Galega officinalis;Galega officinalis L.;species;NA;0;jbuf;46,792168;7,1571956;NA;LC-MS QExactive Plus;MeOH/H2O;plant specimen
202404101527_EB_dbgi_002326_01_01.mzML;dbgi_002326;Digitalis grandiflora Mill.;NA;Negative;JBUF;jbuf;Digitalis grandiflora;Digitalis grandiflora Mill.;species;NA;0;jbuf;46,792550;7,1567810;NA;LC-MS QExactive Plus;MeOH/H2O;plant specimen
202404101527_EB_dbgi_002364_01_01.mzML;dbgi_002364;Pulmonaria mollis J.P.Wolff ex J.F.Lehm.;NA;Negative;JBUF;jbuf;Pulmonaria mollis;Pulmonaria mollis J.P.Wolff ex J.F.Lehm.;species;NA;1;jbuf;46,792576;7,1565857;NA;LC-MS QExactive Plus;MeOH/H2O;plant specimen
202404101527_EB_dbgi_002371_01_01.mzML;dbgi_002371;Euphorbia cyparissias L.;NA;Negative;JBUF;jbuf;Euphorbia cyparissias;Euphorbia cyparissias L.;species;NA;0;jbuf;46,792103;7,1572100;NA;LC-MS QExactive Plus;MeOH/H2O;plant specimen
202404101527_EB_dbgi_002386_01_01.mzML;dbgi_002386;Genista germanica L.;NA;Negative;JBUF;jbuf;Genista germanica;Genista germanica L.;species;NA;1;jbuf;46,792460;7,1570980;NA;LC-MS QExactive Plus;MeOH/H2O;plant specimen
202404101527_EB_dbgi_002395_01_01.mzML;dbgi_002395;Oxalis lasiandra Zucc.;NA;Negative;JBUF;jbuf;Oxalis lasiandra;Oxalis lasiandra Zucc.;species;NA;0;jbuf;46,792133;7,1572160;NA;LC-MS QExactive Plus;MeOH/H2O;plant specimen
202404101527_EB_dbgi_002401_01_01.mzML;dbgi_002401;Nonea lutea (Desr.) DC.;NA;Negative;JBUF;jbuf;Nonea lutea;Nonea lutea (Desr.) DC.;species;NA;0;jbuf;46,792576;7,1565623;NA;LC-MS QExactive Plus;MeOH/H2O;plant specimen
202404101527_EB_dbgi_002410_01_01.mzML;dbgi_002410;Rubia tinctorum L.;NA;Negative;JBUF;jbuf;Rubia tinctorum;Rubia tinctorum L.;species;NA;0;jbuf;46,792515;7,1569690;NA;LC-MS QExactive Plus;MeOH/H2O;plant specimen
202404101527_EB_dbgi_002424_01_01.mzML;dbgi_002424;Asclepias incarnata subsp. incarnata;NA;Negative;JBUF;jbuf;Asclepias incarnata subsp. incarnata;Asclepias incarnata subsp. incarnata;subspecies;NA;0;jbuf;46,792526;7,1568530;NA;LC-MS QExactive Plus;MeOH/H2O;plant specimen
202404101527_EB_dbgi_002431_01_01.mzML;dbgi_002431;Solanum lycopersicum L.;NA;Negative;JBUF;jbuf;Solanum lycopersicum;Solanum lycopersicum L.;species;NA;0;jbuf;46,792553;7,1565757;NA;LC-MS QExactive Plus;MeOH/H2O;plant specimen
202404101527_EB_dbgi_002439_01_01.mzML;dbgi_002439;Veronica persica Poir.;NA;Negative;JBUF;jbuf;Veronica persica;Veronica persica Poir.;species;NA;1;jbuf;46,792553;7,1568100;NA;LC-MS QExactive Plus;MeOH/H2O;plant specimen
202404101527_EB_dbgi_002442_01_01.mzML;dbgi_002442;Atropa belladonna subsp. belladonna;NA;Negative;JBUF;jbuf;Atropa belladonna subsp. belladonna;Atropa belladonna subsp. belladonna;subspecies;NA;0;jbuf;46,792540;7,1566834;NA;LC-MS QExactive Plus;MeOH/H2O;plant specimen
202404101527_EB_dbgi_002449_01_01.mzML;dbgi_002449;Asclepias curassavica L.;NA;Negative;JBUF;jbuf;Asclepias curassavica;Asclepias curassavica L.;species;NA;0;jbuf;46,792522;7,1568310;NA;LC-MS QExactive Plus;MeOH/H2O;plant specimen
202404101527_EB_dbgi_002450_01_01.mzML;dbgi_002450;Hydrogalium tinctorium (L.) Kadereit & Schneew.;NA;Negative;JBUF;jbuf;Hydrogalium tinctorium;Hydrogalium tinctorium (L.) Kadereit & Schneew.;species;NA;0;jbuf;46,792515;7,1569304;NA;LC-MS QExactive Plus;MeOH/H2O;plant specimen
202404101527_EB_dbgi_002451_01_01.mzML;dbgi_002451;Cruciata laevipes Opiz;NA;Negative;JBUF;jbuf;Cruciata laevipes;Cruciata laevipes Opiz;species;NA;0;jbuf;46,792515;7,1569633;NA;LC-MS QExactive Plus;MeOH/H2O;plant specimen
202404101527_EB_dbgi_002461_01_01.mzML;dbgi_002461;Gentiana tibetica King ex Hook.fil.;NA;Negative;JBUF;jbuf;Gentiana tibetica;Gentiana tibetica King ex Hook.fil.;species;NA;0;jbuf;46,792520;7,1568813;NA;LC-MS QExactive Plus;MeOH/H2O;plant specimen
202404101527_EB_dbgi_002466_01_01.mzML;dbgi_002466;Ipomoea lobata (Cerv.) Thell.;NA;Negative;JBUF;jbuf;Ipomoea lobata;Ipomoea lobata (Cerv.) Thell.;species;NA;0;jbuf;46,792530;7,1568030;NA;LC-MS QExactive Plus;MeOH/H2O;plant specimen
202404101527_EB_dbgi_002467_01_01.mzML;dbgi_002467;Nierembergia scoparia Sendtn.;NA;Negative;JBUF;jbuf;Nierembergia scoparia;Nierembergia scoparia Sendtn.;species;NA;0;jbuf;46,792534;7,1567480;NA;LC-MS QExactive Plus;MeOH/H2O;plant specimen
202404101527_EB_dbgi_002468_01_01.mzML;dbgi_002468;Prunus domestica subsp. insititia (L.) Bonnier & Layens;NA;Negative;JBUF;jbuf;Prunus domestica subsp. insititia;Prunus domestica subsp. insititia (L.) Bonnier & Layens;subspecies;NA;0;jbuf;46,792442;7,1573544;NA;LC-MS QExactive Plus;MeOH/H2O;plant specimen
202404101527_EB_dbgi_002473_01_01.mzML;dbgi_002473;Browallia americana L.;NA;Negative;JBUF;jbuf;Browallia americana;Browallia americana L.;species;NA;0;jbuf;46,792530;7,1567545;NA;LC-MS QExactive Plus;MeOH/H2O;plant specimen
202404101527_EB_dbgi_002474_01_01.mzML;dbgi_002474;Petunia integrifolia (Hook.) Schinz & Thell.;NA;Negative;JBUF;jbuf;Petunia integrifolia;Petunia integrifolia (Hook.) Schinz & Thell.;species;NA;0;jbuf;46,792530;7,1567340;NA;LC-MS QExactive Plus;MeOH/H2O;plant specimen
202404101527_EB_dbgi_002475_01_01.mzML;dbgi_002475;Prunus avium (L.) L.;NA;Negative;JBUF;jbuf;Prunus avium;Prunus avium (L.) L.;species;NA;0;jbuf;46,792557;7,1572146;NA;LC-MS QExactive Plus;MeOH/H2O;plant specimen
202404101527_EB_dbgi_002476_01_01.mzML;dbgi_002476;Prunus cerasifera Ehrh.;NA;Negative;JBUF;jbuf;Prunus cerasifera;Prunus cerasifera Ehrh.;species;NA;0;jbuf;46,792477;7,1573520;NA;LC-MS QExactive Plus;MeOH/H2O;plant specimen
202404101527_EB_dbgi_002481_01_01.mzML;dbgi_002481;Veronica teucrium L.;NA;Negative;JBUF;jbuf;Veronica teucrium;Veronica teucrium L.;species;NA;0;jbuf;46,792545;7,1568330;NA;LC-MS QExactive Plus;MeOH/H2O;plant specimen
202404101527_EB_dbgi_002490_01_01.mzML;dbgi_002490;Alkanna orientalis (L.) Boiss.;NA;Negative;JBUF;jbuf;Alkanna orientalis;Alkanna orientalis (L.) Boiss.;species;NA;0;jbuf;46,792557;7,1565360;NA;LC-MS QExactive Plus;MeOH/H2O;plant specimen
202404101527_EB_dbgi_002497_01_01.mzML;dbgi_002497;Capsicum annuum L.;NA;Negative;JBUF;jbuf;Capsicum annuum;Capsicum annuum L.;species;NA;0;jbuf;46,792545;7,1565790;NA;LC-MS QExactive Plus;MeOH/H2O;plant specimen
202404101527_EB_dbgi_002500_01_01.mzML;dbgi_002500;Pontechium maculatum (L.) Böhle & Hilger;NA;Negative;JBUF;jbuf;Pontechium maculatum;Pontechium maculatum (L.) Böhle & Hilger;species;NA;0;jbuf;46,792576;7,1565666;NA;LC-MS QExactive Plus;MeOH/H2O;plant specimen
202404101527_EB_dbgi_002502_01_01.mzML;dbgi_002502;Gentiana angustifolia Vill.;NA;Negative;JBUF;jbuf;Gentiana angustifolia;Gentiana angustifolia Vill.;species;NA;0;jbuf;46,792515;7,1568933;NA;LC-MS QExactive Plus;MeOH/H2O;plant specimen
202404101527_EB_dbgi_002506_01_01.mzML;dbgi_002506;Solanum pimpinellifolium L.;NA;Negative;JBUF;jbuf;Solanum pimpinellifolium;Solanum pimpinellifolium L.;species;NA;0;jbuf;46,792545;7,1565685;NA;LC-MS QExactive Plus;MeOH/H2O;plant specimen
202404101527_EB_dbgi_002508_01_01.mzML;dbgi_002508;Solanum aviculare G.Forst.;NA;Negative;JBUF;jbuf;Solanum aviculare;Solanum aviculare G.Forst.;species;NA;0;jbuf;46,792545;7,1565566;NA;LC-MS QExactive Plus;MeOH/H2O;plant specimen
202404101527_EB_dbgi_002510_01_01.mzML;dbgi_002510;Ipomoea batatas (L.) Lam.;NA;Negative;JBUF;jbuf;Ipomoea batatas;Ipomoea batatas (L.) Lam.;species;NA;0;jbuf;46,792522;7,1568040;NA;LC-MS QExactive Plus;MeOH/H2O;plant specimen
202404101527_EB_dbgi_002511_01_01.mzML;dbgi_002511;Capsicum annuum L.;NA;Negative;JBUF;jbuf;Capsicum annuum;Capsicum annuum L.;species;NA;0;jbuf;46,792550;7,1565824;NA;LC-MS QExactive Plus;MeOH/H2O;plant specimen
202404101527_EB_dbgi_002526_01_01.mzML;dbgi_002526;Physalis peruviana L.;NA;Negative;JBUF;jbuf;Physalis peruviana;Physalis peruviana L.;species;NA;0;jbuf;46,792550;7,1565930;NA;LC-MS QExactive Plus;MeOH/H2O;plant specimen
202404101527_EB_dbgi_002527_01_01.mzML;dbgi_002527;Heliotropium arborescens L.;NA;Negative;JBUF;jbuf;Heliotropium arborescens;Heliotropium arborescens L.;species;NA;0;jbuf;46,792550;7,1565294;NA;LC-MS QExactive Plus;MeOH/H2O;plant specimen
202404101527_EB_dbgi_002549_01_01.mzML;dbgi_002549;Zamioculcas zamiifolia (G.Lodd.) Engl.;NA;Negative;JBUF;jbuf;Zamioculcas zamiifolia;Zamioculcas zamiifolia (G.Lodd.) Engl.;species;NA;0;jbuf;46,793200;7,1548840;NA;LC-MS QExactive Plus;MeOH/H2O;plant specimen
202404101527_EB_dbgi_002552_01_01.mzML;dbgi_002552;Platycodon grandiflorus (Jacq.) A.DC.;NA;Negative;JBUF;jbuf;Platycodon grandiflorus;Platycodon grandiflorus (Jacq.) A.DC.;species;NA;0;jbuf;46,792603;7,1570900;NA;LC-MS QExactive Plus;MeOH/H2O;plant specimen
202404101527_EB_dbgi_002593_01_01.mzML;dbgi_002593;Pimpinella saxifraga L.;NA;Negative;JBUF;jbuf;Pimpinella saxifraga;Pimpinella saxifraga L.;species;NA;0;jbuf;46,792620;7,1566215;NA;LC-MS QExactive Plus;MeOH/H2O;plant specimen
202404101527_EB_dbgi_002598_01_01.mzML;dbgi_002598;Anethum graveolens L.;NA;Negative;JBUF;jbuf;Anethum graveolens;Anethum graveolens L.;species;NA;0;jbuf;46,792620;7,1566534;NA;LC-MS QExactive Plus;MeOH/H2O;plant specimen
202404101527_EB_dbgi_002608_01_01.mzML;dbgi_002608;Campanula hofmannii (Pant.) Greuter & Burdet;NA;Negative;JBUF;jbuf;Campanula hofmannii;Campanula hofmannii (Pant.) Greuter & Burdet;species;NA;0;jbuf;46,792614;7,1570530;NA;LC-MS QExactive Plus;MeOH/H2O;plant specimen
202404101527_EB_dbgi_002615_01_01.mzML;dbgi_002615;Lantana L.;NA;Negative;JBUF;jbuf;Lantana;Lantana L.;genus;NA;0;jbuf;46,792570;7,1569386;NA;LC-MS QExactive Plus;MeOH/H2O;plant specimen
202404101527_EB_dbgi_002625_01_01.mzML;dbgi_002625;Lonicera nigra L.;NA;Negative;JBUF;jbuf;Lonicera nigra;Lonicera nigra L.;species;NA;0;jbuf;46,792606;7,1568200;NA;LC-MS QExactive Plus;MeOH/H2O;plant specimen
202404101527_EB_dbgi_002651_01_01.mzML;dbgi_002651;Lobelia siphilitica L.;NA;Negative;JBUF;jbuf;Lobelia siphilitica;Lobelia siphilitica L.;species;NA;0;jbuf;46,792600;7,1571054;NA;LC-MS QExactive Plus;MeOH/H2O;plant specimen
202404101527_EB_dbgi_002694_01_01.mzML;dbgi_002694;Tragopogon porrifolius subsp. porrifolius;NA;Negative;JBUF;jbuf;Tragopogon porrifolius subsp. porrifolius;Tragopogon porrifolius subsp. porrifolius;subspecies;NA;0;jbuf;46,792645;7,1567470;NA;LC-MS QExactive Plus;MeOH/H2O;plant specimen
202404101527_EB_dbgi_002697_01_01.mzML;dbgi_002697;Sideritis taurica Steph. ex Willd.;NA;Negative;JBUF;jbuf;Sideritis taurica;Sideritis taurica Steph. ex Willd.;species;NA;0;jbuf;46,792590;7,1565094;NA;LC-MS QExactive Plus;MeOH/H2O;plant specimen
202404101527_EB_dbgi_002740_01_01.mzML;dbgi_002740;Centaurea jacea subsp. jacea;NA;Negative;JBUF;jbuf;Centaurea jacea subsp. jacea;Centaurea jacea subsp. jacea;subspecies;NA;0;jbuf;46,792637;7,1568103;NA;LC-MS QExactive Plus;MeOH/H2O;plant specimen
202404101527_EB_dbgi_002748_01_01.mzML;dbgi_002748;Begonia ulmifolia Willd.;NA;Negative;JBUF;jbuf;Begonia ulmifolia;Begonia ulmifolia Willd.;species;NA;0;jbuf;46,793220;7,1548724;NA;LC-MS QExactive Plus;MeOH/H2O;plant specimen
202404101527_EB_dbgi_002749_01_01.mzML;dbgi_002749;Epiphyllum Haw.;NA;Negative;JBUF;jbuf;Epiphyllum;Epiphyllum Haw.;genus;NA;0;jbuf;46,793213;7,1548786;NA;LC-MS QExactive Plus;MeOH/H2O;plant specimen
202404101527_EB_dbgi_002753_01_01.mzML;dbgi_002753;Syngonium auritum (L.) Schott;NA;Negative;JBUF;jbuf;Syngonium auritum;Syngonium auritum (L.) Schott;species;NA;0;jbuf;46,793220;7,1548686;NA;LC-MS QExactive Plus;MeOH/H2O;plant specimen
202404101527_EB_dbgi_002754_01_01.mzML;dbgi_002754;Chlorophytum comosum (Thunb.) Jacques;NA;Negative;JBUF;jbuf;Chlorophytum comosum;Chlorophytum comosum (Thunb.) Jacques;species;NA;0;jbuf;46,793200;7,1549970;NA;LC-MS QExactive Plus;MeOH/H2O;plant specimen
202404101527_EB_dbgi_002758_01_01.mzML;dbgi_002758;Begonia L.;NA;Negative;JBUF;jbuf;Begonia;Begonia L.;genus;NA;0;jbuf;46,793213;7,1549115;NA;LC-MS QExactive Plus;MeOH/H2O;plant specimen
202404101527_EB_dbgi_002759_01_01.mzML;dbgi_002759;Begonia amphioxus Sands;NA;Negative;JBUF;jbuf;Begonia amphioxus;Begonia amphioxus Sands;species;NA;0;jbuf;46,793220;7,1548777;NA;LC-MS QExactive Plus;MeOH/H2O;plant specimen
202404101527_EB_dbgi_002763_01_01.mzML;dbgi_002763;Rotala rotundifolia (Buch.-Ham. ex Roxb.) Koehne;NA;Negative;JBUF;jbuf;Rotala rotundifolia;Rotala rotundifolia (Buch.-Ham. ex Roxb.) Koehne;species;NA;0;jbuf;46,793167;7,1550074;NA;LC-MS QExactive Plus;MeOH/H2O;plant specimen
202404101527_EB_dbgi_002769_01_01.mzML;dbgi_002769;Nephrolepis exaltata (L.) Schott;NA;Negative;JBUF;jbuf;Nephrolepis exaltata;Nephrolepis exaltata (L.) Schott;species;NA;0;jbuf;46,793198;7,1550245;NA;LC-MS QExactive Plus;MeOH/H2O;plant specimen
202404101527_EB_dbgi_002778_01_01.mzML;dbgi_002778;Nymphoides hydrophylla (Lour.) Kuntze;NA;Negative;JBUF;jbuf;Nymphoides hydrophylla;Nymphoides hydrophylla (Lour.) Kuntze;species;NA;0;jbuf;46,793180;7,1549310;NA;LC-MS QExactive Plus;MeOH/H2O;plant specimen
202404101527_EB_dbgi_002779_01_01.mzML;dbgi_002779;Streptocarpus ionanthus subsp. grotei (Engl.) Christenh.;NA;Negative;JBUF;jbuf;Streptocarpus ionanthus subsp. grotei;Streptocarpus ionanthus subsp. grotei (Engl.) Christenh.;subspecies;NA;0;jbuf;46,793205;7,1550136;NA;LC-MS QExactive Plus;MeOH/H2O;plant specimen
202404101527_EB_dbgi_002781_01_01.mzML;dbgi_002781;Anthurium scherzerianum Schott;NA;Negative;JBUF;jbuf;Anthurium scherzerianum;Anthurium scherzerianum Schott;species;NA;0;jbuf;46,793198;7,1549230;NA;LC-MS QExactive Plus;MeOH/H2O;plant specimen
202404101527_EB_dbgi_002783_01_01.mzML;dbgi_002783;Clerodendrum thomsoniae Balf.;NA;Negative;JBUF;jbuf;Clerodendrum thomsoniae;Clerodendrum thomsoniae Balf.;species;NA;0;jbuf;46,793170;7,1550120;NA;LC-MS QExactive Plus;MeOH/H2O;plant specimen
202404101527_EB_dbgi_002792_01_01.mzML;dbgi_002792;Rhynchosia phaseoloides (Sw.) DC.;NA;Negative;JBUF;jbuf;Rhynchosia phaseoloides;Rhynchosia phaseoloides (Sw.) DC.;species;NA;0;jbuf;46,793180;7,1549797;NA;LC-MS QExactive Plus;MeOH/H2O;plant specimen
202404101527_EB_dbgi_002799_01_01.mzML;dbgi_002799;Epipremnum pinnatum (L.) Engl.;NA;Negative;JBUF;jbuf;Epipremnum pinnatum;Epipremnum pinnatum (L.) Engl.;species;NA;0;jbuf;46,793210;7,1549770;NA;LC-MS QExactive Plus;MeOH/H2O;plant specimen
202404101527_EB_dbgi_002803_01_01.mzML;dbgi_002803;Trichotosia velutina (Lodd. ex Lindl.) Kraenzl.;NA;Negative;JBUF;jbuf;Trichotosia velutina;Trichotosia velutina (Lodd. ex Lindl.) Kraenzl.;species;NA;0;jbuf;46,793180;7,1550126;NA;LC-MS QExactive Plus;MeOH/H2O;plant specimen
202404101527_EB_dbgi_002812_01_01.mzML;dbgi_002812;Codiaeum Rumph. ex A.Juss.;NA;Negative;JBUF;jbuf;Codiaeum;Codiaeum Rumph. ex A.Juss.;genus;NA;0;jbuf;46,793182;7,1549890;NA;LC-MS QExactive Plus;MeOH/H2O;plant specimen
202404101527_EB_dbgi_002813_01_01.mzML;dbgi_002813;Episcia cupreata (Hook.) Hanst.;NA;Negative;JBUF;jbuf;Episcia cupreata;Episcia cupreata (Hook.) Hanst.;species;NA;0;jbuf;46,793210;7,1548676;NA;LC-MS QExactive Plus;MeOH/H2O;plant specimen
202404101527_EB_dbgi_002815_01_01.mzML;dbgi_002815;Phlegmariurus squarrosus (G.Forst.) Á.Löve & D.Löve;NA;Negative;JBUF;jbuf;Phlegmariurus squarrosus;Phlegmariurus squarrosus (G.Forst.) Á.Löve & D.Löve;species;NA;0;jbuf;46,793220;7,1548686;NA;LC-MS QExactive Plus;MeOH/H2O;plant specimen
202404101527_EB_dbgi_002818_01_01.mzML;dbgi_002818;Dieffenbachia seguine var. seguine;NA;Negative;JBUF;jbuf;Dieffenbachia seguine var. seguine;Dieffenbachia seguine var. seguine;variety;NA;0;jbuf;46,793200;7,1549000;NA;LC-MS QExactive Plus;MeOH/H2O;plant specimen
202404101527_EB_dbgi_002819_01_01.mzML;dbgi_002819;Aeschynanthus longicaulis Wall. ex R.Br.;NA;Negative;JBUF;jbuf;Aeschynanthus longicaulis;Aeschynanthus longicaulis Wall. ex R.Br.;species;NA;0;jbuf;46,793205;7,1549520;NA;LC-MS QExactive Plus;MeOH/H2O;plant specimen
202404101527_EB_dbgi_002820_01_01.mzML;dbgi_002820;Davallia bullata Wall. ex Hook.;NA;Negative;JBUF;jbuf;Davallia bullata;Davallia bullata Wall. ex Hook.;species;NA;0;jbuf;46,793217;7,1548690;NA;LC-MS QExactive Plus;MeOH/H2O;plant specimen
202404101527_EB_dbgi_002823_01_01.mzML;dbgi_002823;Tetranema roseum (M.Martens & Galeotti) Standl. & Steyerm.;NA;Negative;JBUF;jbuf;Tetranema roseum;Tetranema roseum (M.Martens & Galeotti) Standl. & Steyerm.;species;NA;0;jbuf;46,793210;7,1548657;NA;LC-MS QExactive Plus;MeOH/H2O;plant specimen
202404101527_EB_dbgi_002824_01_01.mzML;dbgi_002824;Selaginella plana (Desv. ex Poir.) Hieron.;NA;Negative;JBUF;jbuf;Selaginella plana;Selaginella plana (Desv. ex Poir.) Hieron.;species;NA;0;jbuf;46,793220;7,1548696;NA;LC-MS QExactive Plus;MeOH/H2O;plant specimen
202404101527_EB_dbgi_002825_01_01.mzML;dbgi_002825;Calvoa orientalis Taub.;NA;Negative;JBUF;jbuf;Calvoa orientalis;Calvoa orientalis Taub.;species;NA;0;jbuf;46,793205;7,1550055;NA;LC-MS QExactive Plus;MeOH/H2O;plant specimen
202404101527_EB_dbgi_002831_01_01.mzML;dbgi_002831;Dendrobium nobile Lindl.;NA;Negative;JBUF;jbuf;Dendrobium nobile;Dendrobium nobile Lindl.;species;NA;0;jbuf;46,793182;7,1548796;NA;LC-MS QExactive Plus;MeOH/H2O;plant specimen
202404101527_EB_dbgi_002832_01_01.mzML;dbgi_002832;Heteranthera zosterifolia Mart.;NA;Negative;JBUF;jbuf;Heteranthera zosterifolia;Heteranthera zosterifolia Mart.;species;NA;0;jbuf;46,793170;7,1549960;NA;LC-MS QExactive Plus;MeOH/H2O;plant specimen
202404101527_EB_dbgi_002834_01_01.mzML;dbgi_002834;Selaginella pallescens (C.Presl) Spring;NA;Negative;JBUF;jbuf;Selaginella pallescens;Selaginella pallescens (C.Presl) Spring;species;NA;0;jbuf;46,793213;7,1548660;NA;LC-MS QExactive Plus;MeOH/H2O;plant specimen
202404101527_EB_dbgi_002836_01_01.mzML;dbgi_002836;Nepenthes maxima Reinw.;NA;Negative;JBUF;jbuf;Nepenthes maxima;Nepenthes maxima Reinw.;species;NA;0;jbuf;46,793217;7,1549206;NA;LC-MS QExactive Plus;MeOH/H2O;plant specimen
202404101527_EB_dbgi_002837_01_01.mzML;dbgi_002837;Scutellaria coccinea Kunth;NA;Negative;JBUF;jbuf;Scutellaria coccinea;Scutellaria coccinea Kunth;species;NA;0;jbuf;46,793200;7,1550020;NA;LC-MS QExactive Plus;MeOH/H2O;plant specimen
202404101527_EB_dbgi_002841_01_01.mzML;dbgi_002841;Philodendron angustisectum Engl.;NA;Negative;JBUF;jbuf;Philodendron angustisectum;Philodendron angustisectum Engl.;species;NA;0;jbuf;46,793217;7,1548670;NA;LC-MS QExactive Plus;MeOH/H2O;plant specimen
202404101527_EB_dbgi_002844_01_01.mzML;dbgi_002844;Strongylodon macrobotrys A.Gray;NA;Negative;JBUF;jbuf;Strongylodon macrobotrys;Strongylodon macrobotrys A.Gray;species;NA;0;jbuf;46,793210;7,1549706;NA;LC-MS QExactive Plus;MeOH/H2O;plant specimen
202404101527_EB_dbgi_002846_01_01.mzML;dbgi_002846;Coelogyne cobbiana (Rchb.f.) M.W.Chase & Schuit.;NA;Negative;JBUF;jbuf;Coelogyne cobbiana;Coelogyne cobbiana (Rchb.f.) M.W.Chase & Schuit.;species;NA;0;jbuf;46,793175;7,1549490;NA;LC-MS QExactive Plus;MeOH/H2O;plant specimen
202404101527_EB_dbgi_002847_01_01.mzML;dbgi_002847;Cryptanthus acaulis (Lindl.) Beer;NA;Negative;JBUF;jbuf;Cryptanthus acaulis;Cryptanthus acaulis (Lindl.) Beer;species;NA;0;jbuf;46,793190;7,1548630;NA;LC-MS QExactive Plus;MeOH/H2O;plant specimen
202404101527_EB_dbgi_002851_01_01.mzML;dbgi_002851;Rhipsalis dissimilis (G.Lindb.) K.Schum.;NA;Negative;JBUF;jbuf;Rhipsalis dissimilis;Rhipsalis dissimilis (G.Lindb.) K.Schum.;species;NA;0;jbuf;46,793213;7,1548843;NA;LC-MS QExactive Plus;MeOH/H2O;plant specimen
202404101527_EB_dbgi_002853_01_01.mzML;dbgi_002853;Begonia microsperma Warb.;NA;Negative;JBUF;jbuf;Begonia microsperma;Begonia microsperma Warb.;species;NA;0;jbuf;46,793217;7,1549006;NA;LC-MS QExactive Plus;MeOH/H2O;plant specimen
202404101527_EB_dbgi_002855_01_01.mzML;dbgi_002855;Ficus lyrata Warb.;NA;Negative;JBUF;jbuf;Ficus lyrata;Ficus lyrata Warb.;species;NA;0;jbuf;46,793194;7,1549044;NA;LC-MS QExactive Plus;MeOH/H2O;plant specimen
202404101527_EB_dbgi_002858_01_01.mzML;dbgi_002858;Orchidaceae Juss.;NA;Negative;JBUF;jbuf;Orchidaceae;Orchidaceae Juss.;family;NA;0;jbuf;46,793186;7,1548730;NA;LC-MS QExactive Plus;MeOH/H2O;plant specimen
202404101527_EB_dbgi_002870_01_01.mzML;dbgi_002870;Microsorum punctatum (L.) Copel.;NA;Negative;JBUF;jbuf;Microsorum punctatum;Microsorum punctatum (L.) Copel.;species;NA;0;jbuf;46,793180;7,1550126;NA;LC-MS QExactive Plus;MeOH/H2O;plant specimen
202404101527_EB_dbgi_002873_01_01.mzML;dbgi_002873;Neoblechnum brasiliense (Desv.) Gasper & V.A.O.Dittrich;NA;Negative;JBUF;jbuf;Neoblechnum brasiliense;Neoblechnum brasiliense (Desv.) Gasper & V.A.O.Dittrich;species;NA;0;jbuf;46,793220;7,1548680;NA;LC-MS QExactive Plus;MeOH/H2O;plant specimen
202404101527_EB_dbgi_002875_01_01.mzML;dbgi_002875;Begonia foliosa Kunth;NA;Negative;JBUF;jbuf;Begonia foliosa;Begonia foliosa Kunth;species;NA;0;jbuf;46,793220;7,1548753;NA;LC-MS QExactive Plus;MeOH/H2O;plant specimen
202404101527_EB_dbgi_002876_01_01.mzML;dbgi_002876;Begonia heracleifolia Cham. & Schltdl.;NA;Negative;JBUF;jbuf;Begonia heracleifolia;Begonia heracleifolia Cham. & Schltdl.;species;NA;0;jbuf;46,793220;7,1548734;NA;LC-MS QExactive Plus;MeOH/H2O;plant specimen
202404101527_EB_dbgi_002882_01_01.mzML;dbgi_002882;Kohleria warszewiczii (Regel) Hanst.;NA;Negative;JBUF;jbuf;Kohleria warszewiczii;Kohleria warszewiczii (Regel) Hanst.;species;NA;0;jbuf;46,793200;7,1550100;NA;LC-MS QExactive Plus;MeOH/H2O;plant specimen
202404101527_EB_dbgi_002887_01_01.mzML;dbgi_002887;Pyrrosia heterophylla (L.) M.G.Price;NA;Negative;JBUF;jbuf;Pyrrosia heterophylla;Pyrrosia heterophylla (L.) M.G.Price;species;NA;0;jbuf;46,793220;7,1548700;NA;LC-MS QExactive Plus;MeOH/H2O;plant specimen
202404101527_EB_dbgi_002892_01_01.mzML;dbgi_002892;Alocasia macrorrhizos (L.) G.Don;NA;Negative;JBUF;jbuf;Alocasia macrorrhizos;Alocasia macrorrhizos (L.) G.Don;species;NA;0;jbuf;46,793190;7,1549416;NA;LC-MS QExactive Plus;MeOH/H2O;plant specimen
202404101527_EB_dbgi_002895_01_01.mzML;dbgi_002895;Streptocarpus Lindl.;NA;Negative;JBUF;jbuf;Streptocarpus;Streptocarpus Lindl.;genus;NA;0;jbuf;46,793198;7,1550140;NA;LC-MS QExactive Plus;MeOH/H2O;plant specimen
202404101527_EB_dbgi_002896_01_01.mzML;dbgi_002896;Begonia L.;NA;Negative;JBUF;jbuf;Begonia;Begonia L.;genus;NA;0;jbuf;46,793213;7,1549300;NA;LC-MS QExactive Plus;MeOH/H2O;plant specimen
202404101527_EB_dbgi_002902_01_01.mzML;dbgi_002902;Selaginella lepidophylla (Hook. & Grev.) Spring;NA;Negative;JBUF;jbuf;Selaginella lepidophylla;Selaginella lepidophylla (Hook. & Grev.) Spring;species;NA;0;jbuf;46,793217;7,1548680;NA;LC-MS QExactive Plus;MeOH/H2O;plant specimen
202404101527_EB_dbgi_002904_01_01.mzML;dbgi_002904;Acalypha wilkesiana Müll.Arg.;NA;Negative;JBUF;jbuf;Acalypha wilkesiana;Acalypha wilkesiana Müll.Arg.;species;NA;0;jbuf;46,793180;7,1549660;NA;LC-MS QExactive Plus;MeOH/H2O;plant specimen
202404101527_EB_dbgi_002905_01_01.mzML;dbgi_002905;Scutellaria stenosiphon Hemsl.;NA;Negative;JBUF;jbuf;Scutellaria stenosiphon;Scutellaria stenosiphon Hemsl.;species;NA;0;jbuf;46,793200;7,1550093;NA;LC-MS QExactive Plus;MeOH/H2O;plant specimen
202404101527_EB_dbgi_002907_01_01.mzML;dbgi_002907;Stanhopea hernandezii (Kunth) Schltr.;NA;Negative;JBUF;jbuf;Stanhopea hernandezii;Stanhopea hernandezii (Kunth) Schltr.;species;NA;0;jbuf;46,793180;7,1550126;NA;LC-MS QExactive Plus;MeOH/H2O;plant specimen
202404101527_EB_dbgi_002918_01_01.mzML;dbgi_002918;Impatiens congolensis G.M.Schulze & R.Wilczek;NA;Negative;JBUF;jbuf;Impatiens congolensis;Impatiens congolensis G.M.Schulze & R.Wilczek;species;NA;0;jbuf;46,793210;7,1549620;NA;LC-MS QExactive Plus;MeOH/H2O;plant specimen
202404101527_EB_dbgi_002919_01_01.mzML;dbgi_002919;Cryptanthus bivittatus (Hook.) Regel;NA;Negative;JBUF;jbuf;Cryptanthus bivittatus;Cryptanthus bivittatus (Hook.) Regel;species;NA;0;jbuf;46,793194;7,1548630;NA;LC-MS QExactive Plus;MeOH/H2O;plant specimen
202404101527_EB_dbgi_002922_01_01.mzML;dbgi_002922;Cryptanthus Otto & A.Dietr.;NA;Negative;JBUF;jbuf;Cryptanthus;Cryptanthus Otto & A.Dietr.;genus;NA;0;jbuf;46,793198;7,1548650;NA;LC-MS QExactive Plus;MeOH/H2O;plant specimen
202404101527_EB_dbgi_002927_01_01.mzML;dbgi_002927;Ananas comosus (L.) Merr.;NA;Negative;JBUF;jbuf;Ananas comosus;Ananas comosus (L.) Merr.;species;NA;0;jbuf;46,793194;7,1548624;NA;LC-MS QExactive Plus;MeOH/H2O;plant specimen
202404101527_EB_dbgi_002928_01_01.mzML;dbgi_002928;Bromelia pinguin L.;NA;Negative;JBUF;jbuf;Bromelia pinguin;Bromelia pinguin L.;species;NA;0;jbuf;46,793186;7,1548624;NA;LC-MS QExactive Plus;MeOH/H2O;plant specimen
202404101527_EB_dbgi_002946_02_01.mzML;dbgi_002946;Hippobroma longiflora (L.) G.Don;NA;Negative;JBUF;jbuf;Hippobroma longiflora;Hippobroma longiflora (L.) G.Don;species;NA;1;jbuf;46,793210;7,1549490;NA;LC-MS QExactive Plus;MeOH/H2O;plant specimen
202404101527_EB_dbgi_002948_01_01.mzML;dbgi_002948;Neoregelia carolinae (Beer) L.B.Sm.;NA;Negative;JBUF;jbuf;Neoregelia carolinae;Neoregelia carolinae (Beer) L.B.Sm.;species;NA;0;jbuf;46,793180;7,1550126;NA;LC-MS QExactive Plus;MeOH/H2O;plant specimen
202404101527_EB_dbgi_002949_01_01.mzML;dbgi_002949;Argyranthemum frutescens (L.) Sch.Bip.;NA;Negative;JBUF;jbuf;Argyranthemum frutescens;Argyranthemum frutescens (L.) Sch.Bip.;species;NA;0;jbuf;46,792667;7,1567607;NA;LC-MS QExactive Plus;MeOH/H2O;plant specimen
202404101527_EB_dbgi_002950_01_01.mzML;dbgi_002950;Carpesium cernuum L.;NA;Negative;JBUF;jbuf;Carpesium cernuum;Carpesium cernuum L.;species;NA;0;jbuf;46,792664;7,1567836;NA;LC-MS QExactive Plus;MeOH/H2O;plant specimen
202404101527_EB_dbgi_002953_01_01.mzML;dbgi_002953;Aquarius floribundus (Seub.) Christenh. & Byng;NA;Negative;JBUF;jbuf;Aquarius floribundus;Aquarius floribundus (Seub.) Christenh. & Byng;species;NA;0;jbuf;46,793170;7,1549916;NA;LC-MS QExactive Plus;MeOH/H2O;plant specimen
202404101527_EB_dbgi_002969_01_01.mzML;dbgi_002969;Chlorophytum capense (L.) Voss;NA;Negative;JBUF;jbuf;Chlorophytum capense;Chlorophytum capense (L.) Voss;species;NA;0;jbuf;46,793200;7,1549916;NA;LC-MS QExactive Plus;MeOH/H2O;plant specimen
202404101527_EB_dbgi_002970_01_01.mzML;dbgi_002970;Tanacetum parthenium (L.) Sch.Bip.;NA;Negative;JBUF;jbuf;Tanacetum parthenium;Tanacetum parthenium (L.) Sch.Bip.;species;NA;0;jbuf;46,792667;7,1566825;NA;LC-MS QExactive Plus;MeOH/H2O;plant specimen
202404101527_EB_dbgi_002973_01_01.mzML;dbgi_002973;Begonia mazae Ziesenh.;NA;Negative;JBUF;jbuf;Begonia mazae;Begonia mazae Ziesenh.;species;NA;0;jbuf;46,793220;7,1548720;NA;LC-MS QExactive Plus;MeOH/H2O;plant specimen
202404101527_EB_dbgi_002980_01_01.mzML;dbgi_002980;Selaginella umbrosa Lem. ex Hieron.;NA;Negative;JBUF;jbuf;Selaginella umbrosa;Selaginella umbrosa Lem. ex Hieron.;species;NA;0;jbuf;46,793213;7,1548670;NA;LC-MS QExactive Plus;MeOH/H2O;plant specimen
202404101527_EB_dbgi_002984_01_01.mzML;dbgi_002984;Pontederia azurea Sw.;NA;Negative;JBUF;jbuf;Pontederia azurea;Pontederia azurea Sw.;species;NA;0;jbuf;46,793180;7,1549106;NA;LC-MS QExactive Plus;MeOH/H2O;plant specimen
202404101527_EB_dbgi_002989_01_01.mzML;dbgi_002989;Artemisia vulgaris L.;NA;Negative;JBUF;jbuf;Artemisia vulgaris;Artemisia vulgaris L.;species;NA;0;jbuf;46,792675;7,1566300;NA;LC-MS QExactive Plus;MeOH/H2O;plant specimen
202404101527_EB_dbgi_002991_01_01.mzML;dbgi_002991;Begonia maculata Raddi;NA;Negative;JBUF;jbuf;Begonia maculata;Begonia maculata Raddi;species;NA;0;jbuf;46,793220;7,1548796;NA;LC-MS QExactive Plus;MeOH/H2O;plant specimen
202404101527_EB_dbgi_002996_01_01.mzML;dbgi_002996;Begonia reniformis Dryand.;NA;Negative;JBUF;jbuf;Begonia reniformis;Begonia reniformis Dryand.;species;NA;0;jbuf;46,793220;7,1548705;NA;LC-MS QExactive Plus;MeOH/H2O;plant specimen
202404101527_EB_dbgi_003001_01_01.mzML;dbgi_003001;Anthurium scherzerianum Schott;NA;Negative;JBUF;jbuf;Anthurium scherzerianum;Anthurium scherzerianum Schott;species;NA;0;jbuf;46,793180;7,1550126;NA;LC-MS QExactive Plus;MeOH/H2O;plant specimen
202404101527_EB_dbgi_003002_01_01.mzML;dbgi_003002;Chlorophytum comosum (Thunb.) Jacques;NA;Negative;JBUF;jbuf;Chlorophytum comosum;Chlorophytum comosum (Thunb.) Jacques;species;NA;0;jbuf;46,793205;7,1549910;NA;LC-MS QExactive Plus;MeOH/H2O;plant specimen
202404101527_EB_dbgi_003006_01_01.mzML;dbgi_003006;Begonia foliosa Kunth;NA;Negative;JBUF;jbuf;Begonia foliosa;Begonia foliosa Kunth;species;NA;0;jbuf;46,793220;7,1548743;NA;LC-MS QExactive Plus;MeOH/H2O;plant specimen
202404101527_EB_dbgi_003017_01_01.mzML;dbgi_003017;Selaginella plana (Desv. ex Poir.) Hieron.;NA;Negative;JBUF;jbuf;Selaginella plana;Selaginella plana (Desv. ex Poir.) Hieron.;species;NA;0;jbuf;46,793210;7,1549644;NA;LC-MS QExactive Plus;MeOH/H2O;plant specimen
202404101527_EB_dbgi_003024_01_01.mzML;dbgi_003024;Dimorphotheca ecklonis DC.;NA;Negative;JBUF;jbuf;Dimorphotheca ecklonis;Dimorphotheca ecklonis DC.;species;NA;0;jbuf;46,792637;7,1564670;NA;LC-MS QExactive Plus;MeOH/H2O;plant specimen
202404101527_EB_dbgi_003027_01_01.mzML;dbgi_003027;Asplenium nidus L.;NA;Negative;JBUF;jbuf;Asplenium nidus;Asplenium nidus L.;species;NA;0;jbuf;46,793220;7,1548690;NA;LC-MS QExactive Plus;MeOH/H2O;plant specimen
202404101527_EB_dbgi_003033_01_01.mzML;dbgi_003033;Telekia speciosa (Schreb.) Baumg.;NA;Negative;JBUF;jbuf;Telekia speciosa;Telekia speciosa (Schreb.) Baumg.;species;NA;0;jbuf;46,792660;7,1567903;NA;LC-MS QExactive Plus;MeOH/H2O;plant specimen
202404101527_EB_dbgi_003034_01_01.mzML;dbgi_003034;Achillea millefolium L.;NA;Negative;JBUF;jbuf;Achillea millefolium;Achillea millefolium L.;species;NA;0;jbuf;46,792680;7,1566625;NA;LC-MS QExactive Plus;MeOH/H2O;plant specimen
202404101527_EB_dbgi_003037_01_01.mzML;dbgi_003037;Saxifraga stolonifera Curtis;NA;Negative;JBUF;jbuf;Saxifraga stolonifera;Saxifraga stolonifera Curtis;species;NA;0;jbuf;46,793205;7,1548657;NA;LC-MS QExactive Plus;MeOH/H2O;plant specimen
202404101527_EB_dbgi_003041_01_01.mzML;dbgi_003041;Jacobaea erratica (Bertol.) Fourr.;NA;Negative;JBUF;jbuf;Jacobaea erratica;Jacobaea erratica (Bertol.) Fourr.;species;NA;0;jbuf;46,792652;7,1564937;NA;LC-MS QExactive Plus;MeOH/H2O;plant specimen
202404101527_EB_dbgi_003047_01_01.mzML;dbgi_003047;Selaginella vogelii Spring;NA;Negative;JBUF;jbuf;Selaginella vogelii;Selaginella vogelii Spring;species;NA;0;jbuf;46,793213;7,1548657;NA;LC-MS QExactive Plus;MeOH/H2O;plant specimen
202404101527_EB_dbgi_003048_01_01.mzML;dbgi_003048;Gaillardia aristata Pursh;NA;Negative;JBUF;jbuf;Gaillardia aristata;Gaillardia aristata Pursh;species;NA;0;jbuf;46,792664;7,1568220;NA;LC-MS QExactive Plus;MeOH/H2O;plant specimen
202404101527_EB_dbgi_003053_01_01.mzML;dbgi_003053;Artemisia abrotanum L.;NA;Negative;JBUF;jbuf;Artemisia abrotanum;Artemisia abrotanum L.;species;NA;0;jbuf;46,792675;7,1566486;NA;LC-MS QExactive Plus;MeOH/H2O;plant specimen
202404101527_EB_dbgi_003057_01_01.mzML;dbgi_003057;Dorstenia urceolata Schott;NA;Negative;JBUF;jbuf;Dorstenia urceolata;Dorstenia urceolata Schott;species;NA;0;jbuf;46,793205;7,1549870;NA;LC-MS QExactive Plus;MeOH/H2O;plant specimen
202404101527_EB_dbgi_003064_01_01.mzML;dbgi_003064;Hypochaeris radicata L.;NA;Negative;JBUF;jbuf;Hypochaeris radicata;Hypochaeris radicata L.;species;NA;0;jbuf;46,792656;7,1566870;NA;LC-MS QExactive Plus;MeOH/H2O;plant specimen
202404101527_EB_dbgi_003073_01_01.mzML;dbgi_003073;Ficus religiosa L.;NA;Negative;JBUF;jbuf;Ficus religiosa;Ficus religiosa L.;species;NA;0;jbuf;46,793186;7,1549560;NA;LC-MS QExactive Plus;MeOH/H2O;plant specimen
202404101527_EB_dbgi_003084_01_01.mzML;dbgi_003084;Justicia brandegeeana Wassh. & L.B.Sm.;NA;Negative;JBUF;jbuf;Justicia brandegeeana;Justicia brandegeeana Wassh. & L.B.Sm.;species;NA;0;jbuf;46,793194;7,1548910;NA;LC-MS QExactive Plus;MeOH/H2O;plant specimen
202404101527_EB_dbgi_003092_01_01.mzML;dbgi_003092;Aphelandra arborea (Mill.) M.R.Almeida;NA;Negative;JBUF;jbuf;Aphelandra arborea;Aphelandra arborea (Mill.) M.R.Almeida;species;NA;0;jbuf;46,793190;7,1549034;NA;LC-MS QExactive Plus;MeOH/H2O;plant specimen
202404101527_EB_dbgi_003095_01_01.mzML;dbgi_003095;Thunbergia erecta (Benth.) T.Anderson;NA;Negative;JBUF;jbuf;Thunbergia erecta;Thunbergia erecta (Benth.) T.Anderson;species;NA;0;jbuf;46,793198;7,1548890;NA;LC-MS QExactive Plus;MeOH/H2O;plant specimen
202404101527_EB_dbgi_003120_01_01.mzML;dbgi_003120;Fittonia albivenis (Lindl. ex Veitch) Brummitt;NA;Negative;JBUF;jbuf;Fittonia albivenis;Fittonia albivenis (Lindl. ex Veitch) Brummitt;species;NA;0;jbuf;46,793190;7,1549190;NA;LC-MS QExactive Plus;MeOH/H2O;plant specimen
202404191203_HC_dbgi_001794_01_01.mzML;dbgi_001794;Biscutella laevigata L.;NA;Positive;JBUF;jbuf;Biscutella laevigata;Biscutella laevigata L.;species;NA;0;jbuf;46,792200;7,1568630;NA;LC-MS QExactive Plus;MeOH/H2O;plant specimen
202404191203_HC_dbgi_001888_01_01.mzML;dbgi_001888;Isatis tinctoria L.;NA;Positive;JBUF;jbuf;Isatis tinctoria;Isatis tinctoria L.;species;NA;0;jbuf;46,792168;7,1568860;NA;LC-MS QExactive Plus;MeOH/H2O;plant specimen
202404191203_HC_dbgi_002318_01_01.mzML;dbgi_002318;Linaria vulgaris Mill.;NA;Positive;JBUF;jbuf;Linaria vulgaris;Linaria vulgaris Mill.;species;NA;0;jbuf;46,792550;7,1567492;NA;LC-MS QExactive Plus;MeOH/H2O;plant specimen
202404191203_HC_dbgi_002342_01_01.mzML;dbgi_002342;Digitalis purpurea L.;NA;Positive;JBUF;jbuf;Digitalis purpurea;Digitalis purpurea L.;species;NA;0;jbuf;46,792550;7,1567860;NA;LC-MS QExactive Plus;MeOH/H2O;plant specimen
202404191203_HC_dbgi_002413_01_01.mzML;dbgi_002413;Pulmonaria helvetica Bolliger;NA;Positive;JBUF;jbuf;Pulmonaria helvetica;Pulmonaria helvetica Bolliger;species;NA;0;jbuf;46,792576;7,1565723;NA;LC-MS QExactive Plus;MeOH/H2O;plant specimen
202404191203_HC_dbgi_002421_01_01.mzML;dbgi_002421;Solanum lycopersicum L.;NA;Positive;JBUF;jbuf;Solanum lycopersicum;Solanum lycopersicum L.;species;NA;0;jbuf;46,792545;7,1565714;NA;LC-MS QExactive Plus;MeOH/H2O;plant specimen
202404191203_HC_dbgi_002444_01_01.mzML;dbgi_002444;Lycium chinense Mill.;NA;Positive;JBUF;jbuf;Lycium chinense;Lycium chinense Mill.;species;NA;0;jbuf;46,792540;7,1566540;NA;LC-MS QExactive Plus;MeOH/H2O;plant specimen
202404191203_HC_dbgi_002484_01_01.mzML;dbgi_002484;Veronica topiaria (L.B.Moore) Garn.-Jones;NA;Positive;JBUF;jbuf;Veronica topiaria;Veronica topiaria (L.B.Moore) Garn.-Jones;species;NA;0;jbuf;46,792550;7,1568420;NA;LC-MS QExactive Plus;MeOH/H2O;plant specimen
202404191203_HC_dbgi_002491_01_01.mzML;dbgi_002491;Solanum nigrum L.;NA;Positive;JBUF;jbuf;Solanum nigrum;Solanum nigrum L.;species;NA;0;jbuf;46,792550;7,1565620;NA;LC-MS QExactive Plus;MeOH/H2O;plant specimen
202404191203_HC_dbgi_002589_01_01.mzML;dbgi_002589;Salvia verticillata L.;NA;Positive;JBUF;jbuf;Salvia verticillata;Salvia verticillata L.;species;NA;0;jbuf;46,792587;7,1567707;NA;LC-MS QExactive Plus;MeOH/H2O;plant specimen
202404191203_HC_dbgi_002675_01_01.mzML;dbgi_002675;Viburnum farreri Stearn;NA;Positive;JBUF;jbuf;Viburnum farreri;Viburnum farreri Stearn;species;NA;0;jbuf;46,792614;7,1566900;NA;LC-MS QExactive Plus;MeOH/H2O;plant specimen
202404191203_HC_dbgi_002749_02_01.mzML;dbgi_002749;Epiphyllum Haw.;NA;Positive;JBUF;jbuf;Epiphyllum;Epiphyllum Haw.;genus;NA;0;jbuf;46,793213;7,1548786;NA;LC-MS QExactive Plus;MeOH/H2O;plant specimen
202404191203_HC_dbgi_002750_01_01.mzML;dbgi_002750;Neoblechnum brasiliense (Desv.) Gasper & V.A.O.Dittrich;NA;Positive;JBUF;jbuf;Neoblechnum brasiliense;Neoblechnum brasiliense (Desv.) Gasper & V.A.O.Dittrich;species;NA;0;jbuf;46,793200;7,1549735;NA;LC-MS QExactive Plus;MeOH/H2O;plant specimen
202404191203_HC_dbgi_002751_01_01.mzML;dbgi_002751;Anthurium parasiticum (Vell.) Stellfeld;NA;Positive;JBUF;jbuf;Anthurium parasiticum;Anthurium parasiticum (Vell.) Stellfeld;species;NA;0;jbuf;46,793198;7,1549500;NA;LC-MS QExactive Plus;MeOH/H2O;plant specimen
202404191203_HC_dbgi_002755_01_01.mzML;dbgi_002755;Aglaonema commutatum var. commutatum;NA;Positive;JBUF;jbuf;Aglaonema commutatum var. commutatum;Aglaonema commutatum var. commutatum;variety;NA;0;jbuf;46,793198;7,1548862;NA;LC-MS QExactive Plus;MeOH/H2O;plant specimen
202404191203_HC_dbgi_002756_01_01.mzML;dbgi_002756;Anthurium bakeri Hook.f.;NA;Positive;JBUF;jbuf;Anthurium bakeri;Anthurium bakeri Hook.f.;species;NA;0;jbuf;46,793198;7,1549397;NA;LC-MS QExactive Plus;MeOH/H2O;plant specimen
202404191203_HC_dbgi_002757_01_01.mzML;dbgi_002757;Phyllanthus angustifolius (Sw.) Sw.;NA;Positive;JBUF;jbuf;Phyllanthus angustifolius;Phyllanthus angustifolius (Sw.) Sw.;species;NA;0;jbuf;46,793182;7,1549687;NA;LC-MS QExactive Plus;MeOH/H2O;plant specimen
202404191203_HC_dbgi_002760_01_01.mzML;dbgi_002760;Anthurium gracile (Rudge) Lindl.;NA;Positive;JBUF;jbuf;Anthurium gracile;Anthurium gracile (Rudge) Lindl.;species;NA;0;jbuf;46,793198;7,1549320;NA;LC-MS QExactive Plus;MeOH/H2O;plant specimen
202404191203_HC_dbgi_002761_01_01.mzML;dbgi_002761;Philodendron hederaceum var. hederaceum;NA;Positive;JBUF;jbuf;Philodendron hederaceum var. hederaceum;Philodendron hederaceum var. hederaceum;variety;NA;1;jbuf;46,793198;7,1550240;NA;LC-MS QExactive Plus;MeOH/H2O;plant specimen
202404191203_HC_dbgi_002764_01_01.mzML;dbgi_002764;Begonia sanguinea Raddi;NA;Positive;JBUF;jbuf;Begonia sanguinea;Begonia sanguinea Raddi;species;NA;0;jbuf;46,793213;7,1549190;NA;LC-MS QExactive Plus;MeOH/H2O;plant specimen
202404191203_HC_dbgi_002767_01_01.mzML;dbgi_002767;Codiaeum variegatum (L.) Rumph. ex A.Juss.;NA;Positive;JBUF;jbuf;Codiaeum variegatum;Codiaeum variegatum (L.) Rumph. ex A.Juss.;species;NA;0;jbuf;46,793175;7,1549907;NA;LC-MS QExactive Plus;MeOH/H2O;plant specimen
202404191203_HC_dbgi_002768_01_01.mzML;dbgi_002768;Ficus L.;NA;Positive;JBUF;jbuf;Ficus;Ficus L.;genus;NA;0;jbuf;46,793198;7,1549783;NA;LC-MS QExactive Plus;MeOH/H2O;plant specimen
202404191203_HC_dbgi_002770_01_01.mzML;dbgi_002770;Pteris L.;NA;Positive;JBUF;jbuf;Pteris;Pteris L.;genus;NA;0;jbuf;46,793194;7,1549790;NA;LC-MS QExactive Plus;MeOH/H2O;plant specimen
202404191203_HC_dbgi_002772_01_01.mzML;dbgi_002772;Monstera deliciosa Liebm.;NA;Positive;JBUF;jbuf;Monstera deliciosa;Monstera deliciosa Liebm.;species;NA;0;jbuf;46,793205;7,1548924;NA;LC-MS QExactive Plus;MeOH/H2O;plant specimen
202404191203_HC_dbgi_002773_01_01.mzML;dbgi_002773;Cissus quadrangularis L.;NA;Positive;JBUF;jbuf;Cissus quadrangularis;Cissus quadrangularis L.;species;NA;0;jbuf;46,793180;7,1550126;NA;LC-MS QExactive Plus;MeOH/H2O;plant specimen
202404191203_HC_dbgi_002774_01_01.mzML;dbgi_002774;Zealandia pustulata subsp. pustulata;NA;Positive;JBUF;jbuf;Zealandia pustulata subsp. pustulata;Zealandia pustulata subsp. pustulata;subspecies;NA;0;jbuf;46,793213;7,1548690;NA;LC-MS QExactive Plus;MeOH/H2O;plant specimen
202404191203_HC_dbgi_002775_01_01.mzML;dbgi_002775;Nephrolepis hirsutula (G.Forst.) C.Presl;NA;Positive;JBUF;jbuf;Nephrolepis hirsutula;Nephrolepis hirsutula (G.Forst.) C.Presl;species;NA;0;jbuf;46,793198;7,1549730;NA;LC-MS QExactive Plus;MeOH/H2O;plant specimen
202404191203_HC_dbgi_002776_01_01.mzML;dbgi_002776;Anthurium andraeanum Linden ex André;NA;Positive;JBUF;jbuf;Anthurium andraeanum;Anthurium andraeanum Linden ex André;species;NA;0;jbuf;46,793198;7,1549440;NA;LC-MS QExactive Plus;MeOH/H2O;plant specimen
202404191203_HC_dbgi_002777_01_01.mzML;dbgi_002777;Codiaeum variegatum (L.) Rumph. ex A.Juss.;NA;Positive;JBUF;jbuf;Codiaeum variegatum;Codiaeum variegatum (L.) Rumph. ex A.Juss.;species;NA;0;jbuf;46,793182;7,1549835;NA;LC-MS QExactive Plus;MeOH/H2O;plant specimen
202404191203_HC_dbgi_002782_01_01.mzML;dbgi_002782;Procris repens (Lour.) B.J.Conn & Hadiah;NA;Positive;JBUF;jbuf;Procris repens;Procris repens (Lour.) B.J.Conn & Hadiah;species;NA;0;jbuf;46,793182;7,1549907;NA;LC-MS QExactive Plus;MeOH/H2O;plant specimen
202404191203_HC_dbgi_002784_01_01.mzML;dbgi_002784;Streptocarpus ionanthus subsp. grotei (Engl.) Christenh.;NA;Positive;JBUF;jbuf;Streptocarpus ionanthus subsp. grotei;Streptocarpus ionanthus subsp. grotei (Engl.) Christenh.;subspecies;NA;0;jbuf;46,793180;7,1550126;NA;LC-MS QExactive Plus;MeOH/H2O;plant specimen
202404191203_HC_dbgi_002788_01_01.mzML;dbgi_002788;Eleocharis vivipara Link;NA;Positive;JBUF;jbuf;Eleocharis vivipara;Eleocharis vivipara Link;species;NA;0;jbuf;46,793175;7,1549454;NA;LC-MS QExactive Plus;MeOH/H2O;plant specimen
202404191203_HC_dbgi_002790_01_01.mzML;dbgi_002790;Begonia incarnata Link & Otto;NA;Positive;JBUF;jbuf;Begonia incarnata;Begonia incarnata Link & Otto;species;NA;0;jbuf;46,793220;7,1548740;NA;LC-MS QExactive Plus;MeOH/H2O;plant specimen
202404191203_HC_dbgi_002794_01_01.mzML;dbgi_002794;Schlumbergera Lem.;NA;Positive;JBUF;jbuf;Schlumbergera;Schlumbergera Lem.;genus;NA;0;jbuf;46,793198;7,1549680;NA;LC-MS QExactive Plus;MeOH/H2O;plant specimen
202404191203_HC_dbgi_002795_01_01.mzML;dbgi_002795;Pyrrosia lingua (Thunb.) Farw.;NA;Positive;JBUF;jbuf;Pyrrosia lingua;Pyrrosia lingua (Thunb.) Farw.;species;NA;0;jbuf;46,793220;7,1548743;NA;LC-MS QExactive Plus;MeOH/H2O;plant specimen
202404191203_HC_dbgi_002796_01_01.mzML;dbgi_002796;Pteris cretica L.;NA;Positive;JBUF;jbuf;Pteris cretica;Pteris cretica L.;species;NA;0;jbuf;46,793198;7,1549810;NA;LC-MS QExactive Plus;MeOH/H2O;plant specimen
202404191203_HC_dbgi_002797_01_01.mzML;dbgi_002797;Aglaonema modestum Schott ex Engl.;NA;Positive;JBUF;jbuf;Aglaonema modestum;Aglaonema modestum Schott ex Engl.;species;NA;0;jbuf;46,793194;7,1549306;NA;LC-MS QExactive Plus;MeOH/H2O;plant specimen
202404191203_HC_dbgi_002801_01_01.mzML;dbgi_002801;Rhipsalis Gaertn.;NA;Positive;JBUF;jbuf;Rhipsalis;Rhipsalis Gaertn.;genus;NA;0;jbuf;46,793205;7,1549260;NA;LC-MS QExactive Plus;MeOH/H2O;plant specimen
202404191203_HC_dbgi_002804_01_01.mzML;dbgi_002804;Aeschynanthus radicans Jack;NA;Positive;JBUF;jbuf;Aeschynanthus radicans;Aeschynanthus radicans Jack;species;NA;0;jbuf;46,793210;7,1549573;NA;LC-MS QExactive Plus;MeOH/H2O;plant specimen
202404191203_HC_dbgi_002805_01_01.mzML;dbgi_002805;Rosa glauca Pourr.;NA;Positive;JBUF;jbuf;Rosa glauca;Rosa glauca Pourr.;species;NA;0;jbuf;46,793213;7,1549380;NA;LC-MS QExactive Plus;MeOH/H2O;plant specimen
202404191203_HC_dbgi_002807_01_01.mzML;dbgi_002807;Chlorophytum filipendulum subsp. amaniense (Engl.) Nordal & A.D.Poulsen;NA;Positive;JBUF;jbuf;Chlorophytum filipendulum subsp. amaniense;Chlorophytum filipendulum subsp. amaniense (Engl.) Nordal & A.D.Poulsen;subspecies;NA;1;jbuf;46,793205;7,1550080;NA;LC-MS QExactive Plus;MeOH/H2O;plant specimen
202404191203_HC_dbgi_002808_01_01.mzML;dbgi_002808;Salvinia auriculata Aubl.;NA;Positive;JBUF;jbuf;Salvinia auriculata;Salvinia auriculata Aubl.;species;NA;0;jbuf;46,793167;7,1549993;NA;LC-MS QExactive Plus;MeOH/H2O;plant specimen
202404191203_HC_dbgi_002809_01_01.mzML;dbgi_002809;Begonia L.;NA;Positive;JBUF;jbuf;Begonia;Begonia L.;genus;NA;0;jbuf;46,793220;7,1548770;NA;LC-MS QExactive Plus;MeOH/H2O;plant specimen
202404191203_HC_dbgi_002810_01_01.mzML;dbgi_002810;Begonia masoniana Irmsch.;NA;Positive;JBUF;jbuf;Begonia masoniana;Begonia masoniana Irmsch.;species;NA;0;jbuf;46,793220;7,1548705;NA;LC-MS QExactive Plus;MeOH/H2O;plant specimen
202404191203_HC_dbgi_002814_01_01.mzML;dbgi_002814;Begonia L.;NA;Positive;JBUF;jbuf;Begonia;Begonia L.;genus;NA;0;jbuf;46,793220;7,1548753;NA;LC-MS QExactive Plus;MeOH/H2O;plant specimen
202404191203_HC_dbgi_002816_01_01.mzML;dbgi_002816;Christella dentata (Forssk.) Brownsey & Jermy;NA;Positive;JBUF;jbuf;Christella dentata;Christella dentata (Forssk.) Brownsey & Jermy;species;NA;0;jbuf;46,793198;7,1549880;NA;LC-MS QExactive Plus;MeOH/H2O;plant specimen
202404191203_HC_dbgi_002821_01_01.mzML;dbgi_002821;Cyrtomium falcatum (L.fil.) C.Presl;NA;Positive;JBUF;jbuf;Cyrtomium falcatum;Cyrtomium falcatum (L.fil.) C.Presl;species;NA;0;jbuf;46,793198;7,1549780;NA;LC-MS QExactive Plus;MeOH/H2O;plant specimen
202404191203_HC_dbgi_002822_01_01.mzML;dbgi_002822;Hoya carnosa (L.fil.) R.Br.;NA;Positive;JBUF;jbuf;Hoya carnosa;Hoya carnosa (L.fil.) R.Br.;species;NA;0;jbuf;46,793186;7,1548624;NA;LC-MS QExactive Plus;MeOH/H2O;plant specimen
202404191203_HC_dbgi_002828_01_01.mzML;dbgi_002828;Porlieria hygrometra Ruiz & Pav.;NA;Positive;JBUF;jbuf;Porlieria hygrometra;Porlieria hygrometra Ruiz & Pav.;species;NA;0;jbuf;46,793205;7,1548657;NA;LC-MS QExactive Plus;MeOH/H2O;plant specimen
202404191203_HC_dbgi_002829_01_01.mzML;dbgi_002829;Tetrastigma voinierianum (Baltet) Pierre ex Gagnep.;NA;Positive;JBUF;jbuf;Tetrastigma voinierianum;Tetrastigma voinierianum (Baltet) Pierre ex Gagnep.;species;NA;0;jbuf;46,793220;7,1548877;NA;LC-MS QExactive Plus;MeOH/H2O;plant specimen
202404191203_HC_dbgi_002830_01_01.mzML;dbgi_002830;Procris repens (Lour.) B.J.Conn & Hadiah;NA;Positive;JBUF;jbuf;Procris repens;Procris repens (Lour.) B.J.Conn & Hadiah;species;NA;0;jbuf;46,793175;7,1549826;NA;LC-MS QExactive Plus;MeOH/H2O;plant specimen
202404191203_HC_dbgi_002839_01_01.mzML;dbgi_002839;Ficus benjamina L.;NA;Positive;JBUF;jbuf;Ficus benjamina;Ficus benjamina L.;species;NA;0;jbuf;46,793200;7,1550260;NA;LC-MS QExactive Plus;MeOH/H2O;plant specimen
202404191203_HC_dbgi_002843_01_01.mzML;dbgi_002843;Spathiphyllum blandum Schott;NA;Positive;JBUF;jbuf;Spathiphyllum blandum;Spathiphyllum blandum Schott;species;NA;0;jbuf;46,793194;7,1549130;NA;LC-MS QExactive Plus;MeOH/H2O;plant specimen
202404191203_HC_dbgi_002845_01_01.mzML;dbgi_002845;Nephthytis poissonii (Engl.) N.E.Br.;NA;Positive;JBUF;jbuf;Nephthytis poissonii;Nephthytis poissonii (Engl.) N.E.Br.;species;NA;0;jbuf;46,793200;7,1549150;NA;LC-MS QExactive Plus;MeOH/H2O;plant specimen
202404191203_HC_dbgi_002848_01_01.mzML;dbgi_002848;Pyrrosia niphoboloides (Luerss.) M.G.Price;NA;Positive;JBUF;jbuf;Pyrrosia niphoboloides;Pyrrosia niphoboloides (Luerss.) M.G.Price;species;NA;0;jbuf;46,793217;7,1548690;NA;LC-MS QExactive Plus;MeOH/H2O;plant specimen
202404191203_HC_dbgi_002849_01_01.mzML;dbgi_002849;Nellica revaughanii (Coode) R.W.Bouman;NA;Positive;JBUF;jbuf;Nellica revaughanii;Nellica revaughanii (Coode) R.W.Bouman;species;NA;0;jbuf;46,793180;7,1549716;NA;LC-MS QExactive Plus;MeOH/H2O;plant specimen
202404191203_HC_dbgi_002859_01_01.mzML;dbgi_002859;Tillandsia plagiotropica Rohweder;NA;Positive;JBUF;jbuf;Tillandsia plagiotropica;Tillandsia plagiotropica Rohweder;species;NA;0;jbuf;46,793194;7,1548640;NA;LC-MS QExactive Plus;MeOH/H2O;plant specimen
202404191203_HC_dbgi_002862_01_01.mzML;dbgi_002862;Selaginella pallescens (C.Presl) Spring;NA;Positive;JBUF;jbuf;Selaginella pallescens;Selaginella pallescens (C.Presl) Spring;species;NA;0;jbuf;46,793217;7,1548680;NA;LC-MS QExactive Plus;MeOH/H2O;plant specimen
202404191203_HC_dbgi_002866_01_01.mzML;dbgi_002866;Begonia × ricinifolia A.Dietr.;NA;Positive;JBUF;jbuf;Begonia × ricinifolia;Begonia × ricinifolia A.Dietr.;species;NA;0;jbuf;46,793220;7,1548786;NA;LC-MS QExactive Plus;MeOH/H2O;plant specimen
202404191203_HC_dbgi_002867_01_01.mzML;dbgi_002867;Hoya brevialata Kleijn & Donkelaar;NA;Positive;JBUF;jbuf;Hoya brevialata;Hoya brevialata Kleijn & Donkelaar;species;NA;0;jbuf;46,793198;7,1548640;NA;LC-MS QExactive Plus;MeOH/H2O;plant specimen
202404191203_HC_dbgi_002869_01_01.mzML;dbgi_002869;Acalypha hispida Burm.fil.;NA;Positive;JBUF;jbuf;Acalypha hispida;Acalypha hispida Burm.fil.;species;NA;0;jbuf;46,793180;7,1549740;NA;LC-MS QExactive Plus;MeOH/H2O;plant specimen
202404191203_HC_dbgi_002871_01_01.mzML;dbgi_002871;Alocasia (Schott) G.Don;NA;Positive;JBUF;jbuf;Alocasia;Alocasia (Schott) G.Don;genus;NA;1;jbuf;46,793198;7,1549063;NA;LC-MS QExactive Plus;MeOH/H2O;plant specimen
202404191203_HC_dbgi_002874_01_01.mzML;dbgi_002874;Acalypha wilkesiana Müll.Arg.;NA;Positive;JBUF;jbuf;Acalypha wilkesiana;Acalypha wilkesiana Müll.Arg.;species;NA;0;jbuf;46,793180;7,1549630;NA;LC-MS QExactive Plus;MeOH/H2O;plant specimen
202404191203_HC_dbgi_002877_01_01.mzML;dbgi_002877;Epiphyllum phyllanthus subsp. rubrocoronatum (Kimnach) Ralf Bauer;NA;Positive;JBUF;jbuf;Epiphyllum phyllanthus subsp. rubrocoronatum;Epiphyllum phyllanthus subsp. rubrocoronatum (Kimnach) Ralf Bauer;subspecies;NA;0;jbuf;46,793213;7,1548870;NA;LC-MS QExactive Plus;MeOH/H2O;plant specimen
202404191203_HC_dbgi_002878_01_01.mzML;dbgi_002878;Hoya carnosa (L.fil.) R.Br.;NA;Positive;JBUF;jbuf;Hoya carnosa;Hoya carnosa (L.fil.) R.Br.;species;NA;0;jbuf;46,793194;7,1548667;NA;LC-MS QExactive Plus;MeOH/H2O;plant specimen
202404191203_HC_dbgi_002879_01_01.mzML;dbgi_002879;Dicksonia antarctica Labill.;NA;Positive;JBUF;jbuf;Dicksonia antarctica;Dicksonia antarctica Labill.;species;NA;1;jbuf;46,793213;7,1548690;NA;LC-MS QExactive Plus;MeOH/H2O;plant specimen
202404191203_HC_dbgi_002880_01_01.mzML;dbgi_002880;Sarracenia leucophylla Raf.;NA;Positive;JBUF;jbuf;Sarracenia leucophylla;Sarracenia leucophylla Raf.;species;NA;0;jbuf;46,793205;7,1548800;NA;LC-MS QExactive Plus;MeOH/H2O;plant specimen
202404191203_HC_dbgi_002881_01_01.mzML;dbgi_002881;Selaginella kraussiana (Kunze) A.Braun;NA;Positive;JBUF;jbuf;Selaginella kraussiana;Selaginella kraussiana (Kunze) A.Braun;species;NA;0;jbuf;46,793217;7,1548690;NA;LC-MS QExactive Plus;MeOH/H2O;plant specimen
202404191203_HC_dbgi_002885_01_01.mzML;dbgi_002885;Streptocarpus ionanthus subsp. ionanthus;NA;Positive;JBUF;jbuf;Streptocarpus ionanthus subsp. ionanthus;Streptocarpus ionanthus subsp. ionanthus;subspecies;NA;0;jbuf;46,793198;7,1550145;NA;LC-MS QExactive Plus;MeOH/H2O;plant specimen
202404191203_HC_dbgi_002886_01_01.mzML;dbgi_002886;Eranthemum pulchellum Andrews;NA;Positive;JBUF;jbuf;Eranthemum pulchellum;Eranthemum pulchellum Andrews;species;NA;0;jbuf;46,793198;7,1548786;NA;LC-MS QExactive Plus;MeOH/H2O;plant specimen
202404191203_HC_dbgi_002888_01_01.mzML;dbgi_002888;Rhipsalis Gaertn.;NA;Positive;JBUF;jbuf;Rhipsalis;Rhipsalis Gaertn.;genus;NA;0;jbuf;46,793200;7,1549810;NA;LC-MS QExactive Plus;MeOH/H2O;plant specimen
202404191203_HC_dbgi_002891_01_01.mzML;dbgi_002891;Hydrocotyle verticillata Thunb.;NA;Positive;JBUF;jbuf;Hydrocotyle verticillata;Hydrocotyle verticillata Thunb.;species;NA;0;jbuf;46,793182;7,1548867;NA;LC-MS QExactive Plus;MeOH/H2O;plant specimen
202404191203_HC_dbgi_002894_01_01.mzML;dbgi_002894;Sinningia cardinalis (Lehm.) H.E.Moore;NA;Positive;JBUF;jbuf;Sinningia cardinalis;Sinningia cardinalis (Lehm.) H.E.Moore;species;NA;0;jbuf;46,793200;7,1550020;NA;LC-MS QExactive Plus;MeOH/H2O;plant specimen
202404191203_HC_dbgi_002897_01_01.mzML;dbgi_002897;Dorstenia contrajerva L.;NA;Positive;JBUF;jbuf;Dorstenia contrajerva;Dorstenia contrajerva L.;species;NA;0;jbuf;46,793205;7,1549954;NA;LC-MS QExactive Plus;MeOH/H2O;plant specimen
202404191203_HC_dbgi_002898_01_01.mzML;dbgi_002898;Kohleria hirsuta (Kunth) Regel;NA;Positive;JBUF;jbuf;Kohleria hirsuta;Kohleria hirsuta (Kunth) Regel;species;NA;0;jbuf;46,793205;7,1550100;NA;LC-MS QExactive Plus;MeOH/H2O;plant specimen
202404191203_HC_dbgi_002900_01_01.mzML;dbgi_002900;Brighamia insignis A.Gray;NA;Positive;JBUF;jbuf;Brighamia insignis;Brighamia insignis A.Gray;species;NA;0;jbuf;46,793210;7,1548657;NA;LC-MS QExactive Plus;MeOH/H2O;plant specimen
202404191203_HC_dbgi_002906_01_01.mzML;dbgi_002906;Cyperus gracilis R.Br.;NA;Positive;JBUF;jbuf;Cyperus gracilis;Cyperus gracilis R.Br.;species;NA;0;jbuf;46,793167;7,1549920;NA;LC-MS QExactive Plus;MeOH/H2O;plant specimen
202404191203_HC_dbgi_002915_01_01.mzML;dbgi_002915;Myrmecodia platytyrea Becc.;NA;Positive;JBUF;jbuf;Myrmecodia platytyrea;Myrmecodia platytyrea Becc.;species;NA;0;jbuf;46,793200;7,1548650;NA;LC-MS QExactive Plus;MeOH/H2O;plant specimen
202404191203_HC_dbgi_002917_01_01.mzML;dbgi_002917;Niphidium crassifolium (L.) Lellinger;NA;Positive;JBUF;jbuf;Niphidium crassifolium;Niphidium crassifolium (L.) Lellinger;species;NA;0;jbuf;46,793194;7,1549897;NA;LC-MS QExactive Plus;MeOH/H2O;plant specimen
202404191203_HC_dbgi_002919_02_01.mzML;dbgi_002919;Cryptanthus bivittatus (Hook.) Regel;NA;Positive;JBUF;jbuf;Cryptanthus bivittatus;Cryptanthus bivittatus (Hook.) Regel;species;NA;0;jbuf;46,793194;7,1548630;NA;LC-MS QExactive Plus;MeOH/H2O;plant specimen
202404191203_HC_dbgi_002924_01_01.mzML;dbgi_002924;Dieffenbachia seguine (Jacq.) Schott;NA;Positive;JBUF;jbuf;Dieffenbachia seguine;Dieffenbachia seguine (Jacq.) Schott;species;NA;0;jbuf;46,793198;7,1548944;NA;LC-MS QExactive Plus;MeOH/H2O;plant specimen
202404191203_HC_dbgi_002928_02_01.mzML;dbgi_002928;Bromelia pinguin L.;NA;Positive;JBUF;jbuf;Bromelia pinguin;Bromelia pinguin L.;species;NA;0;jbuf;46,793186;7,1548624;NA;LC-MS QExactive Plus;MeOH/H2O;plant specimen
202404191203_HC_dbgi_002932_01_01.mzML;dbgi_002932;Hygroryza aristata (Retz.) Nees ex Wight & Arn.;NA;Positive;JBUF;jbuf;Hygroryza aristata;Hygroryza aristata (Retz.) Nees ex Wight & Arn.;species;NA;0;jbuf;46,793167;7,1550035;NA;LC-MS QExactive Plus;MeOH/H2O;plant specimen
202404191203_HC_dbgi_002933_01_01.mzML;dbgi_002933;Impatiens platypetala Lindl.;NA;Positive;JBUF;jbuf;Impatiens platypetala;Impatiens platypetala Lindl.;species;NA;0;jbuf;46,793210;7,1549425;NA;LC-MS QExactive Plus;MeOH/H2O;plant specimen
202404191203_HC_dbgi_002940_01_01.mzML;dbgi_002940;Anthurium scandens (Aubl.) Engl.;NA;Positive;JBUF;jbuf;Anthurium scandens;Anthurium scandens (Aubl.) Engl.;species;NA;0;jbuf;46,793194;7,1549344;NA;LC-MS QExactive Plus;MeOH/H2O;plant specimen
202404191203_HC_dbgi_002942_01_01.mzML;dbgi_002942;Achimenes erecta (Lam.) H.P.Fuchs;NA;Positive;JBUF;jbuf;Achimenes erecta;Achimenes erecta (Lam.) H.P.Fuchs;species;NA;0;jbuf;46,793200;7,1549954;NA;LC-MS QExactive Plus;MeOH/H2O;plant specimen
202404191203_HC_dbgi_002943_01_01.mzML;dbgi_002943;Ficus L.;NA;Positive;JBUF;jbuf;Ficus;Ficus L.;genus;NA;0;jbuf;46,793205;7,1548830;NA;LC-MS QExactive Plus;MeOH/H2O;plant specimen
202404191203_HC_dbgi_002944_01_01.mzML;dbgi_002944;Cyperus alternifolius subsp. textilis (Thunb.) Verloove;NA;Positive;JBUF;jbuf;Cyperus alternifolius subsp. textilis;Cyperus alternifolius subsp. textilis (Thunb.) Verloove;subspecies;NA;0;jbuf;46,793167;7,1549935;NA;LC-MS QExactive Plus;MeOH/H2O;plant specimen
202404191203_HC_dbgi_002947_01_01.mzML;dbgi_002947;Ludwigia L.;NA;Positive;JBUF;jbuf;Ludwigia;Ludwigia L.;genus;NA;0;jbuf;46,793167;7,1549954;NA;LC-MS QExactive Plus;MeOH/H2O;plant specimen
202404191203_HC_dbgi_002952_01_01.mzML;dbgi_002952;Begonia erythrophylla Henricq;NA;Positive;JBUF;jbuf;Begonia erythrophylla;Begonia erythrophylla Henricq;species;NA;0;jbuf;46,793220;7,1548740;NA;LC-MS QExactive Plus;MeOH/H2O;plant specimen
202404191203_HC_dbgi_002958_01_01.mzML;dbgi_002958;Dendrobium thyrsiflorum B.S.Williams;NA;Positive;JBUF;jbuf;Dendrobium thyrsiflorum;Dendrobium thyrsiflorum B.S.Williams;species;NA;0;jbuf;46,793180;7,1549270;NA;LC-MS QExactive Plus;MeOH/H2O;plant specimen
202404191203_HC_dbgi_002963_01_01.mzML;dbgi_002963;Rhipsalis Gaertn.;NA;Positive;JBUF;jbuf;Rhipsalis;Rhipsalis Gaertn.;genus;NA;0;jbuf;46,793200;7,1549720;NA;LC-MS QExactive Plus;MeOH/H2O;plant specimen
202404191203_HC_dbgi_002963_02_01.mzML;dbgi_002963;Rhipsalis Gaertn.;NA;Positive;JBUF;jbuf;Rhipsalis;Rhipsalis Gaertn.;genus;NA;0;jbuf;46,793200;7,1549720;NA;LC-MS QExactive Plus;MeOH/H2O;plant specimen
202404191203_HC_dbgi_002964_01_01.mzML;dbgi_002964;Begonia L.;NA;Positive;JBUF;jbuf;Begonia;Begonia L.;genus;NA;0;jbuf;46,793210;7,1549516;NA;LC-MS QExactive Plus;MeOH/H2O;plant specimen
202404191203_HC_dbgi_002974_01_01.mzML;dbgi_002974;Chamaedorea graminifolia H.Wendl.;NA;Positive;JBUF;jbuf;Chamaedorea graminifolia;Chamaedorea graminifolia H.Wendl.;species;NA;0;jbuf;46,793175;7,1550100;NA;LC-MS QExactive Plus;MeOH/H2O;plant specimen
202404191203_HC_dbgi_002978_01_01.mzML;dbgi_002978;Hydnophytum formicarum Jack;NA;Positive;JBUF;jbuf;Hydnophytum formicarum;Hydnophytum formicarum Jack;species;NA;0;jbuf;46,793210;7,1548667;NA;LC-MS QExactive Plus;MeOH/H2O;plant specimen
202404191203_HC_dbgi_002979_01_01.mzML;dbgi_002979;Asplenium nidus L.;NA;Positive;JBUF;jbuf;Asplenium nidus;Asplenium nidus L.;species;NA;0;jbuf;46,793194;7,1549864;NA;LC-MS QExactive Plus;MeOH/H2O;plant specimen
202404191203_HC_dbgi_002983_01_01.mzML;dbgi_002983;Zantedeschia aethiopica (L.) Spreng.;NA;Positive;JBUF;jbuf;Zantedeschia aethiopica;Zantedeschia aethiopica (L.) Spreng.;species;NA;0;jbuf;46,793190;7,1549940;NA;LC-MS QExactive Plus;MeOH/H2O;plant specimen
202404191203_HC_dbgi_002987_01_01.mzML;dbgi_002987;Nepenthes L.;NA;Positive;JBUF;jbuf;Nepenthes;Nepenthes L.;genus;NA;0;jbuf;46,793217;7,1548930;NA;LC-MS QExactive Plus;MeOH/H2O;plant specimen
202404191203_HC_dbgi_002992_01_01.mzML;dbgi_002992;Microgramma vaccinifolia (Langsd. & Fisch.) Copel.;NA;Positive;JBUF;jbuf;Microgramma vaccinifolia;Microgramma vaccinifolia (Langsd. & Fisch.) Copel.;species;NA;0;jbuf;46,793220;7,1548700;NA;LC-MS QExactive Plus;MeOH/H2O;plant specimen
202404191203_HC_dbgi_002997_01_01.mzML;dbgi_002997;Nepenthes alata Blanco;NA;Positive;JBUF;jbuf;Nepenthes alata;Nepenthes alata Blanco;species;NA;0;jbuf;46,793217;7,1549020;NA;LC-MS QExactive Plus;MeOH/H2O;plant specimen
202404191203_HC_dbgi_003007_01_01.mzML;dbgi_003007;Hymenocallis speciosa (L.f. ex Salisb.) Salisb.;NA;Positive;JBUF;jbuf;Hymenocallis speciosa;Hymenocallis speciosa (L.f. ex Salisb.) Salisb.;species;NA;0;jbuf;46,793200;7,1548796;NA;LC-MS QExactive Plus;MeOH/H2O;plant specimen
202404191203_HC_dbgi_003012_01_01.mzML;dbgi_003012;Begonia obliqua L.;NA;Positive;JBUF;jbuf;Begonia obliqua;Begonia obliqua L.;species;NA;0;jbuf;46,793220;7,1548743;NA;LC-MS QExactive Plus;MeOH/H2O;plant specimen
202404191203_HC_dbgi_003022_01_01.mzML;dbgi_003022;Bulbophyllum lasiochilum C.S.P.Parish & Rchb.f.;NA;Positive;JBUF;jbuf;Bulbophyllum lasiochilum;Bulbophyllum lasiochilum C.S.P.Parish & Rchb.f.;species;NA;0;jbuf;46,793210;7,1548667;NA;LC-MS QExactive Plus;MeOH/H2O;plant specimen
202404191203_HC_dbgi_003023_01_01.mzML;dbgi_003023;Stanhopea oculata (Lodd.) Lindl.;NA;Positive;JBUF;jbuf;Stanhopea oculata;Stanhopea oculata (Lodd.) Lindl.;species;NA;0;jbuf;46,793180;7,1550126;NA;LC-MS QExactive Plus;MeOH/H2O;plant specimen
202404191203_HC_dbgi_003032_01_01.mzML;dbgi_003032;Alsobia punctata (Lindl.) Hanst.;NA;Positive;JBUF;jbuf;Alsobia punctata;Alsobia punctata (Lindl.) Hanst.;species;NA;0;jbuf;46,793205;7,1549683;NA;LC-MS QExactive Plus;MeOH/H2O;plant specimen
202404191203_HC_dbgi_003042_01_01.mzML;dbgi_003042;Begonia L.;NA;Positive;JBUF;jbuf;Begonia;Begonia L.;genus;NA;0;jbuf;46,793220;7,1548860;NA;LC-MS QExactive Plus;MeOH/H2O;plant specimen
202404191203_HC_dbgi_003062_01_01.mzML;dbgi_003062;Scutellaria incarnata Vent.;NA;Positive;JBUF;jbuf;Scutellaria incarnata;Scutellaria incarnata Vent.;species;NA;0;jbuf;46,793200;7,1550060;NA;LC-MS QExactive Plus;MeOH/H2O;plant specimen
202404191203_HC_dbgi_003063_01_01.mzML;dbgi_003063;Begonia goegoensis N.E.Br.;NA;Positive;JBUF;jbuf;Begonia goegoensis;Begonia goegoensis N.E.Br.;species;NA;0;jbuf;46,793220;7,1548750;NA;LC-MS QExactive Plus;MeOH/H2O;plant specimen
202404191203_HC_dbgi_003069_01_01.mzML;dbgi_003069;Fittonia albivenis (Lindl. ex Veitch) Brummitt;NA;Positive;JBUF;jbuf;Fittonia albivenis;Fittonia albivenis (Lindl. ex Veitch) Brummitt;species;NA;0;jbuf;46,793194;7,1549450;NA;LC-MS QExactive Plus;MeOH/H2O;plant specimen
202404191203_HC_dbgi_003075_01_01.mzML;dbgi_003075;Pilea pubescens Liebm.;NA;Positive;JBUF;jbuf;Pilea pubescens;Pilea pubescens Liebm.;species;NA;0;jbuf;46,793186;7,1549490;NA;LC-MS QExactive Plus;MeOH/H2O;plant specimen
202404191203_HC_dbgi_003080_01_01.mzML;dbgi_003080;Justicia carnea Lindl.;NA;Positive;JBUF;jbuf;Justicia carnea;Justicia carnea Lindl.;species;NA;0;jbuf;46,793186;7,1549430;NA;LC-MS QExactive Plus;MeOH/H2O;plant specimen
202404191203_HC_dbgi_003083_01_01.mzML;dbgi_003083;Calvoa orientalis Taub.;NA;Positive;JBUF;jbuf;Calvoa orientalis;Calvoa orientalis Taub.;species;NA;0;jbuf;46,793182;7,1549487;NA;LC-MS QExactive Plus;MeOH/H2O;plant specimen
202404191203_HC_dbgi_003086_01_01.mzML;dbgi_003086;Bulbophyllum ambrosia (Hance) Schltr.;NA;Positive;JBUF;jbuf;Bulbophyllum ambrosia;Bulbophyllum ambrosia (Hance) Schltr.;species;NA;0;jbuf;46,793170;7,1550097;NA;LC-MS QExactive Plus;MeOH/H2O;plant specimen
202404191203_HC_dbgi_003098_01_01.mzML;dbgi_003098;Pilea cadierei Gagnep. & Guillaumin;NA;Positive;JBUF;jbuf;Pilea cadierei;Pilea cadierei Gagnep. & Guillaumin;species;NA;0;jbuf;46,793190;7,1549460;NA;LC-MS QExactive Plus;MeOH/H2O;plant specimen
202404191203_HC_dbgi_003100_01_01.mzML;dbgi_003100;Rhipsalis cereuscula Haw.;NA;Positive;JBUF;jbuf;Rhipsalis cereuscula;Rhipsalis cereuscula Haw.;species;NA;0;jbuf;46,793186;7,1550260;NA;LC-MS QExactive Plus;MeOH/H2O;plant specimen
202404191203_HC_dbgi_003103_01_01.mzML;dbgi_003103;Peperomia serpens (Sw.) G.Don;NA;Positive;JBUF;jbuf;Peperomia serpens;Peperomia serpens (Sw.) G.Don;species;NA;0;jbuf;46,793194;7,1548886;NA;LC-MS QExactive Plus;MeOH/H2O;plant specimen
202404191203_HC_dbgi_003108_01_01.mzML;dbgi_003108;Acorus gramineus Aiton;NA;Positive;JBUF;jbuf;Acorus gramineus;Acorus gramineus Aiton;species;NA;0;jbuf;46,793194;7,1549625;NA;LC-MS QExactive Plus;MeOH/H2O;plant specimen
202404191203_HC_dbgi_003109_01_01.mzML;dbgi_003109;Pandanus tectorius Parkinson;NA;Positive;JBUF;jbuf;Pandanus tectorius;Pandanus tectorius Parkinson;species;NA;0;jbuf;46,793194;7,1549525;NA;LC-MS QExactive Plus;MeOH/H2O;plant specimen
202404191203_HC_dbgi_003110_01_01.mzML;dbgi_003110;Crossandra infundibuliformis (L.) Nees;NA;Positive;JBUF;jbuf;Crossandra infundibuliformis;Crossandra infundibuliformis (L.) Nees;species;NA;0;jbuf;46,793194;7,1549525;NA;LC-MS QExactive Plus;MeOH/H2O;plant specimen
202404191203_HC_dbgi_003114_01_01.mzML;dbgi_003114;Peperomia clusiifolia (Jacq.) Hook.;NA;Positive;JBUF;jbuf;Peperomia clusiifolia;Peperomia clusiifolia (Jacq.) Hook.;species;NA;0;jbuf;46,793194;7,1548853;NA;LC-MS QExactive Plus;MeOH/H2O;plant specimen
202404191203_HC_dbgi_003115_01_01.mzML;dbgi_003115;Ruellia brevifolia (Pohl) C.Ezcurra;NA;Positive;JBUF;jbuf;Ruellia brevifolia;Ruellia brevifolia (Pohl) C.Ezcurra;species;NA;0;jbuf;46,793194;7,1549080;NA;LC-MS QExactive Plus;MeOH/H2O;plant specimen
202404191203_HC_dbgi_003116_01_01.mzML;dbgi_003116;Rhipsalis mesembryanthemoides Haw.;NA;Positive;JBUF;jbuf;Rhipsalis mesembryanthemoides;Rhipsalis mesembryanthemoides Haw.;species;NA;0;jbuf;46,793190;7,1550060;NA;LC-MS QExactive Plus;MeOH/H2O;plant specimen
202404191203_HC_dbgi_003121_01_01.mzML;dbgi_003121;Peperomia marmorata Hook.fil.;NA;Positive;JBUF;jbuf;Peperomia marmorata;Peperomia marmorata Hook.fil.;species;NA;0;jbuf;46,793198;7,1548843;NA;LC-MS QExactive Plus;MeOH/H2O;plant specimen
202404191203_HC_dbgi_003122_01_01.mzML;dbgi_003122;Heliconia aurantiaca Verschaff.;NA;Positive;JBUF;jbuf;Heliconia aurantiaca;Heliconia aurantiaca Verschaff.;species;NA;0;jbuf;46,793198;7,1549500;NA;LC-MS QExactive Plus;MeOH/H2O;plant specimen
202404191203_HC_dbgi_003123_01_01.mzML;dbgi_003123;Acorus gramineus Aiton;NA;Positive;JBUF;jbuf;Acorus gramineus;Acorus gramineus Aiton;species;NA;0;jbuf;46,793194;7,1549582;NA;LC-MS QExactive Plus;MeOH/H2O;plant specimen
202404191203_HC_dbgi_003124_01_01.mzML;dbgi_003124;Pachystachys lutea (Ruiz & Pav. ex Schult.) Nees;NA;Positive;JBUF;jbuf;Pachystachys lutea;Pachystachys lutea (Ruiz & Pav. ex Schult.) Nees;species;NA;0;jbuf;46,793190;7,1549063;NA;LC-MS QExactive Plus;MeOH/H2O;plant specimen
202404191203_HC_dbgi_003125_01_01.mzML;dbgi_003125;Acanthus montanus (Nees) T.Anderson;NA;Positive;JBUF;jbuf;Acanthus montanus;Acanthus montanus (Nees) T.Anderson;species;NA;0;jbuf;46,793198;7,1549140;NA;LC-MS QExactive Plus;MeOH/H2O;plant specimen
202404191203_HC_dbgi_003126_01_01.mzML;dbgi_003126;Coelogyne flaccida Lindl.;NA;Positive;JBUF;jbuf;Coelogyne flaccida;Coelogyne flaccida Lindl.;species;NA;0;jbuf;46,793175;7,1550120;NA;LC-MS QExactive Plus;MeOH/H2O;plant specimen
202404191203_HC_dbgi_003130_01_01.mzML;dbgi_003130;Geogenanthus poeppigii (Miq.) Faden;NA;Positive;JBUF;jbuf;Geogenanthus poeppigii;Geogenanthus poeppigii (Miq.) Faden;species;NA;0;jbuf;46,793198;7,1549600;NA;LC-MS QExactive Plus;MeOH/H2O;plant specimen
202404191203_HC_dbgi_003133_01_01.mzML;dbgi_003133;Brunfelsia uniflora (Pohl) D.Don;NA;Positive;JBUF;jbuf;Brunfelsia uniflora;Brunfelsia uniflora (Pohl) D.Don;species;NA;0;jbuf;46,793194;7,1549160;NA;LC-MS QExactive Plus;MeOH/H2O;plant specimen
202404191203_HC_dbgi_003134_01_01.mzML;dbgi_003134;Medinilla magnifica Lindl.;NA;Positive;JBUF;jbuf;Medinilla magnifica;Medinilla magnifica Lindl.;species;NA;0;jbuf;46,793198;7,1548960;NA;LC-MS QExactive Plus;MeOH/H2O;plant specimen
202404191203_HC_dbgi_003135_01_01.mzML;dbgi_003135;Peperomia argyraea W.Bull;NA;Positive;JBUF;jbuf;Peperomia argyraea;Peperomia argyraea W.Bull;species;NA;0;jbuf;46,793198;7,1548810;NA;LC-MS QExactive Plus;MeOH/H2O;plant specimen
202404191203_HC_dbgi_003139_01_01.mzML;dbgi_003139;Peperomia caperata Ruiz & Pav. ex Yunck.;NA;Positive;JBUF;jbuf;Peperomia caperata;Peperomia caperata Ruiz & Pav. ex Yunck.;species;NA;0;jbuf;46,793194;7,1548815;NA;LC-MS QExactive Plus;MeOH/H2O;plant specimen
202404191203_HC_dbgi_003142_01_01.mzML;dbgi_003142;Peperomia dimota Trel. & Yunck.;NA;Positive;JBUF;jbuf;Peperomia dimota;Peperomia dimota Trel. & Yunck.;species;NA;0;jbuf;46,793198;7,1548786;NA;LC-MS QExactive Plus;MeOH/H2O;plant specimen
202404191203_HC_dbgi_003143_01_01.mzML;dbgi_003143;Ficus lutea Vahl;NA;Positive;JBUF;jbuf;Ficus lutea;Ficus lutea Vahl;species;NA;0;jbuf;46,793198;7,1548862;NA;LC-MS QExactive Plus;MeOH/H2O;plant specimen
202404191203_HC_dbgi_003144_01_01.mzML;dbgi_003144;Peperomia maculosa (L.) Hook.;NA;Positive;JBUF;jbuf;Peperomia maculosa;Peperomia maculosa (L.) Hook.;species;NA;0;jbuf;46,793198;7,1548840;NA;LC-MS QExactive Plus;MeOH/H2O;plant specimen
202404191203_HC_dbgi_003152_01_01.mzML;dbgi_003152;Goeppertia lietzei (É.Morren) Saka;NA;Positive;JBUF;jbuf;Goeppertia lietzei;Goeppertia lietzei (É.Morren) Saka;species;NA;0;jbuf;46,793194;7,1549616;NA;LC-MS QExactive Plus;MeOH/H2O;plant specimen
202404191203_HC_dbgi_003157_01_01.mzML;dbgi_003157;Fittonia gigantea Linden;NA;Positive;JBUF;jbuf;Fittonia gigantea;Fittonia gigantea Linden;species;NA;0;jbuf;46,793190;7,1549582;NA;LC-MS QExactive Plus;MeOH/H2O;plant specimen
202404191203_HC_dbgi_003167_01_01.mzML;dbgi_003167;Schaueria calytricha (Hook.) A.L.A.Côrtes;NA;Positive;JBUF;jbuf;Schaueria calytricha;Schaueria calytricha (Hook.) A.L.A.Côrtes;species;NA;0;jbuf;46,793198;7,1549582;NA;LC-MS QExactive Plus;MeOH/H2O;plant specimen
202404191203_HC_dbgi_003192_01_01.mzML;dbgi_003192;Calathea marantina (Willd. ex Körn.) K.Koch;NA;Positive;JBUF;jbuf;Calathea marantina;Calathea marantina (Willd. ex Körn.) K.Koch;species;NA;0;jbuf;46,793194;7,1549544;NA;LC-MS QExactive Plus;MeOH/H2O;plant specimen
202404191203_HC_dbgi_003202_01_01.mzML;dbgi_003202;Pyrrosia niphoboloides (Luerss.) M.G.Price;NA;Positive;JBUF;jbuf;Pyrrosia niphoboloides;Pyrrosia niphoboloides (Luerss.) M.G.Price;species;NA;0;jbuf;46,793170;7,1550136;NA;LC-MS QExactive Plus;MeOH/H2O;plant specimen
202404191203_HC_dbgi_003212_01_01.mzML;dbgi_003212;Rhipsalis baccifera subsp. baccifera;NA;Positive;JBUF;jbuf;Rhipsalis baccifera subsp. baccifera;Rhipsalis baccifera subsp. baccifera;subspecies;NA;0;jbuf;46,793190;7,1550093;NA;LC-MS QExactive Plus;MeOH/H2O;plant specimen
202404241651_EB_dbgi_003163_01_01.mzML;dbgi_003163;Malus domestica (Suckow) Borkh.;NA;Positive;JBUF;jbuf;Malus domestica;Malus domestica (Suckow) Borkh.;species;NA;0;jbuf;46,792294;7,1573740;NA;LC-MS QExactive Plus;MeOH/H2O;plant specimen
202404241651_EB_dbgi_003169_01_02.mzML;dbgi_003169;Prunus cerasifera Ehrh.;NA;Positive;JBUF;jbuf;Prunus cerasifera;Prunus cerasifera Ehrh.;species;NA;0;jbuf;46,792477;7,1573070;NA;LC-MS QExactive Plus;MeOH/H2O;plant specimen
202404241651_EB_dbgi_003173_01_01.mzML;dbgi_003173;Prunus padus var. petraea (Tausch) R.Uechtr.;NA;Positive;JBUF;jbuf;Prunus padus var. petraea;Prunus padus var. petraea (Tausch) R.Uechtr.;variety;NA;0;jbuf;46,792393;7,1573570;NA;LC-MS QExactive Plus;MeOH/H2O;plant specimen
202404241651_EB_dbgi_003186_01_01.mzML;dbgi_003186;Malus sylvestris Mill.;NA;Positive;JBUF;jbuf;Malus sylvestris;Malus sylvestris Mill.;species;NA;0;jbuf;46,792263;7,1573910;NA;LC-MS QExactive Plus;MeOH/H2O;plant specimen
202404241651_EB_dbgi_003190_01_01.mzML;dbgi_003190;Malus × floribunda Siebold ex Van Houtte;NA;Positive;JBUF;jbuf;Malus × floribunda;Malus × floribunda Siebold ex Van Houtte;species;NA;0;jbuf;46,792300;7,1574225;NA;LC-MS QExactive Plus;MeOH/H2O;plant specimen
202404241651_EB_dbgi_003194_02_01.mzML;dbgi_003194;Potentilla sterilis (L.) Garcke;NA;Positive;JBUF;jbuf;Potentilla sterilis;Potentilla sterilis (L.) Garcke;species;NA;0;jbuf;46,792450;7,1572504;NA;LC-MS QExactive Plus;MeOH/H2O;plant specimen
202404241651_EB_dbgi_003200_01_01.mzML;dbgi_003200;Drymocallis rupestris (L.) Soják;NA;Positive;JBUF;jbuf;Drymocallis rupestris;Drymocallis rupestris (L.) Soják;species;NA;0;jbuf;46,792440;7,1572514;NA;LC-MS QExactive Plus;MeOH/H2O;plant specimen
202404241651_EB_dbgi_003206_01_01.mzML;dbgi_003206;Potentilla recta L.;NA;Positive;JBUF;jbuf;Potentilla recta;Potentilla recta L.;species;NA;0;jbuf;46,792446;7,1572547;NA;LC-MS QExactive Plus;MeOH/H2O;plant specimen
202404241651_EB_dbgi_003210_02_01.mzML;dbgi_003210;Prunus tomentosa Thunb.;NA;Positive;JBUF;jbuf;Prunus tomentosa;Prunus tomentosa Thunb.;species;NA;0;jbuf;46,792420;7,1573434;NA;LC-MS QExactive Plus;MeOH/H2O;plant specimen
202404241731_EB_dbgi_003208_01_01.mzML;dbgi_003208;Erythroxylum coca var. coca;NA;Positive;JBUF;jbuf;Erythroxylum coca var. coca;Erythroxylum coca var. coca;variety;NA;0;jbuf;46,792686;7,1558660;NA;LC-MS QExactive Plus;MeOH/H2O;plant specimen
202404241731_EB_dbgi_003208_02_01.mzML;dbgi_003208;Erythroxylum coca var. coca;NA;Positive;JBUF;jbuf;Erythroxylum coca var. coca;Erythroxylum coca var. coca;variety;NA;0;jbuf;46,792686;7,1558660;NA;LC-MS QExactive Plus;MeOH/H2O;plant specimen
202404241731_EB_dbgi_003224_01_02.mzML;dbgi_003224;Brugmansia insignis (Barb.Rodr.) Lockwood ex R.E.Schult.;NA;Positive;JBUF;jbuf;Brugmansia insignis;Brugmansia insignis (Barb.Rodr.) Lockwood ex R.E.Schult.;species;NA;0;jbuf;46,793175;7,1550336;NA;LC-MS QExactive Plus;MeOH/H2O;plant specimen
202404241731_EB_dbgi_003224_02_01.mzML;dbgi_003224;Brugmansia insignis (Barb.Rodr.) Lockwood ex R.E.Schult.;NA;Positive;JBUF;jbuf;Brugmansia insignis;Brugmansia insignis (Barb.Rodr.) Lockwood ex R.E.Schult.;species;NA;0;jbuf;46,793175;7,1550336;NA;LC-MS QExactive Plus;MeOH/H2O;plant specimen
202404251608_EB_dbgi_001794_01_01.mzML;dbgi_001794;Biscutella laevigata L.;NA;Negative;JBUF;jbuf;Biscutella laevigata;Biscutella laevigata L.;species;NA;0;jbuf;46,792200;7,1568630;NA;LC-MS QExactive Plus;MeOH/H2O;plant specimen
202404251608_EB_dbgi_001888_01_01.mzML;dbgi_001888;Isatis tinctoria L.;NA;Negative;JBUF;jbuf;Isatis tinctoria;Isatis tinctoria L.;species;NA;0;jbuf;46,792168;7,1568860;NA;LC-MS QExactive Plus;MeOH/H2O;plant specimen
202404251608_EB_dbgi_002318_01_01.mzML;dbgi_002318;Linaria vulgaris Mill.;NA;Negative;JBUF;jbuf;Linaria vulgaris;Linaria vulgaris Mill.;species;NA;0;jbuf;46,792550;7,1567492;NA;LC-MS QExactive Plus;MeOH/H2O;plant specimen
202404251608_EB_dbgi_002342_01_01.mzML;dbgi_002342;Digitalis purpurea L.;NA;Negative;JBUF;jbuf;Digitalis purpurea;Digitalis purpurea L.;species;NA;0;jbuf;46,792550;7,1567860;NA;LC-MS QExactive Plus;MeOH/H2O;plant specimen
202404251608_EB_dbgi_002413_01_01.mzML;dbgi_002413;Pulmonaria helvetica Bolliger;NA;Negative;JBUF;jbuf;Pulmonaria helvetica;Pulmonaria helvetica Bolliger;species;NA;0;jbuf;46,792576;7,1565723;NA;LC-MS QExactive Plus;MeOH/H2O;plant specimen
202404251608_EB_dbgi_002421_01_01.mzML;dbgi_002421;Solanum lycopersicum L.;NA;Negative;JBUF;jbuf;Solanum lycopersicum;Solanum lycopersicum L.;species;NA;0;jbuf;46,792545;7,1565714;NA;LC-MS QExactive Plus;MeOH/H2O;plant specimen
202404251608_EB_dbgi_002444_01_01.mzML;dbgi_002444;Lycium chinense Mill.;NA;Negative;JBUF;jbuf;Lycium chinense;Lycium chinense Mill.;species;NA;0;jbuf;46,792540;7,1566540;NA;LC-MS QExactive Plus;MeOH/H2O;plant specimen
202404251608_EB_dbgi_002484_01_01.mzML;dbgi_002484;Veronica topiaria (L.B.Moore) Garn.-Jones;NA;Negative;JBUF;jbuf;Veronica topiaria;Veronica topiaria (L.B.Moore) Garn.-Jones;species;NA;0;jbuf;46,792550;7,1568420;NA;LC-MS QExactive Plus;MeOH/H2O;plant specimen
202404251608_EB_dbgi_002491_01_01.mzML;dbgi_002491;Solanum nigrum L.;NA;Negative;JBUF;jbuf;Solanum nigrum;Solanum nigrum L.;species;NA;0;jbuf;46,792550;7,1565620;NA;LC-MS QExactive Plus;MeOH/H2O;plant specimen
202404251608_EB_dbgi_002589_01_01.mzML;dbgi_002589;Salvia verticillata L.;NA;Negative;JBUF;jbuf;Salvia verticillata;Salvia verticillata L.;species;NA;0;jbuf;46,792587;7,1567707;NA;LC-MS QExactive Plus;MeOH/H2O;plant specimen
202404251608_EB_dbgi_002675_01_01.mzML;dbgi_002675;Viburnum farreri Stearn;NA;Negative;JBUF;jbuf;Viburnum farreri;Viburnum farreri Stearn;species;NA;0;jbuf;46,792614;7,1566900;NA;LC-MS QExactive Plus;MeOH/H2O;plant specimen
202404251608_EB_dbgi_002749_02_01.mzML;dbgi_002749;Epiphyllum Haw.;NA;Negative;JBUF;jbuf;Epiphyllum;Epiphyllum Haw.;genus;NA;0;jbuf;46,793213;7,1548786;NA;LC-MS QExactive Plus;MeOH/H2O;plant specimen
202404251608_EB_dbgi_002750_01_01.mzML;dbgi_002750;Neoblechnum brasiliense (Desv.) Gasper & V.A.O.Dittrich;NA;Negative;JBUF;jbuf;Neoblechnum brasiliense;Neoblechnum brasiliense (Desv.) Gasper & V.A.O.Dittrich;species;NA;0;jbuf;46,793200;7,1549735;NA;LC-MS QExactive Plus;MeOH/H2O;plant specimen
202404251608_EB_dbgi_002751_01_01.mzML;dbgi_002751;Anthurium parasiticum (Vell.) Stellfeld;NA;Negative;JBUF;jbuf;Anthurium parasiticum;Anthurium parasiticum (Vell.) Stellfeld;species;NA;0;jbuf;46,793198;7,1549500;NA;LC-MS QExactive Plus;MeOH/H2O;plant specimen
202404251608_EB_dbgi_002755_01_01.mzML;dbgi_002755;Aglaonema commutatum var. commutatum;NA;Negative;JBUF;jbuf;Aglaonema commutatum var. commutatum;Aglaonema commutatum var. commutatum;variety;NA;0;jbuf;46,793198;7,1548862;NA;LC-MS QExactive Plus;MeOH/H2O;plant specimen
202404251608_EB_dbgi_002756_01_01.mzML;dbgi_002756;Anthurium bakeri Hook.f.;NA;Negative;JBUF;jbuf;Anthurium bakeri;Anthurium bakeri Hook.f.;species;NA;0;jbuf;46,793198;7,1549397;NA;LC-MS QExactive Plus;MeOH/H2O;plant specimen
202404251608_EB_dbgi_002757_01_01.mzML;dbgi_002757;Phyllanthus angustifolius (Sw.) Sw.;NA;Negative;JBUF;jbuf;Phyllanthus angustifolius;Phyllanthus angustifolius (Sw.) Sw.;species;NA;0;jbuf;46,793182;7,1549687;NA;LC-MS QExactive Plus;MeOH/H2O;plant specimen
202404251608_EB_dbgi_002760_01_01.mzML;dbgi_002760;Anthurium gracile (Rudge) Lindl.;NA;Negative;JBUF;jbuf;Anthurium gracile;Anthurium gracile (Rudge) Lindl.;species;NA;0;jbuf;46,793198;7,1549320;NA;LC-MS QExactive Plus;MeOH/H2O;plant specimen
202404251608_EB_dbgi_002761_01_01.mzML;dbgi_002761;Philodendron hederaceum var. hederaceum;NA;Negative;JBUF;jbuf;Philodendron hederaceum var. hederaceum;Philodendron hederaceum var. hederaceum;variety;NA;1;jbuf;46,793198;7,1550240;NA;LC-MS QExactive Plus;MeOH/H2O;plant specimen
202404251608_EB_dbgi_002764_01_01.mzML;dbgi_002764;Begonia sanguinea Raddi;NA;Negative;JBUF;jbuf;Begonia sanguinea;Begonia sanguinea Raddi;species;NA;0;jbuf;46,793213;7,1549190;NA;LC-MS QExactive Plus;MeOH/H2O;plant specimen
202404251608_EB_dbgi_002767_01_01.mzML;dbgi_002767;Codiaeum variegatum (L.) Rumph. ex A.Juss.;NA;Negative;JBUF;jbuf;Codiaeum variegatum;Codiaeum variegatum (L.) Rumph. ex A.Juss.;species;NA;0;jbuf;46,793175;7,1549907;NA;LC-MS QExactive Plus;MeOH/H2O;plant specimen
202404251608_EB_dbgi_002768_01_01.mzML;dbgi_002768;Ficus L.;NA;Negative;JBUF;jbuf;Ficus;Ficus L.;genus;NA;0;jbuf;46,793198;7,1549783;NA;LC-MS QExactive Plus;MeOH/H2O;plant specimen
202404251608_EB_dbgi_002770_01_01.mzML;dbgi_002770;Pteris L.;NA;Negative;JBUF;jbuf;Pteris;Pteris L.;genus;NA;0;jbuf;46,793194;7,1549790;NA;LC-MS QExactive Plus;MeOH/H2O;plant specimen
202404251608_EB_dbgi_002772_01_01.mzML;dbgi_002772;Monstera deliciosa Liebm.;NA;Negative;JBUF;jbuf;Monstera deliciosa;Monstera deliciosa Liebm.;species;NA;0;jbuf;46,793205;7,1548924;NA;LC-MS QExactive Plus;MeOH/H2O;plant specimen
202404251608_EB_dbgi_002773_01_01.mzML;dbgi_002773;Cissus quadrangularis L.;NA;Negative;JBUF;jbuf;Cissus quadrangularis;Cissus quadrangularis L.;species;NA;0;jbuf;46,793180;7,1550126;NA;LC-MS QExactive Plus;MeOH/H2O;plant specimen
202404251608_EB_dbgi_002774_01_01.mzML;dbgi_002774;Zealandia pustulata subsp. pustulata;NA;Negative;JBUF;jbuf;Zealandia pustulata subsp. pustulata;Zealandia pustulata subsp. pustulata;subspecies;NA;0;jbuf;46,793213;7,1548690;NA;LC-MS QExactive Plus;MeOH/H2O;plant specimen
202404251608_EB_dbgi_002775_01_01.mzML;dbgi_002775;Nephrolepis hirsutula (G.Forst.) C.Presl;NA;Negative;JBUF;jbuf;Nephrolepis hirsutula;Nephrolepis hirsutula (G.Forst.) C.Presl;species;NA;0;jbuf;46,793198;7,1549730;NA;LC-MS QExactive Plus;MeOH/H2O;plant specimen
202404251608_EB_dbgi_002776_01_01.mzML;dbgi_002776;Anthurium andraeanum Linden ex André;NA;Negative;JBUF;jbuf;Anthurium andraeanum;Anthurium andraeanum Linden ex André;species;NA;0;jbuf;46,793198;7,1549440;NA;LC-MS QExactive Plus;MeOH/H2O;plant specimen
202404251608_EB_dbgi_002777_01_01.mzML;dbgi_002777;Codiaeum variegatum (L.) Rumph. ex A.Juss.;NA;Negative;JBUF;jbuf;Codiaeum variegatum;Codiaeum variegatum (L.) Rumph. ex A.Juss.;species;NA;0;jbuf;46,793182;7,1549835;NA;LC-MS QExactive Plus;MeOH/H2O;plant specimen
202404251608_EB_dbgi_002782_01_01.mzML;dbgi_002782;Procris repens (Lour.) B.J.Conn & Hadiah;NA;Negative;JBUF;jbuf;Procris repens;Procris repens (Lour.) B.J.Conn & Hadiah;species;NA;0;jbuf;46,793182;7,1549907;NA;LC-MS QExactive Plus;MeOH/H2O;plant specimen
202404251608_EB_dbgi_002784_01_01.mzML;dbgi_002784;Streptocarpus ionanthus subsp. grotei (Engl.) Christenh.;NA;Negative;JBUF;jbuf;Streptocarpus ionanthus subsp. grotei;Streptocarpus ionanthus subsp. grotei (Engl.) Christenh.;subspecies;NA;0;jbuf;46,793180;7,1550126;NA;LC-MS QExactive Plus;MeOH/H2O;plant specimen
202404251608_EB_dbgi_002788_01_01.mzML;dbgi_002788;Eleocharis vivipara Link;NA;Negative;JBUF;jbuf;Eleocharis vivipara;Eleocharis vivipara Link;species;NA;0;jbuf;46,793175;7,1549454;NA;LC-MS QExactive Plus;MeOH/H2O;plant specimen
202404251608_EB_dbgi_002790_01_01.mzML;dbgi_002790;Begonia incarnata Link & Otto;NA;Negative;JBUF;jbuf;Begonia incarnata;Begonia incarnata Link & Otto;species;NA;0;jbuf;46,793220;7,1548740;NA;LC-MS QExactive Plus;MeOH/H2O;plant specimen
202404251608_EB_dbgi_002794_01_01.mzML;dbgi_002794;Schlumbergera Lem.;NA;Negative;JBUF;jbuf;Schlumbergera;Schlumbergera Lem.;genus;NA;0;jbuf;46,793198;7,1549680;NA;LC-MS QExactive Plus;MeOH/H2O;plant specimen
202404251608_EB_dbgi_002795_01_01.mzML;dbgi_002795;Pyrrosia lingua (Thunb.) Farw.;NA;Negative;JBUF;jbuf;Pyrrosia lingua;Pyrrosia lingua (Thunb.) Farw.;species;NA;0;jbuf;46,793220;7,1548743;NA;LC-MS QExactive Plus;MeOH/H2O;plant specimen
202404251608_EB_dbgi_002796_01_01.mzML;dbgi_002796;Pteris cretica L.;NA;Negative;JBUF;jbuf;Pteris cretica;Pteris cretica L.;species;NA;0;jbuf;46,793198;7,1549810;NA;LC-MS QExactive Plus;MeOH/H2O;plant specimen
202404251608_EB_dbgi_002797_01_01.mzML;dbgi_002797;Aglaonema modestum Schott ex Engl.;NA;Negative;JBUF;jbuf;Aglaonema modestum;Aglaonema modestum Schott ex Engl.;species;NA;0;jbuf;46,793194;7,1549306;NA;LC-MS QExactive Plus;MeOH/H2O;plant specimen
202404251608_EB_dbgi_002801_01_01.mzML;dbgi_002801;Rhipsalis Gaertn.;NA;Negative;JBUF;jbuf;Rhipsalis;Rhipsalis Gaertn.;genus;NA;0;jbuf;46,793205;7,1549260;NA;LC-MS QExactive Plus;MeOH/H2O;plant specimen
202404251608_EB_dbgi_002804_01_01.mzML;dbgi_002804;Aeschynanthus radicans Jack;NA;Negative;JBUF;jbuf;Aeschynanthus radicans;Aeschynanthus radicans Jack;species;NA;0;jbuf;46,793210;7,1549573;NA;LC-MS QExactive Plus;MeOH/H2O;plant specimen
202404251608_EB_dbgi_002805_01_01.mzML;dbgi_002805;Rosa glauca Pourr.;NA;Negative;JBUF;jbuf;Rosa glauca;Rosa glauca Pourr.;species;NA;0;jbuf;46,793213;7,1549380;NA;LC-MS QExactive Plus;MeOH/H2O;plant specimen
202404251608_EB_dbgi_002807_01_01.mzML;dbgi_002807;Chlorophytum filipendulum subsp. amaniense (Engl.) Nordal & A.D.Poulsen;NA;Negative;JBUF;jbuf;Chlorophytum filipendulum subsp. amaniense;Chlorophytum filipendulum subsp. amaniense (Engl.) Nordal & A.D.Poulsen;subspecies;NA;1;jbuf;46,793205;7,1550080;NA;LC-MS QExactive Plus;MeOH/H2O;plant specimen
202404251608_EB_dbgi_002808_01_01.mzML;dbgi_002808;Salvinia auriculata Aubl.;NA;Negative;JBUF;jbuf;Salvinia auriculata;Salvinia auriculata Aubl.;species;NA;0;jbuf;46,793167;7,1549993;NA;LC-MS QExactive Plus;MeOH/H2O;plant specimen
202404251608_EB_dbgi_002809_01_01.mzML;dbgi_002809;Begonia L.;NA;Negative;JBUF;jbuf;Begonia;Begonia L.;genus;NA;0;jbuf;46,793220;7,1548770;NA;LC-MS QExactive Plus;MeOH/H2O;plant specimen
202404251608_EB_dbgi_002810_01_01.mzML;dbgi_002810;Begonia masoniana Irmsch.;NA;Negative;JBUF;jbuf;Begonia masoniana;Begonia masoniana Irmsch.;species;NA;0;jbuf;46,793220;7,1548705;NA;LC-MS QExactive Plus;MeOH/H2O;plant specimen
202404251608_EB_dbgi_002814_01_01.mzML;dbgi_002814;Begonia L.;NA;Negative;JBUF;jbuf;Begonia;Begonia L.;genus;NA;0;jbuf;46,793220;7,1548753;NA;LC-MS QExactive Plus;MeOH/H2O;plant specimen
202404251608_EB_dbgi_002816_01_01.mzML;dbgi_002816;Christella dentata (Forssk.) Brownsey & Jermy;NA;Negative;JBUF;jbuf;Christella dentata;Christella dentata (Forssk.) Brownsey & Jermy;species;NA;0;jbuf;46,793198;7,1549880;NA;LC-MS QExactive Plus;MeOH/H2O;plant specimen
202404251608_EB_dbgi_002821_01_01.mzML;dbgi_002821;Cyrtomium falcatum (L.fil.) C.Presl;NA;Negative;JBUF;jbuf;Cyrtomium falcatum;Cyrtomium falcatum (L.fil.) C.Presl;species;NA;0;jbuf;46,793198;7,1549780;NA;LC-MS QExactive Plus;MeOH/H2O;plant specimen
202404251608_EB_dbgi_002822_01_01.mzML;dbgi_002822;Hoya carnosa (L.fil.) R.Br.;NA;Negative;JBUF;jbuf;Hoya carnosa;Hoya carnosa (L.fil.) R.Br.;species;NA;0;jbuf;46,793186;7,1548624;NA;LC-MS QExactive Plus;MeOH/H2O;plant specimen
202404251608_EB_dbgi_002828_01_01.mzML;dbgi_002828;Porlieria hygrometra Ruiz & Pav.;NA;Negative;JBUF;jbuf;Porlieria hygrometra;Porlieria hygrometra Ruiz & Pav.;species;NA;0;jbuf;46,793205;7,1548657;NA;LC-MS QExactive Plus;MeOH/H2O;plant specimen
202404251608_EB_dbgi_002829_01_01.mzML;dbgi_002829;Tetrastigma voinierianum (Baltet) Pierre ex Gagnep.;NA;Negative;JBUF;jbuf;Tetrastigma voinierianum;Tetrastigma voinierianum (Baltet) Pierre ex Gagnep.;species;NA;0;jbuf;46,793220;7,1548877;NA;LC-MS QExactive Plus;MeOH/H2O;plant specimen
202404251608_EB_dbgi_002830_01_01.mzML;dbgi_002830;Procris repens (Lour.) B.J.Conn & Hadiah;NA;Negative;JBUF;jbuf;Procris repens;Procris repens (Lour.) B.J.Conn & Hadiah;species;NA;0;jbuf;46,793175;7,1549826;NA;LC-MS QExactive Plus;MeOH/H2O;plant specimen
202404251608_EB_dbgi_002839_01_01.mzML;dbgi_002839;Ficus benjamina L.;NA;Negative;JBUF;jbuf;Ficus benjamina;Ficus benjamina L.;species;NA;0;jbuf;46,793200;7,1550260;NA;LC-MS QExactive Plus;MeOH/H2O;plant specimen
202404251608_EB_dbgi_002843_01_01.mzML;dbgi_002843;Spathiphyllum blandum Schott;NA;Negative;JBUF;jbuf;Spathiphyllum blandum;Spathiphyllum blandum Schott;species;NA;0;jbuf;46,793194;7,1549130;NA;LC-MS QExactive Plus;MeOH/H2O;plant specimen
202404251608_EB_dbgi_002845_01_01.mzML;dbgi_002845;Nephthytis poissonii (Engl.) N.E.Br.;NA;Negative;JBUF;jbuf;Nephthytis poissonii;Nephthytis poissonii (Engl.) N.E.Br.;species;NA;0;jbuf;46,793200;7,1549150;NA;LC-MS QExactive Plus;MeOH/H2O;plant specimen
202404251608_EB_dbgi_002848_01_01.mzML;dbgi_002848;Pyrrosia niphoboloides (Luerss.) M.G.Price;NA;Negative;JBUF;jbuf;Pyrrosia niphoboloides;Pyrrosia niphoboloides (Luerss.) M.G.Price;species;NA;0;jbuf;46,793217;7,1548690;NA;LC-MS QExactive Plus;MeOH/H2O;plant specimen
202404251608_EB_dbgi_002849_01_01.mzML;dbgi_002849;Nellica revaughanii (Coode) R.W.Bouman;NA;Negative;JBUF;jbuf;Nellica revaughanii;Nellica revaughanii (Coode) R.W.Bouman;species;NA;0;jbuf;46,793180;7,1549716;NA;LC-MS QExactive Plus;MeOH/H2O;plant specimen
202404251608_EB_dbgi_002859_01_01.mzML;dbgi_002859;Tillandsia plagiotropica Rohweder;NA;Negative;JBUF;jbuf;Tillandsia plagiotropica;Tillandsia plagiotropica Rohweder;species;NA;0;jbuf;46,793194;7,1548640;NA;LC-MS QExactive Plus;MeOH/H2O;plant specimen
202404251608_EB_dbgi_002862_01_01.mzML;dbgi_002862;Selaginella pallescens (C.Presl) Spring;NA;Negative;JBUF;jbuf;Selaginella pallescens;Selaginella pallescens (C.Presl) Spring;species;NA;0;jbuf;46,793217;7,1548680;NA;LC-MS QExactive Plus;MeOH/H2O;plant specimen
202404251608_EB_dbgi_002866_01_01.mzML;dbgi_002866;Begonia × ricinifolia A.Dietr.;NA;Negative;JBUF;jbuf;Begonia × ricinifolia;Begonia × ricinifolia A.Dietr.;species;NA;0;jbuf;46,793220;7,1548786;NA;LC-MS QExactive Plus;MeOH/H2O;plant specimen
202404251608_EB_dbgi_002867_01_01.mzML;dbgi_002867;Hoya brevialata Kleijn & Donkelaar;NA;Negative;JBUF;jbuf;Hoya brevialata;Hoya brevialata Kleijn & Donkelaar;species;NA;0;jbuf;46,793198;7,1548640;NA;LC-MS QExactive Plus;MeOH/H2O;plant specimen
202404251608_EB_dbgi_002869_01_01.mzML;dbgi_002869;Acalypha hispida Burm.fil.;NA;Negative;JBUF;jbuf;Acalypha hispida;Acalypha hispida Burm.fil.;species;NA;0;jbuf;46,793180;7,1549740;NA;LC-MS QExactive Plus;MeOH/H2O;plant specimen
202404251608_EB_dbgi_002871_01_01.mzML;dbgi_002871;Alocasia (Schott) G.Don;NA;Negative;JBUF;jbuf;Alocasia;Alocasia (Schott) G.Don;genus;NA;1;jbuf;46,793198;7,1549063;NA;LC-MS QExactive Plus;MeOH/H2O;plant specimen
202404251608_EB_dbgi_002874_01_01.mzML;dbgi_002874;Acalypha wilkesiana Müll.Arg.;NA;Negative;JBUF;jbuf;Acalypha wilkesiana;Acalypha wilkesiana Müll.Arg.;species;NA;0;jbuf;46,793180;7,1549630;NA;LC-MS QExactive Plus;MeOH/H2O;plant specimen
202404251608_EB_dbgi_002877_01_01.mzML;dbgi_002877;Epiphyllum phyllanthus subsp. rubrocoronatum (Kimnach) Ralf Bauer;NA;Negative;JBUF;jbuf;Epiphyllum phyllanthus subsp. rubrocoronatum;Epiphyllum phyllanthus subsp. rubrocoronatum (Kimnach) Ralf Bauer;subspecies;NA;0;jbuf;46,793213;7,1548870;NA;LC-MS QExactive Plus;MeOH/H2O;plant specimen
202404251608_EB_dbgi_002878_01_01.mzML;dbgi_002878;Hoya carnosa (L.fil.) R.Br.;NA;Negative;JBUF;jbuf;Hoya carnosa;Hoya carnosa (L.fil.) R.Br.;species;NA;0;jbuf;46,793194;7,1548667;NA;LC-MS QExactive Plus;MeOH/H2O;plant specimen
202404251608_EB_dbgi_002879_01_01.mzML;dbgi_002879;Dicksonia antarctica Labill.;NA;Negative;JBUF;jbuf;Dicksonia antarctica;Dicksonia antarctica Labill.;species;NA;1;jbuf;46,793213;7,1548690;NA;LC-MS QExactive Plus;MeOH/H2O;plant specimen
202404251608_EB_dbgi_002880_01_01.mzML;dbgi_002880;Sarracenia leucophylla Raf.;NA;Negative;JBUF;jbuf;Sarracenia leucophylla;Sarracenia leucophylla Raf.;species;NA;0;jbuf;46,793205;7,1548800;NA;LC-MS QExactive Plus;MeOH/H2O;plant specimen
202404251608_EB_dbgi_002881_01_01.mzML;dbgi_002881;Selaginella kraussiana (Kunze) A.Braun;NA;Negative;JBUF;jbuf;Selaginella kraussiana;Selaginella kraussiana (Kunze) A.Braun;species;NA;0;jbuf;46,793217;7,1548690;NA;LC-MS QExactive Plus;MeOH/H2O;plant specimen
202404251608_EB_dbgi_002885_01_01.mzML;dbgi_002885;Streptocarpus ionanthus subsp. ionanthus;NA;Negative;JBUF;jbuf;Streptocarpus ionanthus subsp. ionanthus;Streptocarpus ionanthus subsp. ionanthus;subspecies;NA;0;jbuf;46,793198;7,1550145;NA;LC-MS QExactive Plus;MeOH/H2O;plant specimen
202404251608_EB_dbgi_002886_01_01.mzML;dbgi_002886;Eranthemum pulchellum Andrews;NA;Negative;JBUF;jbuf;Eranthemum pulchellum;Eranthemum pulchellum Andrews;species;NA;0;jbuf;46,793198;7,1548786;NA;LC-MS QExactive Plus;MeOH/H2O;plant specimen
202404251608_EB_dbgi_002888_01_01.mzML;dbgi_002888;Rhipsalis Gaertn.;NA;Negative;JBUF;jbuf;Rhipsalis;Rhipsalis Gaertn.;genus;NA;0;jbuf;46,793200;7,1549810;NA;LC-MS QExactive Plus;MeOH/H2O;plant specimen
202404251608_EB_dbgi_002891_01_01.mzML;dbgi_002891;Hydrocotyle verticillata Thunb.;NA;Negative;JBUF;jbuf;Hydrocotyle verticillata;Hydrocotyle verticillata Thunb.;species;NA;0;jbuf;46,793182;7,1548867;NA;LC-MS QExactive Plus;MeOH/H2O;plant specimen
202404251608_EB_dbgi_002894_01_01.mzML;dbgi_002894;Sinningia cardinalis (Lehm.) H.E.Moore;NA;Negative;JBUF;jbuf;Sinningia cardinalis;Sinningia cardinalis (Lehm.) H.E.Moore;species;NA;0;jbuf;46,793200;7,1550020;NA;LC-MS QExactive Plus;MeOH/H2O;plant specimen
202404251608_EB_dbgi_002897_01_01.mzML;dbgi_002897;Dorstenia contrajerva L.;NA;Negative;JBUF;jbuf;Dorstenia contrajerva;Dorstenia contrajerva L.;species;NA;0;jbuf;46,793205;7,1549954;NA;LC-MS QExactive Plus;MeOH/H2O;plant specimen
202404251608_EB_dbgi_002898_01_01.mzML;dbgi_002898;Kohleria hirsuta (Kunth) Regel;NA;Negative;JBUF;jbuf;Kohleria hirsuta;Kohleria hirsuta (Kunth) Regel;species;NA;0;jbuf;46,793205;7,1550100;NA;LC-MS QExactive Plus;MeOH/H2O;plant specimen
202404251608_EB_dbgi_002900_01_01.mzML;dbgi_002900;Brighamia insignis A.Gray;NA;Negative;JBUF;jbuf;Brighamia insignis;Brighamia insignis A.Gray;species;NA;0;jbuf;46,793210;7,1548657;NA;LC-MS QExactive Plus;MeOH/H2O;plant specimen
202404251608_EB_dbgi_002906_01_01.mzML;dbgi_002906;Cyperus gracilis R.Br.;NA;Negative;JBUF;jbuf;Cyperus gracilis;Cyperus gracilis R.Br.;species;NA;0;jbuf;46,793167;7,1549920;NA;LC-MS QExactive Plus;MeOH/H2O;plant specimen
202404251608_EB_dbgi_002915_01_01.mzML;dbgi_002915;Myrmecodia platytyrea Becc.;NA;Negative;JBUF;jbuf;Myrmecodia platytyrea;Myrmecodia platytyrea Becc.;species;NA;0;jbuf;46,793200;7,1548650;NA;LC-MS QExactive Plus;MeOH/H2O;plant specimen
202404251608_EB_dbgi_002917_01_01.mzML;dbgi_002917;Niphidium crassifolium (L.) Lellinger;NA;Negative;JBUF;jbuf;Niphidium crassifolium;Niphidium crassifolium (L.) Lellinger;species;NA;0;jbuf;46,793194;7,1549897;NA;LC-MS QExactive Plus;MeOH/H2O;plant specimen
202404251608_EB_dbgi_002919_02_01.mzML;dbgi_002919;Cryptanthus bivittatus (Hook.) Regel;NA;Negative;JBUF;jbuf;Cryptanthus bivittatus;Cryptanthus bivittatus (Hook.) Regel;species;NA;0;jbuf;46,793194;7,1548630;NA;LC-MS QExactive Plus;MeOH/H2O;plant specimen
202404251608_EB_dbgi_002924_01_01.mzML;dbgi_002924;Dieffenbachia seguine (Jacq.) Schott;NA;Negative;JBUF;jbuf;Dieffenbachia seguine;Dieffenbachia seguine (Jacq.) Schott;species;NA;0;jbuf;46,793198;7,1548944;NA;LC-MS QExactive Plus;MeOH/H2O;plant specimen
202404251608_EB_dbgi_002928_02_01.mzML;dbgi_002928;Bromelia pinguin L.;NA;Negative;JBUF;jbuf;Bromelia pinguin;Bromelia pinguin L.;species;NA;0;jbuf;46,793186;7,1548624;NA;LC-MS QExactive Plus;MeOH/H2O;plant specimen
202404251608_EB_dbgi_002932_01_01.mzML;dbgi_002932;Hygroryza aristata (Retz.) Nees ex Wight & Arn.;NA;Negative;JBUF;jbuf;Hygroryza aristata;Hygroryza aristata (Retz.) Nees ex Wight & Arn.;species;NA;0;jbuf;46,793167;7,1550035;NA;LC-MS QExactive Plus;MeOH/H2O;plant specimen
202404251608_EB_dbgi_002933_01_01.mzML;dbgi_002933;Impatiens platypetala Lindl.;NA;Negative;JBUF;jbuf;Impatiens platypetala;Impatiens platypetala Lindl.;species;NA;0;jbuf;46,793210;7,1549425;NA;LC-MS QExactive Plus;MeOH/H2O;plant specimen
202404251608_EB_dbgi_002940_01_01.mzML;dbgi_002940;Anthurium scandens (Aubl.) Engl.;NA;Negative;JBUF;jbuf;Anthurium scandens;Anthurium scandens (Aubl.) Engl.;species;NA;0;jbuf;46,793194;7,1549344;NA;LC-MS QExactive Plus;MeOH/H2O;plant specimen
202404251608_EB_dbgi_002942_01_01.mzML;dbgi_002942;Achimenes erecta (Lam.) H.P.Fuchs;NA;Negative;JBUF;jbuf;Achimenes erecta;Achimenes erecta (Lam.) H.P.Fuchs;species;NA;0;jbuf;46,793200;7,1549954;NA;LC-MS QExactive Plus;MeOH/H2O;plant specimen
202404251608_EB_dbgi_002943_01_01.mzML;dbgi_002943;Ficus L.;NA;Negative;JBUF;jbuf;Ficus;Ficus L.;genus;NA;0;jbuf;46,793205;7,1548830;NA;LC-MS QExactive Plus;MeOH/H2O;plant specimen
202404251608_EB_dbgi_002944_01_01.mzML;dbgi_002944;Cyperus alternifolius subsp. textilis (Thunb.) Verloove;NA;Negative;JBUF;jbuf;Cyperus alternifolius subsp. textilis;Cyperus alternifolius subsp. textilis (Thunb.) Verloove;subspecies;NA;0;jbuf;46,793167;7,1549935;NA;LC-MS QExactive Plus;MeOH/H2O;plant specimen
202404251608_EB_dbgi_002947_01_01.mzML;dbgi_002947;Ludwigia L.;NA;Negative;JBUF;jbuf;Ludwigia;Ludwigia L.;genus;NA;0;jbuf;46,793167;7,1549954;NA;LC-MS QExactive Plus;MeOH/H2O;plant specimen
202404251608_EB_dbgi_002952_01_01.mzML;dbgi_002952;Begonia erythrophylla Henricq;NA;Negative;JBUF;jbuf;Begonia erythrophylla;Begonia erythrophylla Henricq;species;NA;0;jbuf;46,793220;7,1548740;NA;LC-MS QExactive Plus;MeOH/H2O;plant specimen
202404251608_EB_dbgi_002958_01_01.mzML;dbgi_002958;Dendrobium thyrsiflorum B.S.Williams;NA;Negative;JBUF;jbuf;Dendrobium thyrsiflorum;Dendrobium thyrsiflorum B.S.Williams;species;NA;0;jbuf;46,793180;7,1549270;NA;LC-MS QExactive Plus;MeOH/H2O;plant specimen
202404251608_EB_dbgi_002963_01_01.mzML;dbgi_002963;Rhipsalis Gaertn.;NA;Negative;JBUF;jbuf;Rhipsalis;Rhipsalis Gaertn.;genus;NA;0;jbuf;46,793200;7,1549720;NA;LC-MS QExactive Plus;MeOH/H2O;plant specimen
202404251608_EB_dbgi_002963_02_01.mzML;dbgi_002963;Rhipsalis Gaertn.;NA;Negative;JBUF;jbuf;Rhipsalis;Rhipsalis Gaertn.;genus;NA;0;jbuf;46,793200;7,1549720;NA;LC-MS QExactive Plus;MeOH/H2O;plant specimen
202404251608_EB_dbgi_002964_01_01.mzML;dbgi_002964;Begonia L.;NA;Negative;JBUF;jbuf;Begonia;Begonia L.;genus;NA;0;jbuf;46,793210;7,1549516;NA;LC-MS QExactive Plus;MeOH/H2O;plant specimen
202404251608_EB_dbgi_002974_01_01.mzML;dbgi_002974;Chamaedorea graminifolia H.Wendl.;NA;Negative;JBUF;jbuf;Chamaedorea graminifolia;Chamaedorea graminifolia H.Wendl.;species;NA;0;jbuf;46,793175;7,1550100;NA;LC-MS QExactive Plus;MeOH/H2O;plant specimen
202404251608_EB_dbgi_002978_01_01.mzML;dbgi_002978;Hydnophytum formicarum Jack;NA;Negative;JBUF;jbuf;Hydnophytum formicarum;Hydnophytum formicarum Jack;species;NA;0;jbuf;46,793210;7,1548667;NA;LC-MS QExactive Plus;MeOH/H2O;plant specimen
202404251608_EB_dbgi_002979_01_01.mzML;dbgi_002979;Asplenium nidus L.;NA;Negative;JBUF;jbuf;Asplenium nidus;Asplenium nidus L.;species;NA;0;jbuf;46,793194;7,1549864;NA;LC-MS QExactive Plus;MeOH/H2O;plant specimen
202404251608_EB_dbgi_002983_01_01.mzML;dbgi_002983;Zantedeschia aethiopica (L.) Spreng.;NA;Negative;JBUF;jbuf;Zantedeschia aethiopica;Zantedeschia aethiopica (L.) Spreng.;species;NA;0;jbuf;46,793190;7,1549940;NA;LC-MS QExactive Plus;MeOH/H2O;plant specimen
202404251608_EB_dbgi_002987_01_01.mzML;dbgi_002987;Nepenthes L.;NA;Negative;JBUF;jbuf;Nepenthes;Nepenthes L.;genus;NA;0;jbuf;46,793217;7,1548930;NA;LC-MS QExactive Plus;MeOH/H2O;plant specimen
202404251608_EB_dbgi_002992_01_01.mzML;dbgi_002992;Microgramma vaccinifolia (Langsd. & Fisch.) Copel.;NA;Negative;JBUF;jbuf;Microgramma vaccinifolia;Microgramma vaccinifolia (Langsd. & Fisch.) Copel.;species;NA;0;jbuf;46,793220;7,1548700;NA;LC-MS QExactive Plus;MeOH/H2O;plant specimen
202404251608_EB_dbgi_002997_01_01.mzML;dbgi_002997;Nepenthes alata Blanco;NA;Negative;JBUF;jbuf;Nepenthes alata;Nepenthes alata Blanco;species;NA;0;jbuf;46,793217;7,1549020;NA;LC-MS QExactive Plus;MeOH/H2O;plant specimen
202404251608_EB_dbgi_003007_01_01.mzML;dbgi_003007;Hymenocallis speciosa (L.f. ex Salisb.) Salisb.;NA;Negative;JBUF;jbuf;Hymenocallis speciosa;Hymenocallis speciosa (L.f. ex Salisb.) Salisb.;species;NA;0;jbuf;46,793200;7,1548796;NA;LC-MS QExactive Plus;MeOH/H2O;plant specimen
202404251608_EB_dbgi_003012_01_01.mzML;dbgi_003012;Begonia obliqua L.;NA;Negative;JBUF;jbuf;Begonia obliqua;Begonia obliqua L.;species;NA;0;jbuf;46,793220;7,1548743;NA;LC-MS QExactive Plus;MeOH/H2O;plant specimen
202404251608_EB_dbgi_003022_01_01.mzML;dbgi_003022;Bulbophyllum lasiochilum C.S.P.Parish & Rchb.f.;NA;Negative;JBUF;jbuf;Bulbophyllum lasiochilum;Bulbophyllum lasiochilum C.S.P.Parish & Rchb.f.;species;NA;0;jbuf;46,793210;7,1548667;NA;LC-MS QExactive Plus;MeOH/H2O;plant specimen
202404251608_EB_dbgi_003023_01_01.mzML;dbgi_003023;Stanhopea oculata (Lodd.) Lindl.;NA;Negative;JBUF;jbuf;Stanhopea oculata;Stanhopea oculata (Lodd.) Lindl.;species;NA;0;jbuf;46,793180;7,1550126;NA;LC-MS QExactive Plus;MeOH/H2O;plant specimen
202404251608_EB_dbgi_003032_01_01.mzML;dbgi_003032;Alsobia punctata (Lindl.) Hanst.;NA;Negative;JBUF;jbuf;Alsobia punctata;Alsobia punctata (Lindl.) Hanst.;species;NA;0;jbuf;46,793205;7,1549683;NA;LC-MS QExactive Plus;MeOH/H2O;plant specimen
202404251608_EB_dbgi_003042_01_01.mzML;dbgi_003042;Begonia L.;NA;Negative;JBUF;jbuf;Begonia;Begonia L.;genus;NA;0;jbuf;46,793220;7,1548860;NA;LC-MS QExactive Plus;MeOH/H2O;plant specimen
202404251608_EB_dbgi_003062_01_01.mzML;dbgi_003062;Scutellaria incarnata Vent.;NA;Negative;JBUF;jbuf;Scutellaria incarnata;Scutellaria incarnata Vent.;species;NA;0;jbuf;46,793200;7,1550060;NA;LC-MS QExactive Plus;MeOH/H2O;plant specimen
202404251608_EB_dbgi_003063_01_01.mzML;dbgi_003063;Begonia goegoensis N.E.Br.;NA;Negative;JBUF;jbuf;Begonia goegoensis;Begonia goegoensis N.E.Br.;species;NA;0;jbuf;46,793220;7,1548750;NA;LC-MS QExactive Plus;MeOH/H2O;plant specimen
202404251608_EB_dbgi_003069_01_01.mzML;dbgi_003069;Fittonia albivenis (Lindl. ex Veitch) Brummitt;NA;Negative;JBUF;jbuf;Fittonia albivenis;Fittonia albivenis (Lindl. ex Veitch) Brummitt;species;NA;0;jbuf;46,793194;7,1549450;NA;LC-MS QExactive Plus;MeOH/H2O;plant specimen
202404251608_EB_dbgi_003075_01_01.mzML;dbgi_003075;Pilea pubescens Liebm.;NA;Negative;JBUF;jbuf;Pilea pubescens;Pilea pubescens Liebm.;species;NA;0;jbuf;46,793186;7,1549490;NA;LC-MS QExactive Plus;MeOH/H2O;plant specimen
202404251608_EB_dbgi_003080_01_01.mzML;dbgi_003080;Justicia carnea Lindl.;NA;Negative;JBUF;jbuf;Justicia carnea;Justicia carnea Lindl.;species;NA;0;jbuf;46,793186;7,1549430;NA;LC-MS QExactive Plus;MeOH/H2O;plant specimen
202404251608_EB_dbgi_003083_01_01.mzML;dbgi_003083;Calvoa orientalis Taub.;NA;Negative;JBUF;jbuf;Calvoa orientalis;Calvoa orientalis Taub.;species;NA;0;jbuf;46,793182;7,1549487;NA;LC-MS QExactive Plus;MeOH/H2O;plant specimen
202404251608_EB_dbgi_003086_01_01.mzML;dbgi_003086;Bulbophyllum ambrosia (Hance) Schltr.;NA;Negative;JBUF;jbuf;Bulbophyllum ambrosia;Bulbophyllum ambrosia (Hance) Schltr.;species;NA;0;jbuf;46,793170;7,1550097;NA;LC-MS QExactive Plus;MeOH/H2O;plant specimen
202404251608_EB_dbgi_003098_01_01.mzML;dbgi_003098;Pilea cadierei Gagnep. & Guillaumin;NA;Negative;JBUF;jbuf;Pilea cadierei;Pilea cadierei Gagnep. & Guillaumin;species;NA;0;jbuf;46,793190;7,1549460;NA;LC-MS QExactive Plus;MeOH/H2O;plant specimen
202404251608_EB_dbgi_003100_01_01.mzML;dbgi_003100;Rhipsalis cereuscula Haw.;NA;Negative;JBUF;jbuf;Rhipsalis cereuscula;Rhipsalis cereuscula Haw.;species;NA;0;jbuf;46,793186;7,1550260;NA;LC-MS QExactive Plus;MeOH/H2O;plant specimen
202404251608_EB_dbgi_003103_01_01.mzML;dbgi_003103;Peperomia serpens (Sw.) G.Don;NA;Negative;JBUF;jbuf;Peperomia serpens;Peperomia serpens (Sw.) G.Don;species;NA;0;jbuf;46,793194;7,1548886;NA;LC-MS QExactive Plus;MeOH/H2O;plant specimen
202404251608_EB_dbgi_003108_01_01.mzML;dbgi_003108;Acorus gramineus Aiton;NA;Negative;JBUF;jbuf;Acorus gramineus;Acorus gramineus Aiton;species;NA;0;jbuf;46,793194;7,1549625;NA;LC-MS QExactive Plus;MeOH/H2O;plant specimen
202404251608_EB_dbgi_003109_01_01.mzML;dbgi_003109;Pandanus tectorius Parkinson;NA;Negative;JBUF;jbuf;Pandanus tectorius;Pandanus tectorius Parkinson;species;NA;0;jbuf;46,793194;7,1549525;NA;LC-MS QExactive Plus;MeOH/H2O;plant specimen
202404251608_EB_dbgi_003110_01_01.mzML;dbgi_003110;Crossandra infundibuliformis (L.) Nees;NA;Negative;JBUF;jbuf;Crossandra infundibuliformis;Crossandra infundibuliformis (L.) Nees;species;NA;0;jbuf;46,793194;7,1549525;NA;LC-MS QExactive Plus;MeOH/H2O;plant specimen
202404251608_EB_dbgi_003114_01_01.mzML;dbgi_003114;Peperomia clusiifolia (Jacq.) Hook.;NA;Negative;JBUF;jbuf;Peperomia clusiifolia;Peperomia clusiifolia (Jacq.) Hook.;species;NA;0;jbuf;46,793194;7,1548853;NA;LC-MS QExactive Plus;MeOH/H2O;plant specimen
202404251608_EB_dbgi_003115_01_01.mzML;dbgi_003115;Ruellia brevifolia (Pohl) C.Ezcurra;NA;Negative;JBUF;jbuf;Ruellia brevifolia;Ruellia brevifolia (Pohl) C.Ezcurra;species;NA;0;jbuf;46,793194;7,1549080;NA;LC-MS QExactive Plus;MeOH/H2O;plant specimen
202404251608_EB_dbgi_003116_01_01.mzML;dbgi_003116;Rhipsalis mesembryanthemoides Haw.;NA;Negative;JBUF;jbuf;Rhipsalis mesembryanthemoides;Rhipsalis mesembryanthemoides Haw.;species;NA;0;jbuf;46,793190;7,1550060;NA;LC-MS QExactive Plus;MeOH/H2O;plant specimen
202404251608_EB_dbgi_003121_01_01.mzML;dbgi_003121;Peperomia marmorata Hook.fil.;NA;Negative;JBUF;jbuf;Peperomia marmorata;Peperomia marmorata Hook.fil.;species;NA;0;jbuf;46,793198;7,1548843;NA;LC-MS QExactive Plus;MeOH/H2O;plant specimen
202404251608_EB_dbgi_003122_01_01.mzML;dbgi_003122;Heliconia aurantiaca Verschaff.;NA;Negative;JBUF;jbuf;Heliconia aurantiaca;Heliconia aurantiaca Verschaff.;species;NA;0;jbuf;46,793198;7,1549500;NA;LC-MS QExactive Plus;MeOH/H2O;plant specimen
202404251608_EB_dbgi_003123_01_01.mzML;dbgi_003123;Acorus gramineus Aiton;NA;Negative;JBUF;jbuf;Acorus gramineus;Acorus gramineus Aiton;species;NA;0;jbuf;46,793194;7,1549582;NA;LC-MS QExactive Plus;MeOH/H2O;plant specimen
202404251608_EB_dbgi_003124_01_01.mzML;dbgi_003124;Pachystachys lutea (Ruiz & Pav. ex Schult.) Nees;NA;Negative;JBUF;jbuf;Pachystachys lutea;Pachystachys lutea (Ruiz & Pav. ex Schult.) Nees;species;NA;0;jbuf;46,793190;7,1549063;NA;LC-MS QExactive Plus;MeOH/H2O;plant specimen
202404251608_EB_dbgi_003125_01_01.mzML;dbgi_003125;Acanthus montanus (Nees) T.Anderson;NA;Negative;JBUF;jbuf;Acanthus montanus;Acanthus montanus (Nees) T.Anderson;species;NA;0;jbuf;46,793198;7,1549140;NA;LC-MS QExactive Plus;MeOH/H2O;plant specimen
202404251608_EB_dbgi_003126_01_01.mzML;dbgi_003126;Coelogyne flaccida Lindl.;NA;Negative;JBUF;jbuf;Coelogyne flaccida;Coelogyne flaccida Lindl.;species;NA;0;jbuf;46,793175;7,1550120;NA;LC-MS QExactive Plus;MeOH/H2O;plant specimen
202404251608_EB_dbgi_003130_01_01.mzML;dbgi_003130;Geogenanthus poeppigii (Miq.) Faden;NA;Negative;JBUF;jbuf;Geogenanthus poeppigii;Geogenanthus poeppigii (Miq.) Faden;species;NA;0;jbuf;46,793198;7,1549600;NA;LC-MS QExactive Plus;MeOH/H2O;plant specimen
202404251608_EB_dbgi_003133_01_01.mzML;dbgi_003133;Brunfelsia uniflora (Pohl) D.Don;NA;Negative;JBUF;jbuf;Brunfelsia uniflora;Brunfelsia uniflora (Pohl) D.Don;species;NA;0;jbuf;46,793194;7,1549160;NA;LC-MS QExactive Plus;MeOH/H2O;plant specimen
202404251608_EB_dbgi_003134_01_01.mzML;dbgi_003134;Medinilla magnifica Lindl.;NA;Negative;JBUF;jbuf;Medinilla magnifica;Medinilla magnifica Lindl.;species;NA;0;jbuf;46,793198;7,1548960;NA;LC-MS QExactive Plus;MeOH/H2O;plant specimen
202404251608_EB_dbgi_003135_01_01.mzML;dbgi_003135;Peperomia argyraea W.Bull;NA;Negative;JBUF;jbuf;Peperomia argyraea;Peperomia argyraea W.Bull;species;NA;0;jbuf;46,793198;7,1548810;NA;LC-MS QExactive Plus;MeOH/H2O;plant specimen
202404251608_EB_dbgi_003139_01_01.mzML;dbgi_003139;Peperomia caperata Ruiz & Pav. ex Yunck.;NA;Negative;JBUF;jbuf;Peperomia caperata;Peperomia caperata Ruiz & Pav. ex Yunck.;species;NA;0;jbuf;46,793194;7,1548815;NA;LC-MS QExactive Plus;MeOH/H2O;plant specimen
202404251608_EB_dbgi_003142_01_01.mzML;dbgi_003142;Peperomia dimota Trel. & Yunck.;NA;Negative;JBUF;jbuf;Peperomia dimota;Peperomia dimota Trel. & Yunck.;species;NA;0;jbuf;46,793198;7,1548786;NA;LC-MS QExactive Plus;MeOH/H2O;plant specimen
202404251608_EB_dbgi_003143_01_01.mzML;dbgi_003143;Ficus lutea Vahl;NA;Negative;JBUF;jbuf;Ficus lutea;Ficus lutea Vahl;species;NA;0;jbuf;46,793198;7,1548862;NA;LC-MS QExactive Plus;MeOH/H2O;plant specimen
202404251608_EB_dbgi_003144_01_01.mzML;dbgi_003144;Peperomia maculosa (L.) Hook.;NA;Negative;JBUF;jbuf;Peperomia maculosa;Peperomia maculosa (L.) Hook.;species;NA;0;jbuf;46,793198;7,1548840;NA;LC-MS QExactive Plus;MeOH/H2O;plant specimen
202404251608_EB_dbgi_003152_01_01.mzML;dbgi_003152;Goeppertia lietzei (É.Morren) Saka;NA;Negative;JBUF;jbuf;Goeppertia lietzei;Goeppertia lietzei (É.Morren) Saka;species;NA;0;jbuf;46,793194;7,1549616;NA;LC-MS QExactive Plus;MeOH/H2O;plant specimen
202404251608_EB_dbgi_003157_01_01.mzML;dbgi_003157;Fittonia gigantea Linden;NA;Negative;JBUF;jbuf;Fittonia gigantea;Fittonia gigantea Linden;species;NA;0;jbuf;46,793190;7,1549582;NA;LC-MS QExactive Plus;MeOH/H2O;plant specimen
202404251608_EB_dbgi_003167_01_01.mzML;dbgi_003167;Schaueria calytricha (Hook.) A.L.A.Côrtes;NA;Negative;JBUF;jbuf;Schaueria calytricha;Schaueria calytricha (Hook.) A.L.A.Côrtes;species;NA;0;jbuf;46,793198;7,1549582;NA;LC-MS QExactive Plus;MeOH/H2O;plant specimen
202404251608_EB_dbgi_003192_01_01.mzML;dbgi_003192;Calathea marantina (Willd. ex Körn.) K.Koch;NA;Negative;JBUF;jbuf;Calathea marantina;Calathea marantina (Willd. ex Körn.) K.Koch;species;NA;0;jbuf;46,793194;7,1549544;NA;LC-MS QExactive Plus;MeOH/H2O;plant specimen
202404251608_EB_dbgi_003202_01_01.mzML;dbgi_003202;Pyrrosia niphoboloides (Luerss.) M.G.Price;NA;Negative;JBUF;jbuf;Pyrrosia niphoboloides;Pyrrosia niphoboloides (Luerss.) M.G.Price;species;NA;0;jbuf;46,793170;7,1550136;NA;LC-MS QExactive Plus;MeOH/H2O;plant specimen
202404251608_EB_dbgi_003212_01_01.mzML;dbgi_003212;Rhipsalis baccifera subsp. baccifera;NA;Negative;JBUF;jbuf;Rhipsalis baccifera subsp. baccifera;Rhipsalis baccifera subsp. baccifera;subspecies;NA;0;jbuf;46,793190;7,1550093;NA;LC-MS QExactive Plus;MeOH/H2O;plant specimen
202405081555_EB_dbgi_001192_01_01.mzML;dbgi_001192;Geranium lucidum L.;NA;Positive;JBUF;jbuf;Geranium lucidum;Geranium lucidum L.;species;NA;0;jbuf;46,792270;7,1570354;NA;LC-MS QExactive Plus;MeOH/H2O;plant specimen
202405081555_EB_dbgi_001197_01_01.mzML;dbgi_001197;Geranium pyrenaicum Burm. f.;NA;Positive;JBUF;jbuf;Geranium pyrenaicum;Geranium pyrenaicum Burm. f.;species;NA;0;jbuf;46,792274;7,1570263;NA;LC-MS QExactive Plus;MeOH/H2O;plant specimen
202405081555_EB_dbgi_001219_01_01.mzML;dbgi_001219;Oenothera odorata Jacq.;NA;Positive;JBUF;jbuf;Oenothera odorata;Oenothera odorata Jacq.;species;NA;0;jbuf;46,792255;7,1570024;NA;LC-MS QExactive Plus;MeOH/H2O;plant specimen
202405081555_EB_dbgi_001751_01_01.mzML;dbgi_001751;Aconitum forrestii Stapf;NA;Positive;JBUF;jbuf;Aconitum forrestii;Aconitum forrestii Stapf;species;NA;0;jbuf;46,792454;7,1564600;NA;LC-MS QExactive Plus;MeOH/H2O;plant specimen
202405081555_EB_dbgi_001758_01_01.mzML;dbgi_001758;Eriocapitella japonica (Thunb.) Nakai;NA;Positive;JBUF;jbuf;Eriocapitella japonica;Eriocapitella japonica (Thunb.) Nakai;species;NA;0;jbuf;46,792408;7,1564703;NA;LC-MS QExactive Plus;MeOH/H2O;plant specimen
202405081555_EB_dbgi_001759_01_01.mzML;dbgi_001759;Barbarea vulgaris W.T.Aiton;NA;Positive;JBUF;jbuf;Barbarea vulgaris;Barbarea vulgaris W.T.Aiton;species;NA;0;jbuf;46,792202;7,1567955;NA;LC-MS QExactive Plus;MeOH/H2O;plant specimen
202405081555_EB_dbgi_001765_01_01.mzML;dbgi_001765;Raphanus sativus subsp. sativus;NA;Positive;JBUF;jbuf;Raphanus sativus subsp. sativus;Raphanus sativus subsp. sativus;subspecies;NA;0;jbuf;46,792183;7,1569295;NA;LC-MS QExactive Plus;MeOH/H2O;plant specimen
202405081555_EB_dbgi_001771_01_01.mzML;dbgi_001771;Raphanus sativus var. sativus;NA;Positive;JBUF;jbuf;Raphanus sativus var. sativus;Raphanus sativus var. sativus;variety;NA;0;jbuf;46,792180;7,1569460;NA;LC-MS QExactive Plus;MeOH/H2O;plant specimen
202405081555_EB_dbgi_001779_01_01.mzML;dbgi_001779;Erysimum × cheiri (L.) Crantz;NA;Positive;JBUF;jbuf;Erysimum × cheiri;Erysimum × cheiri (L.) Crantz;species;NA;0;jbuf;46,792210;7,1567864;NA;LC-MS QExactive Plus;MeOH/H2O;plant specimen
202405081555_EB_dbgi_001784_01_01.mzML;dbgi_001784;Cistus salviifolius L.;NA;Positive;JBUF;jbuf;Cistus salviifolius;Cistus salviifolius L.;species;NA;0;jbuf;46,792217;7,1569220;NA;LC-MS QExactive Plus;MeOH/H2O;plant specimen
202405081555_EB_dbgi_001795_01_01.mzML;dbgi_001795;Ruta graveolens L.;NA;Positive;JBUF;jbuf;Ruta graveolens;Ruta graveolens L.;species;NA;0;jbuf;46,792220;7,1570587;NA;LC-MS QExactive Plus;MeOH/H2O;plant specimen
202405081555_EB_dbgi_001801_01_01.mzML;dbgi_001801;Geranium sylvaticum L.;NA;Positive;JBUF;jbuf;Geranium sylvaticum;Geranium sylvaticum L.;species;NA;0;jbuf;46,792286;7,1569805;NA;LC-MS QExactive Plus;MeOH/H2O;plant specimen
202405081555_EB_dbgi_001802_01_01.mzML;dbgi_001802;Arabis hirsuta (L.) Scop.;NA;Positive;JBUF;jbuf;Arabis hirsuta;Arabis hirsuta (L.) Scop.;species;NA;0;jbuf;46,792180;7,1568490;NA;LC-MS QExactive Plus;MeOH/H2O;plant specimen
202405081555_EB_dbgi_001807_01_01.mzML;dbgi_001807;Althaea armeniaca Ten.;NA;Positive;JBUF;jbuf;Althaea armeniaca;Althaea armeniaca Ten.;species;NA;0;jbuf;46,792194;7,1570644;NA;LC-MS QExactive Plus;MeOH/H2O;plant specimen
202405081555_EB_dbgi_001816_01_01.mzML;dbgi_001816;Cistus laurifolius L.;NA;Positive;JBUF;jbuf;Cistus laurifolius;Cistus laurifolius L.;species;NA;0;jbuf;46,792225;7,1569270;NA;LC-MS QExactive Plus;MeOH/H2O;plant specimen
202405081555_EB_dbgi_001817_01_01.mzML;dbgi_001817;Cotinus coggygria Scop.;NA;Positive;JBUF;jbuf;Cotinus coggygria;Cotinus coggygria Scop.;species;NA;0;jbuf;46,792244;7,1569147;NA;LC-MS QExactive Plus;MeOH/H2O;plant specimen
202405081555_EB_dbgi_001818_01_01.mzML;dbgi_001818;Reseda luteola L.;NA;Positive;JBUF;jbuf;Reseda luteola;Reseda luteola L.;species;NA;0;jbuf;46,792217;7,1568220;NA;LC-MS QExactive Plus;MeOH/H2O;plant specimen
202405081555_EB_dbgi_001819_01_01.mzML;dbgi_001819;Rumex acetosella subsp. acetosella;NA;Positive;JBUF;jbuf;Rumex acetosella subsp. acetosella;Rumex acetosella subsp. acetosella;subspecies;NA;0;jbuf;46,792100;7,1571000;NA;LC-MS QExactive Plus;MeOH/H2O;plant specimen
202405081555_EB_dbgi_001820_01_01.mzML;dbgi_001820;Dianthus balbisii subsp. knappii (Pant.) Peruzzi & Uzunov;NA;Positive;JBUF;jbuf;Dianthus balbisii subsp. knappii;Dianthus balbisii subsp. knappii (Pant.) Peruzzi & Uzunov;subspecies;NA;0;jbuf;46,792130;7,1568837;NA;LC-MS QExactive Plus;MeOH/H2O;plant specimen
202405081555_EB_dbgi_001821_01_01.mzML;dbgi_001821;Hibiscus syriacus L.;NA;Positive;JBUF;jbuf;Hibiscus syriacus;Hibiscus syriacus L.;species;NA;0;jbuf;46,792213;7,1569686;NA;LC-MS QExactive Plus;MeOH/H2O;plant specimen
202405081555_EB_dbgi_001831_01_01.mzML;dbgi_001831;Rumex arifolius All.;NA;Positive;JBUF;jbuf;Rumex arifolius;Rumex arifolius All.;species;NA;0;jbuf;46,792100;7,1570830;NA;LC-MS QExactive Plus;MeOH/H2O;plant specimen
202405081555_EB_dbgi_001833_01_01.mzML;dbgi_001833;Gypsophila paniculata L.;NA;Positive;JBUF;jbuf;Gypsophila paniculata;Gypsophila paniculata L.;species;NA;0;jbuf;46,792133;7,1568623;NA;LC-MS QExactive Plus;MeOH/H2O;plant specimen
202405081555_EB_dbgi_001834_01_01.mzML;dbgi_001834;Rumex patientia L.;NA;Positive;JBUF;jbuf;Rumex patientia;Rumex patientia L.;species;NA;0;jbuf;46,792107;7,1570610;NA;LC-MS QExactive Plus;MeOH/H2O;plant specimen
202405081555_EB_dbgi_001835_01_01.mzML;dbgi_001835;Silene latifolia subsp. alba (Mill.) Greuter & Burdet;NA;Positive;JBUF;jbuf;Silene latifolia subsp. alba;Silene latifolia subsp. alba (Mill.) Greuter & Burdet;subspecies;NA;0;jbuf;46,792140;7,1568403;NA;LC-MS QExactive Plus;MeOH/H2O;plant specimen
202405081555_EB_dbgi_001843_01_01.mzML;dbgi_001843;Fallopia convolvulus (L.) Á.Löve;NA;Positive;JBUF;jbuf;Fallopia convolvulus;Fallopia convolvulus (L.) Á.Löve;species;NA;0;jbuf;46,792114;7,1569963;NA;LC-MS QExactive Plus;MeOH/H2O;plant specimen
202405081555_EB_dbgi_001847_01_01.mzML;dbgi_001847;Sabulina austriaca (Jacq.) Rchb.;NA;Positive;JBUF;jbuf;Sabulina austriaca;Sabulina austriaca (Jacq.) Rchb.;species;NA;0;jbuf;46,792114;7,1569643;NA;LC-MS QExactive Plus;MeOH/H2O;plant specimen
202405081555_EB_dbgi_001849_01_01.mzML;dbgi_001849;Beta vulgaris L.;NA;Positive;JBUF;jbuf;Beta vulgaris;Beta vulgaris L.;species;NA;0;jbuf;46,792114;7,1568530;NA;LC-MS QExactive Plus;MeOH/H2O;plant specimen
202405081555_EB_dbgi_001852_01_01.mzML;dbgi_001852;Bassia scoparia (L.) Beck;NA;Positive;JBUF;jbuf;Bassia scoparia;Bassia scoparia (L.) Beck;species;NA;0;jbuf;46,792090;7,1569467;NA;LC-MS QExactive Plus;MeOH/H2O;plant specimen
202405081555_EB_dbgi_001856_01_01.mzML;dbgi_001856;Acer cissifolium (Siebold & Zucc.) K.Koch;NA;Positive;JBUF;jbuf;Acer cissifolium;Acer cissifolium (Siebold & Zucc.) K.Koch;species;NA;0;jbuf;46,792233;7,1569530;NA;LC-MS QExactive Plus;MeOH/H2O;plant specimen
202405081555_EB_dbgi_001864_01_01.mzML;dbgi_001864;Bunias orientalis L.;NA;Positive;JBUF;jbuf;Bunias orientalis;Bunias orientalis L.;species;NA;0;jbuf;46,792187;7,1568900;NA;LC-MS QExactive Plus;MeOH/H2O;plant specimen
202405081555_EB_dbgi_001878_01_01.mzML;dbgi_001878;Citrus trifoliata L.;NA;Positive;JBUF;jbuf;Citrus trifoliata;Citrus trifoliata L.;species;NA;0;jbuf;46,792217;7,1571016;NA;LC-MS QExactive Plus;MeOH/H2O;plant specimen
202405081555_EB_dbgi_001879_01_01.mzML;dbgi_001879;Blitum bonus-henricus (L.) Rchb.;NA;Positive;JBUF;jbuf;Blitum bonus-henricus;Blitum bonus-henricus (L.) Rchb.;species;NA;0;jbuf;46,792088;7,1570040;NA;LC-MS QExactive Plus;MeOH/H2O;plant specimen
202405081555_EB_dbgi_001881_01_01.mzML;dbgi_001881;Berteroa incana (L.) DC.;NA;Positive;JBUF;jbuf;Berteroa incana;Berteroa incana (L.) DC.;species;NA;0;jbuf;46,792200;7,1568146;NA;LC-MS QExactive Plus;MeOH/H2O;plant specimen
202405081555_EB_dbgi_001887_01_01.mzML;dbgi_001887;Helianthemum nummularium subsp. nummularium;NA;Positive;JBUF;jbuf;Helianthemum nummularium subsp. nummularium;Helianthemum nummularium subsp. nummularium;subspecies;NA;0;jbuf;46,792213;7,1569233;NA;LC-MS QExactive Plus;MeOH/H2O;plant specimen
202405081555_EB_dbgi_001901_01_01.mzML;dbgi_001901;Chenopodium quinoa Willd.;NA;Positive;JBUF;jbuf;Chenopodium quinoa;Chenopodium quinoa Willd.;species;NA;0;jbuf;46,792103;7,1569030;NA;LC-MS QExactive Plus;MeOH/H2O;plant specimen
202405081555_EB_dbgi_001904_01_01.mzML;dbgi_001904;Cerastium arvense L.;NA;Positive;JBUF;jbuf;Cerastium arvense;Cerastium arvense L.;species;NA;0;jbuf;46,792118;7,1569505;NA;LC-MS QExactive Plus;MeOH/H2O;plant specimen
202405081555_EB_dbgi_001913_01_01.mzML;dbgi_001913;Dianthus arenarius L.;NA;Positive;JBUF;jbuf;Dianthus arenarius;Dianthus arenarius L.;species;NA;0;jbuf;46,792133;7,1568990;NA;LC-MS QExactive Plus;MeOH/H2O;plant specimen
202405081555_EB_dbgi_001918_01_01.mzML;dbgi_001918;Persicaria maculosa Gray;NA;Positive;JBUF;jbuf;Persicaria maculosa;Persicaria maculosa Gray;species;NA;0;jbuf;46,792110;7,1570150;NA;LC-MS QExactive Plus;MeOH/H2O;plant specimen
202405081555_EB_dbgi_001919_01_01.mzML;dbgi_001919;Mirabilis jalapa L.;NA;Positive;JBUF;jbuf;Mirabilis jalapa;Mirabilis jalapa L.;species;NA;0;jbuf;46,792145;7,1567707;NA;LC-MS QExactive Plus;MeOH/H2O;plant specimen
202405081555_EB_dbgi_001920_01_01.mzML;dbgi_001920;Lablab purpureus subsp. purpureus;NA;Positive;JBUF;jbuf;Lablab purpureus subsp. purpureus;Lablab purpureus subsp. purpureus;subspecies;NA;0;jbuf;46,792200;7,1571730;NA;LC-MS QExactive Plus;MeOH/H2O;plant specimen
202405081555_EB_dbgi_001926_01_01.mzML;dbgi_001926;Cistanthe grandiflora (Lindl.) Schltdl.;NA;Positive;JBUF;jbuf;Cistanthe grandiflora;Cistanthe grandiflora (Lindl.) Schltdl.;species;NA;0;jbuf;46,792175;7,1567070;NA;LC-MS QExactive Plus;MeOH/H2O;plant specimen
202405081555_EB_dbgi_001934_01_01.mzML;dbgi_001934;Phaseolus coccineus L.;NA;Positive;JBUF;jbuf;Phaseolus coccineus;Phaseolus coccineus L.;species;NA;0;jbuf;46,792255;7,1572123;NA;LC-MS QExactive Plus;MeOH/H2O;plant specimen
202405081555_EB_dbgi_001936_01_01.mzML;dbgi_001936;Portulaca oleracea L.;NA;Positive;JBUF;jbuf;Portulaca oleracea;Portulaca oleracea L.;species;NA;0;jbuf;46,792183;7,1567097;NA;LC-MS QExactive Plus;MeOH/H2O;plant specimen
202405081555_EB_dbgi_002251_01_01.mzML;dbgi_002251;Cannabis sativa L.;NA;Positive;JBUF;jbuf;Cannabis sativa;Cannabis sativa L.;species;NA;0;jbuf;46,792145;7,1572340;NA;LC-MS QExactive Plus;MeOH/H2O;plant specimen
202405081555_EB_dbgi_002258_01_01.mzML;dbgi_002258;Euphorbia platyphyllos L.;NA;Positive;JBUF;jbuf;Euphorbia platyphyllos;Euphorbia platyphyllos L.;species;NA;0;jbuf;46,792107;7,1572290;NA;LC-MS QExactive Plus;MeOH/H2O;plant specimen
202405081555_EB_dbgi_002264_01_01.mzML;dbgi_002264;Lupinus albus L.;NA;Positive;JBUF;jbuf;Lupinus albus;Lupinus albus L.;species;NA;0;jbuf;46,792477;7,1570630;NA;LC-MS QExactive Plus;MeOH/H2O;plant specimen
202405081555_EB_dbgi_002271_01_01.mzML;dbgi_002271;Oxalis stricta L.;NA;Positive;JBUF;jbuf;Oxalis stricta;Oxalis stricta L.;species;NA;0;jbuf;46,792137;7,1572084;NA;LC-MS QExactive Plus;MeOH/H2O;plant specimen
202405081555_EB_dbgi_002278_01_01.mzML;dbgi_002278;Vicia cracca L.;NA;Positive;JBUF;jbuf;Vicia cracca;Vicia cracca L.;species;NA;0;jbuf;46,792470;7,1571270;NA;LC-MS QExactive Plus;MeOH/H2O;plant specimen
202405081555_EB_dbgi_002280_01_01.mzML;dbgi_002280;Trifolium fragiferum L.;NA;Positive;JBUF;jbuf;Trifolium fragiferum;Trifolium fragiferum L.;species;NA;0;jbuf;46,792440;7,1571990;NA;LC-MS QExactive Plus;MeOH/H2O;plant specimen
202405081555_EB_dbgi_002313_01_01.mzML;dbgi_002313;Symphytum asperum Lepech.;NA;Positive;JBUF;jbuf;Symphytum asperum;Symphytum asperum Lepech.;species;NA;0;jbuf;46,792570;7,1565943;NA;LC-MS QExactive Plus;MeOH/H2O;plant specimen
202405081555_EB_dbgi_002339_01_01.mzML;dbgi_002339;Euphorbia myrsinites L.;NA;Positive;JBUF;jbuf;Euphorbia myrsinites;Euphorbia myrsinites L.;species;NA;0;jbuf;46,792100;7,1572037;NA;LC-MS QExactive Plus;MeOH/H2O;plant specimen
202405081555_EB_dbgi_002354_01_01.mzML;dbgi_002354;Linum narbonense L.;NA;Positive;JBUF;jbuf;Linum narbonense;Linum narbonense L.;species;NA;0;jbuf;46,792133;7,1572504;NA;LC-MS QExactive Plus;MeOH/H2O;plant specimen
202405081555_EB_dbgi_002355_01_01.mzML;dbgi_002355;Morus nigra L.;NA;Positive;JBUF;jbuf;Morus nigra;Morus nigra L.;species;NA;0;jbuf;46,792194;7,1572633;NA;LC-MS QExactive Plus;MeOH/H2O;plant specimen
202405081555_EB_dbgi_002360_01_01.mzML;dbgi_002360;Linum hirsutum L.;NA;Positive;JBUF;jbuf;Linum hirsutum;Linum hirsutum L.;species;NA;1;jbuf;46,792133;7,1572533;NA;LC-MS QExactive Plus;MeOH/H2O;plant specimen
202405081555_EB_dbgi_002363_01_01.mzML;dbgi_002363;Quercus pubescens Willd.;NA;Positive;JBUF;jbuf;Quercus pubescens;Quercus pubescens Willd.;species;NA;0;jbuf;46,792294;7,1573230;NA;LC-MS QExactive Plus;MeOH/H2O;plant specimen
202405081555_EB_dbgi_002370_01_01.mzML;dbgi_002370;Glycyrrhiza echinata L.;NA;Positive;JBUF;jbuf;Glycyrrhiza echinata;Glycyrrhiza echinata L.;species;NA;0;jbuf;46,792168;7,1571770;NA;LC-MS QExactive Plus;MeOH/H2O;plant specimen
202405081555_EB_dbgi_002382_01_01.mzML;dbgi_002382;Laburnum anagyroides Medik.;NA;Positive;JBUF;jbuf;Laburnum anagyroides;Laburnum anagyroides Medik.;species;NA;0;jbuf;46,792400;7,1572030;NA;LC-MS QExactive Plus;MeOH/H2O;plant specimen
202405081555_EB_dbgi_002383_01_01.mzML;dbgi_002383;Hypericum calycinum L.;NA;Positive;JBUF;jbuf;Hypericum calycinum;Hypericum calycinum L.;species;NA;0;jbuf;46,792120;7,1571875;NA;LC-MS QExactive Plus;MeOH/H2O;plant specimen
202405081555_EB_dbgi_002387_01_01.mzML;dbgi_002387;Ulmus pumila L.;NA;Positive;JBUF;jbuf;Ulmus pumila;Ulmus pumila L.;species;NA;0;jbuf;46,792225;7,1572795;NA;LC-MS QExactive Plus;MeOH/H2O;plant specimen
202405081555_EB_dbgi_002393_01_01.mzML;dbgi_002393;Triadenum virginicum (L.) Raf.;NA;Positive;JBUF;jbuf;Triadenum virginicum;Triadenum virginicum (L.) Raf.;species;NA;0;jbuf;46,792126;7,1571940;NA;LC-MS QExactive Plus;MeOH/H2O;plant specimen
202405081555_EB_dbgi_002394_01_01.mzML;dbgi_002394;Euphorbia flavicoma DC.;NA;Positive;JBUF;jbuf;Euphorbia flavicoma;Euphorbia flavicoma DC.;species;NA;0;jbuf;46,792095;7,1572113;NA;LC-MS QExactive Plus;MeOH/H2O;plant specimen
202405081555_EB_dbgi_002445_01_01.mzML;dbgi_002445;Vinca major L.;NA;Positive;JBUF;jbuf;Vinca major;Vinca major L.;species;NA;0;jbuf;46,792526;7,1568613;NA;LC-MS QExactive Plus;MeOH/H2O;plant specimen
202405081555_EB_dbgi_002448_01_01.mzML;dbgi_002448;Asperula taurina L.;NA;Positive;JBUF;jbuf;Asperula taurina;Asperula taurina L.;species;NA;0;jbuf;46,792515;7,1569176;NA;LC-MS QExactive Plus;MeOH/H2O;plant specimen
202405081555_EB_dbgi_002453_01_01.mzML;dbgi_002453;Prunus spinosa L.;NA;Positive;JBUF;jbuf;Prunus spinosa;Prunus spinosa L.;species;NA;0;jbuf;46,792538;7,1572480;NA;LC-MS QExactive Plus;MeOH/H2O;plant specimen
202405081555_EB_dbgi_002457_01_01.mzML;dbgi_002457;Amsonia orientalis Decne.;NA;Positive;JBUF;jbuf;Amsonia orientalis;Amsonia orientalis Decne.;species;NA;0;jbuf;46,792522;7,1568522;NA;LC-MS QExactive Plus;MeOH/H2O;plant specimen
202405081555_EB_dbgi_002458_01_01.mzML;dbgi_002458;Petunia × atkinsiana D.Don ex Loudon;NA;Positive;JBUF;jbuf;Petunia × atkinsiana;Petunia × atkinsiana D.Don ex Loudon;species;NA;0;jbuf;46,792538;7,1567345;NA;LC-MS QExactive Plus;MeOH/H2O;plant specimen
202405081555_EB_dbgi_002462_01_01.mzML;dbgi_002462;Poacynum venetum (L.) Mavrodiev, Laktionov & Yu.E.Alexeev;NA;Positive;JBUF;jbuf;Poacynum venetum;Poacynum venetum (L.) Mavrodiev, Laktionov & Yu.E.Alexeev;species;NA;0;jbuf;46,792530;7,1568310;NA;LC-MS QExactive Plus;MeOH/H2O;plant specimen
202405081555_EB_dbgi_002464_01_01.mzML;dbgi_002464;Moltkia petraea (Tratt.) Griseb.;NA;Positive;JBUF;jbuf;Moltkia petraea;Moltkia petraea (Tratt.) Griseb.;species;NA;0;jbuf;46,792564;7,1565533;NA;LC-MS QExactive Plus;MeOH/H2O;plant specimen
202405081555_EB_dbgi_002465_01_01.mzML;dbgi_002465;Prunus cerasifera Ehrh.;NA;Positive;JBUF;jbuf;Prunus cerasifera;Prunus cerasifera Ehrh.;species;NA;0;jbuf;46,792477;7,1573110;NA;LC-MS QExactive Plus;MeOH/H2O;plant specimen
202405081555_EB_dbgi_002479_01_01.mzML;dbgi_002479;Omphalodes verna Moench;NA;Positive;JBUF;jbuf;Omphalodes verna;Omphalodes verna Moench;species;NA;0;jbuf;46,792564;7,1566067;NA;LC-MS QExactive Plus;MeOH/H2O;plant specimen
202405081555_EB_dbgi_002503_01_01.mzML;dbgi_002503;Physalis philadelphica subsp. ixocarpa (Brot. ex Hornem.) Sobr.-Vesp. & Sanz-Elorza;NA;Positive;JBUF;jbuf;Physalis philadelphica subsp. ixocarpa;Physalis philadelphica subsp. ixocarpa (Brot. ex Hornem.) Sobr.-Vesp. & Sanz-Elorza;subspecies;NA;0;jbuf;46,792550;7,1565876;NA;LC-MS QExactive Plus;MeOH/H2O;plant specimen
202405081555_EB_dbgi_002538_01_01.mzML;dbgi_002538;Thymus pulegioides subsp. pulegioides;NA;Positive;JBUF;jbuf;Thymus pulegioides subsp. pulegioides;Thymus pulegioides subsp. pulegioides;subspecies;NA;0;jbuf;46,792600;7,1566440;NA;LC-MS QExactive Plus;MeOH/H2O;plant specimen
202405081555_EB_dbgi_002539_01_01.mzML;dbgi_002539;Verbascum × thapsi L.;NA;Positive;JBUF;jbuf;Verbascum × thapsi;Verbascum × thapsi L.;species;NA;0;jbuf;46,792538;7,1569424;NA;LC-MS QExactive Plus;MeOH/H2O;plant specimen
202405081555_EB_dbgi_002544_01_01.mzML;dbgi_002544;Salvia pratensis L.;NA;Positive;JBUF;jbuf;Salvia pratensis;Salvia pratensis L.;species;NA;0;jbuf;46,792590;7,1567590;NA;LC-MS QExactive Plus;MeOH/H2O;plant specimen
202405081555_EB_dbgi_002546_01_01.mzML;dbgi_002546;Centaurea nigra subsp. nemoralis (Jord.) Gremli;NA;Positive;JBUF;jbuf;Centaurea nigra subsp. nemoralis;Centaurea nigra subsp. nemoralis (Jord.) Gremli;subspecies;NA;1;jbuf;46,792637;7,1568027;NA;LC-MS QExactive Plus;MeOH/H2O;plant specimen
202405081555_EB_dbgi_002551_01_01.mzML;dbgi_002551;Salvia sclarea L.;NA;Positive;JBUF;jbuf;Salvia sclarea;Salvia sclarea L.;species;NA;0;jbuf;46,792590;7,1567802;NA;LC-MS QExactive Plus;MeOH/H2O;plant specimen
202405081555_EB_dbgi_002554_01_01.mzML;dbgi_002554;Carthamus lanatus L.;NA;Positive;JBUF;jbuf;Carthamus lanatus;Carthamus lanatus L.;species;NA;0;jbuf;46,792640;7,1567700;NA;LC-MS QExactive Plus;MeOH/H2O;plant specimen
202405081555_EB_dbgi_002555_01_01.mzML;dbgi_002555;Prunella vulgaris L.;NA;Positive;JBUF;jbuf;Prunella vulgaris;Prunella vulgaris L.;species;NA;0;jbuf;46,792587;7,1567287;NA;LC-MS QExactive Plus;MeOH/H2O;plant specimen
202405081555_EB_dbgi_002561_01_01.mzML;dbgi_002561;Cedronella canariensis (L.) Webb & Berthel.;NA;Positive;JBUF;jbuf;Cedronella canariensis;Cedronella canariensis (L.) Webb & Berthel.;species;NA;0;jbuf;46,792590;7,1567144;NA;LC-MS QExactive Plus;MeOH/H2O;plant specimen
202405081555_EB_dbgi_002567_01_01.mzML;dbgi_002567;Carlina acaulis subsp. caulescens (Lam.) Schübl. & G.Martens;NA;Positive;JBUF;jbuf;Carlina acaulis subsp. caulescens;Carlina acaulis subsp. caulescens (Lam.) Schübl. & G.Martens;subspecies;NA;0;jbuf;46,792630;7,1569670;NA;LC-MS QExactive Plus;MeOH/H2O;plant specimen
202405081555_EB_dbgi_002568_01_01.mzML;dbgi_002568;Nepeta grandiflora M.Bieb.;NA;Positive;JBUF;jbuf;Nepeta grandiflora;Nepeta grandiflora M.Bieb.;species;NA;0;jbuf;46,792595;7,1567130;NA;LC-MS QExactive Plus;MeOH/H2O;plant specimen
202405081555_EB_dbgi_002575_01_01.mzML;dbgi_002575;Centaurea calcitrapa L.;NA;Positive;JBUF;jbuf;Centaurea calcitrapa;Centaurea calcitrapa L.;species;NA;0;jbuf;46,792637;7,1567907;NA;LC-MS QExactive Plus;MeOH/H2O;plant specimen
202405081555_EB_dbgi_002577_01_01.mzML;dbgi_002577;Teucrium scorodonia L.;NA;Positive;JBUF;jbuf;Teucrium scorodonia;Teucrium scorodonia L.;species;NA;0;jbuf;46,792580;7,1568685;NA;LC-MS QExactive Plus;MeOH/H2O;plant specimen
202405081555_EB_dbgi_002577_01_02.mzML;dbgi_002577;Teucrium scorodonia L.;NA;Positive;JBUF;jbuf;Teucrium scorodonia;Teucrium scorodonia L.;species;NA;0;jbuf;46,792580;7,1568685;NA;LC-MS QExactive Plus;MeOH/H2O;plant specimen
202405081555_EB_dbgi_002577_01_03.mzML;dbgi_002577;Teucrium scorodonia L.;NA;Positive;JBUF;jbuf;Teucrium scorodonia;Teucrium scorodonia L.;species;NA;0;jbuf;46,792580;7,1568685;NA;LC-MS QExactive Plus;MeOH/H2O;plant specimen
202405081555_EB_dbgi_002580_01_01.mzML;dbgi_002580;Eccremocarpus scaber Ruiz & Pav.;NA;Positive;JBUF;jbuf;Eccremocarpus scaber;Eccremocarpus scaber Ruiz & Pav.;species;NA;0;jbuf;46,792570;7,1569620;NA;LC-MS QExactive Plus;MeOH/H2O;plant specimen
202405081555_EB_dbgi_002581_01_01.mzML;dbgi_002581;Jasione laevis Lam.;NA;Positive;JBUF;jbuf;Jasione laevis;Jasione laevis Lam.;species;NA;0;jbuf;46,792600;7,1570810;NA;LC-MS QExactive Plus;MeOH/H2O;plant specimen
202405081555_EB_dbgi_002590_01_01.mzML;dbgi_002590;Syringa persica L.;NA;Positive;JBUF;jbuf;Syringa persica;Syringa persica L.;species;NA;0;jbuf;46,792538;7,1570780;NA;LC-MS QExactive Plus;MeOH/H2O;plant specimen
202405081555_EB_dbgi_002594_01_01.mzML;dbgi_002594;Thymus vulgaris L.;NA;Positive;JBUF;jbuf;Thymus vulgaris;Thymus vulgaris L.;species;NA;0;jbuf;46,792603;7,1566463;NA;LC-MS QExactive Plus;MeOH/H2O;plant specimen
202405081555_EB_dbgi_002601_01_01.mzML;dbgi_002601;Nemesia floribunda Lehm.;NA;Positive;JBUF;jbuf;Nemesia floribunda;Nemesia floribunda Lehm.;species;NA;0;jbuf;46,792538;7,1568847;NA;LC-MS QExactive Plus;MeOH/H2O;plant specimen
202405081555_EB_dbgi_002602_01_01.mzML;dbgi_002602;Phygelius capensis E.Mey. ex Benth.;NA;Positive;JBUF;jbuf;Phygelius capensis;Phygelius capensis E.Mey. ex Benth.;species;NA;0;jbuf;46,792538;7,1569533;NA;LC-MS QExactive Plus;MeOH/H2O;plant specimen
202405081555_EB_dbgi_002609_01_01.mzML;dbgi_002609;Ligustrum ibota Siebold;NA;Positive;JBUF;jbuf;Ligustrum ibota;Ligustrum ibota Siebold;species;NA;0;jbuf;46,792570;7,1570377;NA;LC-MS QExactive Plus;MeOH/H2O;plant specimen
202405081555_EB_dbgi_002610_01_01.mzML;dbgi_002610;Strobilanthes atropurpurea Nees;NA;Positive;JBUF;jbuf;Strobilanthes atropurpurea;Strobilanthes atropurpurea Nees;species;NA;0;jbuf;46,792564;7,1569810;NA;LC-MS QExactive Plus;MeOH/H2O;plant specimen
202405081555_EB_dbgi_002619_01_01.mzML;dbgi_002619;Apium graveolens var. dulce (Mill.) Poir.;NA;Positive;JBUF;jbuf;Apium graveolens var. dulce;Apium graveolens var. dulce (Mill.) Poir.;variety;NA;0;jbuf;46,792620;7,1566660;NA;LC-MS QExactive Plus;MeOH/H2O;plant specimen
202405081555_EB_dbgi_002621_01_01.mzML;dbgi_002621;Campanula medium L.;NA;Positive;JBUF;jbuf;Campanula medium;Campanula medium L.;species;NA;1;jbuf;46,792610;7,1570406;NA;LC-MS QExactive Plus;MeOH/H2O;plant specimen
202405081555_EB_dbgi_002627_01_01.mzML;dbgi_002627;Carduus nutans subsp. nutans;NA;Positive;JBUF;jbuf;Carduus nutans subsp. nutans;Carduus nutans subsp. nutans;subspecies;NA;1;jbuf;46,792637;7,1568537;NA;LC-MS QExactive Plus;MeOH/H2O;plant specimen
202405081555_EB_dbgi_002633_01_01.mzML;dbgi_002633;Morina longifolia Wall. ex DC.;NA;Positive;JBUF;jbuf;Morina longifolia;Morina longifolia Wall. ex DC.;species;NA;0;jbuf;46,792600;7,1569138;NA;LC-MS QExactive Plus;MeOH/H2O;plant specimen
202405081555_EB_dbgi_002640_01_01.mzML;dbgi_002640;Cirsium acaule (L.) Scop.;NA;Positive;JBUF;jbuf;Cirsium acaule;Cirsium acaule (L.) Scop.;species;NA;0;jbuf;46,792630;7,1568985;NA;LC-MS QExactive Plus;MeOH/H2O;plant specimen
202405081555_EB_dbgi_002644_01_01.mzML;dbgi_002644;Pilosella aurantiaca subsp. aurantiaca;NA;Positive;JBUF;jbuf;Pilosella aurantiaca subsp. aurantiaca;Pilosella aurantiaca subsp. aurantiaca;subspecies;NA;0;jbuf;46,792660;7,1565967;NA;LC-MS QExactive Plus;MeOH/H2O;plant specimen
202405081555_EB_dbgi_002647_01_01.mzML;dbgi_002647;Stachys recta subsp. recta;NA;Positive;JBUF;jbuf;Stachys recta subsp. recta;Stachys recta subsp. recta;subspecies;NA;0;jbuf;46,792603;7,1565194;NA;LC-MS QExactive Plus;MeOH/H2O;plant specimen
202405081555_EB_dbgi_002662_01_01.mzML;dbgi_002662;Scaevola aemula R.Br.;NA;Positive;JBUF;jbuf;Scaevola aemula;Scaevola aemula R.Br.;species;NA;0;jbuf;46,792618;7,1569950;NA;LC-MS QExactive Plus;MeOH/H2O;plant specimen
202405081555_EB_dbgi_002669_01_01.mzML;dbgi_002669;Phlomis samia L.;NA;Positive;JBUF;jbuf;Phlomis samia;Phlomis samia L.;species;NA;0;jbuf;46,792587;7,1565022;NA;LC-MS QExactive Plus;MeOH/H2O;plant specimen
202405081555_EB_dbgi_002674_01_01.mzML;dbgi_002674;Ilex crenata Thunb.;NA;Positive;JBUF;jbuf;Ilex crenata;Ilex crenata Thunb.;species;NA;0;jbuf;46,792580;7,1571403;NA;LC-MS QExactive Plus;MeOH/H2O;plant specimen
202405081555_EB_dbgi_002680_01_01.mzML;dbgi_002680;Apium graveolens var. dulce (Mill.) Poir.;NA;Positive;JBUF;jbuf;Apium graveolens var. dulce;Apium graveolens var. dulce (Mill.) Poir.;variety;NA;0;jbuf;46,792620;7,1566630;NA;LC-MS QExactive Plus;MeOH/H2O;plant specimen
202405081555_EB_dbgi_002686_01_01.mzML;dbgi_002686;Hedera colchica (K.Koch) K.Koch;NA;Positive;JBUF;jbuf;Hedera colchica;Hedera colchica (K.Koch) K.Koch;species;NA;0;jbuf;46,792572;7,1564510;NA;LC-MS QExactive Plus;MeOH/H2O;plant specimen
202405081555_EB_dbgi_002688_01_01.mzML;dbgi_002688;Kolkwitzia amabilis Graebn.;NA;Positive;JBUF;jbuf;Kolkwitzia amabilis;Kolkwitzia amabilis Graebn.;species;NA;0;jbuf;46,792600;7,1569014;NA;LC-MS QExactive Plus;MeOH/H2O;plant specimen
202405081555_EB_dbgi_002701_01_01.mzML;dbgi_002701;Verbascum nigrum L.;NA;Positive;JBUF;jbuf;Verbascum nigrum;Verbascum nigrum L.;species;NA;0;jbuf;46,792538;7,1569285;NA;LC-MS QExactive Plus;MeOH/H2O;plant specimen
202405081555_EB_dbgi_002705_01_01.mzML;dbgi_002705;Helwingia japonica (Thunb.) F.Dietr.;NA;Positive;JBUF;jbuf;Helwingia japonica;Helwingia japonica (Thunb.) F.Dietr.;species;NA;0;jbuf;46,792587;7,1571155;NA;LC-MS QExactive Plus;MeOH/H2O;plant specimen
202405081555_EB_dbgi_002706_01_01.mzML;dbgi_002706;Hieracium eriophorum St.-Amans;NA;Positive;JBUF;jbuf;Hieracium eriophorum;Hieracium eriophorum St.-Amans;species;NA;0;jbuf;46,792664;7,1565742;NA;LC-MS QExactive Plus;MeOH/H2O;plant specimen
202405081555_EB_dbgi_002708_01_01.mzML;dbgi_002708;Clinopodium menthifolium subsp. menthifolium;NA;Positive;JBUF;jbuf;Clinopodium menthifolium subsp. menthifolium;Clinopodium menthifolium subsp. menthifolium;subspecies;NA;0;jbuf;46,792606;7,1566050;NA;LC-MS QExactive Plus;MeOH/H2O;plant specimen
202405081555_EB_dbgi_002716_01_01.mzML;dbgi_002716;Phlomoides tuberosa (L.) Moench;NA;Positive;JBUF;jbuf;Phlomoides tuberosa;Phlomoides tuberosa (L.) Moench;species;NA;0;jbuf;46,792587;7,1564940;NA;LC-MS QExactive Plus;MeOH/H2O;plant specimen
202405081555_EB_dbgi_002718_01_01.mzML;dbgi_002718;Agastache rugosa (Fisch. & C.A.Mey.) Kuntze;NA;Positive;JBUF;jbuf;Agastache rugosa;Agastache rugosa (Fisch. & C.A.Mey.) Kuntze;species;NA;0;jbuf;46,792595;7,1567000;NA;LC-MS QExactive Plus;MeOH/H2O;plant specimen
202405081555_EB_dbgi_002719_01_01.mzML;dbgi_002719;Campanula glomerata L.;NA;Positive;JBUF;jbuf;Campanula glomerata;Campanula glomerata L.;species;NA;0;jbuf;46,792610;7,1570745;NA;LC-MS QExactive Plus;MeOH/H2O;plant specimen
202405081555_EB_dbgi_002721_01_01.mzML;dbgi_002721;Mentha longifolia subsp. longifolia;NA;Positive;JBUF;jbuf;Mentha longifolia subsp. longifolia;Mentha longifolia subsp. longifolia;subspecies;NA;0;jbuf;46,792603;7,1566377;NA;LC-MS QExactive Plus;MeOH/H2O;plant specimen
202405081555_EB_dbgi_002726_01_01.mzML;dbgi_002726;Cynara cardunculus subsp. cardunculus;NA;Positive;JBUF;jbuf;Cynara cardunculus subsp. cardunculus;Cynara cardunculus subsp. cardunculus;subspecies;NA;0;jbuf;46,792630;7,1569190;NA;LC-MS QExactive Plus;MeOH/H2O;plant specimen
202405081555_EB_dbgi_002738_01_01.mzML;dbgi_002738;Xeranthemum annuum L.;NA;Positive;JBUF;jbuf;Xeranthemum annuum;Xeranthemum annuum L.;species;NA;0;jbuf;46,792620;7,1569750;NA;LC-MS QExactive Plus;MeOH/H2O;plant specimen
202405081555_EB_dbgi_002742_01_01.mzML;dbgi_002742;Fraxinus ornus L.;NA;Positive;JBUF;jbuf;Fraxinus ornus;Fraxinus ornus L.;species;NA;0;jbuf;46,792545;7,1570544;NA;LC-MS QExactive Plus;MeOH/H2O;plant specimen
202405081555_EB_dbgi_002745_01_01.mzML;dbgi_002745;Cirsium oleraceum (L.) Scop.;NA;Positive;JBUF;jbuf;Cirsium oleraceum;Cirsium oleraceum (L.) Scop.;species;NA;0;jbuf;46,792637;7,1568933;NA;LC-MS QExactive Plus;MeOH/H2O;plant specimen
202405081555_EB_dbgi_002746_01_01.mzML;dbgi_002746;Campanula rapunculoides L.;NA;Positive;JBUF;jbuf;Campanula rapunculoides;Campanula rapunculoides L.;species;NA;0;jbuf;46,792618;7,1570230;NA;LC-MS QExactive Plus;MeOH/H2O;plant specimen
202405081555_EB_dbgi_002893_01_01.mzML;dbgi_002893;Erythroxylum coca var. coca;NA;Positive;JBUF;jbuf;Erythroxylum coca var. coca;Erythroxylum coca var. coca;variety;NA;0;jbuf;46,792686;7,1558657;NA;LC-MS QExactive Plus;MeOH/H2O;plant specimen
202405081555_EB_dbgi_002909_01_01.mzML;dbgi_002909;Chamaemelum nobile (L.) All.;NA;Positive;JBUF;jbuf;Chamaemelum nobile;Chamaemelum nobile (L.) All.;species;NA;0;jbuf;46,792667;7,1567480;NA;LC-MS QExactive Plus;MeOH/H2O;plant specimen
202405081555_EB_dbgi_002929_01_01.mzML;dbgi_002929;Pentanema salicinum (L.) D.Gut.Larr., Santos-Vicente, Anderb., E.Rico & M.M.Mart.Ort.;NA;Positive;JBUF;jbuf;Pentanema salicinum;Pentanema salicinum (L.) D.Gut.Larr., Santos-Vicente, Anderb., E.Rico & M.M.Mart.Ort.;species;NA;0;jbuf;46,792664;7,1568050;NA;LC-MS QExactive Plus;MeOH/H2O;plant specimen
202405081555_EB_dbgi_002934_01_01.mzML;dbgi_002934;Buphthalmum salicifolium L.;NA;Positive;JBUF;jbuf;Buphthalmum salicifolium;Buphthalmum salicifolium L.;species;NA;0;jbuf;46,792660;7,1567800;NA;LC-MS QExactive Plus;MeOH/H2O;plant specimen
202405081555_EB_dbgi_002935_01_01.mzML;dbgi_002935;Silphium perfoliatum L.;NA;Positive;JBUF;jbuf;Silphium perfoliatum;Silphium perfoliatum L.;species;NA;0;jbuf;46,792652;7,1569320;NA;LC-MS QExactive Plus;MeOH/H2O;plant specimen
202405081555_EB_dbgi_002954_01_01.mzML;dbgi_002954;Tanacetum vulgare L.;NA;Positive;JBUF;jbuf;Tanacetum vulgare;Tanacetum vulgare L.;species;NA;0;jbuf;46,792667;7,1567006;NA;LC-MS QExactive Plus;MeOH/H2O;plant specimen
202405081555_EB_dbgi_002955_01_01.mzML;dbgi_002955;Achillea ptarmica L.;NA;Positive;JBUF;jbuf;Achillea ptarmica;Achillea ptarmica L.;species;NA;0;jbuf;46,792670;7,1566720;NA;LC-MS QExactive Plus;MeOH/H2O;plant specimen
202405081555_EB_dbgi_002960_01_01.mzML;dbgi_002960;Glebionis carinata (Schousb.) Tzvelev;NA;Positive;JBUF;jbuf;Glebionis carinata;Glebionis carinata (Schousb.) Tzvelev;species;NA;0;jbuf;46,792667;7,1567670;NA;LC-MS QExactive Plus;MeOH/H2O;plant specimen
202405081555_EB_dbgi_002965_01_01.mzML;dbgi_002965;Achillea clypeolata Sm.;NA;Positive;JBUF;jbuf;Achillea clypeolata;Achillea clypeolata Sm.;species;NA;0;jbuf;46,792675;7,1566700;NA;LC-MS QExactive Plus;MeOH/H2O;plant specimen
202405081555_EB_dbgi_002971_01_01.mzML;dbgi_002971;Rudbeckia speciosa Wender.;NA;Positive;JBUF;jbuf;Rudbeckia speciosa;Rudbeckia speciosa Wender.;species;NA;0;jbuf;46,792652;7,1569490;NA;LC-MS QExactive Plus;MeOH/H2O;plant specimen
202405081555_EB_dbgi_002981_01_01.mzML;dbgi_002981;Helianthus annuus L.;NA;Positive;JBUF;jbuf;Helianthus annuus;Helianthus annuus L.;species;NA;0;jbuf;46,792640;7,1570125;NA;LC-MS QExactive Plus;MeOH/H2O;plant specimen
202405081555_EB_dbgi_002988_01_01.mzML;dbgi_002988;Leucanthemum vulgare Lam.;NA;Positive;JBUF;jbuf;Leucanthemum vulgare;Leucanthemum vulgare Lam.;species;NA;0;jbuf;46,792664;7,1567490;NA;LC-MS QExactive Plus;MeOH/H2O;plant specimen
202405081555_EB_dbgi_002994_01_01.mzML;dbgi_002994;Coreopsis grandiflora Hogg ex Sweet;NA;Positive;JBUF;jbuf;Coreopsis grandiflora;Coreopsis grandiflora Hogg ex Sweet;species;NA;0;jbuf;46,792652;7,1568410;NA;LC-MS QExactive Plus;MeOH/H2O;plant specimen
202405081555_EB_dbgi_002995_01_01.mzML;dbgi_002995;Erigeron glaucus Ker Gawl.;NA;Positive;JBUF;jbuf;Erigeron glaucus;Erigeron glaucus Ker Gawl.;species;NA;0;jbuf;46,792686;7,1565420;NA;LC-MS QExactive Plus;MeOH/H2O;plant specimen
202405081555_EB_dbgi_002999_01_01.mzML;dbgi_002999;Tanacetum coccineum (Willd.) Grierson;NA;Positive;JBUF;jbuf;Tanacetum coccineum;Tanacetum coccineum (Willd.) Grierson;species;NA;0;jbuf;46,792664;7,1567220;NA;LC-MS QExactive Plus;MeOH/H2O;plant specimen
202405081555_EB_dbgi_003000_01_01.mzML;dbgi_003000;Cichorium intybus L.;NA;Positive;JBUF;jbuf;Cichorium intybus;Cichorium intybus L.;species;NA;0;jbuf;46,792656;7,1566267;NA;LC-MS QExactive Plus;MeOH/H2O;plant specimen
202405081555_EB_dbgi_003004_01_01.mzML;dbgi_003004;Tanacetum balsamita L.;NA;Positive;JBUF;jbuf;Tanacetum balsamita;Tanacetum balsamita L.;species;NA;0;jbuf;46,792675;7,1567020;NA;LC-MS QExactive Plus;MeOH/H2O;plant specimen
202405081555_EB_dbgi_003005_01_01.mzML;dbgi_003005;Taraxacum officinale Weber ex F.H.Wigg.;NA;Positive;JBUF;jbuf;Taraxacum officinale;Taraxacum officinale Weber ex F.H.Wigg.;species;NA;0;jbuf;46,792652;7,1567245;NA;LC-MS QExactive Plus;MeOH/H2O;plant specimen
202405081555_EB_dbgi_003008_01_01.mzML;dbgi_003008;Artemisia campestris subsp. campestris;NA;Positive;JBUF;jbuf;Artemisia campestris subsp. campestris;Artemisia campestris subsp. campestris;subspecies;NA;0;jbuf;46,792680;7,1566143;NA;LC-MS QExactive Plus;MeOH/H2O;plant specimen
202405081555_EB_dbgi_003009_01_01.mzML;dbgi_003009;Erigeron glabratus subsp. occidentalis (F.Vierh.) O.Bolòs & Vigo;NA;Positive;JBUF;jbuf;Erigeron glabratus subsp. occidentalis;Erigeron glabratus subsp. occidentalis (F.Vierh.) O.Bolòs & Vigo;subspecies;NA;0;jbuf;46,792664;7,1564612;NA;LC-MS QExactive Plus;MeOH/H2O;plant specimen
202405081555_EB_dbgi_003015_01_01.mzML;dbgi_003015;Lactuca sativa L.;NA;Positive;JBUF;jbuf;Lactuca sativa;Lactuca sativa L.;species;NA;0;jbuf;46,792656;7,1566450;NA;LC-MS QExactive Plus;MeOH/H2O;plant specimen
202405081555_EB_dbgi_003018_01_01.mzML;dbgi_003018;Cota tinctoria subsp. tinctoria;NA;Positive;JBUF;jbuf;Cota tinctoria subsp. tinctoria;Cota tinctoria subsp. tinctoria;subspecies;NA;0;jbuf;46,792667;7,1567260;NA;LC-MS QExactive Plus;MeOH/H2O;plant specimen
202405081555_EB_dbgi_003019_01_01.mzML;dbgi_003019;Erigeron acer L.;NA;Positive;JBUF;jbuf;Erigeron acer;Erigeron acer L.;species;NA;0;jbuf;46,792686;7,1565470;NA;LC-MS QExactive Plus;MeOH/H2O;plant specimen
202405081555_EB_dbgi_003020_01_01.mzML;dbgi_003020;Jacobaea erucifolia subsp. erucifolia;NA;Positive;JBUF;jbuf;Jacobaea erucifolia subsp. erucifolia;Jacobaea erucifolia subsp. erucifolia;subspecies;NA;0;jbuf;46,792656;7,1565113;NA;LC-MS QExactive Plus;MeOH/H2O;plant specimen
202405081555_EB_dbgi_003025_01_01.mzML;dbgi_003025;Achillea filipendulina Lam.;NA;Positive;JBUF;jbuf;Achillea filipendulina;Achillea filipendulina Lam.;species;NA;0;jbuf;46,792670;7,1566634;NA;LC-MS QExactive Plus;MeOH/H2O;plant specimen
202405081555_EB_dbgi_003026_01_01.mzML;dbgi_003026;Lactuca virosa L.;NA;Positive;JBUF;jbuf;Lactuca virosa;Lactuca virosa L.;species;NA;0;jbuf;46,792652;7,1566610;NA;LC-MS QExactive Plus;MeOH/H2O;plant specimen
202405081555_EB_dbgi_003028_01_01.mzML;dbgi_003028;Eurybia macrophylla (L.) Cass.;NA;Positive;JBUF;jbuf;Eurybia macrophylla;Eurybia macrophylla (L.) Cass.;species;NA;0;jbuf;46,792683;7,1565876;NA;LC-MS QExactive Plus;MeOH/H2O;plant specimen
202405081555_EB_dbgi_003031_01_01.mzML;dbgi_003031;Tilia platyphyllos Scop.;NA;Positive;JBUF;jbuf;Tilia platyphyllos;Tilia platyphyllos Scop.;species;NA;0;jbuf;46,792606;7,1563993;NA;LC-MS QExactive Plus;MeOH/H2O;plant specimen
202405081555_EB_dbgi_003054_01_01.mzML;dbgi_003054;Symphyotrichum oblongifolium (Nutt.) G.L.Nesom;NA;Positive;JBUF;jbuf;Symphyotrichum oblongifolium;Symphyotrichum oblongifolium (Nutt.) G.L.Nesom;species;NA;0;jbuf;46,792686;7,1565723;NA;LC-MS QExactive Plus;MeOH/H2O;plant specimen
202405081555_EB_dbgi_003055_01_01.mzML;dbgi_003055;Erigeron karvinskianus DC.;NA;Positive;JBUF;jbuf;Erigeron karvinskianus;Erigeron karvinskianus DC.;species;NA;0;jbuf;46,792683;7,1565433;NA;LC-MS QExactive Plus;MeOH/H2O;plant specimen
202405081555_EB_dbgi_003059_01_01.mzML;dbgi_003059;Jacobaea maritima subsp. maritima;NA;Positive;JBUF;jbuf;Jacobaea maritima subsp. maritima;Jacobaea maritima subsp. maritima;subspecies;NA;0;jbuf;46,792650;7,1564817;NA;LC-MS QExactive Plus;MeOH/H2O;plant specimen
202405081555_EB_dbgi_003060_01_01.mzML;dbgi_003060;Tussilago farfara L.;NA;Positive;JBUF;jbuf;Tussilago farfara;Tussilago farfara L.;species;NA;0;jbuf;46,792660;7,1565260;NA;LC-MS QExactive Plus;MeOH/H2O;plant specimen
202405081555_EB_dbgi_003061_01_01.mzML;dbgi_003061;Tragopogon orientalis subsp. orientalis;NA;Positive;JBUF;jbuf;Tragopogon orientalis subsp. orientalis;Tragopogon orientalis subsp. orientalis;subspecies;NA;0;jbuf;46,792650;7,1567426;NA;LC-MS QExactive Plus;MeOH/H2O;plant specimen
202405081555_EB_dbgi_003065_01_01.mzML;dbgi_003065;Inula helenium L.;NA;Positive;JBUF;jbuf;Inula helenium;Inula helenium L.;species;NA;0;jbuf;46,792660;7,1568040;NA;LC-MS QExactive Plus;MeOH/H2O;plant specimen
202405081555_EB_dbgi_003066_01_01.mzML;dbgi_003066;Pilosella lactucella subsp. lactucella;NA;Positive;JBUF;jbuf;Pilosella lactucella subsp. lactucella;Pilosella lactucella subsp. lactucella;subspecies;NA;1;jbuf;46,792660;7,1566070;NA;LC-MS QExactive Plus;MeOH/H2O;plant specimen
202405081611_EB_dbgi_001192_01_01.mzML;dbgi_001192;Geranium lucidum L.;NA;Negative;JBUF;jbuf;Geranium lucidum;Geranium lucidum L.;species;NA;0;jbuf;46,792270;7,1570354;NA;LC-MS QExactive Plus;MeOH/H2O;plant specimen
202405081611_EB_dbgi_001197_01_01.mzML;dbgi_001197;Geranium pyrenaicum Burm. f.;NA;Negative;JBUF;jbuf;Geranium pyrenaicum;Geranium pyrenaicum Burm. f.;species;NA;0;jbuf;46,792274;7,1570263;NA;LC-MS QExactive Plus;MeOH/H2O;plant specimen
202405081611_EB_dbgi_001219_01_01.mzML;dbgi_001219;Oenothera odorata Jacq.;NA;Negative;JBUF;jbuf;Oenothera odorata;Oenothera odorata Jacq.;species;NA;0;jbuf;46,792255;7,1570024;NA;LC-MS QExactive Plus;MeOH/H2O;plant specimen
202405081611_EB_dbgi_001751_01_01.mzML;dbgi_001751;Aconitum forrestii Stapf;NA;Negative;JBUF;jbuf;Aconitum forrestii;Aconitum forrestii Stapf;species;NA;0;jbuf;46,792454;7,1564600;NA;LC-MS QExactive Plus;MeOH/H2O;plant specimen
202405081611_EB_dbgi_001758_01_01.mzML;dbgi_001758;Eriocapitella japonica (Thunb.) Nakai;NA;Negative;JBUF;jbuf;Eriocapitella japonica;Eriocapitella japonica (Thunb.) Nakai;species;NA;0;jbuf;46,792408;7,1564703;NA;LC-MS QExactive Plus;MeOH/H2O;plant specimen
202405081611_EB_dbgi_001759_01_01.mzML;dbgi_001759;Barbarea vulgaris W.T.Aiton;NA;Negative;JBUF;jbuf;Barbarea vulgaris;Barbarea vulgaris W.T.Aiton;species;NA;0;jbuf;46,792202;7,1567955;NA;LC-MS QExactive Plus;MeOH/H2O;plant specimen
202405081611_EB_dbgi_001765_01_01.mzML;dbgi_001765;Raphanus sativus subsp. sativus;NA;Negative;JBUF;jbuf;Raphanus sativus subsp. sativus;Raphanus sativus subsp. sativus;subspecies;NA;0;jbuf;46,792183;7,1569295;NA;LC-MS QExactive Plus;MeOH/H2O;plant specimen
202405081611_EB_dbgi_001771_01_01.mzML;dbgi_001771;Raphanus sativus var. sativus;NA;Negative;JBUF;jbuf;Raphanus sativus var. sativus;Raphanus sativus var. sativus;variety;NA;0;jbuf;46,792180;7,1569460;NA;LC-MS QExactive Plus;MeOH/H2O;plant specimen
202405081611_EB_dbgi_001779_01_01.mzML;dbgi_001779;Erysimum × cheiri (L.) Crantz;NA;Negative;JBUF;jbuf;Erysimum × cheiri;Erysimum × cheiri (L.) Crantz;species;NA;0;jbuf;46,792210;7,1567864;NA;LC-MS QExactive Plus;MeOH/H2O;plant specimen
202405081611_EB_dbgi_001784_01_01.mzML;dbgi_001784;Cistus salviifolius L.;NA;Negative;JBUF;jbuf;Cistus salviifolius;Cistus salviifolius L.;species;NA;0;jbuf;46,792217;7,1569220;NA;LC-MS QExactive Plus;MeOH/H2O;plant specimen
202405081611_EB_dbgi_001795_01_01.mzML;dbgi_001795;Ruta graveolens L.;NA;Negative;JBUF;jbuf;Ruta graveolens;Ruta graveolens L.;species;NA;0;jbuf;46,792220;7,1570587;NA;LC-MS QExactive Plus;MeOH/H2O;plant specimen
202405081611_EB_dbgi_001801_01_01.mzML;dbgi_001801;Geranium sylvaticum L.;NA;Negative;JBUF;jbuf;Geranium sylvaticum;Geranium sylvaticum L.;species;NA;0;jbuf;46,792286;7,1569805;NA;LC-MS QExactive Plus;MeOH/H2O;plant specimen
202405081611_EB_dbgi_001802_01_01.mzML;dbgi_001802;Arabis hirsuta (L.) Scop.;NA;Negative;JBUF;jbuf;Arabis hirsuta;Arabis hirsuta (L.) Scop.;species;NA;0;jbuf;46,792180;7,1568490;NA;LC-MS QExactive Plus;MeOH/H2O;plant specimen
202405081611_EB_dbgi_001807_01_01.mzML;dbgi_001807;Althaea armeniaca Ten.;NA;Negative;JBUF;jbuf;Althaea armeniaca;Althaea armeniaca Ten.;species;NA;0;jbuf;46,792194;7,1570644;NA;LC-MS QExactive Plus;MeOH/H2O;plant specimen
202405081611_EB_dbgi_001816_01_01.mzML;dbgi_001816;Cistus laurifolius L.;NA;Negative;JBUF;jbuf;Cistus laurifolius;Cistus laurifolius L.;species;NA;0;jbuf;46,792225;7,1569270;NA;LC-MS QExactive Plus;MeOH/H2O;plant specimen
202405081611_EB_dbgi_001817_01_01.mzML;dbgi_001817;Cotinus coggygria Scop.;NA;Negative;JBUF;jbuf;Cotinus coggygria;Cotinus coggygria Scop.;species;NA;0;jbuf;46,792244;7,1569147;NA;LC-MS QExactive Plus;MeOH/H2O;plant specimen
202405081611_EB_dbgi_001818_01_01.mzML;dbgi_001818;Reseda luteola L.;NA;Negative;JBUF;jbuf;Reseda luteola;Reseda luteola L.;species;NA;0;jbuf;46,792217;7,1568220;NA;LC-MS QExactive Plus;MeOH/H2O;plant specimen
202405081611_EB_dbgi_001819_01_01.mzML;dbgi_001819;Rumex acetosella subsp. acetosella;NA;Negative;JBUF;jbuf;Rumex acetosella subsp. acetosella;Rumex acetosella subsp. acetosella;subspecies;NA;0;jbuf;46,792100;7,1571000;NA;LC-MS QExactive Plus;MeOH/H2O;plant specimen
202405081611_EB_dbgi_001820_01_01.mzML;dbgi_001820;Dianthus balbisii subsp. knappii (Pant.) Peruzzi & Uzunov;NA;Negative;JBUF;jbuf;Dianthus balbisii subsp. knappii;Dianthus balbisii subsp. knappii (Pant.) Peruzzi & Uzunov;subspecies;NA;0;jbuf;46,792130;7,1568837;NA;LC-MS QExactive Plus;MeOH/H2O;plant specimen
202405081611_EB_dbgi_001821_01_01.mzML;dbgi_001821;Hibiscus syriacus L.;NA;Negative;JBUF;jbuf;Hibiscus syriacus;Hibiscus syriacus L.;species;NA;0;jbuf;46,792213;7,1569686;NA;LC-MS QExactive Plus;MeOH/H2O;plant specimen
202405081611_EB_dbgi_001831_01_01.mzML;dbgi_001831;Rumex arifolius All.;NA;Negative;JBUF;jbuf;Rumex arifolius;Rumex arifolius All.;species;NA;0;jbuf;46,792100;7,1570830;NA;LC-MS QExactive Plus;MeOH/H2O;plant specimen
202405081611_EB_dbgi_001833_01_01.mzML;dbgi_001833;Gypsophila paniculata L.;NA;Negative;JBUF;jbuf;Gypsophila paniculata;Gypsophila paniculata L.;species;NA;0;jbuf;46,792133;7,1568623;NA;LC-MS QExactive Plus;MeOH/H2O;plant specimen
202405081611_EB_dbgi_001834_01_01.mzML;dbgi_001834;Rumex patientia L.;NA;Negative;JBUF;jbuf;Rumex patientia;Rumex patientia L.;species;NA;0;jbuf;46,792107;7,1570610;NA;LC-MS QExactive Plus;MeOH/H2O;plant specimen
202405081611_EB_dbgi_001835_01_01.mzML;dbgi_001835;Silene latifolia subsp. alba (Mill.) Greuter & Burdet;NA;Negative;JBUF;jbuf;Silene latifolia subsp. alba;Silene latifolia subsp. alba (Mill.) Greuter & Burdet;subspecies;NA;0;jbuf;46,792140;7,1568403;NA;LC-MS QExactive Plus;MeOH/H2O;plant specimen
202405081611_EB_dbgi_001843_01_01.mzML;dbgi_001843;Fallopia convolvulus (L.) Á.Löve;NA;Negative;JBUF;jbuf;Fallopia convolvulus;Fallopia convolvulus (L.) Á.Löve;species;NA;0;jbuf;46,792114;7,1569963;NA;LC-MS QExactive Plus;MeOH/H2O;plant specimen
202405081611_EB_dbgi_001847_01_01.mzML;dbgi_001847;Sabulina austriaca (Jacq.) Rchb.;NA;Negative;JBUF;jbuf;Sabulina austriaca;Sabulina austriaca (Jacq.) Rchb.;species;NA;0;jbuf;46,792114;7,1569643;NA;LC-MS QExactive Plus;MeOH/H2O;plant specimen
202405081611_EB_dbgi_001849_01_01.mzML;dbgi_001849;Beta vulgaris L.;NA;Negative;JBUF;jbuf;Beta vulgaris;Beta vulgaris L.;species;NA;0;jbuf;46,792114;7,1568530;NA;LC-MS QExactive Plus;MeOH/H2O;plant specimen
202405081611_EB_dbgi_001852_01_01.mzML;dbgi_001852;Bassia scoparia (L.) Beck;NA;Negative;JBUF;jbuf;Bassia scoparia;Bassia scoparia (L.) Beck;species;NA;0;jbuf;46,792090;7,1569467;NA;LC-MS QExactive Plus;MeOH/H2O;plant specimen
202405081611_EB_dbgi_001856_01_01.mzML;dbgi_001856;Acer cissifolium (Siebold & Zucc.) K.Koch;NA;Negative;JBUF;jbuf;Acer cissifolium;Acer cissifolium (Siebold & Zucc.) K.Koch;species;NA;0;jbuf;46,792233;7,1569530;NA;LC-MS QExactive Plus;MeOH/H2O;plant specimen
202405081611_EB_dbgi_001864_01_01.mzML;dbgi_001864;Bunias orientalis L.;NA;Negative;JBUF;jbuf;Bunias orientalis;Bunias orientalis L.;species;NA;0;jbuf;46,792187;7,1568900;NA;LC-MS QExactive Plus;MeOH/H2O;plant specimen
202405081611_EB_dbgi_001878_01_01.mzML;dbgi_001878;Citrus trifoliata L.;NA;Negative;JBUF;jbuf;Citrus trifoliata;Citrus trifoliata L.;species;NA;0;jbuf;46,792217;7,1571016;NA;LC-MS QExactive Plus;MeOH/H2O;plant specimen
202405081611_EB_dbgi_001879_01_01.mzML;dbgi_001879;Blitum bonus-henricus (L.) Rchb.;NA;Negative;JBUF;jbuf;Blitum bonus-henricus;Blitum bonus-henricus (L.) Rchb.;species;NA;0;jbuf;46,792088;7,1570040;NA;LC-MS QExactive Plus;MeOH/H2O;plant specimen
202405081611_EB_dbgi_001881_01_01.mzML;dbgi_001881;Berteroa incana (L.) DC.;NA;Negative;JBUF;jbuf;Berteroa incana;Berteroa incana (L.) DC.;species;NA;0;jbuf;46,792200;7,1568146;NA;LC-MS QExactive Plus;MeOH/H2O;plant specimen
202405081611_EB_dbgi_001887_01_01.mzML;dbgi_001887;Helianthemum nummularium subsp. nummularium;NA;Negative;JBUF;jbuf;Helianthemum nummularium subsp. nummularium;Helianthemum nummularium subsp. nummularium;subspecies;NA;0;jbuf;46,792213;7,1569233;NA;LC-MS QExactive Plus;MeOH/H2O;plant specimen
202405081611_EB_dbgi_001901_01_01.mzML;dbgi_001901;Chenopodium quinoa Willd.;NA;Negative;JBUF;jbuf;Chenopodium quinoa;Chenopodium quinoa Willd.;species;NA;0;jbuf;46,792103;7,1569030;NA;LC-MS QExactive Plus;MeOH/H2O;plant specimen
202405081611_EB_dbgi_001904_01_01.mzML;dbgi_001904;Cerastium arvense L.;NA;Negative;JBUF;jbuf;Cerastium arvense;Cerastium arvense L.;species;NA;0;jbuf;46,792118;7,1569505;NA;LC-MS QExactive Plus;MeOH/H2O;plant specimen
202405081611_EB_dbgi_001913_01_01.mzML;dbgi_001913;Dianthus arenarius L.;NA;Negative;JBUF;jbuf;Dianthus arenarius;Dianthus arenarius L.;species;NA;0;jbuf;46,792133;7,1568990;NA;LC-MS QExactive Plus;MeOH/H2O;plant specimen
202405081611_EB_dbgi_001918_01_01.mzML;dbgi_001918;Persicaria maculosa Gray;NA;Negative;JBUF;jbuf;Persicaria maculosa;Persicaria maculosa Gray;species;NA;0;jbuf;46,792110;7,1570150;NA;LC-MS QExactive Plus;MeOH/H2O;plant specimen
202405081611_EB_dbgi_001919_01_01.mzML;dbgi_001919;Mirabilis jalapa L.;NA;Negative;JBUF;jbuf;Mirabilis jalapa;Mirabilis jalapa L.;species;NA;0;jbuf;46,792145;7,1567707;NA;LC-MS QExactive Plus;MeOH/H2O;plant specimen
202405081611_EB_dbgi_001920_01_01.mzML;dbgi_001920;Lablab purpureus subsp. purpureus;NA;Negative;JBUF;jbuf;Lablab purpureus subsp. purpureus;Lablab purpureus subsp. purpureus;subspecies;NA;0;jbuf;46,792200;7,1571730;NA;LC-MS QExactive Plus;MeOH/H2O;plant specimen
202405081611_EB_dbgi_001926_01_01.mzML;dbgi_001926;Cistanthe grandiflora (Lindl.) Schltdl.;NA;Negative;JBUF;jbuf;Cistanthe grandiflora;Cistanthe grandiflora (Lindl.) Schltdl.;species;NA;0;jbuf;46,792175;7,1567070;NA;LC-MS QExactive Plus;MeOH/H2O;plant specimen
202405081611_EB_dbgi_001934_01_01.mzML;dbgi_001934;Phaseolus coccineus L.;NA;Negative;JBUF;jbuf;Phaseolus coccineus;Phaseolus coccineus L.;species;NA;0;jbuf;46,792255;7,1572123;NA;LC-MS QExactive Plus;MeOH/H2O;plant specimen
202405081611_EB_dbgi_001936_01_01.mzML;dbgi_001936;Portulaca oleracea L.;NA;Negative;JBUF;jbuf;Portulaca oleracea;Portulaca oleracea L.;species;NA;0;jbuf;46,792183;7,1567097;NA;LC-MS QExactive Plus;MeOH/H2O;plant specimen
202405081611_EB_dbgi_002251_01_01.mzML;dbgi_002251;Cannabis sativa L.;NA;Negative;JBUF;jbuf;Cannabis sativa;Cannabis sativa L.;species;NA;0;jbuf;46,792145;7,1572340;NA;LC-MS QExactive Plus;MeOH/H2O;plant specimen
202405081611_EB_dbgi_002258_01_01.mzML;dbgi_002258;Euphorbia platyphyllos L.;NA;Negative;JBUF;jbuf;Euphorbia platyphyllos;Euphorbia platyphyllos L.;species;NA;0;jbuf;46,792107;7,1572290;NA;LC-MS QExactive Plus;MeOH/H2O;plant specimen
202405081611_EB_dbgi_002264_01_01.mzML;dbgi_002264;Lupinus albus L.;NA;Negative;JBUF;jbuf;Lupinus albus;Lupinus albus L.;species;NA;0;jbuf;46,792477;7,1570630;NA;LC-MS QExactive Plus;MeOH/H2O;plant specimen
202405081611_EB_dbgi_002271_01_01.mzML;dbgi_002271;Oxalis stricta L.;NA;Negative;JBUF;jbuf;Oxalis stricta;Oxalis stricta L.;species;NA;0;jbuf;46,792137;7,1572084;NA;LC-MS QExactive Plus;MeOH/H2O;plant specimen
202405081611_EB_dbgi_002278_01_01.mzML;dbgi_002278;Vicia cracca L.;NA;Negative;JBUF;jbuf;Vicia cracca;Vicia cracca L.;species;NA;0;jbuf;46,792470;7,1571270;NA;LC-MS QExactive Plus;MeOH/H2O;plant specimen
202405081611_EB_dbgi_002280_01_01.mzML;dbgi_002280;Trifolium fragiferum L.;NA;Negative;JBUF;jbuf;Trifolium fragiferum;Trifolium fragiferum L.;species;NA;0;jbuf;46,792440;7,1571990;NA;LC-MS QExactive Plus;MeOH/H2O;plant specimen
202405081611_EB_dbgi_002313_01_01.mzML;dbgi_002313;Symphytum asperum Lepech.;NA;Negative;JBUF;jbuf;Symphytum asperum;Symphytum asperum Lepech.;species;NA;0;jbuf;46,792570;7,1565943;NA;LC-MS QExactive Plus;MeOH/H2O;plant specimen
202405081611_EB_dbgi_002339_01_01.mzML;dbgi_002339;Euphorbia myrsinites L.;NA;Negative;JBUF;jbuf;Euphorbia myrsinites;Euphorbia myrsinites L.;species;NA;0;jbuf;46,792100;7,1572037;NA;LC-MS QExactive Plus;MeOH/H2O;plant specimen
202405081611_EB_dbgi_002354_01_01.mzML;dbgi_002354;Linum narbonense L.;NA;Negative;JBUF;jbuf;Linum narbonense;Linum narbonense L.;species;NA;0;jbuf;46,792133;7,1572504;NA;LC-MS QExactive Plus;MeOH/H2O;plant specimen
202405081611_EB_dbgi_002355_01_01.mzML;dbgi_002355;Morus nigra L.;NA;Negative;JBUF;jbuf;Morus nigra;Morus nigra L.;species;NA;0;jbuf;46,792194;7,1572633;NA;LC-MS QExactive Plus;MeOH/H2O;plant specimen
202405081611_EB_dbgi_002360_01_01.mzML;dbgi_002360;Linum hirsutum L.;NA;Negative;JBUF;jbuf;Linum hirsutum;Linum hirsutum L.;species;NA;1;jbuf;46,792133;7,1572533;NA;LC-MS QExactive Plus;MeOH/H2O;plant specimen
202405081611_EB_dbgi_002363_01_01.mzML;dbgi_002363;Quercus pubescens Willd.;NA;Negative;JBUF;jbuf;Quercus pubescens;Quercus pubescens Willd.;species;NA;0;jbuf;46,792294;7,1573230;NA;LC-MS QExactive Plus;MeOH/H2O;plant specimen
202405081611_EB_dbgi_002370_01_01.mzML;dbgi_002370;Glycyrrhiza echinata L.;NA;Negative;JBUF;jbuf;Glycyrrhiza echinata;Glycyrrhiza echinata L.;species;NA;0;jbuf;46,792168;7,1571770;NA;LC-MS QExactive Plus;MeOH/H2O;plant specimen
202405081611_EB_dbgi_002382_01_01.mzML;dbgi_002382;Laburnum anagyroides Medik.;NA;Negative;JBUF;jbuf;Laburnum anagyroides;Laburnum anagyroides Medik.;species;NA;0;jbuf;46,792400;7,1572030;NA;LC-MS QExactive Plus;MeOH/H2O;plant specimen
202405081611_EB_dbgi_002383_01_01.mzML;dbgi_002383;Hypericum calycinum L.;NA;Negative;JBUF;jbuf;Hypericum calycinum;Hypericum calycinum L.;species;NA;0;jbuf;46,792120;7,1571875;NA;LC-MS QExactive Plus;MeOH/H2O;plant specimen
202405081611_EB_dbgi_002387_01_01.mzML;dbgi_002387;Ulmus pumila L.;NA;Negative;JBUF;jbuf;Ulmus pumila;Ulmus pumila L.;species;NA;0;jbuf;46,792225;7,1572795;NA;LC-MS QExactive Plus;MeOH/H2O;plant specimen
202405081611_EB_dbgi_002393_01_01.mzML;dbgi_002393;Triadenum virginicum (L.) Raf.;NA;Negative;JBUF;jbuf;Triadenum virginicum;Triadenum virginicum (L.) Raf.;species;NA;0;jbuf;46,792126;7,1571940;NA;LC-MS QExactive Plus;MeOH/H2O;plant specimen
202405081611_EB_dbgi_002394_01_01.mzML;dbgi_002394;Euphorbia flavicoma DC.;NA;Negative;JBUF;jbuf;Euphorbia flavicoma;Euphorbia flavicoma DC.;species;NA;0;jbuf;46,792095;7,1572113;NA;LC-MS QExactive Plus;MeOH/H2O;plant specimen
202405081611_EB_dbgi_002445_01_01.mzML;dbgi_002445;Vinca major L.;NA;Negative;JBUF;jbuf;Vinca major;Vinca major L.;species;NA;0;jbuf;46,792526;7,1568613;NA;LC-MS QExactive Plus;MeOH/H2O;plant specimen
202405081611_EB_dbgi_002448_01_01.mzML;dbgi_002448;Asperula taurina L.;NA;Negative;JBUF;jbuf;Asperula taurina;Asperula taurina L.;species;NA;0;jbuf;46,792515;7,1569176;NA;LC-MS QExactive Plus;MeOH/H2O;plant specimen
202405081611_EB_dbgi_002453_01_01.mzML;dbgi_002453;Prunus spinosa L.;NA;Negative;JBUF;jbuf;Prunus spinosa;Prunus spinosa L.;species;NA;0;jbuf;46,792538;7,1572480;NA;LC-MS QExactive Plus;MeOH/H2O;plant specimen
202405081611_EB_dbgi_002457_01_01.mzML;dbgi_002457;Amsonia orientalis Decne.;NA;Negative;JBUF;jbuf;Amsonia orientalis;Amsonia orientalis Decne.;species;NA;0;jbuf;46,792522;7,1568522;NA;LC-MS QExactive Plus;MeOH/H2O;plant specimen
202405081611_EB_dbgi_002458_01_01.mzML;dbgi_002458;Petunia × atkinsiana D.Don ex Loudon;NA;Negative;JBUF;jbuf;Petunia × atkinsiana;Petunia × atkinsiana D.Don ex Loudon;species;NA;0;jbuf;46,792538;7,1567345;NA;LC-MS QExactive Plus;MeOH/H2O;plant specimen
202405081611_EB_dbgi_002462_01_01.mzML;dbgi_002462;Poacynum venetum (L.) Mavrodiev, Laktionov & Yu.E.Alexeev;NA;Negative;JBUF;jbuf;Poacynum venetum;Poacynum venetum (L.) Mavrodiev, Laktionov & Yu.E.Alexeev;species;NA;0;jbuf;46,792530;7,1568310;NA;LC-MS QExactive Plus;MeOH/H2O;plant specimen
202405081611_EB_dbgi_002464_01_01.mzML;dbgi_002464;Moltkia petraea (Tratt.) Griseb.;NA;Negative;JBUF;jbuf;Moltkia petraea;Moltkia petraea (Tratt.) Griseb.;species;NA;0;jbuf;46,792564;7,1565533;NA;LC-MS QExactive Plus;MeOH/H2O;plant specimen
202405081611_EB_dbgi_002465_01_01.mzML;dbgi_002465;Prunus cerasifera Ehrh.;NA;Negative;JBUF;jbuf;Prunus cerasifera;Prunus cerasifera Ehrh.;species;NA;0;jbuf;46,792477;7,1573110;NA;LC-MS QExactive Plus;MeOH/H2O;plant specimen
202405081611_EB_dbgi_002479_01_01.mzML;dbgi_002479;Omphalodes verna Moench;NA;Negative;JBUF;jbuf;Omphalodes verna;Omphalodes verna Moench;species;NA;0;jbuf;46,792564;7,1566067;NA;LC-MS QExactive Plus;MeOH/H2O;plant specimen
202405081611_EB_dbgi_002503_01_01.mzML;dbgi_002503;Physalis philadelphica subsp. ixocarpa (Brot. ex Hornem.) Sobr.-Vesp. & Sanz-Elorza;NA;Negative;JBUF;jbuf;Physalis philadelphica subsp. ixocarpa;Physalis philadelphica subsp. ixocarpa (Brot. ex Hornem.) Sobr.-Vesp. & Sanz-Elorza;subspecies;NA;0;jbuf;46,792550;7,1565876;NA;LC-MS QExactive Plus;MeOH/H2O;plant specimen
202405081611_EB_dbgi_002538_01_01.mzML;dbgi_002538;Thymus pulegioides subsp. pulegioides;NA;Negative;JBUF;jbuf;Thymus pulegioides subsp. pulegioides;Thymus pulegioides subsp. pulegioides;subspecies;NA;0;jbuf;46,792600;7,1566440;NA;LC-MS QExactive Plus;MeOH/H2O;plant specimen
202405081611_EB_dbgi_002539_01_01.mzML;dbgi_002539;Verbascum × thapsi L.;NA;Negative;JBUF;jbuf;Verbascum × thapsi;Verbascum × thapsi L.;species;NA;0;jbuf;46,792538;7,1569424;NA;LC-MS QExactive Plus;MeOH/H2O;plant specimen
202405081611_EB_dbgi_002544_01_01.mzML;dbgi_002544;Salvia pratensis L.;NA;Negative;JBUF;jbuf;Salvia pratensis;Salvia pratensis L.;species;NA;0;jbuf;46,792590;7,1567590;NA;LC-MS QExactive Plus;MeOH/H2O;plant specimen
202405081611_EB_dbgi_002546_01_01.mzML;dbgi_002546;Centaurea nigra subsp. nemoralis (Jord.) Gremli;NA;Negative;JBUF;jbuf;Centaurea nigra subsp. nemoralis;Centaurea nigra subsp. nemoralis (Jord.) Gremli;subspecies;NA;1;jbuf;46,792637;7,1568027;NA;LC-MS QExactive Plus;MeOH/H2O;plant specimen
202405081611_EB_dbgi_002551_01_01.mzML;dbgi_002551;Salvia sclarea L.;NA;Negative;JBUF;jbuf;Salvia sclarea;Salvia sclarea L.;species;NA;0;jbuf;46,792590;7,1567802;NA;LC-MS QExactive Plus;MeOH/H2O;plant specimen
202405081611_EB_dbgi_002554_01_01.mzML;dbgi_002554;Carthamus lanatus L.;NA;Negative;JBUF;jbuf;Carthamus lanatus;Carthamus lanatus L.;species;NA;0;jbuf;46,792640;7,1567700;NA;LC-MS QExactive Plus;MeOH/H2O;plant specimen
202405081611_EB_dbgi_002555_01_01.mzML;dbgi_002555;Prunella vulgaris L.;NA;Negative;JBUF;jbuf;Prunella vulgaris;Prunella vulgaris L.;species;NA;0;jbuf;46,792587;7,1567287;NA;LC-MS QExactive Plus;MeOH/H2O;plant specimen
202405081611_EB_dbgi_002561_01_01.mzML;dbgi_002561;Cedronella canariensis (L.) Webb & Berthel.;NA;Negative;JBUF;jbuf;Cedronella canariensis;Cedronella canariensis (L.) Webb & Berthel.;species;NA;0;jbuf;46,792590;7,1567144;NA;LC-MS QExactive Plus;MeOH/H2O;plant specimen
202405081611_EB_dbgi_002567_01_01.mzML;dbgi_002567;Carlina acaulis subsp. caulescens (Lam.) Schübl. & G.Martens;NA;Negative;JBUF;jbuf;Carlina acaulis subsp. caulescens;Carlina acaulis subsp. caulescens (Lam.) Schübl. & G.Martens;subspecies;NA;0;jbuf;46,792630;7,1569670;NA;LC-MS QExactive Plus;MeOH/H2O;plant specimen
202405081611_EB_dbgi_002568_01_01.mzML;dbgi_002568;Nepeta grandiflora M.Bieb.;NA;Negative;JBUF;jbuf;Nepeta grandiflora;Nepeta grandiflora M.Bieb.;species;NA;0;jbuf;46,792595;7,1567130;NA;LC-MS QExactive Plus;MeOH/H2O;plant specimen
202405081611_EB_dbgi_002575_01_01.mzML;dbgi_002575;Centaurea calcitrapa L.;NA;Negative;JBUF;jbuf;Centaurea calcitrapa;Centaurea calcitrapa L.;species;NA;0;jbuf;46,792637;7,1567907;NA;LC-MS QExactive Plus;MeOH/H2O;plant specimen
202405081611_EB_dbgi_002577_01_01.mzML;dbgi_002577;Teucrium scorodonia L.;NA;Negative;JBUF;jbuf;Teucrium scorodonia;Teucrium scorodonia L.;species;NA;0;jbuf;46,792580;7,1568685;NA;LC-MS QExactive Plus;MeOH/H2O;plant specimen
202405081611_EB_dbgi_002577_01_02.mzML;dbgi_002577;Teucrium scorodonia L.;NA;Negative;JBUF;jbuf;Teucrium scorodonia;Teucrium scorodonia L.;species;NA;0;jbuf;46,792580;7,1568685;NA;LC-MS QExactive Plus;MeOH/H2O;plant specimen
202405081611_EB_dbgi_002577_01_03.mzML;dbgi_002577;Teucrium scorodonia L.;NA;Negative;JBUF;jbuf;Teucrium scorodonia;Teucrium scorodonia L.;species;NA;0;jbuf;46,792580;7,1568685;NA;LC-MS QExactive Plus;MeOH/H2O;plant specimen
202405081611_EB_dbgi_002580_01_01.mzML;dbgi_002580;Eccremocarpus scaber Ruiz & Pav.;NA;Negative;JBUF;jbuf;Eccremocarpus scaber;Eccremocarpus scaber Ruiz & Pav.;species;NA;0;jbuf;46,792570;7,1569620;NA;LC-MS QExactive Plus;MeOH/H2O;plant specimen
202405081611_EB_dbgi_002581_01_01.mzML;dbgi_002581;Jasione laevis Lam.;NA;Negative;JBUF;jbuf;Jasione laevis;Jasione laevis Lam.;species;NA;0;jbuf;46,792600;7,1570810;NA;LC-MS QExactive Plus;MeOH/H2O;plant specimen
202405081611_EB_dbgi_002590_01_01.mzML;dbgi_002590;Syringa persica L.;NA;Negative;JBUF;jbuf;Syringa persica;Syringa persica L.;species;NA;0;jbuf;46,792538;7,1570780;NA;LC-MS QExactive Plus;MeOH/H2O;plant specimen
202405081611_EB_dbgi_002594_01_01.mzML;dbgi_002594;Thymus vulgaris L.;NA;Negative;JBUF;jbuf;Thymus vulgaris;Thymus vulgaris L.;species;NA;0;jbuf;46,792603;7,1566463;NA;LC-MS QExactive Plus;MeOH/H2O;plant specimen
202405081611_EB_dbgi_002601_01_01.mzML;dbgi_002601;Nemesia floribunda Lehm.;NA;Negative;JBUF;jbuf;Nemesia floribunda;Nemesia floribunda Lehm.;species;NA;0;jbuf;46,792538;7,1568847;NA;LC-MS QExactive Plus;MeOH/H2O;plant specimen
202405081611_EB_dbgi_002602_01_01.mzML;dbgi_002602;Phygelius capensis E.Mey. ex Benth.;NA;Negative;JBUF;jbuf;Phygelius capensis;Phygelius capensis E.Mey. ex Benth.;species;NA;0;jbuf;46,792538;7,1569533;NA;LC-MS QExactive Plus;MeOH/H2O;plant specimen
202405081611_EB_dbgi_002609_01_01.mzML;dbgi_002609;Ligustrum ibota Siebold;NA;Negative;JBUF;jbuf;Ligustrum ibota;Ligustrum ibota Siebold;species;NA;0;jbuf;46,792570;7,1570377;NA;LC-MS QExactive Plus;MeOH/H2O;plant specimen
202405081611_EB_dbgi_002610_01_01.mzML;dbgi_002610;Strobilanthes atropurpurea Nees;NA;Negative;JBUF;jbuf;Strobilanthes atropurpurea;Strobilanthes atropurpurea Nees;species;NA;0;jbuf;46,792564;7,1569810;NA;LC-MS QExactive Plus;MeOH/H2O;plant specimen
202405081611_EB_dbgi_002619_01_01.mzML;dbgi_002619;Apium graveolens var. dulce (Mill.) Poir.;NA;Negative;JBUF;jbuf;Apium graveolens var. dulce;Apium graveolens var. dulce (Mill.) Poir.;variety;NA;0;jbuf;46,792620;7,1566660;NA;LC-MS QExactive Plus;MeOH/H2O;plant specimen
202405081611_EB_dbgi_002621_01_01.mzML;dbgi_002621;Campanula medium L.;NA;Negative;JBUF;jbuf;Campanula medium;Campanula medium L.;species;NA;1;jbuf;46,792610;7,1570406;NA;LC-MS QExactive Plus;MeOH/H2O;plant specimen
202405081611_EB_dbgi_002627_01_01.mzML;dbgi_002627;Carduus nutans subsp. nutans;NA;Negative;JBUF;jbuf;Carduus nutans subsp. nutans;Carduus nutans subsp. nutans;subspecies;NA;1;jbuf;46,792637;7,1568537;NA;LC-MS QExactive Plus;MeOH/H2O;plant specimen
202405081611_EB_dbgi_002633_01_01.mzML;dbgi_002633;Morina longifolia Wall. ex DC.;NA;Negative;JBUF;jbuf;Morina longifolia;Morina longifolia Wall. ex DC.;species;NA;0;jbuf;46,792600;7,1569138;NA;LC-MS QExactive Plus;MeOH/H2O;plant specimen
202405081611_EB_dbgi_002640_01_01.mzML;dbgi_002640;Cirsium acaule (L.) Scop.;NA;Negative;JBUF;jbuf;Cirsium acaule;Cirsium acaule (L.) Scop.;species;NA;0;jbuf;46,792630;7,1568985;NA;LC-MS QExactive Plus;MeOH/H2O;plant specimen
202405081611_EB_dbgi_002644_01_01.mzML;dbgi_002644;Pilosella aurantiaca subsp. aurantiaca;NA;Negative;JBUF;jbuf;Pilosella aurantiaca subsp. aurantiaca;Pilosella aurantiaca subsp. aurantiaca;subspecies;NA;0;jbuf;46,792660;7,1565967;NA;LC-MS QExactive Plus;MeOH/H2O;plant specimen
202405081611_EB_dbgi_002647_01_01.mzML;dbgi_002647;Stachys recta subsp. recta;NA;Negative;JBUF;jbuf;Stachys recta subsp. recta;Stachys recta subsp. recta;subspecies;NA;0;jbuf;46,792603;7,1565194;NA;LC-MS QExactive Plus;MeOH/H2O;plant specimen
202405081611_EB_dbgi_002662_01_01.mzML;dbgi_002662;Scaevola aemula R.Br.;NA;Negative;JBUF;jbuf;Scaevola aemula;Scaevola aemula R.Br.;species;NA;0;jbuf;46,792618;7,1569950;NA;LC-MS QExactive Plus;MeOH/H2O;plant specimen
202405081611_EB_dbgi_002669_01_01.mzML;dbgi_002669;Phlomis samia L.;NA;Negative;JBUF;jbuf;Phlomis samia;Phlomis samia L.;species;NA;0;jbuf;46,792587;7,1565022;NA;LC-MS QExactive Plus;MeOH/H2O;plant specimen
202405081611_EB_dbgi_002674_01_01.mzML;dbgi_002674;Ilex crenata Thunb.;NA;Negative;JBUF;jbuf;Ilex crenata;Ilex crenata Thunb.;species;NA;0;jbuf;46,792580;7,1571403;NA;LC-MS QExactive Plus;MeOH/H2O;plant specimen
202405081611_EB_dbgi_002680_01_01.mzML;dbgi_002680;Apium graveolens var. dulce (Mill.) Poir.;NA;Negative;JBUF;jbuf;Apium graveolens var. dulce;Apium graveolens var. dulce (Mill.) Poir.;variety;NA;0;jbuf;46,792620;7,1566630;NA;LC-MS QExactive Plus;MeOH/H2O;plant specimen
202405081611_EB_dbgi_002686_01_01.mzML;dbgi_002686;Hedera colchica (K.Koch) K.Koch;NA;Negative;JBUF;jbuf;Hedera colchica;Hedera colchica (K.Koch) K.Koch;species;NA;0;jbuf;46,792572;7,1564510;NA;LC-MS QExactive Plus;MeOH/H2O;plant specimen
202405081611_EB_dbgi_002688_01_01.mzML;dbgi_002688;Kolkwitzia amabilis Graebn.;NA;Negative;JBUF;jbuf;Kolkwitzia amabilis;Kolkwitzia amabilis Graebn.;species;NA;0;jbuf;46,792600;7,1569014;NA;LC-MS QExactive Plus;MeOH/H2O;plant specimen
202405081611_EB_dbgi_002701_01_01.mzML;dbgi_002701;Verbascum nigrum L.;NA;Negative;JBUF;jbuf;Verbascum nigrum;Verbascum nigrum L.;species;NA;0;jbuf;46,792538;7,1569285;NA;LC-MS QExactive Plus;MeOH/H2O;plant specimen
202405081611_EB_dbgi_002705_01_01.mzML;dbgi_002705;Helwingia japonica (Thunb.) F.Dietr.;NA;Negative;JBUF;jbuf;Helwingia japonica;Helwingia japonica (Thunb.) F.Dietr.;species;NA;0;jbuf;46,792587;7,1571155;NA;LC-MS QExactive Plus;MeOH/H2O;plant specimen
202405081611_EB_dbgi_002706_01_01.mzML;dbgi_002706;Hieracium eriophorum St.-Amans;NA;Negative;JBUF;jbuf;Hieracium eriophorum;Hieracium eriophorum St.-Amans;species;NA;0;jbuf;46,792664;7,1565742;NA;LC-MS QExactive Plus;MeOH/H2O;plant specimen
202405081611_EB_dbgi_002708_01_01.mzML;dbgi_002708;Clinopodium menthifolium subsp. menthifolium;NA;Negative;JBUF;jbuf;Clinopodium menthifolium subsp. menthifolium;Clinopodium menthifolium subsp. menthifolium;subspecies;NA;0;jbuf;46,792606;7,1566050;NA;LC-MS QExactive Plus;MeOH/H2O;plant specimen
202405081611_EB_dbgi_002716_01_01.mzML;dbgi_002716;Phlomoides tuberosa (L.) Moench;NA;Negative;JBUF;jbuf;Phlomoides tuberosa;Phlomoides tuberosa (L.) Moench;species;NA;0;jbuf;46,792587;7,1564940;NA;LC-MS QExactive Plus;MeOH/H2O;plant specimen
202405081611_EB_dbgi_002718_01_01.mzML;dbgi_002718;Agastache rugosa (Fisch. & C.A.Mey.) Kuntze;NA;Negative;JBUF;jbuf;Agastache rugosa;Agastache rugosa (Fisch. & C.A.Mey.) Kuntze;species;NA;0;jbuf;46,792595;7,1567000;NA;LC-MS QExactive Plus;MeOH/H2O;plant specimen
202405081611_EB_dbgi_002719_01_01.mzML;dbgi_002719;Campanula glomerata L.;NA;Negative;JBUF;jbuf;Campanula glomerata;Campanula glomerata L.;species;NA;0;jbuf;46,792610;7,1570745;NA;LC-MS QExactive Plus;MeOH/H2O;plant specimen
202405081611_EB_dbgi_002721_01_01.mzML;dbgi_002721;Mentha longifolia subsp. longifolia;NA;Negative;JBUF;jbuf;Mentha longifolia subsp. longifolia;Mentha longifolia subsp. longifolia;subspecies;NA;0;jbuf;46,792603;7,1566377;NA;LC-MS QExactive Plus;MeOH/H2O;plant specimen
202405081611_EB_dbgi_002726_01_01.mzML;dbgi_002726;Cynara cardunculus subsp. cardunculus;NA;Negative;JBUF;jbuf;Cynara cardunculus subsp. cardunculus;Cynara cardunculus subsp. cardunculus;subspecies;NA;0;jbuf;46,792630;7,1569190;NA;LC-MS QExactive Plus;MeOH/H2O;plant specimen
202405081611_EB_dbgi_002738_01_01.mzML;dbgi_002738;Xeranthemum annuum L.;NA;Negative;JBUF;jbuf;Xeranthemum annuum;Xeranthemum annuum L.;species;NA;0;jbuf;46,792620;7,1569750;NA;LC-MS QExactive Plus;MeOH/H2O;plant specimen
202405081611_EB_dbgi_002742_01_01.mzML;dbgi_002742;Fraxinus ornus L.;NA;Negative;JBUF;jbuf;Fraxinus ornus;Fraxinus ornus L.;species;NA;0;jbuf;46,792545;7,1570544;NA;LC-MS QExactive Plus;MeOH/H2O;plant specimen
202405081611_EB_dbgi_002745_01_01.mzML;dbgi_002745;Cirsium oleraceum (L.) Scop.;NA;Negative;JBUF;jbuf;Cirsium oleraceum;Cirsium oleraceum (L.) Scop.;species;NA;0;jbuf;46,792637;7,1568933;NA;LC-MS QExactive Plus;MeOH/H2O;plant specimen
202405081611_EB_dbgi_002746_01_01.mzML;dbgi_002746;Campanula rapunculoides L.;NA;Negative;JBUF;jbuf;Campanula rapunculoides;Campanula rapunculoides L.;species;NA;0;jbuf;46,792618;7,1570230;NA;LC-MS QExactive Plus;MeOH/H2O;plant specimen
202405081611_EB_dbgi_002893_01_01.mzML;dbgi_002893;Erythroxylum coca var. coca;NA;Negative;JBUF;jbuf;Erythroxylum coca var. coca;Erythroxylum coca var. coca;variety;NA;0;jbuf;46,792686;7,1558657;NA;LC-MS QExactive Plus;MeOH/H2O;plant specimen
202405081611_EB_dbgi_002909_01_01.mzML;dbgi_002909;Chamaemelum nobile (L.) All.;NA;Negative;JBUF;jbuf;Chamaemelum nobile;Chamaemelum nobile (L.) All.;species;NA;0;jbuf;46,792667;7,1567480;NA;LC-MS QExactive Plus;MeOH/H2O;plant specimen
202405081611_EB_dbgi_002929_01_01.mzML;dbgi_002929;Pentanema salicinum (L.) D.Gut.Larr., Santos-Vicente, Anderb., E.Rico & M.M.Mart.Ort.;NA;Negative;JBUF;jbuf;Pentanema salicinum;Pentanema salicinum (L.) D.Gut.Larr., Santos-Vicente, Anderb., E.Rico & M.M.Mart.Ort.;species;NA;0;jbuf;46,792664;7,1568050;NA;LC-MS QExactive Plus;MeOH/H2O;plant specimen
202405081611_EB_dbgi_002934_01_01.mzML;dbgi_002934;Buphthalmum salicifolium L.;NA;Negative;JBUF;jbuf;Buphthalmum salicifolium;Buphthalmum salicifolium L.;species;NA;0;jbuf;46,792660;7,1567800;NA;LC-MS QExactive Plus;MeOH/H2O;plant specimen
202405081611_EB_dbgi_002935_01_01.mzML;dbgi_002935;Silphium perfoliatum L.;NA;Negative;JBUF;jbuf;Silphium perfoliatum;Silphium perfoliatum L.;species;NA;0;jbuf;46,792652;7,1569320;NA;LC-MS QExactive Plus;MeOH/H2O;plant specimen
202405081611_EB_dbgi_002954_01_01.mzML;dbgi_002954;Tanacetum vulgare L.;NA;Negative;JBUF;jbuf;Tanacetum vulgare;Tanacetum vulgare L.;species;NA;0;jbuf;46,792667;7,1567006;NA;LC-MS QExactive Plus;MeOH/H2O;plant specimen
202405081611_EB_dbgi_002955_01_01.mzML;dbgi_002955;Achillea ptarmica L.;NA;Negative;JBUF;jbuf;Achillea ptarmica;Achillea ptarmica L.;species;NA;0;jbuf;46,792670;7,1566720;NA;LC-MS QExactive Plus;MeOH/H2O;plant specimen
202405081611_EB_dbgi_002960_01_01.mzML;dbgi_002960;Glebionis carinata (Schousb.) Tzvelev;NA;Negative;JBUF;jbuf;Glebionis carinata;Glebionis carinata (Schousb.) Tzvelev;species;NA;0;jbuf;46,792667;7,1567670;NA;LC-MS QExactive Plus;MeOH/H2O;plant specimen
202405081611_EB_dbgi_002965_01_01.mzML;dbgi_002965;Achillea clypeolata Sm.;NA;Negative;JBUF;jbuf;Achillea clypeolata;Achillea clypeolata Sm.;species;NA;0;jbuf;46,792675;7,1566700;NA;LC-MS QExactive Plus;MeOH/H2O;plant specimen
202405081611_EB_dbgi_002971_01_01.mzML;dbgi_002971;Rudbeckia speciosa Wender.;NA;Negative;JBUF;jbuf;Rudbeckia speciosa;Rudbeckia speciosa Wender.;species;NA;0;jbuf;46,792652;7,1569490;NA;LC-MS QExactive Plus;MeOH/H2O;plant specimen
202405081611_EB_dbgi_002981_01_01.mzML;dbgi_002981;Helianthus annuus L.;NA;Negative;JBUF;jbuf;Helianthus annuus;Helianthus annuus L.;species;NA;0;jbuf;46,792640;7,1570125;NA;LC-MS QExactive Plus;MeOH/H2O;plant specimen
202405081611_EB_dbgi_002988_01_01.mzML;dbgi_002988;Leucanthemum vulgare Lam.;NA;Negative;JBUF;jbuf;Leucanthemum vulgare;Leucanthemum vulgare Lam.;species;NA;0;jbuf;46,792664;7,1567490;NA;LC-MS QExactive Plus;MeOH/H2O;plant specimen
202405081611_EB_dbgi_002994_01_01.mzML;dbgi_002994;Coreopsis grandiflora Hogg ex Sweet;NA;Negative;JBUF;jbuf;Coreopsis grandiflora;Coreopsis grandiflora Hogg ex Sweet;species;NA;0;jbuf;46,792652;7,1568410;NA;LC-MS QExactive Plus;MeOH/H2O;plant specimen
202405081611_EB_dbgi_002995_01_01.mzML;dbgi_002995;Erigeron glaucus Ker Gawl.;NA;Negative;JBUF;jbuf;Erigeron glaucus;Erigeron glaucus Ker Gawl.;species;NA;0;jbuf;46,792686;7,1565420;NA;LC-MS QExactive Plus;MeOH/H2O;plant specimen
202405081611_EB_dbgi_002999_01_01.mzML;dbgi_002999;Tanacetum coccineum (Willd.) Grierson;NA;Negative;JBUF;jbuf;Tanacetum coccineum;Tanacetum coccineum (Willd.) Grierson;species;NA;0;jbuf;46,792664;7,1567220;NA;LC-MS QExactive Plus;MeOH/H2O;plant specimen
202405081611_EB_dbgi_003000_01_01.mzML;dbgi_003000;Cichorium intybus L.;NA;Negative;JBUF;jbuf;Cichorium intybus;Cichorium intybus L.;species;NA;0;jbuf;46,792656;7,1566267;NA;LC-MS QExactive Plus;MeOH/H2O;plant specimen
202405081611_EB_dbgi_003004_01_01.mzML;dbgi_003004;Tanacetum balsamita L.;NA;Negative;JBUF;jbuf;Tanacetum balsamita;Tanacetum balsamita L.;species;NA;0;jbuf;46,792675;7,1567020;NA;LC-MS QExactive Plus;MeOH/H2O;plant specimen
202405081611_EB_dbgi_003005_01_01.mzML;dbgi_003005;Taraxacum officinale Weber ex F.H.Wigg.;NA;Negative;JBUF;jbuf;Taraxacum officinale;Taraxacum officinale Weber ex F.H.Wigg.;species;NA;0;jbuf;46,792652;7,1567245;NA;LC-MS QExactive Plus;MeOH/H2O;plant specimen
202405081611_EB_dbgi_003008_01_01.mzML;dbgi_003008;Artemisia campestris subsp. campestris;NA;Negative;JBUF;jbuf;Artemisia campestris subsp. campestris;Artemisia campestris subsp. campestris;subspecies;NA;0;jbuf;46,792680;7,1566143;NA;LC-MS QExactive Plus;MeOH/H2O;plant specimen
202405081611_EB_dbgi_003009_01_01.mzML;dbgi_003009;Erigeron glabratus subsp. occidentalis (F.Vierh.) O.Bolòs & Vigo;NA;Negative;JBUF;jbuf;Erigeron glabratus subsp. occidentalis;Erigeron glabratus subsp. occidentalis (F.Vierh.) O.Bolòs & Vigo;subspecies;NA;0;jbuf;46,792664;7,1564612;NA;LC-MS QExactive Plus;MeOH/H2O;plant specimen
202405081611_EB_dbgi_003015_01_01.mzML;dbgi_003015;Lactuca sativa L.;NA;Negative;JBUF;jbuf;Lactuca sativa;Lactuca sativa L.;species;NA;0;jbuf;46,792656;7,1566450;NA;LC-MS QExactive Plus;MeOH/H2O;plant specimen
202405081611_EB_dbgi_003018_01_01.mzML;dbgi_003018;Cota tinctoria subsp. tinctoria;NA;Negative;JBUF;jbuf;Cota tinctoria subsp. tinctoria;Cota tinctoria subsp. tinctoria;subspecies;NA;0;jbuf;46,792667;7,1567260;NA;LC-MS QExactive Plus;MeOH/H2O;plant specimen
202405081611_EB_dbgi_003019_01_01.mzML;dbgi_003019;Erigeron acer L.;NA;Negative;JBUF;jbuf;Erigeron acer;Erigeron acer L.;species;NA;0;jbuf;46,792686;7,1565470;NA;LC-MS QExactive Plus;MeOH/H2O;plant specimen
202405081611_EB_dbgi_003020_01_01.mzML;dbgi_003020;Jacobaea erucifolia subsp. erucifolia;NA;Negative;JBUF;jbuf;Jacobaea erucifolia subsp. erucifolia;Jacobaea erucifolia subsp. erucifolia;subspecies;NA;0;jbuf;46,792656;7,1565113;NA;LC-MS QExactive Plus;MeOH/H2O;plant specimen
202405081611_EB_dbgi_003025_01_01.mzML;dbgi_003025;Achillea filipendulina Lam.;NA;Negative;JBUF;jbuf;Achillea filipendulina;Achillea filipendulina Lam.;species;NA;0;jbuf;46,792670;7,1566634;NA;LC-MS QExactive Plus;MeOH/H2O;plant specimen
202405081611_EB_dbgi_003026_01_01.mzML;dbgi_003026;Lactuca virosa L.;NA;Negative;JBUF;jbuf;Lactuca virosa;Lactuca virosa L.;species;NA;0;jbuf;46,792652;7,1566610;NA;LC-MS QExactive Plus;MeOH/H2O;plant specimen
202405081611_EB_dbgi_003028_01_01.mzML;dbgi_003028;Eurybia macrophylla (L.) Cass.;NA;Negative;JBUF;jbuf;Eurybia macrophylla;Eurybia macrophylla (L.) Cass.;species;NA;0;jbuf;46,792683;7,1565876;NA;LC-MS QExactive Plus;MeOH/H2O;plant specimen
202405081611_EB_dbgi_003031_01_01.mzML;dbgi_003031;Tilia platyphyllos Scop.;NA;Negative;JBUF;jbuf;Tilia platyphyllos;Tilia platyphyllos Scop.;species;NA;0;jbuf;46,792606;7,1563993;NA;LC-MS QExactive Plus;MeOH/H2O;plant specimen
202405081611_EB_dbgi_003054_01_01.mzML;dbgi_003054;Symphyotrichum oblongifolium (Nutt.) G.L.Nesom;NA;Negative;JBUF;jbuf;Symphyotrichum oblongifolium;Symphyotrichum oblongifolium (Nutt.) G.L.Nesom;species;NA;0;jbuf;46,792686;7,1565723;NA;LC-MS QExactive Plus;MeOH/H2O;plant specimen
202405081611_EB_dbgi_003055_01_01.mzML;dbgi_003055;Erigeron karvinskianus DC.;NA;Negative;JBUF;jbuf;Erigeron karvinskianus;Erigeron karvinskianus DC.;species;NA;0;jbuf;46,792683;7,1565433;NA;LC-MS QExactive Plus;MeOH/H2O;plant specimen
202405081611_EB_dbgi_003059_01_01.mzML;dbgi_003059;Jacobaea maritima subsp. maritima;NA;Negative;JBUF;jbuf;Jacobaea maritima subsp. maritima;Jacobaea maritima subsp. maritima;subspecies;NA;0;jbuf;46,792650;7,1564817;NA;LC-MS QExactive Plus;MeOH/H2O;plant specimen
202405081611_EB_dbgi_003060_01_01.mzML;dbgi_003060;Tussilago farfara L.;NA;Negative;JBUF;jbuf;Tussilago farfara;Tussilago farfara L.;species;NA;0;jbuf;46,792660;7,1565260;NA;LC-MS QExactive Plus;MeOH/H2O;plant specimen
202405081611_EB_dbgi_003061_01_01.mzML;dbgi_003061;Tragopogon orientalis subsp. orientalis;NA;Negative;JBUF;jbuf;Tragopogon orientalis subsp. orientalis;Tragopogon orientalis subsp. orientalis;subspecies;NA;0;jbuf;46,792650;7,1567426;NA;LC-MS QExactive Plus;MeOH/H2O;plant specimen
202405081611_EB_dbgi_003065_01_01.mzML;dbgi_003065;Inula helenium L.;NA;Negative;JBUF;jbuf;Inula helenium;Inula helenium L.;species;NA;0;jbuf;46,792660;7,1568040;NA;LC-MS QExactive Plus;MeOH/H2O;plant specimen
202405081611_EB_dbgi_003066_01_01.mzML;dbgi_003066;Pilosella lactucella subsp. lactucella;NA;Negative;JBUF;jbuf;Pilosella lactucella subsp. lactucella;Pilosella lactucella subsp. lactucella;subspecies;NA;1;jbuf;46,792660;7,1566070;NA;LC-MS QExactive Plus;MeOH/H2O;plant specimen
202405171439_HC_dbgi_002762_01_01.mzML;dbgi_002762;Codiaeum variegatum (L.) Rumph. ex A.Juss.;NA;Positive;JBUF;jbuf;Codiaeum variegatum;Codiaeum variegatum (L.) Rumph. ex A.Juss.;species;NA;0;jbuf;46,793186;7,1549783;NA;LC-MS QExactive Plus;MeOH/H2O;plant specimen
202405171439_HC_dbgi_002789_01_01.mzML;dbgi_002789;Cyperus caducus Steud.;NA;Positive;JBUF;jbuf;Cyperus caducus;Cyperus caducus Steud.;species;NA;0;jbuf;46,793167;7,1549900;NA;LC-MS QExactive Plus;MeOH/H2O;plant specimen
202405171439_HC_dbgi_002857_01_01.mzML;dbgi_002857;Spathiphyllum wallisii Regel;NA;Positive;JBUF;jbuf;Spathiphyllum wallisii;Spathiphyllum wallisii Regel;species;NA;0;jbuf;46,793198;7,1548900;NA;LC-MS QExactive Plus;MeOH/H2O;plant specimen
202405171439_HC_dbgi_002863_01_01.mzML;dbgi_002863;Peperomia verticillata (L.) A.Dietr.;NA;Positive;JBUF;jbuf;Peperomia verticillata;Peperomia verticillata (L.) A.Dietr.;species;NA;0;jbuf;46,793200;7,1548796;NA;LC-MS QExactive Plus;MeOH/H2O;plant specimen
202405171439_HC_dbgi_002899_01_01.mzML;dbgi_002899;Wallisia lindeniana (Regel) É.Morren;NA;Positive;JBUF;jbuf;Wallisia lindeniana;Wallisia lindeniana (Regel) É.Morren;species;NA;0;jbuf;46,793194;7,1548657;NA;LC-MS QExactive Plus;MeOH/H2O;plant specimen
202405171439_HC_dbgi_002914_01_01.mzML;dbgi_002914;Oncidium sphacelatum Lindl.;NA;Positive;JBUF;jbuf;Oncidium sphacelatum;Oncidium sphacelatum Lindl.;species;NA;0;jbuf;46,793170;7,1550120;NA;LC-MS QExactive Plus;MeOH/H2O;plant specimen
202405171439_HC_dbgi_003068_01_01.mzML;dbgi_003068;Dendrocnide excelsa (Wedd.) Chew;NA;Positive;JBUF;jbuf;Dendrocnide excelsa;Dendrocnide excelsa (Wedd.) Chew;species;NA;0;jbuf;46,793186;7,1548667;NA;LC-MS QExactive Plus;MeOH/H2O;plant specimen
202405171521_CVOL_dbgi_002762_01_01.mzML;dbgi_002762;Codiaeum variegatum (L.) Rumph. ex A.Juss.;NA;Negative;JBUF;jbuf;Codiaeum variegatum;Codiaeum variegatum (L.) Rumph. ex A.Juss.;species;NA;0;jbuf;46,793186;7,1549783;NA;LC-MS QExactive Plus;MeOH/H2O;plant specimen
202405171521_CVOL_dbgi_002789_01_01.mzML;dbgi_002789;Cyperus caducus Steud.;NA;Negative;JBUF;jbuf;Cyperus caducus;Cyperus caducus Steud.;species;NA;0;jbuf;46,793167;7,1549900;NA;LC-MS QExactive Plus;MeOH/H2O;plant specimen
202405171521_CVOL_dbgi_002857_01_01.mzML;dbgi_002857;Spathiphyllum wallisii Regel;NA;Negative;JBUF;jbuf;Spathiphyllum wallisii;Spathiphyllum wallisii Regel;species;NA;0;jbuf;46,793198;7,1548900;NA;LC-MS QExactive Plus;MeOH/H2O;plant specimen
202405171521_CVOL_dbgi_002863_01_01.mzML;dbgi_002863;Peperomia verticillata (L.) A.Dietr.;NA;Negative;JBUF;jbuf;Peperomia verticillata;Peperomia verticillata (L.) A.Dietr.;species;NA;0;jbuf;46,793200;7,1548796;NA;LC-MS QExactive Plus;MeOH/H2O;plant specimen
202405171521_CVOL_dbgi_002899_01_01.mzML;dbgi_002899;Wallisia lindeniana (Regel) É.Morren;NA;Negative;JBUF;jbuf;Wallisia lindeniana;Wallisia lindeniana (Regel) É.Morren;species;NA;0;jbuf;46,793194;7,1548657;NA;LC-MS QExactive Plus;MeOH/H2O;plant specimen
202405171521_CVOL_dbgi_002914_01_01.mzML;dbgi_002914;Oncidium sphacelatum Lindl.;NA;Negative;JBUF;jbuf;Oncidium sphacelatum;Oncidium sphacelatum Lindl.;species;NA;0;jbuf;46,793170;7,1550120;NA;LC-MS QExactive Plus;MeOH/H2O;plant specimen
202405171521_CVOL_dbgi_003068_01_01.mzML;dbgi_003068;Dendrocnide excelsa (Wedd.) Chew;NA;Negative;JBUF;jbuf;Dendrocnide excelsa;Dendrocnide excelsa (Wedd.) Chew;species;NA;0;jbuf;46,793186;7,1548667;NA;LC-MS QExactive Plus;MeOH/H2O;plant specimen
202405241509_EB_dbgi_001043_01_01.mzML;dbgi_001043;Aconitum variegatum L.;NA;Positive;JBUF;jbuf;Aconitum variegatum;Aconitum variegatum L.;species;NA;0;jbuf;46,792460;7,1564560;NA;LC-MS QExactive Plus;MeOH/H2O;plant specimen
202405241509_EB_dbgi_001760_01_01.mzML;dbgi_001760;Aubrieta deltoidea (L.) DC.;NA;Positive;JBUF;jbuf;Aubrieta deltoidea;Aubrieta deltoidea (L.) DC.;species;NA;0;jbuf;46,792175;7,1568670;NA;LC-MS QExactive Plus;MeOH/H2O;plant specimen
202405241509_EB_dbgi_001776_01_01.mzML;dbgi_001776;Thymelaea passerina (L.) Coss. & Germ.;NA;Positive;JBUF;jbuf;Thymelaea passerina;Thymelaea passerina (L.) Coss. & Germ.;species;NA;0;jbuf;46,792210;7,1569486;NA;LC-MS QExactive Plus;MeOH/H2O;plant specimen
202405241509_EB_dbgi_001782_01_01.mzML;dbgi_001782;Brassica oleracea L.;NA;Positive;JBUF;jbuf;Brassica oleracea;Brassica oleracea L.;species;NA;0;jbuf;46,792164;7,1570582;NA;LC-MS QExactive Plus;MeOH/H2O;plant specimen
202405241509_EB_dbgi_001787_01_01.mzML;dbgi_001787;Malva verticillata L.;NA;Positive;JBUF;jbuf;Malva verticillata;Malva verticillata L.;species;NA;0;jbuf;46,792206;7,1569980;NA;LC-MS QExactive Plus;MeOH/H2O;plant specimen
202405241509_EB_dbgi_001792_01_01.mzML;dbgi_001792;Dictamnus albus L.;NA;Positive;JBUF;jbuf;Dictamnus albus;Dictamnus albus L.;species;NA;0;jbuf;46,792217;7,1570540;NA;LC-MS QExactive Plus;MeOH/H2O;plant specimen
202405241509_EB_dbgi_001796_01_01.mzML;dbgi_001796;Brassica oleracea L.;NA;Positive;JBUF;jbuf;Brassica oleracea;Brassica oleracea L.;species;NA;0;jbuf;46,792168;7,1570330;NA;LC-MS QExactive Plus;MeOH/H2O;plant specimen
202405241509_EB_dbgi_001826_01_01.mzML;dbgi_001826;Rapistrum rugosum (L.) All.;NA;Positive;JBUF;jbuf;Rapistrum rugosum;Rapistrum rugosum (L.) All.;species;NA;0;jbuf;46,792183;7,1569090;NA;LC-MS QExactive Plus;MeOH/H2O;plant specimen
202405241509_EB_dbgi_001871_01_01.mzML;dbgi_001871;Althaea cannabina L.;NA;Positive;JBUF;jbuf;Althaea cannabina;Althaea cannabina L.;species;NA;0;jbuf;46,792194;7,1570810;NA;LC-MS QExactive Plus;MeOH/H2O;plant specimen
202405241509_EB_dbgi_001872_01_01.mzML;dbgi_001872;Tilia mongolica Maxim.;NA;Positive;JBUF;jbuf;Tilia mongolica;Tilia mongolica Maxim.;species;NA;0;jbuf;46,792200;7,1571016;NA;LC-MS QExactive Plus;MeOH/H2O;plant specimen
202405241509_EB_dbgi_001877_01_01.mzML;dbgi_001877;Koelreuteria paniculata Laxm.;NA;Positive;JBUF;jbuf;Koelreuteria paniculata;Koelreuteria paniculata Laxm.;species;NA;0;jbuf;46,792217;7,1570063;NA;LC-MS QExactive Plus;MeOH/H2O;plant specimen
202405241509_EB_dbgi_001882_01_01.mzML;dbgi_001882;Geranium endressii J. Gay;NA;Positive;JBUF;jbuf;Geranium endressii;Geranium endressii J. Gay;species;NA;0;jbuf;46,792290;7,1569734;NA;LC-MS QExactive Plus;MeOH/H2O;plant specimen
202405241509_EB_dbgi_001891_01_01.mzML;dbgi_001891;Napaea dioica L.;NA;Positive;JBUF;jbuf;Napaea dioica;Napaea dioica L.;species;NA;0;jbuf;46,792200;7,1570177;NA;LC-MS QExactive Plus;MeOH/H2O;plant specimen
202405241509_EB_dbgi_002249_01_01.mzML;dbgi_002249;Lophospermum erubescens D.Don ex Sweet;NA;Positive;JBUF;jbuf;Lophospermum erubescens;Lophospermum erubescens D.Don ex Sweet;species;NA;0;jbuf;46,792553;7,1567210;NA;LC-MS QExactive Plus;MeOH/H2O;plant specimen
202405241509_EB_dbgi_002269_01_01.mzML;dbgi_002269;Pulmonaria obscura Dumort.;NA;Positive;JBUF;jbuf;Pulmonaria obscura;Pulmonaria obscura Dumort.;species;NA;0;jbuf;46,792572;7,1565800;NA;LC-MS QExactive Plus;MeOH/H2O;plant specimen
202405241509_EB_dbgi_002270_01_01.mzML;dbgi_002270;Veronica officinalis L.;NA;Positive;JBUF;jbuf;Veronica officinalis;Veronica officinalis L.;species;NA;0;jbuf;46,792553;7,1567993;NA;LC-MS QExactive Plus;MeOH/H2O;plant specimen
202405241509_EB_dbgi_002285_01_01.mzML;dbgi_002285;Kickxia elatine (L.) Dumort.;NA;Positive;JBUF;jbuf;Kickxia elatine;Kickxia elatine (L.) Dumort.;species;NA;0;jbuf;46,792560;7,1567216;NA;LC-MS QExactive Plus;MeOH/H2O;plant specimen
202405241509_EB_dbgi_002351_01_01.mzML;dbgi_002351;Globularia nudicaulis L.;NA;Positive;JBUF;jbuf;Globularia nudicaulis;Globularia nudicaulis L.;species;NA;0;jbuf;46,792550;7,1567660;NA;LC-MS QExactive Plus;MeOH/H2O;plant specimen
202405241509_EB_dbgi_002414_01_01.mzML;dbgi_002414;Nicotiana tabacum L.;NA;Positive;JBUF;jbuf;Nicotiana tabacum;Nicotiana tabacum L.;species;NA;0;jbuf;46,792534;7,1566963;NA;LC-MS QExactive Plus;MeOH/H2O;plant specimen
202405241509_EB_dbgi_002422_01_01.mzML;dbgi_002422;Vinca minor L.;NA;Positive;JBUF;jbuf;Vinca minor;Vinca minor L.;species;NA;0;jbuf;46,792520;7,1568630;NA;LC-MS QExactive Plus;MeOH/H2O;plant specimen
202405241509_EB_dbgi_002428_01_01.mzML;dbgi_002428;Eucommia ulmoides Oliv.;NA;Positive;JBUF;jbuf;Eucommia ulmoides;Eucommia ulmoides Oliv.;species;NA;0;jbuf;46,792507;7,1570120;NA;LC-MS QExactive Plus;MeOH/H2O;plant specimen
202405241509_EB_dbgi_002430_01_01.mzML;dbgi_002430;Prunus tomentosa Thunb.;NA;Positive;JBUF;jbuf;Prunus tomentosa;Prunus tomentosa Thunb.;species;NA;0;jbuf;46,792423;7,1573500;NA;LC-MS QExactive Plus;MeOH/H2O;plant specimen
202405241509_EB_dbgi_002434_01_01.mzML;dbgi_002434;Solanum villosum Mill.;NA;Positive;JBUF;jbuf;Solanum villosum;Solanum villosum Mill.;species;NA;0;jbuf;46,792540;7,1565500;NA;LC-MS QExactive Plus;MeOH/H2O;plant specimen
202405241509_EB_dbgi_002446_01_01.mzML;dbgi_002446;Ipomoea tricolor Cav.;NA;Positive;JBUF;jbuf;Ipomoea tricolor;Ipomoea tricolor Cav.;species;NA;0;jbuf;46,792526;7,1567990;NA;LC-MS QExactive Plus;MeOH/H2O;plant specimen
202405241509_EB_dbgi_002455_01_01.mzML;dbgi_002455;Phuopsis stylosa (Trin.) G.Nicholson;NA;Positive;JBUF;jbuf;Phuopsis stylosa;Phuopsis stylosa (Trin.) G.Nicholson;species;NA;0;jbuf;46,792520;7,1569567;NA;LC-MS QExactive Plus;MeOH/H2O;plant specimen
202405241509_EB_dbgi_002456_01_01.mzML;dbgi_002456;Galium verum subsp. verum;NA;Positive;JBUF;jbuf;Galium verum subsp. verum;Galium verum subsp. verum;subspecies;NA;0;jbuf;46,792520;7,1569505;NA;LC-MS QExactive Plus;MeOH/H2O;plant specimen
202405241509_EB_dbgi_002459_01_01.mzML;dbgi_002459;Gentiana septemfida Pall.;NA;Positive;JBUF;jbuf;Gentiana septemfida;Gentiana septemfida Pall.;species;NA;0;jbuf;46,792522;7,1568933;NA;LC-MS QExactive Plus;MeOH/H2O;plant specimen
202405241509_EB_dbgi_002460_01_01.mzML;dbgi_002460;Ipomoea purpurea (L.) Roth;NA;Positive;JBUF;jbuf;Ipomoea purpurea;Ipomoea purpurea (L.) Roth;species;NA;0;jbuf;46,792530;7,1567950;NA;LC-MS QExactive Plus;MeOH/H2O;plant specimen
202405241509_EB_dbgi_002463_01_01.mzML;dbgi_002463;Prunus padus subsp. padus;NA;Positive;JBUF;jbuf;Prunus padus subsp. padus;Prunus padus subsp. padus;subspecies;NA;0;jbuf;46,792400;7,1573910;NA;LC-MS QExactive Plus;MeOH/H2O;plant specimen
202405241509_EB_dbgi_002470_01_01.mzML;dbgi_002470;Nicotiana sylvestris Speg.;NA;Positive;JBUF;jbuf;Nicotiana sylvestris;Nicotiana sylvestris Speg.;species;NA;0;jbuf;46,792538;7,1567216;NA;LC-MS QExactive Plus;MeOH/H2O;plant specimen
202405241509_EB_dbgi_002471_01_01.mzML;dbgi_002471;Pourthiaea villosa (Thunb.) Decne.;NA;Positive;JBUF;jbuf;Pourthiaea villosa;Pourthiaea villosa (Thunb.) Decne.;species;NA;0;jbuf;46,792360;7,1573896;NA;LC-MS QExactive Plus;MeOH/H2O;plant specimen
202405241509_EB_dbgi_002472_01_01.mzML;dbgi_002472;Physocarpus opulifolius (L.) Maxim.;NA;Positive;JBUF;jbuf;Physocarpus opulifolius;Physocarpus opulifolius (L.) Maxim.;species;NA;0;jbuf;46,792370;7,1573677;NA;LC-MS QExactive Plus;MeOH/H2O;plant specimen
202405241509_EB_dbgi_002477_01_01.mzML;dbgi_002477;Prunus padus var. petraea (Tausch) R.Uechtr.;NA;Positive;JBUF;jbuf;Prunus padus var. petraea;Prunus padus var. petraea (Tausch) R.Uechtr.;variety;NA;0;jbuf;46,792385;7,1573577;NA;LC-MS QExactive Plus;MeOH/H2O;plant specimen
202405241509_EB_dbgi_002480_01_01.mzML;dbgi_002480;Plantago media L.;NA;Positive;JBUF;jbuf;Plantago media;Plantago media L.;species;NA;0;jbuf;46,792550;7,1568513;NA;LC-MS QExactive Plus;MeOH/H2O;plant specimen
202405241509_EB_dbgi_002488_01_01.mzML;dbgi_002488;Atropa belladonna subsp. belladonna;NA;Positive;JBUF;jbuf;Atropa belladonna subsp. belladonna;Atropa belladonna subsp. belladonna;subspecies;NA;0;jbuf;46,792545;7,1566740;NA;LC-MS QExactive Plus;MeOH/H2O;plant specimen
202405241509_EB_dbgi_002492_01_01.mzML;dbgi_002492;Solanum lycopersicum L.;NA;Positive;JBUF;jbuf;Solanum lycopersicum;Solanum lycopersicum L.;species;NA;0;jbuf;46,792545;7,1565750;NA;LC-MS QExactive Plus;MeOH/H2O;plant specimen
202405241509_EB_dbgi_002499_01_01.mzML;dbgi_002499;Brunnera macrophylla (Adams) I.M.Johnst.;NA;Positive;JBUF;jbuf;Brunnera macrophylla;Brunnera macrophylla (Adams) I.M.Johnst.;species;NA;0;jbuf;46,792572;7,1565714;NA;LC-MS QExactive Plus;MeOH/H2O;plant specimen
202405241509_EB_dbgi_002507_01_01.mzML;dbgi_002507;Alkekengi officinarum Moench;NA;Positive;JBUF;jbuf;Alkekengi officinarum;Alkekengi officinarum Moench;species;NA;0;jbuf;46,792550;7,1565990;NA;LC-MS QExactive Plus;MeOH/H2O;plant specimen
202405241509_EB_dbgi_002513_01_01.mzML;dbgi_002513;Penstemon spectabilis Thurb. ex Torr. & A.Gray;NA;Positive;JBUF;jbuf;Penstemon spectabilis;Penstemon spectabilis Thurb. ex Torr. & A.Gray;species;NA;0;jbuf;46,792553;7,1567073;NA;LC-MS QExactive Plus;MeOH/H2O;plant specimen
202405241509_EB_dbgi_002514_01_01.mzML;dbgi_002514;Globularia cordifolia L.;NA;Positive;JBUF;jbuf;Globularia cordifolia;Globularia cordifolia L.;species;NA;0;jbuf;46,792553;7,1567545;NA;LC-MS QExactive Plus;MeOH/H2O;plant specimen
202405241509_EB_dbgi_002515_01_01.mzML;dbgi_002515;Phacelia congesta (Douglas ex Lehm.) Hook.;NA;Positive;JBUF;jbuf;Phacelia congesta;Phacelia congesta (Douglas ex Lehm.) Hook.;species;NA;0;jbuf;46,792550;7,1565213;NA;LC-MS QExactive Plus;MeOH/H2O;plant specimen
202405241509_EB_dbgi_002520_01_01.mzML;dbgi_002520;Echium vulgare L.;NA;Positive;JBUF;jbuf;Echium vulgare;Echium vulgare L.;species;NA;0;jbuf;46,792572;7,1565480;NA;LC-MS QExactive Plus;MeOH/H2O;plant specimen
202405241509_EB_dbgi_002522_01_01.mzML;dbgi_002522;Lycium barbarum L.;NA;Positive;JBUF;jbuf;Lycium barbarum;Lycium barbarum L.;species;NA;0;jbuf;46,792538;7,1566653;NA;LC-MS QExactive Plus;MeOH/H2O;plant specimen
202405241509_EB_dbgi_002524_01_01.mzML;dbgi_002524;Prunus tenella Batsch;NA;Positive;JBUF;jbuf;Prunus tenella;Prunus tenella Batsch;species;NA;0;jbuf;46,792377;7,1573840;NA;LC-MS QExactive Plus;MeOH/H2O;plant specimen
202405241509_EB_dbgi_002528_01_01.mzML;dbgi_002528;Chelone obliqua L.;NA;Positive;JBUF;jbuf;Chelone obliqua;Chelone obliqua L.;species;NA;0;jbuf;46,792560;7,1567035;NA;LC-MS QExactive Plus;MeOH/H2O;plant specimen
202405241509_EB_dbgi_002529_01_01.mzML;dbgi_002529;Plantago alpina L.;NA;Positive;JBUF;jbuf;Plantago alpina;Plantago alpina L.;species;NA;0;jbuf;46,792540;7,1568513;NA;LC-MS QExactive Plus;MeOH/H2O;plant specimen
202405241509_EB_dbgi_002531_01_01.mzML;dbgi_002531;Veronica raoulii Hook.fil.;NA;Positive;JBUF;jbuf;Veronica raoulii;Veronica raoulii Hook.fil.;species;NA;1;jbuf;46,792553;7,1567880;NA;LC-MS QExactive Plus;MeOH/H2O;plant specimen
202405241509_EB_dbgi_002533_01_01.mzML;dbgi_002533;Cephalanthus occidentalis L.;NA;Positive;JBUF;jbuf;Cephalanthus occidentalis;Cephalanthus occidentalis L.;species;NA;0;jbuf;46,792520;7,1569240;NA;LC-MS QExactive Plus;MeOH/H2O;plant specimen
202405241509_EB_dbgi_002535_01_01.mzML;dbgi_002535;Vincetoxicum hirundinaria Medik.;NA;Positive;JBUF;jbuf;Vincetoxicum hirundinaria;Vincetoxicum hirundinaria Medik.;species;NA;0;jbuf;46,792522;7,1568410;NA;LC-MS QExactive Plus;MeOH/H2O;plant specimen
202405241509_EB_dbgi_002537_01_01.mzML;dbgi_002537;Anchusa officinalis L.;NA;Positive;JBUF;jbuf;Anchusa officinalis;Anchusa officinalis L.;species;NA;0;jbuf;46,792564;7,1566014;NA;LC-MS QExactive Plus;MeOH/H2O;plant specimen
202405241509_EB_dbgi_002541_01_01.mzML;dbgi_002541;Clinopodium album (Waldst. & Kit.) Bräuchler & Govaerts;NA;Positive;JBUF;jbuf;Clinopodium album;Clinopodium album (Waldst. & Kit.) Bräuchler & Govaerts;species;NA;0;jbuf;46,792606;7,1566153;NA;LC-MS QExactive Plus;MeOH/H2O;plant specimen
202405241509_EB_dbgi_002550_01_01.mzML;dbgi_002550;Nepeta cataria L.;NA;Positive;JBUF;jbuf;Nepeta cataria;Nepeta cataria L.;species;NA;1;jbuf;46,792590;7,1567050;NA;LC-MS QExactive Plus;MeOH/H2O;plant specimen
202405241509_EB_dbgi_002564_01_01.mzML;dbgi_002564;Salvia coccinea Buc'hoz ex Etl.;NA;Positive;JBUF;jbuf;Salvia coccinea;Salvia coccinea Buc'hoz ex Etl.;species;NA;0;jbuf;46,792587;7,1567597;NA;LC-MS QExactive Plus;MeOH/H2O;plant specimen
202405241509_EB_dbgi_002569_01_01.mzML;dbgi_002569;Ocimum tenuiflorum L.;NA;Positive;JBUF;jbuf;Ocimum tenuiflorum;Ocimum tenuiflorum L.;species;NA;0;jbuf;46,792587;7,1568160;NA;LC-MS QExactive Plus;MeOH/H2O;plant specimen
202405241509_EB_dbgi_002576_01_01.mzML;dbgi_002576;Salvia glutinosa L.;NA;Positive;JBUF;jbuf;Salvia glutinosa;Salvia glutinosa L.;species;NA;0;jbuf;46,792590;7,1567492;NA;LC-MS QExactive Plus;MeOH/H2O;plant specimen
202405241509_EB_dbgi_002578_01_01.mzML;dbgi_002578;Verbascum lychnitis L.;NA;Positive;JBUF;jbuf;Verbascum lychnitis;Verbascum lychnitis L.;species;NA;0;jbuf;46,792538;7,1569210;NA;LC-MS QExactive Plus;MeOH/H2O;plant specimen
202405241509_EB_dbgi_002583_01_01.mzML;dbgi_002583;Scrophularia umbrosa Dumort.;NA;Positive;JBUF;jbuf;Scrophularia umbrosa;Scrophularia umbrosa Dumort.;species;NA;0;jbuf;46,792538;7,1569000;NA;LC-MS QExactive Plus;MeOH/H2O;plant specimen
202405241509_EB_dbgi_002591_01_01.mzML;dbgi_002591;Isodon glaucocalyx (Maxim.) Kudô;NA;Positive;JBUF;jbuf;Isodon glaucocalyx;Isodon glaucocalyx (Maxim.) Kudô;species;NA;0;jbuf;46,792587;7,1568030;NA;LC-MS QExactive Plus;MeOH/H2O;plant specimen
202405241509_EB_dbgi_002595_01_01.mzML;dbgi_002595;Plantago arenaria Waldst. & Kit.;NA;Positive;JBUF;jbuf;Plantago arenaria;Plantago arenaria Waldst. & Kit.;species;NA;0;jbuf;46,792545;7,1568660;NA;LC-MS QExactive Plus;MeOH/H2O;plant specimen
202405241509_EB_dbgi_002605_01_01.mzML;dbgi_002605;Salvia officinalis L.;NA;Positive;JBUF;jbuf;Salvia officinalis;Salvia officinalis L.;species;NA;0;jbuf;46,792583;7,1567780;NA;LC-MS QExactive Plus;MeOH/H2O;plant specimen
202405241509_EB_dbgi_002611_01_01.mzML;dbgi_002611;Plantago coronopus L.;NA;Positive;JBUF;jbuf;Plantago coronopus;Plantago coronopus L.;species;NA;0;jbuf;46,792540;7,1568580;NA;LC-MS QExactive Plus;MeOH/H2O;plant specimen
202405241509_EB_dbgi_002616_01_01.mzML;dbgi_002616;Alonsoa meridionalis (L.fil.) Kuntze;NA;Positive;JBUF;jbuf;Alonsoa meridionalis;Alonsoa meridionalis (L.fil.) Kuntze;species;NA;0;jbuf;46,792545;7,1568856;NA;LC-MS QExactive Plus;MeOH/H2O;plant specimen
202405241509_EB_dbgi_002620_01_01.mzML;dbgi_002620;Lonicera periclymenum L.;NA;Positive;JBUF;jbuf;Lonicera periclymenum;Lonicera periclymenum L.;species;NA;0;jbuf;46,792600;7,1568613;NA;LC-MS QExactive Plus;MeOH/H2O;plant specimen
202405241509_EB_dbgi_002703_01_01.mzML;dbgi_002703;Mentha suaveolens Ehrh.;NA;Positive;JBUF;jbuf;Mentha suaveolens;Mentha suaveolens Ehrh.;species;NA;0;jbuf;46,792603;7,1566280;NA;LC-MS QExactive Plus;MeOH/H2O;plant specimen
202405241509_EB_dbgi_002707_01_01.mzML;dbgi_002707;Salvia farinacea Benth.;NA;Positive;JBUF;jbuf;Salvia farinacea;Salvia farinacea Benth.;species;NA;0;jbuf;46,792587;7,1567500;NA;LC-MS QExactive Plus;MeOH/H2O;plant specimen
202405241509_EB_dbgi_002709_01_01.mzML;dbgi_002709;Mentha pulegium L.;NA;Positive;JBUF;jbuf;Mentha pulegium;Mentha pulegium L.;species;NA;0;jbuf;46,792600;7,1566250;NA;LC-MS QExactive Plus;MeOH/H2O;plant specimen
202405241509_EB_dbgi_002710_01_01.mzML;dbgi_002710;Salvia patens Cav.;NA;Positive;JBUF;jbuf;Salvia patens;Salvia patens Cav.;species;NA;0;jbuf;46,792595;7,1567388;NA;LC-MS QExactive Plus;MeOH/H2O;plant specimen
202405241509_EB_dbgi_002711_01_01.mzML;dbgi_002711;Clinopodium vulgare L.;NA;Positive;JBUF;jbuf;Clinopodium vulgare;Clinopodium vulgare L.;species;NA;0;jbuf;46,792603;7,1565876;NA;LC-MS QExactive Plus;MeOH/H2O;plant specimen
202405241509_EB_dbgi_002712_01_01.mzML;dbgi_002712;Melissa officinalis L.;NA;Positive;JBUF;jbuf;Melissa officinalis;Melissa officinalis L.;species;NA;0;jbuf;46,792583;7,1568010;NA;LC-MS QExactive Plus;MeOH/H2O;plant specimen
202405241509_EB_dbgi_002714_01_01.mzML;dbgi_002714;Clinopodium acinos (L.) Kuntze;NA;Positive;JBUF;jbuf;Clinopodium acinos;Clinopodium acinos (L.) Kuntze;species;NA;0;jbuf;46,792600;7,1566143;NA;LC-MS QExactive Plus;MeOH/H2O;plant specimen
202405241509_EB_dbgi_002730_01_01.mzML;dbgi_002730;Pycnanthemum virginianum (L.) T.Durand & B.D.Jacks. ex B.L.Rob. & Fernald;NA;Positive;JBUF;jbuf;Pycnanthemum virginianum;Pycnanthemum virginianum (L.) T.Durand & B.D.Jacks. ex B.L.Rob. & Fernald;species;NA;1;jbuf;46,792600;7,1566367;NA;LC-MS QExactive Plus;MeOH/H2O;plant specimen
202405241509_EB_dbgi_002736_01_01.mzML;dbgi_002736;Lycopus europaeus L.;NA;Positive;JBUF;jbuf;Lycopus europaeus;Lycopus europaeus L.;species;NA;0;jbuf;46,792595;7,1567307;NA;LC-MS QExactive Plus;MeOH/H2O;plant specimen
202405241509_EB_dbgi_002737_01_01.mzML;dbgi_002737;Buddleja lindleyana Fortune ex Lindl.;NA;Positive;JBUF;jbuf;Buddleja lindleyana;Buddleja lindleyana Fortune ex Lindl.;species;NA;0;jbuf;46,792534;7,1569520;NA;LC-MS QExactive Plus;MeOH/H2O;plant specimen
202405241509_EB_dbgi_002744_01_01.mzML;dbgi_002744;Verbascum bombyciferum Boiss.;NA;Positive;JBUF;jbuf;Verbascum bombyciferum;Verbascum bombyciferum Boiss.;species;NA;0;jbuf;46,792534;7,1569390;NA;LC-MS QExactive Plus;MeOH/H2O;plant specimen
202405241518_EB_dbgi_001043_01_01.mzML;dbgi_001043;Aconitum variegatum L.;NA;Negative;JBUF;jbuf;Aconitum variegatum;Aconitum variegatum L.;species;NA;0;jbuf;46,792460;7,1564560;NA;LC-MS QExactive Plus;MeOH/H2O;plant specimen
202405241518_EB_dbgi_001760_01_01.mzML;dbgi_001760;Aubrieta deltoidea (L.) DC.;NA;Negative;JBUF;jbuf;Aubrieta deltoidea;Aubrieta deltoidea (L.) DC.;species;NA;0;jbuf;46,792175;7,1568670;NA;LC-MS QExactive Plus;MeOH/H2O;plant specimen
202405241518_EB_dbgi_001776_01_01.mzML;dbgi_001776;Thymelaea passerina (L.) Coss. & Germ.;NA;Negative;JBUF;jbuf;Thymelaea passerina;Thymelaea passerina (L.) Coss. & Germ.;species;NA;0;jbuf;46,792210;7,1569486;NA;LC-MS QExactive Plus;MeOH/H2O;plant specimen
202405241518_EB_dbgi_001782_01_01.mzML;dbgi_001782;Brassica oleracea L.;NA;Negative;JBUF;jbuf;Brassica oleracea;Brassica oleracea L.;species;NA;0;jbuf;46,792164;7,1570582;NA;LC-MS QExactive Plus;MeOH/H2O;plant specimen
202405241518_EB_dbgi_001787_01_01.mzML;dbgi_001787;Malva verticillata L.;NA;Negative;JBUF;jbuf;Malva verticillata;Malva verticillata L.;species;NA;0;jbuf;46,792206;7,1569980;NA;LC-MS QExactive Plus;MeOH/H2O;plant specimen
202405241518_EB_dbgi_001792_01_01.mzML;dbgi_001792;Dictamnus albus L.;NA;Negative;JBUF;jbuf;Dictamnus albus;Dictamnus albus L.;species;NA;0;jbuf;46,792217;7,1570540;NA;LC-MS QExactive Plus;MeOH/H2O;plant specimen
202405241518_EB_dbgi_001796_01_01.mzML;dbgi_001796;Brassica oleracea L.;NA;Negative;JBUF;jbuf;Brassica oleracea;Brassica oleracea L.;species;NA;0;jbuf;46,792168;7,1570330;NA;LC-MS QExactive Plus;MeOH/H2O;plant specimen
202405241518_EB_dbgi_001826_01_01.mzML;dbgi_001826;Rapistrum rugosum (L.) All.;NA;Negative;JBUF;jbuf;Rapistrum rugosum;Rapistrum rugosum (L.) All.;species;NA;0;jbuf;46,792183;7,1569090;NA;LC-MS QExactive Plus;MeOH/H2O;plant specimen
202405241518_EB_dbgi_001871_01_01.mzML;dbgi_001871;Althaea cannabina L.;NA;Negative;JBUF;jbuf;Althaea cannabina;Althaea cannabina L.;species;NA;0;jbuf;46,792194;7,1570810;NA;LC-MS QExactive Plus;MeOH/H2O;plant specimen
202405241518_EB_dbgi_001872_01_01.mzML;dbgi_001872;Tilia mongolica Maxim.;NA;Negative;JBUF;jbuf;Tilia mongolica;Tilia mongolica Maxim.;species;NA;0;jbuf;46,792200;7,1571016;NA;LC-MS QExactive Plus;MeOH/H2O;plant specimen
202405241518_EB_dbgi_001877_01_01.mzML;dbgi_001877;Koelreuteria paniculata Laxm.;NA;Negative;JBUF;jbuf;Koelreuteria paniculata;Koelreuteria paniculata Laxm.;species;NA;0;jbuf;46,792217;7,1570063;NA;LC-MS QExactive Plus;MeOH/H2O;plant specimen
202405241518_EB_dbgi_001882_01_01.mzML;dbgi_001882;Geranium endressii J. Gay;NA;Negative;JBUF;jbuf;Geranium endressii;Geranium endressii J. Gay;species;NA;0;jbuf;46,792290;7,1569734;NA;LC-MS QExactive Plus;MeOH/H2O;plant specimen
202405241518_EB_dbgi_001891_01_01.mzML;dbgi_001891;Napaea dioica L.;NA;Negative;JBUF;jbuf;Napaea dioica;Napaea dioica L.;species;NA;0;jbuf;46,792200;7,1570177;NA;LC-MS QExactive Plus;MeOH/H2O;plant specimen
202405241518_EB_dbgi_002249_01_01.mzML;dbgi_002249;Lophospermum erubescens D.Don ex Sweet;NA;Negative;JBUF;jbuf;Lophospermum erubescens;Lophospermum erubescens D.Don ex Sweet;species;NA;0;jbuf;46,792553;7,1567210;NA;LC-MS QExactive Plus;MeOH/H2O;plant specimen
202405241518_EB_dbgi_002269_01_01.mzML;dbgi_002269;Pulmonaria obscura Dumort.;NA;Negative;JBUF;jbuf;Pulmonaria obscura;Pulmonaria obscura Dumort.;species;NA;0;jbuf;46,792572;7,1565800;NA;LC-MS QExactive Plus;MeOH/H2O;plant specimen
202405241518_EB_dbgi_002270_01_01.mzML;dbgi_002270;Veronica officinalis L.;NA;Negative;JBUF;jbuf;Veronica officinalis;Veronica officinalis L.;species;NA;0;jbuf;46,792553;7,1567993;NA;LC-MS QExactive Plus;MeOH/H2O;plant specimen
202405241518_EB_dbgi_002285_01_01.mzML;dbgi_002285;Kickxia elatine (L.) Dumort.;NA;Negative;JBUF;jbuf;Kickxia elatine;Kickxia elatine (L.) Dumort.;species;NA;0;jbuf;46,792560;7,1567216;NA;LC-MS QExactive Plus;MeOH/H2O;plant specimen
202405241518_EB_dbgi_002351_01_01.mzML;dbgi_002351;Globularia nudicaulis L.;NA;Negative;JBUF;jbuf;Globularia nudicaulis;Globularia nudicaulis L.;species;NA;0;jbuf;46,792550;7,1567660;NA;LC-MS QExactive Plus;MeOH/H2O;plant specimen
202405241518_EB_dbgi_002414_01_01.mzML;dbgi_002414;Nicotiana tabacum L.;NA;Negative;JBUF;jbuf;Nicotiana tabacum;Nicotiana tabacum L.;species;NA;0;jbuf;46,792534;7,1566963;NA;LC-MS QExactive Plus;MeOH/H2O;plant specimen
202405241518_EB_dbgi_002422_01_01.mzML;dbgi_002422;Vinca minor L.;NA;Negative;JBUF;jbuf;Vinca minor;Vinca minor L.;species;NA;0;jbuf;46,792520;7,1568630;NA;LC-MS QExactive Plus;MeOH/H2O;plant specimen
202405241518_EB_dbgi_002428_01_01.mzML;dbgi_002428;Eucommia ulmoides Oliv.;NA;Negative;JBUF;jbuf;Eucommia ulmoides;Eucommia ulmoides Oliv.;species;NA;0;jbuf;46,792507;7,1570120;NA;LC-MS QExactive Plus;MeOH/H2O;plant specimen
202405241518_EB_dbgi_002430_01_01.mzML;dbgi_002430;Prunus tomentosa Thunb.;NA;Negative;JBUF;jbuf;Prunus tomentosa;Prunus tomentosa Thunb.;species;NA;0;jbuf;46,792423;7,1573500;NA;LC-MS QExactive Plus;MeOH/H2O;plant specimen
202405241518_EB_dbgi_002434_01_01.mzML;dbgi_002434;Solanum villosum Mill.;NA;Negative;JBUF;jbuf;Solanum villosum;Solanum villosum Mill.;species;NA;0;jbuf;46,792540;7,1565500;NA;LC-MS QExactive Plus;MeOH/H2O;plant specimen
202405241518_EB_dbgi_002446_01_01.mzML;dbgi_002446;Ipomoea tricolor Cav.;NA;Negative;JBUF;jbuf;Ipomoea tricolor;Ipomoea tricolor Cav.;species;NA;0;jbuf;46,792526;7,1567990;NA;LC-MS QExactive Plus;MeOH/H2O;plant specimen
202405241518_EB_dbgi_002455_01_01.mzML;dbgi_002455;Phuopsis stylosa (Trin.) G.Nicholson;NA;Negative;JBUF;jbuf;Phuopsis stylosa;Phuopsis stylosa (Trin.) G.Nicholson;species;NA;0;jbuf;46,792520;7,1569567;NA;LC-MS QExactive Plus;MeOH/H2O;plant specimen
202405241518_EB_dbgi_002456_01_01.mzML;dbgi_002456;Galium verum subsp. verum;NA;Negative;JBUF;jbuf;Galium verum subsp. verum;Galium verum subsp. verum;subspecies;NA;0;jbuf;46,792520;7,1569505;NA;LC-MS QExactive Plus;MeOH/H2O;plant specimen
202405241518_EB_dbgi_002459_01_01.mzML;dbgi_002459;Gentiana septemfida Pall.;NA;Negative;JBUF;jbuf;Gentiana septemfida;Gentiana septemfida Pall.;species;NA;0;jbuf;46,792522;7,1568933;NA;LC-MS QExactive Plus;MeOH/H2O;plant specimen
202405241518_EB_dbgi_002460_01_01.mzML;dbgi_002460;Ipomoea purpurea (L.) Roth;NA;Negative;JBUF;jbuf;Ipomoea purpurea;Ipomoea purpurea (L.) Roth;species;NA;0;jbuf;46,792530;7,1567950;NA;LC-MS QExactive Plus;MeOH/H2O;plant specimen
202405241518_EB_dbgi_002463_01_01.mzML;dbgi_002463;Prunus padus subsp. padus;NA;Negative;JBUF;jbuf;Prunus padus subsp. padus;Prunus padus subsp. padus;subspecies;NA;0;jbuf;46,792400;7,1573910;NA;LC-MS QExactive Plus;MeOH/H2O;plant specimen
202405241518_EB_dbgi_002470_01_01.mzML;dbgi_002470;Nicotiana sylvestris Speg.;NA;Negative;JBUF;jbuf;Nicotiana sylvestris;Nicotiana sylvestris Speg.;species;NA;0;jbuf;46,792538;7,1567216;NA;LC-MS QExactive Plus;MeOH/H2O;plant specimen
202405241518_EB_dbgi_002471_01_01.mzML;dbgi_002471;Pourthiaea villosa (Thunb.) Decne.;NA;Negative;JBUF;jbuf;Pourthiaea villosa;Pourthiaea villosa (Thunb.) Decne.;species;NA;0;jbuf;46,792360;7,1573896;NA;LC-MS QExactive Plus;MeOH/H2O;plant specimen
202405241518_EB_dbgi_002472_01_01.mzML;dbgi_002472;Physocarpus opulifolius (L.) Maxim.;NA;Negative;JBUF;jbuf;Physocarpus opulifolius;Physocarpus opulifolius (L.) Maxim.;species;NA;0;jbuf;46,792370;7,1573677;NA;LC-MS QExactive Plus;MeOH/H2O;plant specimen
202405241518_EB_dbgi_002477_01_01.mzML;dbgi_002477;Prunus padus var. petraea (Tausch) R.Uechtr.;NA;Negative;JBUF;jbuf;Prunus padus var. petraea;Prunus padus var. petraea (Tausch) R.Uechtr.;variety;NA;0;jbuf;46,792385;7,1573577;NA;LC-MS QExactive Plus;MeOH/H2O;plant specimen
202405241518_EB_dbgi_002480_01_01.mzML;dbgi_002480;Plantago media L.;NA;Negative;JBUF;jbuf;Plantago media;Plantago media L.;species;NA;0;jbuf;46,792550;7,1568513;NA;LC-MS QExactive Plus;MeOH/H2O;plant specimen
202405241518_EB_dbgi_002488_01_01.mzML;dbgi_002488;Atropa belladonna subsp. belladonna;NA;Negative;JBUF;jbuf;Atropa belladonna subsp. belladonna;Atropa belladonna subsp. belladonna;subspecies;NA;0;jbuf;46,792545;7,1566740;NA;LC-MS QExactive Plus;MeOH/H2O;plant specimen
202405241518_EB_dbgi_002492_01_01.mzML;dbgi_002492;Solanum lycopersicum L.;NA;Negative;JBUF;jbuf;Solanum lycopersicum;Solanum lycopersicum L.;species;NA;0;jbuf;46,792545;7,1565750;NA;LC-MS QExactive Plus;MeOH/H2O;plant specimen
202405241518_EB_dbgi_002499_01_01.mzML;dbgi_002499;Brunnera macrophylla (Adams) I.M.Johnst.;NA;Negative;JBUF;jbuf;Brunnera macrophylla;Brunnera macrophylla (Adams) I.M.Johnst.;species;NA;0;jbuf;46,792572;7,1565714;NA;LC-MS QExactive Plus;MeOH/H2O;plant specimen
202405241518_EB_dbgi_002507_01_01.mzML;dbgi_002507;Alkekengi officinarum Moench;NA;Negative;JBUF;jbuf;Alkekengi officinarum;Alkekengi officinarum Moench;species;NA;0;jbuf;46,792550;7,1565990;NA;LC-MS QExactive Plus;MeOH/H2O;plant specimen
202405241518_EB_dbgi_002513_01_01.mzML;dbgi_002513;Penstemon spectabilis Thurb. ex Torr. & A.Gray;NA;Negative;JBUF;jbuf;Penstemon spectabilis;Penstemon spectabilis Thurb. ex Torr. & A.Gray;species;NA;0;jbuf;46,792553;7,1567073;NA;LC-MS QExactive Plus;MeOH/H2O;plant specimen
202405241518_EB_dbgi_002514_01_01.mzML;dbgi_002514;Globularia cordifolia L.;NA;Negative;JBUF;jbuf;Globularia cordifolia;Globularia cordifolia L.;species;NA;0;jbuf;46,792553;7,1567545;NA;LC-MS QExactive Plus;MeOH/H2O;plant specimen
202405241518_EB_dbgi_002515_01_01.mzML;dbgi_002515;Phacelia congesta (Douglas ex Lehm.) Hook.;NA;Negative;JBUF;jbuf;Phacelia congesta;Phacelia congesta (Douglas ex Lehm.) Hook.;species;NA;0;jbuf;46,792550;7,1565213;NA;LC-MS QExactive Plus;MeOH/H2O;plant specimen
202405241518_EB_dbgi_002520_01_01.mzML;dbgi_002520;Echium vulgare L.;NA;Negative;JBUF;jbuf;Echium vulgare;Echium vulgare L.;species;NA;0;jbuf;46,792572;7,1565480;NA;LC-MS QExactive Plus;MeOH/H2O;plant specimen
202405241518_EB_dbgi_002522_01_01.mzML;dbgi_002522;Lycium barbarum L.;NA;Negative;JBUF;jbuf;Lycium barbarum;Lycium barbarum L.;species;NA;0;jbuf;46,792538;7,1566653;NA;LC-MS QExactive Plus;MeOH/H2O;plant specimen
202405241518_EB_dbgi_002524_01_01.mzML;dbgi_002524;Prunus tenella Batsch;NA;Negative;JBUF;jbuf;Prunus tenella;Prunus tenella Batsch;species;NA;0;jbuf;46,792377;7,1573840;NA;LC-MS QExactive Plus;MeOH/H2O;plant specimen
202405241518_EB_dbgi_002528_01_01.mzML;dbgi_002528;Chelone obliqua L.;NA;Negative;JBUF;jbuf;Chelone obliqua;Chelone obliqua L.;species;NA;0;jbuf;46,792560;7,1567035;NA;LC-MS QExactive Plus;MeOH/H2O;plant specimen
202405241518_EB_dbgi_002529_01_01.mzML;dbgi_002529;Plantago alpina L.;NA;Negative;JBUF;jbuf;Plantago alpina;Plantago alpina L.;species;NA;0;jbuf;46,792540;7,1568513;NA;LC-MS QExactive Plus;MeOH/H2O;plant specimen
202405241518_EB_dbgi_002531_01_01.mzML;dbgi_002531;Veronica raoulii Hook.fil.;NA;Negative;JBUF;jbuf;Veronica raoulii;Veronica raoulii Hook.fil.;species;NA;1;jbuf;46,792553;7,1567880;NA;LC-MS QExactive Plus;MeOH/H2O;plant specimen
202405241518_EB_dbgi_002533_01_01.mzML;dbgi_002533;Cephalanthus occidentalis L.;NA;Negative;JBUF;jbuf;Cephalanthus occidentalis;Cephalanthus occidentalis L.;species;NA;0;jbuf;46,792520;7,1569240;NA;LC-MS QExactive Plus;MeOH/H2O;plant specimen
202405241518_EB_dbgi_002535_01_01.mzML;dbgi_002535;Vincetoxicum hirundinaria Medik.;NA;Negative;JBUF;jbuf;Vincetoxicum hirundinaria;Vincetoxicum hirundinaria Medik.;species;NA;0;jbuf;46,792522;7,1568410;NA;LC-MS QExactive Plus;MeOH/H2O;plant specimen
202405241518_EB_dbgi_002537_01_01.mzML;dbgi_002537;Anchusa officinalis L.;NA;Negative;JBUF;jbuf;Anchusa officinalis;Anchusa officinalis L.;species;NA;0;jbuf;46,792564;7,1566014;NA;LC-MS QExactive Plus;MeOH/H2O;plant specimen
202405241518_EB_dbgi_002541_01_01.mzML;dbgi_002541;Clinopodium album (Waldst. & Kit.) Bräuchler & Govaerts;NA;Negative;JBUF;jbuf;Clinopodium album;Clinopodium album (Waldst. & Kit.) Bräuchler & Govaerts;species;NA;0;jbuf;46,792606;7,1566153;NA;LC-MS QExactive Plus;MeOH/H2O;plant specimen
202405241518_EB_dbgi_002550_01_01.mzML;dbgi_002550;Nepeta cataria L.;NA;Negative;JBUF;jbuf;Nepeta cataria;Nepeta cataria L.;species;NA;1;jbuf;46,792590;7,1567050;NA;LC-MS QExactive Plus;MeOH/H2O;plant specimen
202405241518_EB_dbgi_002564_01_01.mzML;dbgi_002564;Salvia coccinea Buc'hoz ex Etl.;NA;Negative;JBUF;jbuf;Salvia coccinea;Salvia coccinea Buc'hoz ex Etl.;species;NA;0;jbuf;46,792587;7,1567597;NA;LC-MS QExactive Plus;MeOH/H2O;plant specimen
202405241518_EB_dbgi_002569_01_01.mzML;dbgi_002569;Ocimum tenuiflorum L.;NA;Negative;JBUF;jbuf;Ocimum tenuiflorum;Ocimum tenuiflorum L.;species;NA;0;jbuf;46,792587;7,1568160;NA;LC-MS QExactive Plus;MeOH/H2O;plant specimen
202405241518_EB_dbgi_002576_01_01.mzML;dbgi_002576;Salvia glutinosa L.;NA;Negative;JBUF;jbuf;Salvia glutinosa;Salvia glutinosa L.;species;NA;0;jbuf;46,792590;7,1567492;NA;LC-MS QExactive Plus;MeOH/H2O;plant specimen
202405241518_EB_dbgi_002578_01_01.mzML;dbgi_002578;Verbascum lychnitis L.;NA;Negative;JBUF;jbuf;Verbascum lychnitis;Verbascum lychnitis L.;species;NA;0;jbuf;46,792538;7,1569210;NA;LC-MS QExactive Plus;MeOH/H2O;plant specimen
202405241518_EB_dbgi_002583_01_01.mzML;dbgi_002583;Scrophularia umbrosa Dumort.;NA;Negative;JBUF;jbuf;Scrophularia umbrosa;Scrophularia umbrosa Dumort.;species;NA;0;jbuf;46,792538;7,1569000;NA;LC-MS QExactive Plus;MeOH/H2O;plant specimen
202405241518_EB_dbgi_002591_01_01.mzML;dbgi_002591;Isodon glaucocalyx (Maxim.) Kudô;NA;Negative;JBUF;jbuf;Isodon glaucocalyx;Isodon glaucocalyx (Maxim.) Kudô;species;NA;0;jbuf;46,792587;7,1568030;NA;LC-MS QExactive Plus;MeOH/H2O;plant specimen
202405241518_EB_dbgi_002595_01_01.mzML;dbgi_002595;Plantago arenaria Waldst. & Kit.;NA;Negative;JBUF;jbuf;Plantago arenaria;Plantago arenaria Waldst. & Kit.;species;NA;0;jbuf;46,792545;7,1568660;NA;LC-MS QExactive Plus;MeOH/H2O;plant specimen
202405241518_EB_dbgi_002605_01_01.mzML;dbgi_002605;Salvia officinalis L.;NA;Negative;JBUF;jbuf;Salvia officinalis;Salvia officinalis L.;species;NA;0;jbuf;46,792583;7,1567780;NA;LC-MS QExactive Plus;MeOH/H2O;plant specimen
202405241518_EB_dbgi_002611_01_01.mzML;dbgi_002611;Plantago coronopus L.;NA;Negative;JBUF;jbuf;Plantago coronopus;Plantago coronopus L.;species;NA;0;jbuf;46,792540;7,1568580;NA;LC-MS QExactive Plus;MeOH/H2O;plant specimen
202405241518_EB_dbgi_002616_01_01.mzML;dbgi_002616;Alonsoa meridionalis (L.fil.) Kuntze;NA;Negative;JBUF;jbuf;Alonsoa meridionalis;Alonsoa meridionalis (L.fil.) Kuntze;species;NA;0;jbuf;46,792545;7,1568856;NA;LC-MS QExactive Plus;MeOH/H2O;plant specimen
202405241518_EB_dbgi_002620_01_01.mzML;dbgi_002620;Lonicera periclymenum L.;NA;Negative;JBUF;jbuf;Lonicera periclymenum;Lonicera periclymenum L.;species;NA;0;jbuf;46,792600;7,1568613;NA;LC-MS QExactive Plus;MeOH/H2O;plant specimen
202405241518_EB_dbgi_002703_01_01.mzML;dbgi_002703;Mentha suaveolens Ehrh.;NA;Negative;JBUF;jbuf;Mentha suaveolens;Mentha suaveolens Ehrh.;species;NA;0;jbuf;46,792603;7,1566280;NA;LC-MS QExactive Plus;MeOH/H2O;plant specimen
202405241518_EB_dbgi_002707_01_01.mzML;dbgi_002707;Salvia farinacea Benth.;NA;Negative;JBUF;jbuf;Salvia farinacea;Salvia farinacea Benth.;species;NA;0;jbuf;46,792587;7,1567500;NA;LC-MS QExactive Plus;MeOH/H2O;plant specimen
202405241518_EB_dbgi_002709_01_01.mzML;dbgi_002709;Mentha pulegium L.;NA;Negative;JBUF;jbuf;Mentha pulegium;Mentha pulegium L.;species;NA;0;jbuf;46,792600;7,1566250;NA;LC-MS QExactive Plus;MeOH/H2O;plant specimen
202405241518_EB_dbgi_002710_01_01.mzML;dbgi_002710;Salvia patens Cav.;NA;Negative;JBUF;jbuf;Salvia patens;Salvia patens Cav.;species;NA;0;jbuf;46,792595;7,1567388;NA;LC-MS QExactive Plus;MeOH/H2O;plant specimen
202405241518_EB_dbgi_002711_01_01.mzML;dbgi_002711;Clinopodium vulgare L.;NA;Negative;JBUF;jbuf;Clinopodium vulgare;Clinopodium vulgare L.;species;NA;0;jbuf;46,792603;7,1565876;NA;LC-MS QExactive Plus;MeOH/H2O;plant specimen
202405241518_EB_dbgi_002712_01_01.mzML;dbgi_002712;Melissa officinalis L.;NA;Negative;JBUF;jbuf;Melissa officinalis;Melissa officinalis L.;species;NA;0;jbuf;46,792583;7,1568010;NA;LC-MS QExactive Plus;MeOH/H2O;plant specimen
202405241518_EB_dbgi_002714_01_01.mzML;dbgi_002714;Clinopodium acinos (L.) Kuntze;NA;Negative;JBUF;jbuf;Clinopodium acinos;Clinopodium acinos (L.) Kuntze;species;NA;0;jbuf;46,792600;7,1566143;NA;LC-MS QExactive Plus;MeOH/H2O;plant specimen
202405241518_EB_dbgi_002730_01_01.mzML;dbgi_002730;Pycnanthemum virginianum (L.) T.Durand & B.D.Jacks. ex B.L.Rob. & Fernald;NA;Negative;JBUF;jbuf;Pycnanthemum virginianum;Pycnanthemum virginianum (L.) T.Durand & B.D.Jacks. ex B.L.Rob. & Fernald;species;NA;1;jbuf;46,792600;7,1566367;NA;LC-MS QExactive Plus;MeOH/H2O;plant specimen
202405241518_EB_dbgi_002736_01_01.mzML;dbgi_002736;Lycopus europaeus L.;NA;Negative;JBUF;jbuf;Lycopus europaeus;Lycopus europaeus L.;species;NA;0;jbuf;46,792595;7,1567307;NA;LC-MS QExactive Plus;MeOH/H2O;plant specimen
202405241518_EB_dbgi_002737_01_01.mzML;dbgi_002737;Buddleja lindleyana Fortune ex Lindl.;NA;Negative;JBUF;jbuf;Buddleja lindleyana;Buddleja lindleyana Fortune ex Lindl.;species;NA;0;jbuf;46,792534;7,1569520;NA;LC-MS QExactive Plus;MeOH/H2O;plant specimen
202405241518_EB_dbgi_002744_01_01.mzML;dbgi_002744;Verbascum bombyciferum Boiss.;NA;Negative;JBUF;jbuf;Verbascum bombyciferum;Verbascum bombyciferum Boiss.;species;NA;0;jbuf;46,792534;7,1569390;NA;LC-MS QExactive Plus;MeOH/H2O;plant specimen
202406251749_PMA_dbgi_003101_01_01.mzML;dbgi_003101;Neillia incisa (Thunb.) S.H.Oh;NA;Positive;JBUF;jbuf;Neillia incisa;Neillia incisa (Thunb.) S.H.Oh;species;Leaf;0;jbuf;46,792410;7,1573086;20240625141040;LC-MS QExactive Plus;MeOH/H2O;plant specimen
202406251749_PMA_dbgi_003140_01_01.mzML;dbgi_003140;Papaver somniferum L.;NA;Positive;JBUF;jbuf;Papaver somniferum;Papaver somniferum L.;species;Leaf;0;jbuf;46,792496;7,1564956;20240625134025;LC-MS QExactive Plus;MeOH/H2O;plant specimen
202406251749_PMA_dbgi_003151_01_01.mzML;dbgi_003151;Solanum lycopersicum L.;NA;Positive;JBUF;jbuf;Solanum lycopersicum;Solanum lycopersicum L.;species;Leaf;0;jbuf;46,792550;7,1565866;20240625142356;LC-MS QExactive Plus;MeOH/H2O;plant specimen
202406251749_PMA_dbgi_003154_01_01.mzML;dbgi_003154;Datura stramonium var. stramonium L.;NA;Positive;JBUF;jbuf;Datura stramonium var. stramonium;Datura stramonium var. stramonium L.;variety;Leaf;0;jbuf;46,792538;7,1566720;20240625141826;LC-MS QExactive Plus;MeOH/H2O;plant specimen
202406251749_PMA_dbgi_003155_01_01.mzML;dbgi_003155;Rubus idaeus L.;NA;Positive;JBUF;jbuf;Rubus idaeus;Rubus idaeus L.;species;Leaf;0;jbuf;46,792540;7,1572310;20240625135158;LC-MS QExactive Plus;MeOH/H2O;plant specimen
202406251749_PMA_dbgi_003164_01_01.mzML;dbgi_003164;Glaucium flavum Crantz;NA;Positive;JBUF;jbuf;Glaucium flavum;Glaucium flavum Crantz;species;Leaf;0;jbuf;46,792470;7,1564975;20240625141250;LC-MS QExactive Plus;MeOH/H2O;plant specimen
202406251749_PMA_dbgi_003179_01_01.mzML;dbgi_003179;Lamprocapnos spectabilis (L.) Fukuhara;NA;Positive;JBUF;jbuf;Lamprocapnos spectabilis;Lamprocapnos spectabilis (L.) Fukuhara;species;Stems;0;jbuf;46,792465;7,1564950;20240625140019;LC-MS QExactive Plus;MeOH/H2O;plant specimen
202406251749_PMA_dbgi_003180_01_01.mzML;dbgi_003180;Petunia integrifolia (Hook.) Schinz & Thell.;NA;Positive;JBUF;jbuf;Petunia integrifolia;Petunia integrifolia (Hook.) Schinz & Thell.;species;Leaf;0;jbuf;46,792587;7,1567000;20240625142337;LC-MS QExactive Plus;MeOH/H2O;plant specimen
202406251749_PMA_dbgi_003185_01_01.mzML;dbgi_003185;Agrimonia eupatoria L.;NA;Positive;JBUF;jbuf;Agrimonia eupatoria;Agrimonia eupatoria L.;species;Leaf;0;jbuf;46,792550;7,1572490;20240625134458;LC-MS QExactive Plus;MeOH/H2O;plant specimen
202406251749_PMA_dbgi_003187_01_01.mzML;dbgi_003187;Glaucium flavum Crantz;NA;Positive;JBUF;jbuf;Glaucium flavum;Glaucium flavum Crantz;species;Fruit;0;jbuf;46,792477;7,1564960;20240625140737;LC-MS QExactive Plus;MeOH/H2O;plant specimen
202406251749_PMA_dbgi_003196_01_01.mzML;dbgi_003196;Geum fragarioides (Michx.) Smedmark;NA;Positive;JBUF;jbuf;Geum fragarioides;Geum fragarioides (Michx.) Smedmark;species;Leaf;0;jbuf;46,792458;7,1572285;20240625135923;LC-MS QExactive Plus;MeOH/H2O;plant specimen
202406251749_PMA_dbgi_003198_01_01.mzML;dbgi_003198;Corydalis flexuosa Franch.;NA;Positive;JBUF;jbuf;Corydalis flexuosa;Corydalis flexuosa Franch.;species;Leaf;0;jbuf;46,792450;7,1564803;20240625135055;LC-MS QExactive Plus;MeOH/H2O;plant specimen
202406251749_PMA_dbgi_003214_01_01.mzML;dbgi_003214;Hyoscyamus niger L.;NA;Positive;JBUF;jbuf;Hyoscyamus niger;Hyoscyamus niger L.;species;Leaf;0;jbuf;46,792603;7,1567100;20240625141853;LC-MS QExactive Plus;MeOH/H2O;plant specimen
202406251749_PMA_dbgi_003223_01_01.mzML;dbgi_003223;Rosa glauca Pourr.;NA;Positive;JBUF;jbuf;Rosa glauca;Rosa glauca Pourr.;species;Leaf;0;jbuf;46,792450;7,1572824;20240625140558;LC-MS QExactive Plus;MeOH/H2O;plant specimen
202406251802_PMA_dbgi_003101_01_01.mzML;dbgi_003101;Neillia incisa (Thunb.) S.H.Oh;NA;Negative;JBUF;jbuf;Neillia incisa;Neillia incisa (Thunb.) S.H.Oh;species;Leaf;0;jbuf;46,792410;7,1573086;20240625141040;LC-MS QExactive Plus;MeOH/H2O;plant specimen
202406251802_PMA_dbgi_003140_01_01.mzML;dbgi_003140;Papaver somniferum L.;NA;Negative;JBUF;jbuf;Papaver somniferum;Papaver somniferum L.;species;Leaf;0;jbuf;46,792496;7,1564956;20240625134025;LC-MS QExactive Plus;MeOH/H2O;plant specimen
202406251802_PMA_dbgi_003151_01_01.mzML;dbgi_003151;Solanum lycopersicum L.;NA;Negative;JBUF;jbuf;Solanum lycopersicum;Solanum lycopersicum L.;species;Leaf;0;jbuf;46,792550;7,1565866;20240625142356;LC-MS QExactive Plus;MeOH/H2O;plant specimen
202406251802_PMA_dbgi_003154_01_01.mzML;dbgi_003154;Datura stramonium var. stramonium L.;NA;Negative;JBUF;jbuf;Datura stramonium var. stramonium;Datura stramonium var. stramonium L.;variety;Leaf;0;jbuf;46,792538;7,1566720;20240625141826;LC-MS QExactive Plus;MeOH/H2O;plant specimen
202406251802_PMA_dbgi_003155_01_01.mzML;dbgi_003155;Rubus idaeus L.;NA;Negative;JBUF;jbuf;Rubus idaeus;Rubus idaeus L.;species;Leaf;0;jbuf;46,792540;7,1572310;20240625135158;LC-MS QExactive Plus;MeOH/H2O;plant specimen
202406251802_PMA_dbgi_003164_01_01.mzML;dbgi_003164;Glaucium flavum Crantz;NA;Negative;JBUF;jbuf;Glaucium flavum;Glaucium flavum Crantz;species;Leaf;0;jbuf;46,792470;7,1564975;20240625141250;LC-MS QExactive Plus;MeOH/H2O;plant specimen
202406251802_PMA_dbgi_003179_01_01.mzML;dbgi_003179;Lamprocapnos spectabilis (L.) Fukuhara;NA;Negative;JBUF;jbuf;Lamprocapnos spectabilis;Lamprocapnos spectabilis (L.) Fukuhara;species;Stems;0;jbuf;46,792465;7,1564950;20240625140019;LC-MS QExactive Plus;MeOH/H2O;plant specimen
202406251802_PMA_dbgi_003180_01_01.mzML;dbgi_003180;Petunia integrifolia (Hook.) Schinz & Thell.;NA;Negative;JBUF;jbuf;Petunia integrifolia;Petunia integrifolia (Hook.) Schinz & Thell.;species;Leaf;0;jbuf;46,792587;7,1567000;20240625142337;LC-MS QExactive Plus;MeOH/H2O;plant specimen
202406251802_PMA_dbgi_003185_01_01.mzML;dbgi_003185;Agrimonia eupatoria L.;NA;Negative;JBUF;jbuf;Agrimonia eupatoria;Agrimonia eupatoria L.;species;Leaf;0;jbuf;46,792550;7,1572490;20240625134458;LC-MS QExactive Plus;MeOH/H2O;plant specimen
202406251802_PMA_dbgi_003187_01_01.mzML;dbgi_003187;Glaucium flavum Crantz;NA;Negative;JBUF;jbuf;Glaucium flavum;Glaucium flavum Crantz;species;Fruit;0;jbuf;46,792477;7,1564960;20240625140737;LC-MS QExactive Plus;MeOH/H2O;plant specimen
202406251802_PMA_dbgi_003196_01_01.mzML;dbgi_003196;Geum fragarioides (Michx.) Smedmark;NA;Negative;JBUF;jbuf;Geum fragarioides;Geum fragarioides (Michx.) Smedmark;species;Leaf;0;jbuf;46,792458;7,1572285;20240625135923;LC-MS QExactive Plus;MeOH/H2O;plant specimen
202406251802_PMA_dbgi_003198_01_01.mzML;dbgi_003198;Corydalis flexuosa Franch.;NA;Negative;JBUF;jbuf;Corydalis flexuosa;Corydalis flexuosa Franch.;species;Leaf;0;jbuf;46,792450;7,1564803;20240625135055;LC-MS QExactive Plus;MeOH/H2O;plant specimen
202406251802_PMA_dbgi_003214_01_01.mzML;dbgi_003214;Hyoscyamus niger L.;NA;Negative;JBUF;jbuf;Hyoscyamus niger;Hyoscyamus niger L.;species;Leaf;0;jbuf;46,792603;7,1567100;20240625141853;LC-MS QExactive Plus;MeOH/H2O;plant specimen
202406251802_PMA_dbgi_003223_01_01.mzML;dbgi_003223;Rosa glauca Pourr.;NA;Negative;JBUF;jbuf;Rosa glauca;Rosa glauca Pourr.;species;Leaf;0;jbuf;46,792450;7,1572824;20240625140558;LC-MS QExactive Plus;MeOH/H2O;plant specimen
202504301430_CVOL_dbgi_007195_01_01.mzML;dbgi_007195;Angelica archangelica subsp. archangelica;NA;Positive;JBUF;jbuf;Angelica archangelica subsp. archangelica;Angelica archangelica subsp. archangelica;subspecies;NA;0;jbuf;46,793030;7,1565275;NA;LC-MS QExactive HFX;MeOH/H2O;plant specimen
202504301430_CVOL_dbgi_007196_01_01.mzML;dbgi_007196;Primula veris subsp. veris;NA;Positive;JBUF;jbuf;Primula veris subsp. veris;Primula veris subsp. veris;subspecies;NA;0;jbuf;46,793015;7,1565360;NA;LC-MS QExactive HFX;MeOH/H2O;plant specimen
202504301430_CVOL_dbgi_007232_01_01.mzML;dbgi_007232;Daucus carota L.;NA;Positive;JBUF;jbuf;Daucus carota;Daucus carota L.;species;NA;0;jbuf;46,793022;7,1566010;NA;LC-MS QExactive HFX;MeOH/H2O;plant specimen
202504301430_CVOL_dbgi_007266_01_01.mzML;dbgi_007266;Ruta graveolens L.;NA;Positive;JBUF;jbuf;Ruta graveolens;Ruta graveolens L.;species;NA;0;jbuf;46,793045;7,1566550;NA;LC-MS QExactive HFX;MeOH/H2O;plant specimen
202504301430_CVOL_dbgi_007276_01_01.mzML;dbgi_007276;Salvia staminea Montbret & Aucher ex Benth.;NA;Positive;JBUF;jbuf;Salvia staminea;Salvia staminea Montbret & Aucher ex Benth.;species;NA;1;jbuf;46,793010;7,1568690;NA;LC-MS QExactive HFX;MeOH/H2O;plant specimen
202504301430_CVOL_dbgi_007282_01_01.mzML;dbgi_007282;Salvia tomentosa Mill.;NA;Positive;JBUF;jbuf;Salvia tomentosa;Salvia tomentosa Mill.;species;NA;0;jbuf;46,793030;7,1567225;NA;LC-MS QExactive HFX;MeOH/H2O;plant specimen
202504301430_CVOL_dbgi_007284_01_01.mzML;dbgi_007284;Salvia verticillata L.;NA;Positive;JBUF;jbuf;Salvia verticillata;Salvia verticillata L.;species;NA;0;jbuf;46,792930;7,1570516;NA;LC-MS QExactive HFX;MeOH/H2O;plant specimen
202504301430_CVOL_dbgi_007285_01_01.mzML;dbgi_007285;Rosa lucieae Franch. & Rochebr.;NA;Positive;JBUF;jbuf;Rosa lucieae;Rosa lucieae Franch. & Rochebr.;species;Leaf;0;jbuf;46,793010;7,1563373;NA;LC-MS QExactive HFX;MeOH/H2O;plant specimen
202504301430_CVOL_dbgi_007293_01_01.mzML;dbgi_007293;Rosa omeiensis Rolfe;NA;Positive;JBUF;jbuf;Rosa omeiensis;Rosa omeiensis Rolfe;species;Leaf;0;jbuf;46,792892;7,1565720;NA;LC-MS QExactive HFX;MeOH/H2O;plant specimen
202504301430_CVOL_dbgi_007295_01_01.mzML;dbgi_007295;Salvia virgata Jacq.;NA;Positive;JBUF;jbuf;Salvia virgata;Salvia virgata Jacq.;species;NA;1;jbuf;46,792934;7,1570415;NA;LC-MS QExactive HFX;MeOH/H2O;plant specimen
202504301430_CVOL_dbgi_007298_01_01.mzML;dbgi_007298;Salvia tomentosa Mill.;NA;Positive;JBUF;jbuf;Salvia tomentosa;Salvia tomentosa Mill.;species;NA;1;jbuf;46,792934;7,1570272;NA;LC-MS QExactive HFX;MeOH/H2O;plant specimen
202504301430_CVOL_dbgi_007354_01_01.mzML;dbgi_007354;Miscanthus sinensis Andersson;NA;Positive;JBUF;jbuf;Miscanthus sinensis;Miscanthus sinensis Andersson;species;Leaf;0;jbuf;46,792854;7,1567070;NA;LC-MS QExactive HFX;MeOH/H2O;plant specimen
202504301430_CVOL_dbgi_007355_01_01.mzML;dbgi_007355;Akebia quinata (Houtt.) Decne.;NA;Positive;JBUF;jbuf;Akebia quinata;Akebia quinata (Houtt.) Decne.;species;Leaf;0;jbuf;46,792847;7,1567990;NA;LC-MS QExactive HFX;MeOH/H2O;plant specimen
202504301430_CVOL_dbgi_007366_01_01.mzML;dbgi_007366;Rosa L.;NA;Positive;JBUF;jbuf;Rosa;Rosa L.;genus;Leaf;0;jbuf;46,792976;7,1565600;NA;LC-MS QExactive HFX;MeOH/H2O;plant specimen
202504301430_CVOL_dbgi_007368_01_01.mzML;dbgi_007368;Salvia involucrata Cav.;NA;Positive;JBUF;jbuf;Salvia involucrata;Salvia involucrata Cav.;species;Leaf;0;jbuf;46,792828;7,1569595;NA;LC-MS QExactive HFX;MeOH/H2O;plant specimen
202504301430_CVOL_dbgi_007383_01_01.mzML;dbgi_007383;Salvia confertiflora Pohl;NA;Positive;JBUF;jbuf;Salvia confertiflora;Salvia confertiflora Pohl;species;Flower;0;jbuf;46,792830;7,1569877;NA;LC-MS QExactive HFX;MeOH/H2O;plant specimen
202504301430_CVOL_dbgi_007393_01_01.mzML;dbgi_007393;Salvia corrugata Vahl;NA;Positive;JBUF;jbuf;Salvia corrugata;Salvia corrugata Vahl;species;Flower;0;jbuf;46,792830;7,1569977;NA;LC-MS QExactive HFX;MeOH/H2O;plant specimen
202504301430_CVOL_dbgi_007404_01_01.mzML;dbgi_007404;Salvia elegans Vahl;NA;Positive;JBUF;jbuf;Salvia elegans;Salvia elegans Vahl;species;Flower;1;jbuf;46,792830;7,1569533;NA;LC-MS QExactive HFX;MeOH/H2O;plant specimen
202504301430_CVOL_dbgi_007427_01_01.mzML;dbgi_007427;Salvia chiapensis Fernald;NA;Positive;JBUF;jbuf;Salvia chiapensis;Salvia chiapensis Fernald;species;Leaf;0;jbuf;46,792830;7,1569705;NA;LC-MS QExactive HFX;MeOH/H2O;plant specimen
202504301430_CVOL_dbgi_007457_01_01.mzML;dbgi_007457;Salvia pansamalensis Donn.Sm.;NA;Positive;JBUF;jbuf;Salvia pansamalensis;Salvia pansamalensis Donn.Sm.;species;Flower;0;jbuf;46,792847;7,1570544;NA;LC-MS QExactive HFX;MeOH/H2O;plant specimen
202504301430_CVOL_dbgi_007476_01_01.mzML;dbgi_007476;Salvia × sylvestris L.;NA;Positive;JBUF;jbuf;Salvia × sylvestris;Salvia × sylvestris L.;species;Leaf;0;jbuf;46,792927;7,1570907;NA;LC-MS QExactive HFX;MeOH/H2O;plant specimen
202504301430_CVOL_dbgi_007492_01_01.mzML;dbgi_007492;Rosa spinosissima L.;NA;Positive;JBUF;jbuf;Rosa spinosissima;Rosa spinosissima L.;species;Leaf;0;jbuf;46,792873;7,1565780;NA;LC-MS QExactive HFX;MeOH/H2O;plant specimen
202504301443_CVOL_dbgi_007195_01_01.mzML;dbgi_007195;Angelica archangelica subsp. archangelica;NA;Negative;JBUF;jbuf;Angelica archangelica subsp. archangelica;Angelica archangelica subsp. archangelica;subspecies;NA;0;jbuf;46,793030;7,1565275;NA;LC-MS QExactive HFX;MeOH/H2O;plant specimen
202504301443_CVOL_dbgi_007196_01_01.mzML;dbgi_007196;Primula veris subsp. veris;NA;Negative;JBUF;jbuf;Primula veris subsp. veris;Primula veris subsp. veris;subspecies;NA;0;jbuf;46,793015;7,1565360;NA;LC-MS QExactive HFX;MeOH/H2O;plant specimen
202504301443_CVOL_dbgi_007232_01_01.mzML;dbgi_007232;Daucus carota L.;NA;Negative;JBUF;jbuf;Daucus carota;Daucus carota L.;species;NA;0;jbuf;46,793022;7,1566010;NA;LC-MS QExactive HFX;MeOH/H2O;plant specimen
202504301443_CVOL_dbgi_007266_01_01.mzML;dbgi_007266;Ruta graveolens L.;NA;Negative;JBUF;jbuf;Ruta graveolens;Ruta graveolens L.;species;NA;0;jbuf;46,793045;7,1566550;NA;LC-MS QExactive HFX;MeOH/H2O;plant specimen
202504301443_CVOL_dbgi_007276_01_01.mzML;dbgi_007276;Salvia staminea Montbret & Aucher ex Benth.;NA;Negative;JBUF;jbuf;Salvia staminea;Salvia staminea Montbret & Aucher ex Benth.;species;NA;1;jbuf;46,793010;7,1568690;NA;LC-MS QExactive HFX;MeOH/H2O;plant specimen
202504301443_CVOL_dbgi_007282_01_01.mzML;dbgi_007282;Salvia tomentosa Mill.;NA;Negative;JBUF;jbuf;Salvia tomentosa;Salvia tomentosa Mill.;species;NA;0;jbuf;46,793030;7,1567225;NA;LC-MS QExactive HFX;MeOH/H2O;plant specimen
202504301443_CVOL_dbgi_007284_01_01.mzML;dbgi_007284;Salvia verticillata L.;NA;Negative;JBUF;jbuf;Salvia verticillata;Salvia verticillata L.;species;NA;0;jbuf;46,792930;7,1570516;NA;LC-MS QExactive HFX;MeOH/H2O;plant specimen
202504301443_CVOL_dbgi_007285_01_01.mzML;dbgi_007285;Rosa lucieae Franch. & Rochebr.;NA;Negative;JBUF;jbuf;Rosa lucieae;Rosa lucieae Franch. & Rochebr.;species;Leaf;0;jbuf;46,793010;7,1563373;NA;LC-MS QExactive HFX;MeOH/H2O;plant specimen
202504301443_CVOL_dbgi_007293_01_01.mzML;dbgi_007293;Rosa omeiensis Rolfe;NA;Negative;JBUF;jbuf;Rosa omeiensis;Rosa omeiensis Rolfe;species;Leaf;0;jbuf;46,792892;7,1565720;NA;LC-MS QExactive HFX;MeOH/H2O;plant specimen
202504301443_CVOL_dbgi_007295_01_01.mzML;dbgi_007295;Salvia virgata Jacq.;NA;Negative;JBUF;jbuf;Salvia virgata;Salvia virgata Jacq.;species;NA;1;jbuf;46,792934;7,1570415;NA;LC-MS QExactive HFX;MeOH/H2O;plant specimen
202504301443_CVOL_dbgi_007298_01_01.mzML;dbgi_007298;Salvia tomentosa Mill.;NA;Negative;JBUF;jbuf;Salvia tomentosa;Salvia tomentosa Mill.;species;NA;1;jbuf;46,792934;7,1570272;NA;LC-MS QExactive HFX;MeOH/H2O;plant specimen
202504301443_CVOL_dbgi_007354_01_01.mzML;dbgi_007354;Miscanthus sinensis Andersson;NA;Negative;JBUF;jbuf;Miscanthus sinensis;Miscanthus sinensis Andersson;species;Leaf;0;jbuf;46,792854;7,1567070;NA;LC-MS QExactive HFX;MeOH/H2O;plant specimen
202504301443_CVOL_dbgi_007355_01_01.mzML;dbgi_007355;Akebia quinata (Houtt.) Decne.;NA;Negative;JBUF;jbuf;Akebia quinata;Akebia quinata (Houtt.) Decne.;species;Leaf;0;jbuf;46,792847;7,1567990;NA;LC-MS QExactive HFX;MeOH/H2O;plant specimen
202504301443_CVOL_dbgi_007366_01_01.mzML;dbgi_007366;Rosa L.;NA;Negative;JBUF;jbuf;Rosa;Rosa L.;genus;Leaf;0;jbuf;46,792976;7,1565600;NA;LC-MS QExactive HFX;MeOH/H2O;plant specimen
202504301443_CVOL_dbgi_007368_01_01.mzML;dbgi_007368;Salvia involucrata Cav.;NA;Negative;JBUF;jbuf;Salvia involucrata;Salvia involucrata Cav.;species;Leaf;0;jbuf;46,792828;7,1569595;NA;LC-MS QExactive HFX;MeOH/H2O;plant specimen
202504301443_CVOL_dbgi_007383_01_01.mzML;dbgi_007383;Salvia confertiflora Pohl;NA;Negative;JBUF;jbuf;Salvia confertiflora;Salvia confertiflora Pohl;species;Flower;0;jbuf;46,792830;7,1569877;NA;LC-MS QExactive HFX;MeOH/H2O;plant specimen
202504301443_CVOL_dbgi_007393_01_01.mzML;dbgi_007393;Salvia corrugata Vahl;NA;Negative;JBUF;jbuf;Salvia corrugata;Salvia corrugata Vahl;species;Flower;0;jbuf;46,792830;7,1569977;NA;LC-MS QExactive HFX;MeOH/H2O;plant specimen
202504301443_CVOL_dbgi_007404_01_01.mzML;dbgi_007404;Salvia elegans Vahl;NA;Negative;JBUF;jbuf;Salvia elegans;Salvia elegans Vahl;species;Flower;1;jbuf;46,792830;7,1569533;NA;LC-MS QExactive HFX;MeOH/H2O;plant specimen
202504301443_CVOL_dbgi_007427_01_01.mzML;dbgi_007427;Salvia chiapensis Fernald;NA;Negative;JBUF;jbuf;Salvia chiapensis;Salvia chiapensis Fernald;species;Leaf;0;jbuf;46,792830;7,1569705;NA;LC-MS QExactive HFX;MeOH/H2O;plant specimen
202504301443_CVOL_dbgi_007457_01_01.mzML;dbgi_007457;Salvia pansamalensis Donn.Sm.;NA;Negative;JBUF;jbuf;Salvia pansamalensis;Salvia pansamalensis Donn.Sm.;species;Flower;0;jbuf;46,792847;7,1570544;NA;LC-MS QExactive HFX;MeOH/H2O;plant specimen
202504301443_CVOL_dbgi_007476_01_01.mzML;dbgi_007476;Salvia × sylvestris L.;NA;Negative;JBUF;jbuf;Salvia × sylvestris;Salvia × sylvestris L.;species;Leaf;0;jbuf;46,792927;7,1570907;NA;LC-MS QExactive HFX;MeOH/H2O;plant specimen
202504301443_CVOL_dbgi_007492_01_01.mzML;dbgi_007492;Rosa spinosissima L.;NA;Negative;JBUF;jbuf;Rosa spinosissima;Rosa spinosissima L.;species;Leaf;0;jbuf;46,792873;7,1565780;NA;LC-MS QExactive HFX;MeOH/H2O;plant specimen
202505131015_CVOL_dbgi_003071_01_01.mzML;dbgi_003071;Digitalis purpurea L.;NA;Positive;JBUF;jbuf;Digitalis purpurea;Digitalis purpurea L.;species;NA;0;jbuf;46,793030;7,1566590;NA;LC-MS QExactive HFX;MeOH/H2O;plant specimen
202505131015_CVOL_dbgi_003188_01_01.mzML;dbgi_003188;Galium odoratum (L.) Scop.;NA;Positive;JBUF;jbuf;Galium odoratum;Galium odoratum (L.) Scop.;species;NA;0;jbuf;46,793045;7,1565433;NA;LC-MS QExactive HFX;MeOH/H2O;plant specimen
202505131015_CVOL_dbgi_007185_01_01.mzML;dbgi_007185;Taxus baccata L.;NA;Positive;JBUF;jbuf;Taxus baccata;Taxus baccata L.;species;NA;1;jbuf;46,793030;7,1563550;NA;LC-MS QExactive HFX;MeOH/H2O;plant specimen
202505131015_CVOL_dbgi_007189_01_01.mzML;dbgi_007189;Viola tricolor L.;NA;Positive;JBUF;jbuf;Viola tricolor;Viola tricolor L.;species;NA;0;jbuf;46,793020;7,1566320;NA;LC-MS QExactive HFX;MeOH/H2O;plant specimen
202505131015_CVOL_dbgi_007194_01_01.mzML;dbgi_007194;Vitex agnus-castus L.;NA;Positive;JBUF;jbuf;Vitex agnus-castus;Vitex agnus-castus L.;species;NA;0;jbuf;46,793083;7,1563770;NA;LC-MS QExactive HFX;MeOH/H2O;plant specimen
202505131015_CVOL_dbgi_007203_01_01.mzML;dbgi_007203;Eleutherococcus senticosus (Rupr. & Maxim.) Maxim.;NA;Positive;JBUF;jbuf;Eleutherococcus senticosus;Eleutherococcus senticosus (Rupr. & Maxim.) Maxim.;species;NA;0;jbuf;46,793003;7,1565447;NA;LC-MS QExactive HFX;MeOH/H2O;plant specimen
202505131015_CVOL_dbgi_007206_01_01.mzML;dbgi_007206;Ficus carica L.;NA;Positive;JBUF;jbuf;Ficus carica;Ficus carica L.;species;NA;0;jbuf;46,793060;7,1565566;NA;LC-MS QExactive HFX;MeOH/H2O;plant specimen
202505131015_CVOL_dbgi_007208_01_01.mzML;dbgi_007208;Juniperus sabina L.;NA;Positive;JBUF;jbuf;Juniperus sabina;Juniperus sabina L.;species;NA;0;jbuf;46,793080;7,1563826;NA;LC-MS QExactive HFX;MeOH/H2O;plant specimen
202505131015_CVOL_dbgi_007212_01_01.mzML;dbgi_007212;Pimpinella saxifraga L.;NA;Positive;JBUF;jbuf;Pimpinella saxifraga;Pimpinella saxifraga L.;species;NA;0;jbuf;46,793040;7,1565266;NA;LC-MS QExactive HFX;MeOH/H2O;plant specimen
202505131015_CVOL_dbgi_007230_01_01.mzML;dbgi_007230;Thymus mastichina (L.) L.;NA;Positive;JBUF;jbuf;Thymus mastichina;Thymus mastichina (L.) L.;species;NA;0;jbuf;46,793056;7,1565733;NA;LC-MS QExactive HFX;MeOH/H2O;plant specimen
202505131015_CVOL_dbgi_007231_01_01.mzML;dbgi_007231;Pulmonaria officinalis L.;NA;Positive;JBUF;jbuf;Pulmonaria officinalis;Pulmonaria officinalis L.;species;NA;0;jbuf;46,793015;7,1564380;NA;LC-MS QExactive HFX;MeOH/H2O;plant specimen
202505131015_CVOL_dbgi_007234_01_01.mzML;dbgi_007234;Iris × germanica L.;NA;Positive;JBUF;jbuf;Iris × germanica;Iris × germanica L.;species;NA;0;jbuf;46,793022;7,1564520;NA;LC-MS QExactive HFX;MeOH/H2O;plant specimen
202505131015_CVOL_dbgi_007235_01_01.mzML;dbgi_007235;Lamium album L.;NA;Positive;JBUF;jbuf;Lamium album;Lamium album L.;species;NA;0;jbuf;46,793010;7,1564527;NA;LC-MS QExactive HFX;MeOH/H2O;plant specimen
202505131015_CVOL_dbgi_007245_01_01.mzML;dbgi_007245;Salvia officinalis L.;NA;Positive;JBUF;jbuf;Salvia officinalis;Salvia officinalis L.;species;NA;0;jbuf;46,793068;7,1564717;NA;LC-MS QExactive HFX;MeOH/H2O;plant specimen
202505131015_CVOL_dbgi_007269_01_01.mzML;dbgi_007269;Yucca gloriosa var. tristis Carrière;NA;Positive;JBUF;jbuf;Yucca gloriosa var. tristis;Yucca gloriosa var. tristis Carrière;variety;NA;0;jbuf;46,793034;7,1567320;NA;LC-MS QExactive HFX;MeOH/H2O;plant specimen
202505131015_CVOL_dbgi_007278_01_01.mzML;dbgi_007278;Salvia interrupta Schousb.;NA;Positive;JBUF;jbuf;Salvia interrupta;Salvia interrupta Schousb.;species;NA;0;jbuf;46,793026;7,1567354;NA;LC-MS QExactive HFX;MeOH/H2O;plant specimen
202505131015_CVOL_dbgi_007299_01_01.mzML;dbgi_007299;Salvia canariensis L.;NA;Positive;JBUF;jbuf;Salvia canariensis;Salvia canariensis L.;species;Leaf;0;jbuf;46,793175;7,1550875;20250305102620;LC-MS QExactive HFX;MeOH/H2O;plant specimen
202505131015_CVOL_dbgi_007303_01_01.mzML;dbgi_007303;Mahonia aquifolium (Pursh) Nutt.;NA;Positive;JBUF;jbuf;Mahonia aquifolium;Mahonia aquifolium (Pursh) Nutt.;species;NA;0;jbuf;46,792990;7,1566563;NA;LC-MS QExactive HFX;MeOH/H2O;plant specimen
202505131015_CVOL_dbgi_007310_01_01.mzML;dbgi_007310;Prunus spinosa L.;NA;Positive;JBUF;jbuf;Prunus spinosa;Prunus spinosa L.;species;NA;0;jbuf;46,793003;7,1565600;NA;LC-MS QExactive HFX;MeOH/H2O;plant specimen
202505131015_CVOL_dbgi_007315_01_01.mzML;dbgi_007315;Brugmansia insignis (Barb.Rodr.) Lockwood ex R.E.Schult.;NA;Positive;JBUF;jbuf;Brugmansia insignis;Brugmansia insignis (Barb.Rodr.) Lockwood ex R.E.Schult.;species;Leaf;0;jbuf;46,793186;7,1550856;20250305175311;LC-MS QExactive HFX;MeOH/H2O;plant specimen
202505131015_CVOL_dbgi_007322_01_01.mzML;dbgi_007322;Digitalis lanata Ehrh.;NA;Positive;JBUF;jbuf;Digitalis lanata;Digitalis lanata Ehrh.;species;NA;0;jbuf;46,793020;7,1566544;NA;LC-MS QExactive HFX;MeOH/H2O;plant specimen
202505131015_CVOL_dbgi_007328_01_01.mzML;dbgi_007328;Salvia nilotica Juss. ex Jacq.;NA;Positive;JBUF;jbuf;Salvia nilotica;Salvia nilotica Juss. ex Jacq.;species;NA;0;jbuf;46,793010;7,1568920;NA;LC-MS QExactive HFX;MeOH/H2O;plant specimen
202505131015_CVOL_dbgi_007333_01_01.mzML;dbgi_007333;Salvia taraxacifolia Coss. & Balansa;NA;Positive;JBUF;jbuf;Salvia taraxacifolia;Salvia taraxacifolia Coss. & Balansa;species;NA;0;jbuf;46,793030;7,1567345;NA;LC-MS QExactive HFX;MeOH/H2O;plant specimen
202505131015_CVOL_dbgi_007335_01_01.mzML;dbgi_007335;Salvia verbenaca L.;NA;Positive;JBUF;jbuf;Salvia verbenaca;Salvia verbenaca L.;species;NA;0;jbuf;46,793010;7,1568713;NA;LC-MS QExactive HFX;MeOH/H2O;plant specimen
202505131015_CVOL_dbgi_007341_01_01.mzML;dbgi_007341;Salvia nana Kunth;NA;Positive;JBUF;jbuf;Salvia nana;Salvia nana Kunth;species;Leaf;0;jbuf;46,793175;7,1550894;NA;LC-MS QExactive HFX;MeOH/H2O;plant specimen
202505131015_CVOL_dbgi_007342_01_01.mzML;dbgi_007342;Clivia gardenii Hook.;NA;Positive;JBUF;jbuf;Clivia gardenii;Clivia gardenii Hook.;species;Flower;0;jbuf;46,793175;7,1550827;20250305180446;LC-MS QExactive HFX;MeOH/H2O;plant specimen
202505131015_CVOL_dbgi_007344_01_01.mzML;dbgi_007344;Salvia namaensis Schinz;NA;Positive;JBUF;jbuf;Salvia namaensis;Salvia namaensis Schinz;species;Leaf;0;jbuf;46,793175;7,1550890;20250305101803;LC-MS QExactive HFX;MeOH/H2O;plant specimen
202505131015_CVOL_dbgi_007347_01_01.mzML;dbgi_007347;Salvia isochroma (Fernald) B.L.Turner;NA;Positive;JBUF;jbuf;Salvia isochroma;Salvia isochroma (Fernald) B.L.Turner;species;Leaf;0;jbuf;46,793137;7,1551166;20250305142408;LC-MS QExactive HFX;MeOH/H2O;plant specimen
202505131015_CVOL_dbgi_007350_01_01.mzML;dbgi_007350;Rosa chinensis Jacq.;NA;Positive;JBUF;jbuf;Rosa chinensis;Rosa chinensis Jacq.;species;Flower;0;jbuf;46,792957;7,1562986;NA;LC-MS QExactive HFX;MeOH/H2O;plant specimen
202505131015_CVOL_dbgi_007351_01_01.mzML;dbgi_007351;Rosa × centifolia L.;NA;Positive;JBUF;jbuf;Rosa × centifolia;Rosa × centifolia L.;species;Leaf;0;jbuf;46,792908;7,1562905;NA;LC-MS QExactive HFX;MeOH/H2O;plant specimen
202505131015_CVOL_dbgi_007372_01_01.mzML;dbgi_007372;Agapanthus praecox Willd.;NA;Positive;JBUF;jbuf;Agapanthus praecox;Agapanthus praecox Willd.;species;Leaf;0;jbuf;46,793148;7,1550775;20250305165305;LC-MS QExactive HFX;MeOH/H2O;plant specimen
202505131015_CVOL_dbgi_007382_01_01.mzML;dbgi_007382;Salvia oppositiflora Ruiz & Pav.;NA;Positive;JBUF;jbuf;Salvia oppositiflora;Salvia oppositiflora Ruiz & Pav.;species;Leaf;0;jbuf;46,793170;7,1550965;NA;LC-MS QExactive HFX;MeOH/H2O;plant specimen
202505131015_CVOL_dbgi_007386_01_01.mzML;dbgi_007386;Drosera capensis L.;NA;Positive;JBUF;jbuf;Drosera capensis;Drosera capensis L.;species;Leaf;0;jbuf;46,793150;7,1551280;20250305094330;LC-MS QExactive HFX;MeOH/H2O;plant specimen
202505131015_CVOL_dbgi_007387_01_01.mzML;dbgi_007387;Salvia mellifera Greene;NA;Positive;JBUF;jbuf;Salvia mellifera;Salvia mellifera Greene;species;Leaf;0;jbuf;46,793160;7,1550946;NA;LC-MS QExactive HFX;MeOH/H2O;plant specimen
202505131015_CVOL_dbgi_007398_01_01.mzML;dbgi_007398;Salvia discolor Kunth;NA;Positive;JBUF;jbuf;Salvia discolor;Salvia discolor Kunth;species;Leaf;0;jbuf;46,793156;7,1551228;20250305143529;LC-MS QExactive HFX;MeOH/H2O;plant specimen
202505131015_CVOL_dbgi_007401_01_01.mzML;dbgi_007401;Osteomeles schweriniae var. microphylla Rehder & E.H.Wilson;NA;Positive;JBUF;jbuf;Osteomeles schweriniae var. microphylla;Osteomeles schweriniae var. microphylla Rehder & E.H.Wilson;variety;Leaf;0;jbuf;46,793175;7,1550612;20250306094013;LC-MS QExactive HFX;MeOH/H2O;plant specimen
202505131015_CVOL_dbgi_007407_01_01.mzML;dbgi_007407;Salvia apiana Jeps.;NA;Positive;JBUF;jbuf;Salvia apiana;Salvia apiana Jeps.;species;Leaf;0;jbuf;46,793140;7,1551037;NA;LC-MS QExactive HFX;MeOH/H2O;plant specimen
202505131015_CVOL_dbgi_007411_01_01.mzML;dbgi_007411;Sarracenia leucophylla Raf.;NA;Positive;JBUF;jbuf;Sarracenia leucophylla;Sarracenia leucophylla Raf.;species;Leaf;0;jbuf;46,793170;7,1551270;NA;LC-MS QExactive HFX;MeOH/H2O;plant specimen
202505131015_CVOL_dbgi_007414_01_01.mzML;dbgi_007414;Clivia miniata (Lindl.) Verschaff.;NA;Positive;JBUF;jbuf;Clivia miniata;Clivia miniata (Lindl.) Verschaff.;species;Leaf;1;jbuf;NA;NA;20250305171910;LC-MS QExactive HFX;MeOH/H2O;plant specimen
202505131015_CVOL_dbgi_007417_01_01.mzML;dbgi_007417;Salvia discolor Kunth;NA;Positive;JBUF;jbuf;Salvia discolor;Salvia discolor Kunth;species;Leaf;0;jbuf;46,793167;7,1551046;NA;LC-MS QExactive HFX;MeOH/H2O;plant specimen
202505131015_CVOL_dbgi_007418_01_01.mzML;dbgi_007418;Citrus × reticulata Blanco;NA;Positive;JBUF;jbuf;Citrus × reticulata;Citrus × reticulata Blanco;species;Leaf;0;jbuf;46,793140;7,1550684;20250306103203;LC-MS QExactive HFX;MeOH/H2O;plant specimen
202505131015_CVOL_dbgi_007419_01_01.mzML;dbgi_007419;Cycas revoluta Thunb.;NA;Positive;JBUF;jbuf;Cycas revoluta;Cycas revoluta Thunb.;species;Leaf;0;jbuf;46,793140;7,1550655;20250306102338;LC-MS QExactive HFX;MeOH/H2O;plant specimen
202505131015_CVOL_dbgi_007423_01_01.mzML;dbgi_007423;Phoenix dactylifera L.;NA;Positive;JBUF;jbuf;Phoenix dactylifera;Phoenix dactylifera L.;species;Leaf;0;jbuf;46,793148;7,1550380;20250306115922;LC-MS QExactive HFX;MeOH/H2O;plant specimen
202505131015_CVOL_dbgi_007425_01_01.mzML;dbgi_007425;Phoenix theophrasti Greuter;NA;Positive;JBUF;jbuf;Phoenix theophrasti;Phoenix theophrasti Greuter;species;Leaf;0;jbuf;46,793163;7,1550303;20250307112701;LC-MS QExactive HFX;MeOH/H2O;plant specimen
202505131015_CVOL_dbgi_007426_01_01.mzML;dbgi_007426;Pelargonium cucullatum subsp. strigifolium Volschenk;NA;Positive;JBUF;jbuf;Pelargonium cucullatum subsp. strigifolium;Pelargonium cucullatum subsp. strigifolium Volschenk;subspecies;Leaf;0;jbuf;46,793182;7,1550636;20250305145632;LC-MS QExactive HFX;MeOH/H2O;plant specimen
202505131015_CVOL_dbgi_007429_01_01.mzML;dbgi_007429;Schinus molle var. molle;NA;Positive;JBUF;jbuf;Schinus molle var. molle;Schinus molle var. molle;variety;Leaf;0;jbuf;46,793156;7,1550510;20250306113819;LC-MS QExactive HFX;MeOH/H2O;plant specimen
202505131015_CVOL_dbgi_007438_01_01.mzML;dbgi_007438;Cestrum nocturnum L.;NA;Positive;JBUF;jbuf;Cestrum nocturnum;Cestrum nocturnum L.;species;Leaf;0;jbuf;46,793167;7,1550546;20250306112336;LC-MS QExactive HFX;MeOH/H2O;plant specimen
202505131015_CVOL_dbgi_007439_01_01.mzML;dbgi_007439;Clivia gardenii Hook.;NA;Positive;JBUF;jbuf;Clivia gardenii;Clivia gardenii Hook.;species;Fruit;0;jbuf;46,793175;7,1550775;20250306110541;LC-MS QExactive HFX;MeOH/H2O;plant specimen
202505131015_CVOL_dbgi_007440_01_01.mzML;dbgi_007440;Salvia cacaliifolia Benth.;NA;Positive;JBUF;jbuf;Salvia cacaliifolia;Salvia cacaliifolia Benth.;species;Leaf;0;jbuf;46,793175;7,1550970;NA;LC-MS QExactive HFX;MeOH/H2O;plant specimen
202505131015_CVOL_dbgi_007441_01_01.mzML;dbgi_007441;Salvia apiana Jeps.;NA;Positive;JBUF;jbuf;Salvia apiana;Salvia apiana Jeps.;species;Leaf;0;jbuf;46,793130;7,1551223;20250305111918;LC-MS QExactive HFX;MeOH/H2O;plant specimen
202505131015_CVOL_dbgi_007445_01_01.mzML;dbgi_007445;Salvia clevelandii (A.Gray) Greene;NA;Positive;JBUF;jbuf;Salvia clevelandii;Salvia clevelandii (A.Gray) Greene;species;Leaf;0;jbuf;46,793140;7,1550865;NA;LC-MS QExactive HFX;MeOH/H2O;plant specimen
202505131015_CVOL_dbgi_007450_01_01.mzML;dbgi_007450;Salvia dominica L.;NA;Positive;JBUF;jbuf;Salvia dominica;Salvia dominica L.;species;Leaf;0;jbuf;46,793137;7,1551150;20250305142831;LC-MS QExactive HFX;MeOH/H2O;plant specimen
202505131015_CVOL_dbgi_007458_01_01.mzML;dbgi_007458;Quercus coccifera L.;NA;Positive;JBUF;jbuf;Quercus coccifera;Quercus coccifera L.;species;Leaf;0;jbuf;NA;NA;20250306155311;LC-MS QExactive HFX;MeOH/H2O;plant specimen
202505131015_CVOL_dbgi_007464_01_01.mzML;dbgi_007464;Salvia rosmarinus subsp. rosmarinus;NA;Positive;JBUF;jbuf;Salvia rosmarinus subsp. rosmarinus;Salvia rosmarinus subsp. rosmarinus;subspecies;Flower;0;jbuf;46,793186;7,1551290;20250307105711;LC-MS QExactive HFX;MeOH/H2O;plant specimen
202505131015_CVOL_dbgi_007465_01_01.mzML;dbgi_007465;Sarracenia leucophylla Raf.;NA;Positive;JBUF;jbuf;Sarracenia leucophylla;Sarracenia leucophylla Raf.;species;Leaf;0;jbuf;46,793148;7,1551275;20250305095224;LC-MS QExactive HFX;MeOH/H2O;plant specimen
202505131015_CVOL_dbgi_007473_01_01.mzML;dbgi_007473;Oreopanax Decne. & Planch.;NA;Positive;JBUF;jbuf;Oreopanax;Oreopanax Decne. & Planch.;genus;Leaf;1;jbuf;46,793150;7,1550390;20250306134009;LC-MS QExactive HFX;MeOH/H2O;plant specimen
202505131015_CVOL_dbgi_007474_01_01.mzML;dbgi_007474;Salvia rypara Briq.;NA;Positive;JBUF;jbuf;Salvia rypara;Salvia rypara Briq.;species;Leaf;0;jbuf;46,793190;7,1551300;20250307104722;LC-MS QExactive HFX;MeOH/H2O;plant specimen
202505131015_CVOL_dbgi_007475_01_01.mzML;dbgi_007475;Olea europaea L.;NA;Positive;JBUF;jbuf;Olea europaea;Olea europaea L.;species;Leaf;0;jbuf;46,793148;7,1550555;20250306100638;LC-MS QExactive HFX;MeOH/H2O;plant specimen
202505131015_CVOL_dbgi_007479_01_01.mzML;dbgi_007479;Fatsia japonica (Thunb.) Decne. & Planch.;NA;Positive;JBUF;jbuf;Fatsia japonica;Fatsia japonica (Thunb.) Decne. & Planch.;species;Leaf;1;jbuf;46,793156;7,1550403;20250306135421;LC-MS QExactive HFX;MeOH/H2O;plant specimen
202505131015_CVOL_dbgi_007480_01_01.mzML;dbgi_007480;Ptilostemon greuteri Raimondo & Domina;NA;Positive;JBUF;jbuf;Ptilostemon greuteri;Ptilostemon greuteri Raimondo & Domina;species;Leaf;1;jbuf;46,793182;7,1550975;20250305092457;LC-MS QExactive HFX;MeOH/H2O;plant specimen
202505131015_CVOL_dbgi_007488_01_01.mzML;dbgi_007488;Cunninghamia lanceolata (Lamb.) Hook.;NA;Positive;JBUF;jbuf;Cunninghamia lanceolata;Cunninghamia lanceolata (Lamb.) Hook.;species;Leaf;1;jbuf;46,793163;7,1550410;20250306154541;LC-MS QExactive HFX;MeOH/H2O;plant specimen
202505131015_CVOL_dbgi_007489_01_01.mzML;dbgi_007489;Pelargonium cucullatum (L.) L'Hér.;NA;Positive;JBUF;jbuf;Pelargonium cucullatum;Pelargonium cucullatum (L.) L'Hér.;species;Leaf;0;jbuf;46,793190;7,1550370;20250307110148;LC-MS QExactive HFX;MeOH/H2O;plant specimen
202505131015_CVOL_dbgi_007494_01_01.mzML;dbgi_007494;Salvia rosmarinus subsp. rosmarinus;NA;Positive;JBUF;jbuf;Salvia rosmarinus subsp. rosmarinus;Salvia rosmarinus subsp. rosmarinus;subspecies;Leaf;0;jbuf;46,793186;7,1551294;20250307105158;LC-MS QExactive HFX;MeOH/H2O;plant specimen
202505131015_CVOL_dbgi_007499_01_01.mzML;dbgi_007499;Pyrus pyraster (L.) Burgsd.;NA;Positive;JBUF;jbuf;Pyrus pyraster;Pyrus pyraster (L.) Burgsd.;species;Leaf;0;jbuf;46,792206;7,1573873;20250418120440;LC-MS QExactive HFX;MeOH/H2O;plant specimen
202505131015_CVOL_dbgi_007500_01_01.mzML;dbgi_007500;Abies alba Mill.;NA;Positive;JBUF;jbuf;Abies alba;Abies alba Mill.;species;Leaf;0;jbuf;46,791588;7,1574664;20250418131151;LC-MS QExactive HFX;MeOH/H2O;plant specimen
202505131015_CVOL_dbgi_007504_01_01.mzML;dbgi_007504;Cercis siliquastrum L.;NA;Positive;JBUF;jbuf;Cercis siliquastrum;Cercis siliquastrum L.;species;Leaf;0;jbuf;46,793020;7,1568704;20250418140606;LC-MS QExactive HFX;MeOH/H2O;plant specimen
202505131015_CVOL_dbgi_007509_01_01.mzML;dbgi_007509;Cercis siliquastrum L.;NA;Positive;JBUF;jbuf;Cercis siliquastrum;Cercis siliquastrum L.;species;Flower;0;jbuf;46,793020;7,1568704;20250418135911;LC-MS QExactive HFX;MeOH/H2O;plant specimen
202505131015_CVOL_dbgi_007510_01_01.mzML;dbgi_007510;Cercis siliquastrum L.;NA;Positive;JBUF;jbuf;Cercis siliquastrum;Cercis siliquastrum L.;species;bark;0;jbuf;46,793020;7,1568704;20250418141000;LC-MS QExactive HFX;MeOH/H2O;plant specimen
202505131015_CVOL_dbgi_007512_01_01.mzML;dbgi_007512;Picea abies (L.) H.Karst.;NA;Positive;JBUF;jbuf;Picea abies;Picea abies (L.) H.Karst.;species;bud;0;jbuf;46,792664;7,1570740;20250410164718;LC-MS QExactive HFX;MeOH/H2O;plant specimen
202505131015_CVOL_dbgi_007514_01_01.mzML;dbgi_007514;Prunus cerasus L.;NA;Positive;JBUF;jbuf;Prunus cerasus;Prunus cerasus L.;species;Stems;0;jbuf;46,792126;7,1564600;20250418115351;LC-MS QExactive HFX;MeOH/H2O;plant specimen
202505131015_CVOL_dbgi_007515_01_01.mzML;dbgi_007515;Pyrus pyraster (L.) Burgsd.;NA;Positive;JBUF;jbuf;Pyrus pyraster;Pyrus pyraster (L.) Burgsd.;species;bark;0;jbuf;46,792206;7,1573863;20250418121528;LC-MS QExactive HFX;MeOH/H2O;plant specimen
202505131015_CVOL_dbgi_007519_01_01.mzML;dbgi_007519;Abies alba Mill.;NA;Positive;JBUF;jbuf;Abies alba;Abies alba Mill.;species;bud;0;jbuf;46,791588;7,1574664;20250418131953;LC-MS QExactive HFX;MeOH/H2O;plant specimen
202505131015_CVOL_dbgi_007520_01_01.mzML;dbgi_007520;Abies alba Mill.;NA;Positive;JBUF;jbuf;Abies alba;Abies alba Mill.;species;bark;0;jbuf;46,791584;7,1574664;20250418132251;LC-MS QExactive HFX;MeOH/H2O;plant specimen
202505131015_CVOL_dbgi_007524_01_01.mzML;dbgi_007524;Alnus incana (L.) Moench;NA;Positive;JBUF;jbuf;Alnus incana;Alnus incana (L.) Moench;species;Fruit;0;jbuf;46,792202;7,1574993;20250418122538;LC-MS QExactive HFX;MeOH/H2O;plant specimen
202505131015_CVOL_dbgi_007525_01_01.mzML;dbgi_007525;Betula pendula Roth;NA;Positive;JBUF;jbuf;Betula pendula;Betula pendula Roth;species;bark;0;jbuf;46,792930;7,1562590;20250418113400;LC-MS QExactive HFX;MeOH/H2O;plant specimen
202505131015_CVOL_dbgi_007529_01_01.mzML;dbgi_007529;Betula pendula Roth;NA;Positive;JBUF;jbuf;Betula pendula;Betula pendula Roth;species;Leaf;0;jbuf;46,792930;7,1562586;20250418111048;LC-MS QExactive HFX;MeOH/H2O;plant specimen
202505131015_CVOL_dbgi_007530_01_01.mzML;dbgi_007530;Pyrus pyraster (L.) Burgsd.;NA;Positive;JBUF;jbuf;Pyrus pyraster;Pyrus pyraster (L.) Burgsd.;species;Stems;0;jbuf;46,792206;7,1573863;20250418121257;LC-MS QExactive HFX;MeOH/H2O;plant specimen
202505131015_CVOL_dbgi_007532_01_01.mzML;dbgi_007532;Pinus nigra subsp. laricio (Poir.) Maire;NA;Positive;JBUF;jbuf;Pinus nigra subsp. laricio;Pinus nigra subsp. laricio (Poir.) Maire;subspecies;Leaf;0;jbuf;46,792564;7,1573010;20250411165033;LC-MS QExactive HFX;MeOH/H2O;plant specimen
202505131015_CVOL_dbgi_007533_01_01.mzML;dbgi_007533;Larix kaempferi (Lamb.) Carrière;NA;Positive;JBUF;jbuf;Larix kaempferi;Larix kaempferi (Lamb.) Carrière;species;Stems;0;jbuf;46,792690;7,1569040;20250411155849;LC-MS QExactive HFX;MeOH/H2O;plant specimen
202505131015_CVOL_dbgi_007534_01_01.mzML;dbgi_007534;Buxus sempervirens L.;NA;Positive;JBUF;jbuf;Buxus sempervirens;Buxus sempervirens L.;species;Leaf;0;jbuf;46,791626;7,1573663;20250418133339;LC-MS QExactive HFX;MeOH/H2O;plant specimen
202505131015_CVOL_dbgi_007535_01_01.mzML;dbgi_007535;Alnus incana (L.) Moench;NA;Positive;JBUF;jbuf;Alnus incana;Alnus incana (L.) Moench;species;Stems;0;jbuf;46,792206;7,1574990;20250418123353;LC-MS QExactive HFX;MeOH/H2O;plant specimen
202505131015_CVOL_dbgi_007536_01_01.mzML;dbgi_007536;Ostrya carpinifolia Scop.;NA;Positive;JBUF;jbuf;Ostrya carpinifolia;Ostrya carpinifolia Scop.;species;Leaf;0;jbuf;46,792236;7,1573160;20250418124628;LC-MS QExactive HFX;MeOH/H2O;plant specimen
202505131015_CVOL_dbgi_007539_01_01.mzML;dbgi_007539;Prunus cerasus L.;NA;Positive;JBUF;jbuf;Prunus cerasus;Prunus cerasus L.;species;Leaf;0;jbuf;46,792126;7,1564560;20250418114736;LC-MS QExactive HFX;MeOH/H2O;plant specimen
202505131015_CVOL_dbgi_007544_01_01.mzML;dbgi_007544;Pyrus pyraster (L.) Burgsd.;NA;Positive;JBUF;jbuf;Pyrus pyraster;Pyrus pyraster (L.) Burgsd.;species;Flower;0;jbuf;46,792206;7,1573863;20250418120936;LC-MS QExactive HFX;MeOH/H2O;plant specimen
202505131015_CVOL_dbgi_007547_01_01.mzML;dbgi_007547;Picea jezoensis (Siebold & Zucc.) Carrière;NA;Positive;JBUF;jbuf;Picea jezoensis;Picea jezoensis (Siebold & Zucc.) Carrière;species;bark;0;jbuf;46,792675;7,1570134;20250411145657;LC-MS QExactive HFX;MeOH/H2O;plant specimen
202505131015_CVOL_dbgi_007549_01_01.mzML;dbgi_007549;Alnus incana (L.) Moench;NA;Positive;JBUF;jbuf;Alnus incana;Alnus incana (L.) Moench;species;Leaf;0;jbuf;46,792202;7,1574984;20250418122032;LC-MS QExactive HFX;MeOH/H2O;plant specimen
202505131015_CVOL_dbgi_007557_01_01.mzML;dbgi_007557;Pinus cembra L.;NA;Positive;JBUF;jbuf;Pinus cembra;Pinus cembra L.;species;bark;0;jbuf;46,792694;7,1567460;20250411163342;LC-MS QExactive HFX;MeOH/H2O;plant specimen
202505131015_CVOL_dbgi_007558_01_01.mzML;dbgi_007558;Abies alba Mill.;NA;Positive;JBUF;jbuf;Abies alba;Abies alba Mill.;species;Stems;0;jbuf;46,791584;7,1574655;20250418132820;LC-MS QExactive HFX;MeOH/H2O;plant specimen
202505131015_CVOL_dbgi_007560_01_01.mzML;dbgi_007560;Sequoiadendron giganteum (Lindl.) J.Buchholz;NA;Positive;JBUF;jbuf;Sequoiadendron giganteum;Sequoiadendron giganteum (Lindl.) J.Buchholz;species;Leaf;0;jbuf;46,792780;7,1571770;20250403155918;LC-MS QExactive HFX;MeOH/H2O;plant specimen
202505131015_CVOL_dbgi_007561_01_01.mzML;dbgi_007561;Buxus sempervirens L.;NA;Positive;JBUF;jbuf;Buxus sempervirens;Buxus sempervirens L.;species;bark;0;jbuf;46,791622;7,1573650;20250418134543;LC-MS QExactive HFX;MeOH/H2O;plant specimen
202505131015_CVOL_dbgi_007562_01_01.mzML;dbgi_007562;Eucalyptus L'Hér.;NA;Positive;JBUF;jbuf;Eucalyptus;Eucalyptus L'Hér.;genus;Leaf;1;jbuf;46,793167;7,1550210;20250307115636;LC-MS QExactive HFX;MeOH/H2O;plant specimen
202505131015_CVOL_dbgi_007564_01_01.mzML;dbgi_007564;Pseudotsuga menziesii var. menziesii (Mirb.) Franco;NA;Positive;JBUF;jbuf;Pseudotsuga menziesii var. menziesii;Pseudotsuga menziesii var. menziesii (Mirb.) Franco;variety;Leaf;0;jbuf;46,792637;7,1573486;20250410155255;LC-MS QExactive HFX;MeOH/H2O;plant specimen
202505131015_CVOL_dbgi_007567_01_01.mzML;dbgi_007567;Pseudotsuga menziesii var. menziesii (Mirb.) Franco;NA;Positive;JBUF;jbuf;Pseudotsuga menziesii var. menziesii;Pseudotsuga menziesii var. menziesii (Mirb.) Franco;variety;Stems;0;jbuf;46,792633;7,1573462;20250410161555;LC-MS QExactive HFX;MeOH/H2O;plant specimen
202505131015_CVOL_dbgi_007573_01_01.mzML;dbgi_007573;Tsuga canadensis (L.) Carrière;NA;Positive;JBUF;jbuf;Tsuga canadensis;Tsuga canadensis (L.) Carrière;species;Leaf;0;jbuf;46,793120;7,1552650;20250410150414;LC-MS QExactive HFX;MeOH/H2O;plant specimen
202505131015_CVOL_dbgi_007575_01_01.mzML;dbgi_007575;Cryptomeria japonica (Thunb. ex L.) D.Don;NA;Positive;JBUF;jbuf;Cryptomeria japonica;Cryptomeria japonica (Thunb. ex L.) D.Don;species;Fruit;0;jbuf;46,792736;7,1569980;20250403154016;LC-MS QExactive HFX;MeOH/H2O;plant specimen
202505131015_CVOL_dbgi_007576_01_01.mzML;dbgi_007576;Pinus cembra L.;NA;Positive;JBUF;jbuf;Pinus cembra;Pinus cembra L.;species;bud;0;jbuf;46,792700;7,1567160;20250411162656;LC-MS QExactive HFX;MeOH/H2O;plant specimen
202505131015_CVOL_dbgi_007579_01_01.mzML;dbgi_007579;Tsuga canadensis (L.) Carrière;NA;Positive;JBUF;jbuf;Tsuga canadensis;Tsuga canadensis (L.) Carrière;species;bud;0;jbuf;46,792683;7,1572720;20250410152631;LC-MS QExactive HFX;MeOH/H2O;plant specimen
202505131015_CVOL_dbgi_007587_01_01.mzML;dbgi_007587;Eleutherococcus senticosus (Rupr. & Maxim.) Maxim.;NA;Positive;JBUF;jbuf;Eleutherococcus senticosus;Eleutherococcus senticosus (Rupr. & Maxim.) Maxim.;species;bud;0;jbuf;46,793003;7,1565447;20250402150029;LC-MS QExactive HFX;MeOH/H2O;plant specimen
202505131015_CVOL_dbgi_007589_01_01.mzML;dbgi_007589;Picea jezoensis (Siebold & Zucc.) Carrière;NA;Positive;JBUF;jbuf;Picea jezoensis;Picea jezoensis (Siebold & Zucc.) Carrière;species;Leaf;0;jbuf;46,792680;7,1570140;20250411144526;LC-MS QExactive HFX;MeOH/H2O;plant specimen
202505131015_CVOL_dbgi_007613_01_01.mzML;dbgi_007613;Pinus cembra L.;NA;Positive;JBUF;jbuf;Pinus cembra;Pinus cembra L.;species;Stems;0;jbuf;46,792694;7,1567460;20250411163746;LC-MS QExactive HFX;MeOH/H2O;plant specimen
202505131015_CVOL_dbgi_007620_01_01.mzML;dbgi_007620;Pinus mugo Turra;NA;Positive;JBUF;jbuf;Pinus mugo;Pinus mugo Turra;species;Flower;0;jbuf;46,792656;7,1562830;20250327105250;LC-MS QExactive HFX;MeOH/H2O;plant specimen
202505131015_CVOL_dbgi_007630_01_01.mzML;dbgi_007630;Picea omorika (Pančić) Purk.;NA;Positive;JBUF;jbuf;Picea omorika;Picea omorika (Pančić) Purk.;species;Leaf;0;jbuf;46,791218;7,1575080;20250325111727;LC-MS QExactive HFX;MeOH/H2O;plant specimen
202505131015_CVOL_dbgi_007640_01_01.mzML;dbgi_007640;Pinus mugo Turra;NA;Positive;JBUF;jbuf;Pinus mugo;Pinus mugo Turra;species;bud;0;jbuf;46,792656;7,1562834;20250327105943;LC-MS QExactive HFX;MeOH/H2O;plant specimen
202505131015_CVOL_dbgi_007641_01_01.mzML;dbgi_007641;Galanthus nivalis L.;NA;Positive;JBUF;jbuf;Galanthus nivalis;Galanthus nivalis L.;species;Leaf;0;jbuf;46,792854;7,1562643;20250321140347;LC-MS QExactive HFX;MeOH/H2O;plant specimen
202505131015_CVOL_dbgi_007645_01_01.mzML;dbgi_007645;Laurus nobilis L.;NA;Positive;JBUF;jbuf;Laurus nobilis;Laurus nobilis L.;species;Leaf;0;jbuf;46,793060;7,1565742;20250402155746;LC-MS QExactive HFX;MeOH/H2O;plant specimen
202505131015_CVOL_dbgi_007646_01_01.mzML;dbgi_007646;Cornus mas L.;NA;Positive;JBUF;jbuf;Cornus mas;Cornus mas L.;species;Flower;0;jbuf;46,792435;7,1563860;20250327094927;LC-MS QExactive HFX;MeOH/H2O;plant specimen
202505131015_CVOL_dbgi_007650_01_01.mzML;dbgi_007650;Cornus mas L.;NA;Positive;JBUF;jbuf;Cornus mas;Cornus mas L.;species;Stems;0;jbuf;46,792430;7,1563870;20250327095543;LC-MS QExactive HFX;MeOH/H2O;plant specimen
202505131015_CVOL_dbgi_007662_01_01.mzML;dbgi_007662;Juniperus communis subsp. communis;NA;Positive;JBUF;jbuf;Juniperus communis subsp. communis;Juniperus communis subsp. communis;subspecies;Fruit;0;jbuf;46,793070;7,1564255;20250402134009;LC-MS QExactive HFX;MeOH/H2O;plant specimen
202505131015_CVOL_dbgi_007664_01_01.mzML;dbgi_007664;Pinus nigra subsp. laricio (Poir.) Maire;NA;Positive;JBUF;jbuf;Pinus nigra subsp. laricio;Pinus nigra subsp. laricio (Poir.) Maire;subspecies;bud;0;jbuf;46,792560;7,1572986;20250411170227;LC-MS QExactive HFX;MeOH/H2O;plant specimen
202505131015_CVOL_dbgi_007665_01_01.mzML;dbgi_007665;Taxus baccata L.;NA;Positive;JBUF;jbuf;Taxus baccata;Taxus baccata L.;species;Leaf;0;jbuf;46,791164;7,1574097;20250325103621;LC-MS QExactive HFX;MeOH/H2O;plant specimen
202505131015_CVOL_dbgi_007666_01_01.mzML;dbgi_007666;Iris xiphium L.;NA;Positive;JBUF;jbuf;Iris xiphium;Iris xiphium L.;species;Leaf;0;jbuf;46,792843;7,1561594;NA;LC-MS QExactive HFX;MeOH/H2O;plant specimen
202505131015_CVOL_dbgi_007667_01_01.mzML;dbgi_007667;Crocus flavus Weston;NA;Positive;JBUF;jbuf;Crocus flavus;Crocus flavus Weston;species;Flower;0;jbuf;46,792805;7,1560850;20250321144550;LC-MS QExactive HFX;MeOH/H2O;plant specimen
202505131015_CVOL_dbgi_007669_01_01.mzML;dbgi_007669;Larix kaempferi (Lamb.) Carrière;NA;Positive;JBUF;jbuf;Larix kaempferi;Larix kaempferi (Lamb.) Carrière;species;bark;0;jbuf;46,792690;7,1569040;20250411160141;LC-MS QExactive HFX;MeOH/H2O;plant specimen
202505131015_CVOL_dbgi_007671_01_01.mzML;dbgi_007671;Prunus amygdalus Batsch;NA;Positive;JBUF;jbuf;Prunus amygdalus;Prunus amygdalus Batsch;species;Flower;0;jbuf;46,793120;7,1560160;20250328102359;LC-MS QExactive HFX;MeOH/H2O;plant specimen
202505131015_CVOL_dbgi_007672_01_01.mzML;dbgi_007672;Scilla mischtschenkoana Grossh.;NA;Positive;JBUF;jbuf;Scilla mischtschenkoana;Scilla mischtschenkoana Grossh.;species;Flower;0;jbuf;46,792862;7,1562123;20250321142206;LC-MS QExactive HFX;MeOH/H2O;plant specimen
202505131015_CVOL_dbgi_007676_01_01.mzML;dbgi_007676;Scilla sardensis (Whittall ex Barr & Sugden) Speta;NA;Positive;JBUF;jbuf;Scilla sardensis;Scilla sardensis (Whittall ex Barr & Sugden) Speta;species;Flower;0;jbuf;46,792885;7,1561550;20250321143300;LC-MS QExactive HFX;MeOH/H2O;plant specimen
202505131015_CVOL_dbgi_007677_01_01.mzML;dbgi_007677;Thuja occidentalis L.;NA;Positive;JBUF;jbuf;Thuja occidentalis;Thuja occidentalis L.;species;Leaf;0;jbuf;46,793045;7,1564690;20250402140415;LC-MS QExactive HFX;MeOH/H2O;plant specimen
202505131015_CVOL_dbgi_007679_01_01.mzML;dbgi_007679;Frangula purshiana (DC.) J.G.Cooper;NA;Positive;JBUF;jbuf;Frangula purshiana;Frangula purshiana (DC.) J.G.Cooper;species;bud;0;jbuf;46,793000;7,1565730;20250402153449;LC-MS QExactive HFX;MeOH/H2O;plant specimen
202505131015_CVOL_dbgi_007682_01_01.mzML;dbgi_007682;Abies pinsapo Boiss.;NA;Positive;JBUF;jbuf;Abies pinsapo;Abies pinsapo Boiss.;species;bud;0;jbuf;46,791233;7,1574187;20250325110133;LC-MS QExactive HFX;MeOH/H2O;plant specimen
202505131015_CVOL_dbgi_007683_01_01.mzML;dbgi_007683;Larix decidua (L.) Mill.;NA;Positive;JBUF;jbuf;Larix decidua;Larix decidua (L.) Mill.;species;Leaf;0;jbuf;46,792686;7,1569380;20250411151603;LC-MS QExactive HFX;MeOH/H2O;plant specimen
202505131015_CVOL_dbgi_007684_01_01.mzML;dbgi_007684;Diospyros kaki L.fil.;NA;Positive;JBUF;jbuf;Diospyros kaki;Diospyros kaki L.fil.;species;bud;0;jbuf;46,793010;7,1569033;20250402162857;LC-MS QExactive HFX;MeOH/H2O;plant specimen
202505131015_CVOL_dbgi_007685_01_01.mzML;dbgi_007685;Pinus mugo Turra;NA;Positive;JBUF;jbuf;Pinus mugo;Pinus mugo Turra;species;bud;0;jbuf;46,792618;7,1562800;20250327101941;LC-MS QExactive HFX;MeOH/H2O;plant specimen
202505131015_CVOL_dbgi_007686_01_01.mzML;dbgi_007686;Narcissus bulbocodium L.;NA;Positive;JBUF;jbuf;Narcissus bulbocodium;Narcissus bulbocodium L.;species;Leaf;0;jbuf;46,792828;7,1561217;20250404140359;LC-MS QExactive HFX;MeOH/H2O;plant specimen
202505131015_CVOL_dbgi_007687_01_01.mzML;dbgi_007687;Puschkinia scilloides Adams;NA;Positive;JBUF;jbuf;Puschkinia scilloides;Puschkinia scilloides Adams;species;Flower;0;jbuf;46,792816;7,1560790;20250321145755;LC-MS QExactive HFX;MeOH/H2O;plant specimen
202505131015_CVOL_dbgi_007689_01_01.mzML;dbgi_007689;Magnolia grandiflora L.;NA;Positive;JBUF;jbuf;Magnolia grandiflora;Magnolia grandiflora L.;species;Leaf;0;jbuf;46,792988;7,1569250;20250402164706;LC-MS QExactive HFX;MeOH/H2O;plant specimen
202505131015_CVOL_dbgi_007692_01_01.mzML;dbgi_007692;Muscari botryoides (L.) Mill.;NA;Positive;JBUF;jbuf;Muscari botryoides;Muscari botryoides (L.) Mill.;species;Leaf;0;jbuf;46,792763;7,1561017;20250321152314;LC-MS QExactive HFX;MeOH/H2O;plant specimen
202505131015_CVOL_dbgi_007696_01_01.mzML;dbgi_007696;Sternbergia lutea (L.) Ker Gawl. ex Spreng.;NA;Positive;JBUF;jbuf;Sternbergia lutea;Sternbergia lutea (L.) Ker Gawl. ex Spreng.;species;Leaf;0;jbuf;46,792828;7,1561527;NA;LC-MS QExactive HFX;MeOH/H2O;plant specimen
202505131015_CVOL_dbgi_007697_01_01.mzML;dbgi_007697;Scilla mischtschenkoana Grossh.;NA;Positive;JBUF;jbuf;Scilla mischtschenkoana;Scilla mischtschenkoana Grossh.;species;Leaf;0;jbuf;46,792862;7,1562123;20250321141636;LC-MS QExactive HFX;MeOH/H2O;plant specimen
202505131015_CVOL_dbgi_007699_01_01.mzML;dbgi_007699;Laurus nobilis L.;NA;Positive;JBUF;jbuf;Laurus nobilis;Laurus nobilis L.;species;bud;0;jbuf;46,793060;7,1565742;20250402160203;LC-MS QExactive HFX;MeOH/H2O;plant specimen
202505131015_CVOL_dbgi_007700_01_01.mzML;dbgi_007700;Prunus spinosa L.;NA;Positive;JBUF;jbuf;Prunus spinosa;Prunus spinosa L.;species;bud;0;jbuf;46,793003;7,1565595;20250402142747;LC-MS QExactive HFX;MeOH/H2O;plant specimen
202505131015_CVOL_dbgi_007701_01_01.mzML;dbgi_007701;Pinus sylvestris L.;NA;Positive;JBUF;jbuf;Pinus sylvestris;Pinus sylvestris L.;species;bud;0;jbuf;46,792976;7,1561465;20250328160152;LC-MS QExactive HFX;MeOH/H2O;plant specimen
202505131015_CVOL_dbgi_007702_01_01.mzML;dbgi_007702;Narcissus albicans (Haw.) Spreng.;NA;Positive;JBUF;jbuf;Narcissus albicans;Narcissus albicans (Haw.) Spreng.;species;Flower;1;jbuf;46,792797;7,1560940;20250321154728;LC-MS QExactive HFX;MeOH/H2O;plant specimen
202505131015_CVOL_dbgi_007703_01_01.mzML;dbgi_007703;Betula pendula Roth;NA;Positive;JBUF;jbuf;Betula pendula;Betula pendula Roth;species;Flower;0;jbuf;46,792930;7,1562595;20250418112322;LC-MS QExactive HFX;MeOH/H2O;plant specimen
202505131015_CVOL_dbgi_007704_01_01.mzML;dbgi_007704;Prunus armeniaca L.;NA;Positive;JBUF;jbuf;Prunus armeniaca;Prunus armeniaca L.;species;bud;0;jbuf;46,793130;7,1559577;20250328095457;LC-MS QExactive HFX;MeOH/H2O;plant specimen
202505131015_CVOL_dbgi_007705_01_01.mzML;dbgi_007705;Narcissus bulbocodium L.;NA;Positive;JBUF;jbuf;Narcissus bulbocodium;Narcissus bulbocodium L.;species;Flower;0;jbuf;46,792828;7,1561217;20250404140840;LC-MS QExactive HFX;MeOH/H2O;plant specimen
202505131015_CVOL_dbgi_007707_01_01.mzML;dbgi_007707;Scilla bifolia L.;NA;Positive;JBUF;jbuf;Scilla bifolia;Scilla bifolia L.;species;Flower;0;jbuf;46,792740;7,1560850;20250321151044;LC-MS QExactive HFX;MeOH/H2O;plant specimen
202505131015_CVOL_dbgi_007709_01_01.mzML;dbgi_007709;Liquidambar orientalis Mill.;NA;Positive;JBUF;jbuf;Liquidambar orientalis;Liquidambar orientalis Mill.;species;bud;1;jbuf;46,791190;7,1574736;20250325113329;LC-MS QExactive HFX;MeOH/H2O;plant specimen
202505131015_CVOL_dbgi_007710_01_01.mzML;dbgi_007710;Cercidiphyllum japonicum Siebold & Zucc.;NA;Positive;JBUF;jbuf;Cercidiphyllum japonicum;Cercidiphyllum japonicum Siebold & Zucc.;species;Flower;0;jbuf;46,792976;7,1555605;20250328094210;LC-MS QExactive HFX;MeOH/H2O;plant specimen
202505131015_CVOL_dbgi_007711_01_01.mzML;dbgi_007711;Prunus spinosa L.;NA;Positive;JBUF;jbuf;Prunus spinosa;Prunus spinosa L.;species;Flower;0;jbuf;46,793003;7,1565590;20250402143552;LC-MS QExactive HFX;MeOH/H2O;plant specimen
202505131015_CVOL_dbgi_007712_01_01.mzML;dbgi_007712;Galanthus nivalis L.;NA;Positive;JBUF;jbuf;Galanthus nivalis;Galanthus nivalis L.;species;Flower;0;jbuf;46,792854;7,1562600;20250321141050;LC-MS QExactive HFX;MeOH/H2O;plant specimen
202505131015_CVOL_dbgi_007716_01_01.mzML;dbgi_007716;Puschkinia scilloides Adams;NA;Positive;JBUF;jbuf;Puschkinia scilloides;Puschkinia scilloides Adams;species;Leaf;0;jbuf;46,792816;7,1560755;20250321145214;LC-MS QExactive HFX;MeOH/H2O;plant specimen
202505131015_CVOL_dbgi_007719_01_01.mzML;dbgi_007719;Malus spectabilis (Aiton) Borkh.;NA;Positive;JBUF;jbuf;Malus spectabilis;Malus spectabilis (Aiton) Borkh.;species;bud;0;jbuf;46,792988;7,1553955;20250328092538;LC-MS QExactive HFX;MeOH/H2O;plant specimen
202505131015_CVOL_dbgi_007720_01_01.mzML;dbgi_007720;Narcissus poeticus L.;NA;Positive;JBUF;jbuf;Narcissus poeticus;Narcissus poeticus L.;species;Leaf;0;jbuf;46,792816;7,1561260;20250404135104;LC-MS QExactive HFX;MeOH/H2O;plant specimen
202505131015_CVOL_dbgi_007721_01_01.mzML;dbgi_007721;Crocus flavus Weston;NA;Positive;JBUF;jbuf;Crocus flavus;Crocus flavus Weston;species;Leaf;0;jbuf;46,792800;7,1560874;20250321143906;LC-MS QExactive HFX;MeOH/H2O;plant specimen
202505131015_CVOL_dbgi_007725_01_01.mzML;dbgi_007725;Pinus sylvestris L.;NA;Positive;JBUF;jbuf;Pinus sylvestris;Pinus sylvestris L.;species;Stems;0;jbuf;46,792976;7,1561465;20250328160837;LC-MS QExactive HFX;MeOH/H2O;plant specimen
202505131015_CVOL_dbgi_007726_01_01.mzML;dbgi_007726;Scilla bifolia L.;NA;Positive;JBUF;jbuf;Scilla bifolia;Scilla bifolia L.;species;Leaf;0;jbuf;46,792740;7,1560850;20250321150458;LC-MS QExactive HFX;MeOH/H2O;plant specimen
202505131015_CVOL_dbgi_007726_01_02.mzML;dbgi_007726;Scilla bifolia L.;NA;Positive;JBUF;jbuf;Scilla bifolia;Scilla bifolia L.;species;Leaf;0;jbuf;46,792740;7,1560850;20250321150458;LC-MS QExactive HFX;MeOH/H2O;plant specimen
202505131015_CVOL_dbgi_007727_01_01.mzML;dbgi_007727;Frangula purshiana (DC.) J.G.Cooper;NA;Positive;JBUF;jbuf;Frangula purshiana;Frangula purshiana (DC.) J.G.Cooper;species;Stems;0;jbuf;46,793000;7,1565730;20250402153839;LC-MS QExactive HFX;MeOH/H2O;plant specimen
202505131015_CVOL_dbgi_007728_01_01.mzML;dbgi_007728;Larix decidua (L.) Mill.;NA;Positive;JBUF;jbuf;Larix decidua;Larix decidua (L.) Mill.;species;bark;0;jbuf;46,792686;7,1569380;20250411153505;LC-MS QExactive HFX;MeOH/H2O;plant specimen
202505131015_CVOL_dbgi_007729_01_01.mzML;dbgi_007729;Taxus baccata L.;NA;Positive;JBUF;jbuf;Taxus baccata;Taxus baccata L.;species;bud;0;jbuf;46,791183;7,1573615;20250325100859;LC-MS QExactive HFX;MeOH/H2O;plant specimen
202505131015_CVOL_dbgi_007730_01_01.mzML;dbgi_007730;Juniperus communis subsp. communis;NA;Positive;JBUF;jbuf;Juniperus communis subsp. communis;Juniperus communis subsp. communis;subspecies;Leaf;0;jbuf;46,793070;7,1564255;NA;LC-MS QExactive HFX;MeOH/H2O;plant specimen
202505131015_CVOL_dbgi_007731_01_01.mzML;dbgi_007731;Prunus persica (L.) Stokes;NA;Positive;JBUF;jbuf;Prunus persica;Prunus persica (L.) Stokes;species;Flower;0;jbuf;46,793106;7,1561670;20250328153307;LC-MS QExactive HFX;MeOH/H2O;plant specimen
202505131015_CVOL_dbgi_007732_01_01.mzML;dbgi_007732;Eleutherococcus senticosus (Rupr. & Maxim.) Maxim.;NA;Positive;JBUF;jbuf;Eleutherococcus senticosus;Eleutherococcus senticosus (Rupr. & Maxim.) Maxim.;species;bark;0;jbuf;46,793003;7,1565437;20250402151258;LC-MS QExactive HFX;MeOH/H2O;plant specimen
202505131015_CVOL_dbgi_007734_01_01.mzML;dbgi_007734;Pinus mugo Turra;NA;Positive;JBUF;jbuf;Pinus mugo;Pinus mugo Turra;species;Leaf;0;jbuf;46,792618;7,1562800;20250327101238;LC-MS QExactive HFX;MeOH/H2O;plant specimen
202505131015_CVOL_dbgi_007735_01_01.mzML;dbgi_007735;Bellevalia romana (L.) Sweet;NA;Positive;JBUF;jbuf;Bellevalia romana;Bellevalia romana (L.) Sweet;species;Leaf;0;jbuf;46,792843;7,1561360;NA;LC-MS QExactive HFX;MeOH/H2O;plant specimen
202505131015_CVOL_dbgi_007736_01_01.mzML;dbgi_007736;Narcissus albicans (Haw.) Spreng.;NA;Positive;JBUF;jbuf;Narcissus albicans;Narcissus albicans (Haw.) Spreng.;species;Leaf;1;jbuf;46,792797;7,1560926;20250321154054;LC-MS QExactive HFX;MeOH/H2O;plant specimen
202505131015_CVOL_dbgi_007737_01_01.mzML;dbgi_007737;Picea jezoensis (Siebold & Zucc.) Carrière;NA;Positive;JBUF;jbuf;Picea jezoensis;Picea jezoensis (Siebold & Zucc.) Carrière;species;Fruit;0;jbuf;46,792670;7,1570120;20250411150413;LC-MS QExactive HFX;MeOH/H2O;plant specimen
202505131015_CVOL_dbgi_007742_01_01.mzML;dbgi_007742;Larix decidua (L.) Mill.;NA;Positive;JBUF;jbuf;Larix decidua;Larix decidua (L.) Mill.;species;Stems;0;jbuf;46,792686;7,1569380;20250411153033;LC-MS QExactive HFX;MeOH/H2O;plant specimen
202505131015_CVOL_dbgi_007743_01_01.mzML;dbgi_007743;Prunus armeniaca L.;NA;Positive;JBUF;jbuf;Prunus armeniaca;Prunus armeniaca L.;species;Flower;0;jbuf;46,793130;7,1559580;20250328100229;LC-MS QExactive HFX;MeOH/H2O;plant specimen
202505131015_CVOL_dbgi_007744_01_01.mzML;dbgi_007744;Prunus amygdalus Batsch;NA;Positive;JBUF;jbuf;Prunus amygdalus;Prunus amygdalus Batsch;species;bud;0;jbuf;46,793120;7,1560154;20250328101820;LC-MS QExactive HFX;MeOH/H2O;plant specimen
202505131015_CVOL_dbgi_007745_01_01.mzML;dbgi_007745;Metasequoia glyptostroboides Hu & W.C.Cheng;NA;Positive;JBUF;jbuf;Metasequoia glyptostroboides;Metasequoia glyptostroboides Hu & W.C.Cheng;species;bark;0;jbuf;46,792736;7,1570970;20250403170125;LC-MS QExactive HFX;MeOH/H2O;plant specimen
202505131015_CVOL_dbgi_007746_01_01.mzML;dbgi_007746;Buxus sempervirens L.;NA;Positive;JBUF;jbuf;Buxus sempervirens;Buxus sempervirens L.;species;Flower;0;jbuf;46,791622;7,1573650;20250418134026;LC-MS QExactive HFX;MeOH/H2O;plant specimen
202505131015_CVOL_dbgi_007747_01_01.mzML;dbgi_007747;Picea abies (L.) H.Karst.;NA;Positive;JBUF;jbuf;Picea abies;Picea abies (L.) H.Karst.;species;bark;0;jbuf;46,792664;7,1570745;20250410165822;LC-MS QExactive HFX;MeOH/H2O;plant specimen
202505131015_CVOL_dbgi_007750_01_01.mzML;dbgi_007750;Picea abies (L.) H.Karst.;NA;Positive;JBUF;jbuf;Picea abies;Picea abies (L.) H.Karst.;species;Leaf;0;jbuf;46,792767;7,1569720;20250403140048;LC-MS QExactive HFX;MeOH/H2O;plant specimen
202505131015_CVOL_dbgi_007751_01_01.mzML;dbgi_007751;Buxus sempervirens L.;NA;Positive;JBUF;jbuf;Buxus sempervirens;Buxus sempervirens L.;species;Stems;0;jbuf;46,791622;7,1573650;20250418134957;LC-MS QExactive HFX;MeOH/H2O;plant specimen
202505131015_CVOL_dbgi_007752_01_01.mzML;dbgi_007752;Larix kaempferi (Lamb.) Carrière;NA;Positive;JBUF;jbuf;Larix kaempferi;Larix kaempferi (Lamb.) Carrière;species;Leaf;0;jbuf;46,792690;7,1569060;20250411155208;LC-MS QExactive HFX;MeOH/H2O;plant specimen
202505131015_CVOL_dbgi_007753_01_01.mzML;dbgi_007753;Larix decidua (L.) Mill.;NA;Positive;JBUF;jbuf;Larix decidua;Larix decidua (L.) Mill.;species;Fruit;0;jbuf;46,792686;7,1569357;20250411153824;LC-MS QExactive HFX;MeOH/H2O;plant specimen
202505131015_CVOL_dbgi_007758_01_01.mzML;dbgi_007758;Muscari botryoides (L.) Mill.;NA;Positive;JBUF;jbuf;Muscari botryoides;Muscari botryoides (L.) Mill.;species;Flower;0;jbuf;46,792763;7,1561030;20250321152806;LC-MS QExactive HFX;MeOH/H2O;plant specimen
202505131015_CVOL_dbgi_007759_01_01.mzML;dbgi_007759;Picea abies (L.) H.Karst.;NA;Positive;JBUF;jbuf;Picea abies;Picea abies (L.) H.Karst.;species;bud;0;jbuf;46,792767;7,1569720;20250403141123;LC-MS QExactive HFX;MeOH/H2O;plant specimen
202505131015_CVOL_dbgi_007760_01_01.mzML;dbgi_007760;Liquidambar formosana Hance;NA;Positive;JBUF;jbuf;Liquidambar formosana;Liquidambar formosana Hance;species;Stems;0;jbuf;46,792866;7,1568775;20250403134317;LC-MS QExactive HFX;MeOH/H2O;plant specimen
202505131015_CVOL_dbgi_007762_01_01.mzML;dbgi_007762;Larix kaempferi (Lamb.) Carrière;NA;Positive;JBUF;jbuf;Larix kaempferi;Larix kaempferi (Lamb.) Carrière;species;Fruit;0;jbuf;46,792690;7,1569023;20250411160724;LC-MS QExactive HFX;MeOH/H2O;plant specimen
202505131015_CVOL_dbgi_007763_01_01.mzML;dbgi_007763;Juniperus communis subsp. communis;NA;Positive;JBUF;jbuf;Juniperus communis subsp. communis;Juniperus communis subsp. communis;subspecies;bud;0;jbuf;46,793070;7,1564260;20250402134516;LC-MS QExactive HFX;MeOH/H2O;plant specimen
202505131015_CVOL_dbgi_007765_01_01.mzML;dbgi_007765;Liquidambar formosana Hance;NA;Positive;JBUF;jbuf;Liquidambar formosana;Liquidambar formosana Hance;species;bud;0;jbuf;46,792866;7,1568780;20250403133044;LC-MS QExactive HFX;MeOH/H2O;plant specimen
202505131015_CVOL_dbgi_007767_01_01.mzML;dbgi_007767;Picea abies (L.) H.Karst.;NA;Positive;JBUF;jbuf;Picea abies;Picea abies (L.) H.Karst.;species;Leaf;0;jbuf;46,792664;7,1570740;20250410164053;LC-MS QExactive HFX;MeOH/H2O;plant specimen
202505131015_CVOL_dbgi_007768_01_01.mzML;dbgi_007768;Picea jezoensis (Siebold & Zucc.) Carrière;NA;Positive;JBUF;jbuf;Picea jezoensis;Picea jezoensis (Siebold & Zucc.) Carrière;species;bud;0;jbuf;46,792680;7,1570120;20250411145227;LC-MS QExactive HFX;MeOH/H2O;plant specimen
202505131015_CVOL_dbgi_007769_01_01.mzML;dbgi_007769;× Sycoparrotia semidecidua P. K. Endress & Anliker;NA;Positive;JBUF;jbuf;× Sycoparrotia semidecidua;× Sycoparrotia semidecidua P. K. Endress & Anliker;species;Flower;0;jbuf;46,792847;7,1568710;20250403134646;LC-MS QExactive HFX;MeOH/H2O;plant specimen
202505131015_CVOL_dbgi_007770_01_01.mzML;dbgi_007770;Picea jezoensis (Siebold & Zucc.) Carrière;NA;Positive;JBUF;jbuf;Picea jezoensis;Picea jezoensis (Siebold & Zucc.) Carrière;species;Stems;0;jbuf;46,792675;7,1570125;20250411150152;LC-MS QExactive HFX;MeOH/H2O;plant specimen
202505131015_CVOL_dbgi_007771_01_01.mzML;dbgi_007771;Prunus cerasus L.;NA;Positive;JBUF;jbuf;Prunus cerasus;Prunus cerasus L.;species;bark;0;jbuf;46,792126;7,1564593;20250418115009;LC-MS QExactive HFX;MeOH/H2O;plant specimen
202505131015_CVOL_dbgi_007772_01_01.mzML;dbgi_007772;Picea abies (L.) H.Karst.;NA;Positive;JBUF;jbuf;Picea abies;Picea abies (L.) H.Karst.;species;bark;0;jbuf;46,792664;7,1570760;20250410170220;LC-MS QExactive HFX;MeOH/H2O;plant specimen
202505131015_CVOL_dbgi_007774_01_01.mzML;dbgi_007774;Picea abies (L.) H.Karst.;NA;Positive;JBUF;jbuf;Picea abies;Picea abies (L.) H.Karst.;species;bark;0;jbuf;46,792780;7,1569967;20250403152456;LC-MS QExactive HFX;MeOH/H2O;plant specimen
202505131015_CVOL_dbgi_007775_01_01.mzML;dbgi_007775;Betula pendula Roth;NA;Positive;JBUF;jbuf;Betula pendula;Betula pendula Roth;species;Seed;0;jbuf;46,792930;7,1562595;20250418112655;LC-MS QExactive HFX;MeOH/H2O;plant specimen
202505131015_CVOL_dbgi_007782_01_01.mzML;dbgi_007782;Tsuga canadensis (L.) Carrière;NA;Positive;JBUF;jbuf;Tsuga canadensis;Tsuga canadensis (L.) Carrière;species;bark;0;jbuf;46,793120;7,1552650;20250410150414;LC-MS QExactive HFX;MeOH/H2O;plant specimen
202505131015_CVOL_dbgi_007783_01_01.mzML;dbgi_007783;Larix kaempferi (Lamb.) Carrière;NA;Positive;JBUF;jbuf;Larix kaempferi;Larix kaempferi (Lamb.) Carrière;species;Flower;0;jbuf;46,792690;7,1569023;20250411161236;LC-MS QExactive HFX;MeOH/H2O;plant specimen
202505131015_CVOL_dbgi_007784_01_01.mzML;dbgi_007784;Cryptomeria japonica (Thunb. ex L.) D.Don;NA;Positive;JBUF;jbuf;Cryptomeria japonica;Cryptomeria japonica (Thunb. ex L.) D.Don;species;bark;0;jbuf;46,792744;7,1569860;20250403154450;LC-MS QExactive HFX;MeOH/H2O;plant specimen
202505131015_CVOL_dbgi_007785_01_01.mzML;dbgi_007785;Ostrya carpinifolia Scop.;NA;Positive;JBUF;jbuf;Ostrya carpinifolia;Ostrya carpinifolia Scop.;species;Stems;0;jbuf;46,792236;7,1573150;20250418125400;LC-MS QExactive HFX;MeOH/H2O;plant specimen
202505131015_CVOL_dbgi_007787_01_01.mzML;dbgi_007787;Ostrya carpinifolia Scop.;NA;Positive;JBUF;jbuf;Ostrya carpinifolia;Ostrya carpinifolia Scop.;species;Flower;0;jbuf;46,792236;7,1573157;20250418124317;LC-MS QExactive HFX;MeOH/H2O;plant specimen
202505131015_CVOL_dbgi_007789_01_01.mzML;dbgi_007789;Picea abies (L.) H.Karst.;NA;Positive;JBUF;jbuf;Picea abies;Picea abies (L.) H.Karst.;species;Stems;0;jbuf;46,792786;7,1569495;20250403142431;LC-MS QExactive HFX;MeOH/H2O;plant specimen
202505131015_CVOL_dbgi_007790_01_01.mzML;dbgi_007790;Betula pendula Roth;NA;Positive;JBUF;jbuf;Betula pendula;Betula pendula Roth;species;Stems;0;jbuf;46,792930;7,1562590;20250418113022;LC-MS QExactive HFX;MeOH/H2O;plant specimen
202505131015_CVOL_dbgi_007791_01_01.mzML;dbgi_007791;Metasequoia glyptostroboides Hu & W.C.Cheng;NA;Positive;JBUF;jbuf;Metasequoia glyptostroboides;Metasequoia glyptostroboides Hu & W.C.Cheng;species;bud;0;jbuf;46,792736;7,1571064;20250403165010;LC-MS QExactive HFX;MeOH/H2O;plant specimen
202505131015_CVOL_dbgi_007794_01_01.mzML;dbgi_007794;Sequoiadendron giganteum (Lindl.) J.Buchholz;NA;Positive;JBUF;jbuf;Sequoiadendron giganteum;Sequoiadendron giganteum (Lindl.) J.Buchholz;species;bark;0;jbuf;46,792786;7,1571746;20250403163949;LC-MS QExactive HFX;MeOH/H2O;plant specimen
202505131015_CVOL_dbgi_007795_01_01.mzML;dbgi_007795;Alnus incana (L.) Moench;NA;Positive;JBUF;jbuf;Alnus incana;Alnus incana (L.) Moench;species;bark;0;jbuf;46,792202;7,1574984;20250418122824;LC-MS QExactive HFX;MeOH/H2O;plant specimen
202505131015_CVOL_dbgi_007796_01_01.mzML;dbgi_007796;Tilia cordata Mill.;NA;Positive;JBUF;jbuf;Tilia cordata;Tilia cordata Mill.;species;bud;0;jbuf;46,793120;7,1552680;20250410145717;LC-MS QExactive HFX;MeOH/H2O;plant specimen
202505131015_CVOL_dbgi_007797_01_01.mzML;dbgi_007797;Pseudotsuga menziesii var. menziesii (Mirb.) Franco;NA;Positive;JBUF;jbuf;Pseudotsuga menziesii var. menziesii;Pseudotsuga menziesii var. menziesii (Mirb.) Franco;variety;bud;0;jbuf;46,792637;7,1573477;20250410160552;LC-MS QExactive HFX;MeOH/H2O;plant specimen
202505131015_CVOL_dbgi_007798_01_01.mzML;dbgi_007798;Prunus avium (L.) L.;NA;Positive;JBUF;jbuf;Prunus avium;Prunus avium (L.) L.;species;Flower;0;jbuf;46,792553;7,1572140;20250411142406;LC-MS QExactive HFX;MeOH/H2O;plant specimen
202505131015_CVOL_dbgi_007801_01_01.mzML;dbgi_007801;Tsuga canadensis (L.) Carrière;NA;Positive;JBUF;jbuf;Tsuga canadensis;Tsuga canadensis (L.) Carrière;species;Stems;0;jbuf;46,792686;7,1572723;20250410154149;LC-MS QExactive HFX;MeOH/H2O;plant specimen
202505131015_CVOL_dbgi_007802_01_01.mzML;dbgi_007802;Pseudotsuga menziesii var. menziesii (Mirb.) Franco;NA;Positive;JBUF;jbuf;Pseudotsuga menziesii var. menziesii;Pseudotsuga menziesii var. menziesii (Mirb.) Franco;variety;bark;0;jbuf;46,792637;7,1573460;20250410161202;LC-MS QExactive HFX;MeOH/H2O;plant specimen
202505131015_CVOL_dbgi_007803_01_01.mzML;dbgi_007803;Thuja occidentalis L.;NA;Positive;JBUF;jbuf;Thuja occidentalis;Thuja occidentalis L.;species;bark;0;jbuf;46,793045;7,1564693;20250402141617;LC-MS QExactive HFX;MeOH/H2O;plant specimen
202505131015_CVOL_dbgi_007804_01_01.mzML;dbgi_007804;× Sycoparrotia semidecidua P. K. Endress & Anliker;NA;Positive;JBUF;jbuf;× Sycoparrotia semidecidua;× Sycoparrotia semidecidua P. K. Endress & Anliker;species;bud;0;jbuf;46,792843;7,1568713;20250403135344;LC-MS QExactive HFX;MeOH/H2O;plant specimen
202505131015_CVOL_dbgi_007805_01_01.mzML;dbgi_007805;Prunus cerasus L.;NA;Positive;JBUF;jbuf;Prunus cerasus;Prunus cerasus L.;species;Flower;0;jbuf;46,792126;7,1564580;20250418114133;LC-MS QExactive HFX;MeOH/H2O;plant specimen
202505131015_CVOL_dbgi_007806_01_01.mzML;dbgi_007806;Pinus cembra L.;NA;Positive;JBUF;jbuf;Pinus cembra;Pinus cembra L.;species;Leaf;0;jbuf;46,792694;7,1567470;20250411162037;LC-MS QExactive HFX;MeOH/H2O;plant specimen
202505131015_CVOL_dbgi_007808_01_01.mzML;dbgi_007808;Pinus mugo Turra;NA;Positive;JBUF;jbuf;Pinus mugo;Pinus mugo Turra;species;Flower;0;jbuf;46,792973;7,1560407;20250328162625;LC-MS QExactive HFX;MeOH/H2O;plant specimen
202505131015_CVOL_dbgi_007813_01_01.mzML;dbgi_007813;Abies pinsapo Boiss.;NA;Positive;JBUF;jbuf;Abies pinsapo;Abies pinsapo Boiss.;species;Leaf;0;jbuf;46,791170;7,1574078;20250325104701;LC-MS QExactive HFX;MeOH/H2O;plant specimen
202505131015_CVOL_dbgi_007814_01_01.mzML;dbgi_007814;Picea abies (L.) H.Karst.;NA;Positive;JBUF;jbuf;Picea abies;Picea abies (L.) H.Karst.;species;bud;0;jbuf;46,792780;7,1569963;20250403150051;LC-MS QExactive HFX;MeOH/H2O;plant specimen
20250611_140952_HC_20250319_PMA_C18_DDA_neg_dbgi_001042_01_01.mzML;dbgi_001042;Avena sativa L.;NA;Negative;JBUF;jbuf;Avena sativa;Avena sativa L.;species;NA;0;jbuf;46,792374;7,1565685;NA;LC-MS QExactive HFX;MeOH/H2O;plant specimen
20250611_140952_HC_20250319_PMA_C18_DDA_neg_dbgi_001046_01_01.mzML;dbgi_001046;Hepatica nobilis Schreb.;NA;Negative;JBUF;jbuf;Hepatica nobilis;Hepatica nobilis Schreb.;species;NA;0;jbuf;46,792377;7,1564770;NA;LC-MS QExactive HFX;MeOH/H2O;plant specimen
20250611_140952_HC_20250319_PMA_C18_DDA_neg_dbgi_001047_01_01.mzML;dbgi_001047;Bromus sterilis L.;NA;Negative;JBUF;jbuf;Bromus sterilis;Bromus sterilis L.;species;NA;0;jbuf;46,792340;7,1565943;NA;LC-MS QExactive HFX;MeOH/H2O;plant specimen
20250611_140952_HC_20250319_PMA_C18_DDA_neg_dbgi_001048_01_01.mzML;dbgi_001048;Aconitum carmichaelii Debeaux;NA;Negative;JBUF;jbuf;Aconitum carmichaelii;Aconitum carmichaelii Debeaux;species;NA;0;jbuf;46,792460;7,1564650;NA;LC-MS QExactive HFX;MeOH/H2O;plant specimen
20250611_140952_HC_20250319_PMA_C18_DDA_neg_dbgi_001050_01_01.mzML;dbgi_001050;Anemonastrum canadense (L.) Mosyakin;NA;Negative;JBUF;jbuf;Anemonastrum canadense;Anemonastrum canadense (L.) Mosyakin;species;NA;0;jbuf;46,792390;7,1564693;NA;LC-MS QExactive HFX;MeOH/H2O;plant specimen
20250611_140952_HC_20250319_PMA_C18_DDA_neg_dbgi_001056_01_01.mzML;dbgi_001056;Delphinium vestitum Wall.;NA;Negative;JBUF;jbuf;Delphinium vestitum;Delphinium vestitum Wall.;species;NA;0;jbuf;46,792470;7,1564540;NA;LC-MS QExactive HFX;MeOH/H2O;plant specimen
20250611_140952_HC_20250319_PMA_C18_DDA_neg_dbgi_001058_01_01.mzML;dbgi_001058;Clematis florida Thunb.;NA;Negative;JBUF;jbuf;Clematis florida;Clematis florida Thunb.;species;NA;0;jbuf;46,792390;7,1564810;NA;LC-MS QExactive HFX;MeOH/H2O;plant specimen
20250611_140952_HC_20250319_PMA_C18_DDA_neg_dbgi_001129_01_01.mzML;dbgi_001129;Melica altissima L.;NA;Negative;JBUF;jbuf;Melica altissima;Melica altissima L.;species;NA;0;jbuf;46,792360;7,1565920;NA;LC-MS QExactive HFX;MeOH/H2O;plant specimen
20250611_140952_HC_20250319_PMA_C18_DDA_neg_dbgi_001132_01_01.mzML;dbgi_001132;Clematis recta L.;NA;Negative;JBUF;jbuf;Clematis recta;Clematis recta L.;species;NA;0;jbuf;46,792385;7,1564800;NA;LC-MS QExactive HFX;MeOH/H2O;plant specimen
20250611_140952_HC_20250319_PMA_C18_DDA_neg_dbgi_001138_01_01.mzML;dbgi_001138;Staphylea pinnata L.;NA;Negative;JBUF;jbuf;Staphylea pinnata;Staphylea pinnata L.;species;NA;0;jbuf;46,792300;7,1568740;NA;LC-MS QExactive HFX;MeOH/H2O;plant specimen
20250611_140952_HC_20250319_PMA_C18_DDA_neg_dbgi_001154_01_01.mzML;dbgi_001154;Cenchrus americanus (L.) Morrone;NA;Negative;JBUF;jbuf;Cenchrus americanus;Cenchrus americanus (L.) Morrone;species;NA;0;jbuf;46,792240;7,1566987;NA;LC-MS QExactive HFX;MeOH/H2O;plant specimen
20250611_140952_HC_20250319_PMA_C18_DDA_neg_dbgi_001155_01_01.mzML;dbgi_001155;Avena fatua L.;NA;Negative;JBUF;jbuf;Avena fatua;Avena fatua L.;species;NA;0;jbuf;46,792380;7,1565640;NA;LC-MS QExactive HFX;MeOH/H2O;plant specimen
20250611_140952_HC_20250319_PMA_C18_DDA_neg_dbgi_001171_01_01.mzML;dbgi_001171;Eragrostis tef (Zuccagni) Trotter;NA;Negative;JBUF;jbuf;Eragrostis tef;Eragrostis tef (Zuccagni) Trotter;species;NA;0;jbuf;46,792286;7,1566386;NA;LC-MS QExactive HFX;MeOH/H2O;plant specimen
20250611_140952_HC_20250319_PMA_C18_DDA_neg_dbgi_001172_01_01.mzML;dbgi_001172;Zea mays subsp. mays;NA;Negative;JBUF;jbuf;Zea mays subsp. mays;Zea mays subsp. mays;subspecies;NA;0;jbuf;46,792248;7,1566873;NA;LC-MS QExactive HFX;MeOH/H2O;plant specimen
20250611_140952_HC_20250319_PMA_C18_DDA_neg_dbgi_001181_01_01.mzML;dbgi_001181;Panicum miliaceum L.;NA;Negative;JBUF;jbuf;Panicum miliaceum;Panicum miliaceum L.;species;NA;0;jbuf;46,792267;7,1566610;NA;LC-MS QExactive HFX;MeOH/H2O;plant specimen
20250611_140952_HC_20250319_PMA_C18_DDA_neg_dbgi_001205_01_01.mzML;dbgi_001205;Clematis heracleifolia DC.;NA;Negative;JBUF;jbuf;Clematis heracleifolia;Clematis heracleifolia DC.;species;NA;0;jbuf;46,792397;7,1564765;NA;LC-MS QExactive HFX;MeOH/H2O;plant specimen
20250611_140952_HC_20250319_PMA_C18_DDA_neg_dbgi_001206_01_01.mzML;dbgi_001206;Nigella sativa L.;NA;Negative;JBUF;jbuf;Nigella sativa;Nigella sativa L.;species;NA;0;jbuf;46,792442;7,1564507;NA;LC-MS QExactive HFX;MeOH/H2O;plant specimen
20250611_140952_HC_20250319_PMA_C18_DDA_neg_dbgi_001207_01_01.mzML;dbgi_001207;Ranunculus sardous Crantz;NA;Negative;JBUF;jbuf;Ranunculus sardous;Ranunculus sardous Crantz;species;NA;0;jbuf;46,792330;7,1565223;NA;LC-MS QExactive HFX;MeOH/H2O;plant specimen
20250611_140952_HC_20250319_PMA_C18_DDA_neg_dbgi_001209_01_01.mzML;dbgi_001209;Aconitum lycoctonum subsp. vulparia (Rchb.) Nyman;NA;Negative;JBUF;jbuf;Aconitum lycoctonum subsp. vulparia;Aconitum lycoctonum subsp. vulparia (Rchb.) Nyman;subspecies;NA;0;jbuf;46,792454;7,1564517;NA;LC-MS QExactive HFX;MeOH/H2O;plant specimen
20250611_140952_HC_20250319_PMA_C18_DDA_neg_dbgi_001211_01_01.mzML;dbgi_001211;Fuchsia magellanica Lam.;NA;Negative;JBUF;jbuf;Fuchsia magellanica;Fuchsia magellanica Lam.;species;NA;0;jbuf;46,792280;7,1569220;NA;LC-MS QExactive HFX;MeOH/H2O;plant specimen
20250611_140952_HC_20250319_PMA_C18_DDA_neg_dbgi_001217_01_01.mzML;dbgi_001217;Pelargonium × hybridum (L.) L'Hér.;NA;Negative;JBUF;jbuf;Pelargonium × hybridum;Pelargonium × hybridum (L.) L'Hér.;species;NA;0;jbuf;46,792267;7,1570487;NA;LC-MS QExactive HFX;MeOH/H2O;plant specimen
20250611_140952_HC_20250319_PMA_C18_DDA_neg_dbgi_001218_01_01.mzML;dbgi_001218;Cuphea ignea A.DC.;NA;Negative;JBUF;jbuf;Cuphea ignea;Cuphea ignea A.DC.;species;NA;0;jbuf;46,792248;7,1570725;NA;LC-MS QExactive HFX;MeOH/H2O;plant specimen
20250611_140952_HC_20250319_PMA_C18_DDA_neg_dbgi_001222_01_01.mzML;dbgi_001222;Oenothera lindheimeri (Engelm. & A.Gray) W.L.Wagner & Hoch;NA;Negative;JBUF;jbuf;Oenothera lindheimeri;Oenothera lindheimeri (Engelm. & A.Gray) W.L.Wagner & Hoch;species;NA;0;jbuf;46,792260;7,1569850;NA;LC-MS QExactive HFX;MeOH/H2O;plant specimen
20250611_140952_HC_20250319_PMA_C18_DDA_neg_dbgi_001224_01_01.mzML;dbgi_001224;Glaucium flavum Crantz;NA;Negative;JBUF;jbuf;Glaucium flavum;Glaucium flavum Crantz;species;NA;0;jbuf;46,792465;7,1564920;NA;LC-MS QExactive HFX;MeOH/H2O;plant specimen
20250611_140952_HC_20250319_PMA_C18_DDA_neg_dbgi_001225_01_01.mzML;dbgi_001225;Thalictrum lucidum L.;NA;Negative;JBUF;jbuf;Thalictrum lucidum;Thalictrum lucidum L.;species;NA;0;jbuf;46,792500;7,1564546;NA;LC-MS QExactive HFX;MeOH/H2O;plant specimen
20250611_140952_HC_20250319_PMA_C18_DDA_neg_dbgi_001227_01_01.mzML;dbgi_001227;Romneya coulteri Harv.;NA;Negative;JBUF;jbuf;Romneya coulteri;Romneya coulteri Harv.;species;NA;1;jbuf;46,792435;7,1564837;NA;LC-MS QExactive HFX;MeOH/H2O;plant specimen
20250611_140952_HC_20250319_PMA_C18_DDA_neg_dbgi_001228_01_01.mzML;dbgi_001228;Thalictrum rochebruneanum Franch. & Sav.;NA;Negative;JBUF;jbuf;Thalictrum rochebruneanum;Thalictrum rochebruneanum Franch. & Sav.;species;NA;0;jbuf;46,792500;7,1564630;NA;LC-MS QExactive HFX;MeOH/H2O;plant specimen
20250611_140952_HC_20250319_PMA_C18_DDA_neg_dbgi_001230_01_01.mzML;dbgi_001230;Aquilegia atrata Koch;NA;Negative;JBUF;jbuf;Aquilegia atrata;Aquilegia atrata Koch;species;NA;0;jbuf;46,792496;7,1564560;NA;LC-MS QExactive HFX;MeOH/H2O;plant specimen
20250611_140952_HC_20250319_PMA_C18_DDA_neg_dbgi_001234_01_01.mzML;dbgi_001234;Ranunculus repens L.;NA;Negative;JBUF;jbuf;Ranunculus repens;Ranunculus repens L.;species;NA;0;jbuf;46,792347;7,1564990;NA;LC-MS QExactive HFX;MeOH/H2O;plant specimen
20250611_140952_HC_20250319_PMA_C18_DDA_neg_dbgi_001236_01_01.mzML;dbgi_001236;Aquilegia chrysantha A.Gray;NA;Negative;JBUF;jbuf;Aquilegia chrysantha;Aquilegia chrysantha A.Gray;species;NA;0;jbuf;46,792496;7,1564665;NA;LC-MS QExactive HFX;MeOH/H2O;plant specimen
20250611_140952_HC_20250319_PMA_C18_DDA_neg_dbgi_001237_01_01.mzML;dbgi_001237;Pseudofumaria alba (Mill.) Lidén;NA;Negative;JBUF;jbuf;Pseudofumaria alba;Pseudofumaria alba (Mill.) Lidén;species;NA;1;jbuf;46,792420;7,1564975;NA;LC-MS QExactive HFX;MeOH/H2O;plant specimen
20250611_140952_HC_20250319_PMA_C18_DDA_neg_dbgi_001238_01_01.mzML;dbgi_001238;Anemone blanda Schott & Kotschy;NA;Negative;JBUF;jbuf;Anemone blanda;Anemone blanda Schott & Kotschy;species;NA;0;jbuf;46,792397;7,1564640;NA;LC-MS QExactive HFX;MeOH/H2O;plant specimen
20250611_140952_HC_20250319_PMA_C18_DDA_neg_dbgi_001239_01_01.mzML;dbgi_001239;Fumaria wirtgenii Koch;NA;Negative;JBUF;jbuf;Fumaria wirtgenii;Fumaria wirtgenii Koch;species;NA;0;jbuf;46,792410;7,1565003;NA;LC-MS QExactive HFX;MeOH/H2O;plant specimen
20250611_140952_HC_20250319_PMA_C18_DDA_neg_dbgi_001240_01_01.mzML;dbgi_001240;Argemone mexicana L.;NA;Negative;JBUF;jbuf;Argemone mexicana;Argemone mexicana L.;species;NA;0;jbuf;46,792442;7,1564937;NA;LC-MS QExactive HFX;MeOH/H2O;plant specimen
20250611_140952_HC_20250319_PMA_C18_DDA_neg_dbgi_001241_01_01.mzML;dbgi_001241;Corydalis flexuosa Franch.;NA;Negative;JBUF;jbuf;Corydalis flexuosa;Corydalis flexuosa Franch.;species;NA;0;jbuf;46,792430;7,1564846;NA;LC-MS QExactive HFX;MeOH/H2O;plant specimen
20250611_140952_HC_20250319_PMA_C18_DDA_neg_dbgi_001247_01_01.mzML;dbgi_001247;Thalictrum aquilegiifolium L.;NA;Negative;JBUF;jbuf;Thalictrum aquilegiifolium;Thalictrum aquilegiifolium L.;species;NA;0;jbuf;46,792503;7,1564555;NA;LC-MS QExactive HFX;MeOH/H2O;plant specimen
20250611_140952_HC_20250319_PMA_C18_DDA_neg_dbgi_001750_01_01.mzML;dbgi_001750;Nigella damascena L.;NA;Negative;JBUF;jbuf;Nigella damascena;Nigella damascena L.;species;NA;0;jbuf;46,792450;7,1564507;NA;LC-MS QExactive HFX;MeOH/H2O;plant specimen
20250611_140952_HC_20250319_PMA_C18_DDA_neg_dbgi_001752_01_01.mzML;dbgi_001752;Decaisnea insignis (Griff.) Hook.fil. & Thomson;NA;Negative;JBUF;jbuf;Decaisnea insignis;Decaisnea insignis (Griff.) Hook.fil. & Thomson;species;NA;0;jbuf;46,792290;7,1565423;NA;LC-MS QExactive HFX;MeOH/H2O;plant specimen
20250611_140952_HC_20250319_PMA_C18_DDA_neg_dbgi_001753_01_01.mzML;dbgi_001753;Pulsatilla vulgaris Mill.;NA;Negative;JBUF;jbuf;Pulsatilla vulgaris;Pulsatilla vulgaris Mill.;species;NA;0;jbuf;46,792408;7,1564593;NA;LC-MS QExactive HFX;MeOH/H2O;plant specimen
20250611_140952_HC_20250319_PMA_C18_DDA_neg_dbgi_001754_01_01.mzML;dbgi_001754;Fuchsia corymbiflora Ruiz & Pav.;NA;Negative;JBUF;jbuf;Fuchsia corymbiflora;Fuchsia corymbiflora Ruiz & Pav.;species;NA;0;jbuf;46,792286;7,1569200;NA;LC-MS QExactive HFX;MeOH/H2O;plant specimen
20250611_140952_HC_20250319_PMA_C18_DDA_neg_dbgi_001810_01_01.mzML;dbgi_001810;Bistorta officinalis subsp. officinalis;NA;Negative;JBUF;jbuf;Bistorta officinalis subsp. officinalis;Bistorta officinalis subsp. officinalis;subspecies;NA;0;jbuf;46,792110;7,1570320;NA;LC-MS QExactive HFX;MeOH/H2O;plant specimen
20250611_140952_HC_20250319_PMA_C18_DDA_neg_dbgi_001824_01_01.mzML;dbgi_001824;Rumex scutatus L.;NA;Negative;JBUF;jbuf;Rumex scutatus;Rumex scutatus L.;species;NA;0;jbuf;46,792107;7,1570840;NA;LC-MS QExactive HFX;MeOH/H2O;plant specimen
20250611_140952_HC_20250319_PMA_C18_DDA_neg_dbgi_001885_01_01.mzML;dbgi_001885;Beta vulgaris L.;NA;Negative;JBUF;jbuf;Beta vulgaris;Beta vulgaris L.;species;NA;0;jbuf;46,792114;7,1568550;NA;LC-MS QExactive HFX;MeOH/H2O;plant specimen
20250611_140952_HC_20250319_PMA_C18_DDA_neg_dbgi_001896_01_01.mzML;dbgi_001896;Chenopodium giganteum D.Don;NA;Negative;JBUF;jbuf;Chenopodium giganteum;Chenopodium giganteum D.Don;species;NA;0;jbuf;46,792110;7,1568730;NA;LC-MS QExactive HFX;MeOH/H2O;plant specimen
20250611_140952_HC_20250319_PMA_C18_DDA_neg_dbgi_001921_01_01.mzML;dbgi_001921;Hippocrepis emerus (L.) Lassen;NA;Negative;JBUF;jbuf;Hippocrepis emerus;Hippocrepis emerus (L.) Lassen;species;NA;0;jbuf;46,792200;7,1571830;NA;LC-MS QExactive HFX;MeOH/H2O;plant specimen
20250611_140952_HC_20250319_PMA_C18_DDA_neg_dbgi_002252_01_01.mzML;dbgi_002252;Genista sagittalis L.;NA;Negative;JBUF;jbuf;Genista sagittalis;Genista sagittalis L.;species;NA;0;jbuf;46,792450;7,1571207;NA;LC-MS QExactive HFX;MeOH/H2O;plant specimen
20250611_140952_HC_20250319_PMA_C18_DDA_neg_dbgi_002254_01_01.mzML;dbgi_002254;Ononis spinosa L.;NA;Negative;JBUF;jbuf;Ononis spinosa;Ononis spinosa L.;species;NA;0;jbuf;46,792206;7,1572240;NA;LC-MS QExactive HFX;MeOH/H2O;plant specimen
20250611_140952_HC_20250319_PMA_C18_DDA_neg_dbgi_002299_01_01.mzML;dbgi_002299;Cytisophyllum sessilifolium (L.) O.Lang;NA;Negative;JBUF;jbuf;Cytisophyllum sessilifolium;Cytisophyllum sessilifolium (L.) O.Lang;species;NA;0;jbuf;46,792430;7,1571507;NA;LC-MS QExactive HFX;MeOH/H2O;plant specimen
20250611_140952_HC_20250319_PMA_C18_DDA_neg_dbgi_002306_01_01.mzML;dbgi_002306;Caragana arborescens Lam.;NA;Negative;JBUF;jbuf;Caragana arborescens;Caragana arborescens Lam.;species;NA;0;jbuf;46,792236;7,1572420;NA;LC-MS QExactive HFX;MeOH/H2O;plant specimen
20250611_140952_HC_20250319_PMA_C18_DDA_neg_dbgi_002324_01_01.mzML;dbgi_002324;Cytisus decumbens (Durande) Spach;NA;Negative;JBUF;jbuf;Cytisus decumbens;Cytisus decumbens (Durande) Spach;species;NA;0;jbuf;46,792442;7,1571293;NA;LC-MS QExactive HFX;MeOH/H2O;plant specimen
20250611_140952_HC_20250319_PMA_C18_DDA_neg_dbgi_002343_01_01.mzML;dbgi_002343;Cytisus scoparius (L.) Link;NA;Negative;JBUF;jbuf;Cytisus scoparius;Cytisus scoparius (L.) Link;species;NA;0;jbuf;46,792454;7,1571230;NA;LC-MS QExactive HFX;MeOH/H2O;plant specimen
20250611_140952_HC_20250319_PMA_C18_DDA_pos_dbgi_001042_01_01.mzML;dbgi_001042;Avena sativa L.;NA;Positive;JBUF;jbuf;Avena sativa;Avena sativa L.;species;NA;0;jbuf;46,792374;7,1565685;NA;LC-MS QExactive HFX;MeOH/H2O;plant specimen
20250611_140952_HC_20250319_PMA_C18_DDA_pos_dbgi_001046_01_01.mzML;dbgi_001046;Hepatica nobilis Schreb.;NA;Positive;JBUF;jbuf;Hepatica nobilis;Hepatica nobilis Schreb.;species;NA;0;jbuf;46,792377;7,1564770;NA;LC-MS QExactive HFX;MeOH/H2O;plant specimen
20250611_140952_HC_20250319_PMA_C18_DDA_pos_dbgi_001047_01_01.mzML;dbgi_001047;Bromus sterilis L.;NA;Positive;JBUF;jbuf;Bromus sterilis;Bromus sterilis L.;species;NA;0;jbuf;46,792340;7,1565943;NA;LC-MS QExactive HFX;MeOH/H2O;plant specimen
20250611_140952_HC_20250319_PMA_C18_DDA_pos_dbgi_001048_01_01.mzML;dbgi_001048;Aconitum carmichaelii Debeaux;NA;Positive;JBUF;jbuf;Aconitum carmichaelii;Aconitum carmichaelii Debeaux;species;NA;0;jbuf;46,792460;7,1564650;NA;LC-MS QExactive HFX;MeOH/H2O;plant specimen
20250611_140952_HC_20250319_PMA_C18_DDA_pos_dbgi_001050_01_01.mzML;dbgi_001050;Anemonastrum canadense (L.) Mosyakin;NA;Positive;JBUF;jbuf;Anemonastrum canadense;Anemonastrum canadense (L.) Mosyakin;species;NA;0;jbuf;46,792390;7,1564693;NA;LC-MS QExactive HFX;MeOH/H2O;plant specimen
20250611_140952_HC_20250319_PMA_C18_DDA_pos_dbgi_001056_01_01.mzML;dbgi_001056;Delphinium vestitum Wall.;NA;Positive;JBUF;jbuf;Delphinium vestitum;Delphinium vestitum Wall.;species;NA;0;jbuf;46,792470;7,1564540;NA;LC-MS QExactive HFX;MeOH/H2O;plant specimen
20250611_140952_HC_20250319_PMA_C18_DDA_pos_dbgi_001058_01_01.mzML;dbgi_001058;Clematis florida Thunb.;NA;Positive;JBUF;jbuf;Clematis florida;Clematis florida Thunb.;species;NA;0;jbuf;46,792390;7,1564810;NA;LC-MS QExactive HFX;MeOH/H2O;plant specimen
20250611_140952_HC_20250319_PMA_C18_DDA_pos_dbgi_001129_01_01.mzML;dbgi_001129;Melica altissima L.;NA;Positive;JBUF;jbuf;Melica altissima;Melica altissima L.;species;NA;0;jbuf;46,792360;7,1565920;NA;LC-MS QExactive HFX;MeOH/H2O;plant specimen
20250611_140952_HC_20250319_PMA_C18_DDA_pos_dbgi_001132_01_01.mzML;dbgi_001132;Clematis recta L.;NA;Positive;JBUF;jbuf;Clematis recta;Clematis recta L.;species;NA;0;jbuf;46,792385;7,1564800;NA;LC-MS QExactive HFX;MeOH/H2O;plant specimen
20250611_140952_HC_20250319_PMA_C18_DDA_pos_dbgi_001138_01_01.mzML;dbgi_001138;Staphylea pinnata L.;NA;Positive;JBUF;jbuf;Staphylea pinnata;Staphylea pinnata L.;species;NA;0;jbuf;46,792300;7,1568740;NA;LC-MS QExactive HFX;MeOH/H2O;plant specimen
20250611_140952_HC_20250319_PMA_C18_DDA_pos_dbgi_001154_01_01.mzML;dbgi_001154;Cenchrus americanus (L.) Morrone;NA;Positive;JBUF;jbuf;Cenchrus americanus;Cenchrus americanus (L.) Morrone;species;NA;0;jbuf;46,792240;7,1566987;NA;LC-MS QExactive HFX;MeOH/H2O;plant specimen
20250611_140952_HC_20250319_PMA_C18_DDA_pos_dbgi_001155_01_01.mzML;dbgi_001155;Avena fatua L.;NA;Positive;JBUF;jbuf;Avena fatua;Avena fatua L.;species;NA;0;jbuf;46,792380;7,1565640;NA;LC-MS QExactive HFX;MeOH/H2O;plant specimen
20250611_140952_HC_20250319_PMA_C18_DDA_pos_dbgi_001171_01_01.mzML;dbgi_001171;Eragrostis tef (Zuccagni) Trotter;NA;Positive;JBUF;jbuf;Eragrostis tef;Eragrostis tef (Zuccagni) Trotter;species;NA;0;jbuf;46,792286;7,1566386;NA;LC-MS QExactive HFX;MeOH/H2O;plant specimen
20250611_140952_HC_20250319_PMA_C18_DDA_pos_dbgi_001172_01_01.mzML;dbgi_001172;Zea mays subsp. mays;NA;Positive;JBUF;jbuf;Zea mays subsp. mays;Zea mays subsp. mays;subspecies;NA;0;jbuf;46,792248;7,1566873;NA;LC-MS QExactive HFX;MeOH/H2O;plant specimen
20250611_140952_HC_20250319_PMA_C18_DDA_pos_dbgi_001181_01_01.mzML;dbgi_001181;Panicum miliaceum L.;NA;Positive;JBUF;jbuf;Panicum miliaceum;Panicum miliaceum L.;species;NA;0;jbuf;46,792267;7,1566610;NA;LC-MS QExactive HFX;MeOH/H2O;plant specimen
20250611_140952_HC_20250319_PMA_C18_DDA_pos_dbgi_001205_01_01.mzML;dbgi_001205;Clematis heracleifolia DC.;NA;Positive;JBUF;jbuf;Clematis heracleifolia;Clematis heracleifolia DC.;species;NA;0;jbuf;46,792397;7,1564765;NA;LC-MS QExactive HFX;MeOH/H2O;plant specimen
20250611_140952_HC_20250319_PMA_C18_DDA_pos_dbgi_001206_01_01.mzML;dbgi_001206;Nigella sativa L.;NA;Positive;JBUF;jbuf;Nigella sativa;Nigella sativa L.;species;NA;0;jbuf;46,792442;7,1564507;NA;LC-MS QExactive HFX;MeOH/H2O;plant specimen
20250611_140952_HC_20250319_PMA_C18_DDA_pos_dbgi_001207_01_01.mzML;dbgi_001207;Ranunculus sardous Crantz;NA;Positive;JBUF;jbuf;Ranunculus sardous;Ranunculus sardous Crantz;species;NA;0;jbuf;46,792330;7,1565223;NA;LC-MS QExactive HFX;MeOH/H2O;plant specimen
20250611_140952_HC_20250319_PMA_C18_DDA_pos_dbgi_001209_01_01.mzML;dbgi_001209;Aconitum lycoctonum subsp. vulparia (Rchb.) Nyman;NA;Positive;JBUF;jbuf;Aconitum lycoctonum subsp. vulparia;Aconitum lycoctonum subsp. vulparia (Rchb.) Nyman;subspecies;NA;0;jbuf;46,792454;7,1564517;NA;LC-MS QExactive HFX;MeOH/H2O;plant specimen
20250611_140952_HC_20250319_PMA_C18_DDA_pos_dbgi_001211_01_01.mzML;dbgi_001211;Fuchsia magellanica Lam.;NA;Positive;JBUF;jbuf;Fuchsia magellanica;Fuchsia magellanica Lam.;species;NA;0;jbuf;46,792280;7,1569220;NA;LC-MS QExactive HFX;MeOH/H2O;plant specimen
20250611_140952_HC_20250319_PMA_C18_DDA_pos_dbgi_001217_01_01.mzML;dbgi_001217;Pelargonium × hybridum (L.) L'Hér.;NA;Positive;JBUF;jbuf;Pelargonium × hybridum;Pelargonium × hybridum (L.) L'Hér.;species;NA;0;jbuf;46,792267;7,1570487;NA;LC-MS QExactive HFX;MeOH/H2O;plant specimen
20250611_140952_HC_20250319_PMA_C18_DDA_pos_dbgi_001218_01_01.mzML;dbgi_001218;Cuphea ignea A.DC.;NA;Positive;JBUF;jbuf;Cuphea ignea;Cuphea ignea A.DC.;species;NA;0;jbuf;46,792248;7,1570725;NA;LC-MS QExactive HFX;MeOH/H2O;plant specimen
20250611_140952_HC_20250319_PMA_C18_DDA_pos_dbgi_001222_01_01.mzML;dbgi_001222;Oenothera lindheimeri (Engelm. & A.Gray) W.L.Wagner & Hoch;NA;Positive;JBUF;jbuf;Oenothera lindheimeri;Oenothera lindheimeri (Engelm. & A.Gray) W.L.Wagner & Hoch;species;NA;0;jbuf;46,792260;7,1569850;NA;LC-MS QExactive HFX;MeOH/H2O;plant specimen
20250611_140952_HC_20250319_PMA_C18_DDA_pos_dbgi_001224_01_01.mzML;dbgi_001224;Glaucium flavum Crantz;NA;Positive;JBUF;jbuf;Glaucium flavum;Glaucium flavum Crantz;species;NA;0;jbuf;46,792465;7,1564920;NA;LC-MS QExactive HFX;MeOH/H2O;plant specimen
20250611_140952_HC_20250319_PMA_C18_DDA_pos_dbgi_001225_01_01.mzML;dbgi_001225;Thalictrum lucidum L.;NA;Positive;JBUF;jbuf;Thalictrum lucidum;Thalictrum lucidum L.;species;NA;0;jbuf;46,792500;7,1564546;NA;LC-MS QExactive HFX;MeOH/H2O;plant specimen
20250611_140952_HC_20250319_PMA_C18_DDA_pos_dbgi_001227_01_01.mzML;dbgi_001227;Romneya coulteri Harv.;NA;Positive;JBUF;jbuf;Romneya coulteri;Romneya coulteri Harv.;species;NA;1;jbuf;46,792435;7,1564837;NA;LC-MS QExactive HFX;MeOH/H2O;plant specimen
20250611_140952_HC_20250319_PMA_C18_DDA_pos_dbgi_001228_01_01.mzML;dbgi_001228;Thalictrum rochebruneanum Franch. & Sav.;NA;Positive;JBUF;jbuf;Thalictrum rochebruneanum;Thalictrum rochebruneanum Franch. & Sav.;species;NA;0;jbuf;46,792500;7,1564630;NA;LC-MS QExactive HFX;MeOH/H2O;plant specimen
20250611_140952_HC_20250319_PMA_C18_DDA_pos_dbgi_001230_01_01.mzML;dbgi_001230;Aquilegia atrata Koch;NA;Positive;JBUF;jbuf;Aquilegia atrata;Aquilegia atrata Koch;species;NA;0;jbuf;46,792496;7,1564560;NA;LC-MS QExactive HFX;MeOH/H2O;plant specimen
20250611_140952_HC_20250319_PMA_C18_DDA_pos_dbgi_001234_01_01.mzML;dbgi_001234;Ranunculus repens L.;NA;Positive;JBUF;jbuf;Ranunculus repens;Ranunculus repens L.;species;NA;0;jbuf;46,792347;7,1564990;NA;LC-MS QExactive HFX;MeOH/H2O;plant specimen
20250611_140952_HC_20250319_PMA_C18_DDA_pos_dbgi_001236_01_01.mzML;dbgi_001236;Aquilegia chrysantha A.Gray;NA;Positive;JBUF;jbuf;Aquilegia chrysantha;Aquilegia chrysantha A.Gray;species;NA;0;jbuf;46,792496;7,1564665;NA;LC-MS QExactive HFX;MeOH/H2O;plant specimen
20250611_140952_HC_20250319_PMA_C18_DDA_pos_dbgi_001237_01_01.mzML;dbgi_001237;Pseudofumaria alba (Mill.) Lidén;NA;Positive;JBUF;jbuf;Pseudofumaria alba;Pseudofumaria alba (Mill.) Lidén;species;NA;1;jbuf;46,792420;7,1564975;NA;LC-MS QExactive HFX;MeOH/H2O;plant specimen
20250611_140952_HC_20250319_PMA_C18_DDA_pos_dbgi_001238_01_01.mzML;dbgi_001238;Anemone blanda Schott & Kotschy;NA;Positive;JBUF;jbuf;Anemone blanda;Anemone blanda Schott & Kotschy;species;NA;0;jbuf;46,792397;7,1564640;NA;LC-MS QExactive HFX;MeOH/H2O;plant specimen
20250611_140952_HC_20250319_PMA_C18_DDA_pos_dbgi_001239_01_01.mzML;dbgi_001239;Fumaria wirtgenii Koch;NA;Positive;JBUF;jbuf;Fumaria wirtgenii;Fumaria wirtgenii Koch;species;NA;0;jbuf;46,792410;7,1565003;NA;LC-MS QExactive HFX;MeOH/H2O;plant specimen
20250611_140952_HC_20250319_PMA_C18_DDA_pos_dbgi_001240_01_01.mzML;dbgi_001240;Argemone mexicana L.;NA;Positive;JBUF;jbuf;Argemone mexicana;Argemone mexicana L.;species;NA;0;jbuf;46,792442;7,1564937;NA;LC-MS QExactive HFX;MeOH/H2O;plant specimen
20250611_140952_HC_20250319_PMA_C18_DDA_pos_dbgi_001241_01_01.mzML;dbgi_001241;Corydalis flexuosa Franch.;NA;Positive;JBUF;jbuf;Corydalis flexuosa;Corydalis flexuosa Franch.;species;NA;0;jbuf;46,792430;7,1564846;NA;LC-MS QExactive HFX;MeOH/H2O;plant specimen
20250611_140952_HC_20250319_PMA_C18_DDA_pos_dbgi_001247_01_01.mzML;dbgi_001247;Thalictrum aquilegiifolium L.;NA;Positive;JBUF;jbuf;Thalictrum aquilegiifolium;Thalictrum aquilegiifolium L.;species;NA;0;jbuf;46,792503;7,1564555;NA;LC-MS QExactive HFX;MeOH/H2O;plant specimen
20250611_140952_HC_20250319_PMA_C18_DDA_pos_dbgi_001750_01_01.mzML;dbgi_001750;Nigella damascena L.;NA;Positive;JBUF;jbuf;Nigella damascena;Nigella damascena L.;species;NA;0;jbuf;46,792450;7,1564507;NA;LC-MS QExactive HFX;MeOH/H2O;plant specimen
20250611_140952_HC_20250319_PMA_C18_DDA_pos_dbgi_001752_01_01.mzML;dbgi_001752;Decaisnea insignis (Griff.) Hook.fil. & Thomson;NA;Positive;JBUF;jbuf;Decaisnea insignis;Decaisnea insignis (Griff.) Hook.fil. & Thomson;species;NA;0;jbuf;46,792290;7,1565423;NA;LC-MS QExactive HFX;MeOH/H2O;plant specimen
20250611_140952_HC_20250319_PMA_C18_DDA_pos_dbgi_001753_01_01.mzML;dbgi_001753;Pulsatilla vulgaris Mill.;NA;Positive;JBUF;jbuf;Pulsatilla vulgaris;Pulsatilla vulgaris Mill.;species;NA;0;jbuf;46,792408;7,1564593;NA;LC-MS QExactive HFX;MeOH/H2O;plant specimen
20250611_140952_HC_20250319_PMA_C18_DDA_pos_dbgi_001754_01_01.mzML;dbgi_001754;Fuchsia corymbiflora Ruiz & Pav.;NA;Positive;JBUF;jbuf;Fuchsia corymbiflora;Fuchsia corymbiflora Ruiz & Pav.;species;NA;0;jbuf;46,792286;7,1569200;NA;LC-MS QExactive HFX;MeOH/H2O;plant specimen
20250611_140952_HC_20250319_PMA_C18_DDA_pos_dbgi_001810_01_01.mzML;dbgi_001810;Bistorta officinalis subsp. officinalis;NA;Positive;JBUF;jbuf;Bistorta officinalis subsp. officinalis;Bistorta officinalis subsp. officinalis;subspecies;NA;0;jbuf;46,792110;7,1570320;NA;LC-MS QExactive HFX;MeOH/H2O;plant specimen
20250611_140952_HC_20250319_PMA_C18_DDA_pos_dbgi_001824_01_01.mzML;dbgi_001824;Rumex scutatus L.;NA;Positive;JBUF;jbuf;Rumex scutatus;Rumex scutatus L.;species;NA;0;jbuf;46,792107;7,1570840;NA;LC-MS QExactive HFX;MeOH/H2O;plant specimen
20250611_140952_HC_20250319_PMA_C18_DDA_pos_dbgi_001885_01_01.mzML;dbgi_001885;Beta vulgaris L.;NA;Positive;JBUF;jbuf;Beta vulgaris;Beta vulgaris L.;species;NA;0;jbuf;46,792114;7,1568550;NA;LC-MS QExactive HFX;MeOH/H2O;plant specimen
20250611_140952_HC_20250319_PMA_C18_DDA_pos_dbgi_001896_01_01.mzML;dbgi_001896;Chenopodium giganteum D.Don;NA;Positive;JBUF;jbuf;Chenopodium giganteum;Chenopodium giganteum D.Don;species;NA;0;jbuf;46,792110;7,1568730;NA;LC-MS QExactive HFX;MeOH/H2O;plant specimen
20250611_140952_HC_20250319_PMA_C18_DDA_pos_dbgi_001921_01_01.mzML;dbgi_001921;Hippocrepis emerus (L.) Lassen;NA;Positive;JBUF;jbuf;Hippocrepis emerus;Hippocrepis emerus (L.) Lassen;species;NA;0;jbuf;46,792200;7,1571830;NA;LC-MS QExactive HFX;MeOH/H2O;plant specimen
20250611_140952_HC_20250319_PMA_C18_DDA_pos_dbgi_002252_01_01.mzML;dbgi_002252;Genista sagittalis L.;NA;Positive;JBUF;jbuf;Genista sagittalis;Genista sagittalis L.;species;NA;0;jbuf;46,792450;7,1571207;NA;LC-MS QExactive HFX;MeOH/H2O;plant specimen
20250611_140952_HC_20250319_PMA_C18_DDA_pos_dbgi_002254_01_01.mzML;dbgi_002254;Ononis spinosa L.;NA;Positive;JBUF;jbuf;Ononis spinosa;Ononis spinosa L.;species;NA;0;jbuf;46,792206;7,1572240;NA;LC-MS QExactive HFX;MeOH/H2O;plant specimen
20250611_140952_HC_20250319_PMA_C18_DDA_pos_dbgi_002299_01_01.mzML;dbgi_002299;Cytisophyllum sessilifolium (L.) O.Lang;NA;Positive;JBUF;jbuf;Cytisophyllum sessilifolium;Cytisophyllum sessilifolium (L.) O.Lang;species;NA;0;jbuf;46,792430;7,1571507;NA;LC-MS QExactive HFX;MeOH/H2O;plant specimen
20250611_140952_HC_20250319_PMA_C18_DDA_pos_dbgi_002306_01_01.mzML;dbgi_002306;Caragana arborescens Lam.;NA;Positive;JBUF;jbuf;Caragana arborescens;Caragana arborescens Lam.;species;NA;0;jbuf;46,792236;7,1572420;NA;LC-MS QExactive HFX;MeOH/H2O;plant specimen
20250611_140952_HC_20250319_PMA_C18_DDA_pos_dbgi_002324_01_01.mzML;dbgi_002324;Cytisus decumbens (Durande) Spach;NA;Positive;JBUF;jbuf;Cytisus decumbens;Cytisus decumbens (Durande) Spach;species;NA;0;jbuf;46,792442;7,1571293;NA;LC-MS QExactive HFX;MeOH/H2O;plant specimen
20250611_140952_HC_20250319_PMA_C18_DDA_pos_dbgi_002343_01_01.mzML;dbgi_002343;Cytisus scoparius (L.) Link;NA;Positive;JBUF;jbuf;Cytisus scoparius;Cytisus scoparius (L.) Link;species;NA;0;jbuf;46,792454;7,1571230;NA;LC-MS QExactive HFX;MeOH/H2O;plant specimen
20250721_110658_CVOL_20250319_PMA_C18_DDA_pos_dbgi_000518_01_01.mzML;dbgi_000518;Actaea cimicifuga L.;NA;Positive;JBUF;jbuf;Actaea cimicifuga;Actaea cimicifuga L.;species;NA;0;jbuf;46,792420;7,1564610;NA;LC-MS QExactive HFX;MeOH/H2O;plant specimen
20250721_110658_CVOL_20250319_PMA_C18_DDA_pos_dbgi_000545_01_01.mzML;dbgi_000545;Sorghum bicolor subsp. bicolor;NA;Positive;JBUF;jbuf;Sorghum bicolor subsp. bicolor;Sorghum bicolor subsp. bicolor;subspecies;NA;0;jbuf;46,792255;7,1566744;NA;LC-MS QExactive HFX;MeOH/H2O;plant specimen
20250721_110658_CVOL_20250319_PMA_C18_DDA_pos_dbgi_000960_01_01.mzML;dbgi_000960;Arundo donax L.;NA;Positive;JBUF;jbuf;Arundo donax;Arundo donax L.;species;NA;0;jbuf;46,792310;7,1566215;NA;LC-MS QExactive HFX;MeOH/H2O;plant specimen
20250721_110658_CVOL_20250319_PMA_C18_DDA_pos_dbgi_001115_01_01.mzML;dbgi_001115;Chloris virgata Sw.;NA;Positive;JBUF;jbuf;Chloris virgata;Chloris virgata Sw.;species;NA;0;jbuf;46,792294;7,1566320;NA;LC-MS QExactive HFX;MeOH/H2O;plant specimen
20250721_110658_CVOL_20250319_PMA_C18_DDA_pos_dbgi_001122_01_01.mzML;dbgi_001122;Avena sterilis L.;NA;Positive;JBUF;jbuf;Avena sterilis;Avena sterilis L.;species;NA;0;jbuf;46,792380;7,1565614;NA;LC-MS QExactive HFX;MeOH/H2O;plant specimen
20250721_110658_CVOL_20250319_PMA_C18_DDA_pos_dbgi_001136_01_01.mzML;dbgi_001136;Delphinium elatum L.;NA;Positive;JBUF;jbuf;Delphinium elatum;Delphinium elatum L.;species;NA;0;jbuf;46,792473;7,1564546;NA;LC-MS QExactive HFX;MeOH/H2O;plant specimen
20250721_110658_CVOL_20250319_PMA_C18_DDA_pos_dbgi_001167_01_01.mzML;dbgi_001167;Zea mexicana (Schrad.) Kuntze;NA;Positive;JBUF;jbuf;Zea mexicana;Zea mexicana (Schrad.) Kuntze;species;NA;0;jbuf;46,792244;7,1566930;NA;LC-MS QExactive HFX;MeOH/H2O;plant specimen
20250721_110658_CVOL_20250319_PMA_C18_DDA_pos_dbgi_001168_01_01.mzML;dbgi_001168;Zea mays subsp. mays;NA;Positive;JBUF;jbuf;Zea mays subsp. mays;Zea mays subsp. mays;subspecies;NA;0;jbuf;46,792250;7,1566787;NA;LC-MS QExactive HFX;MeOH/H2O;plant specimen
20250721_110658_CVOL_20250319_PMA_C18_DDA_pos_dbgi_001170_01_01.mzML;dbgi_001170;Zea mays subsp. mays;NA;Positive;JBUF;jbuf;Zea mays subsp. mays;Zea mays subsp. mays;subspecies;NA;0;jbuf;46,792248;7,1566825;NA;LC-MS QExactive HFX;MeOH/H2O;plant specimen
20250721_110658_CVOL_20250319_PMA_C18_DDA_pos_dbgi_001194_01_01.mzML;dbgi_001194;Cuphea llavea Lex.;NA;Positive;JBUF;jbuf;Cuphea llavea;Cuphea llavea Lex.;species;NA;1;jbuf;46,792248;7,1570650;NA;LC-MS QExactive HFX;MeOH/H2O;plant specimen
20250721_110658_CVOL_20250319_PMA_C18_DDA_pos_dbgi_001196_01_01.mzML;dbgi_001196;Geranium robertianum subsp. robertianum;NA;Positive;JBUF;jbuf;Geranium robertianum subsp. robertianum;Geranium robertianum subsp. robertianum;subspecies;NA;0;jbuf;46,792270;7,1570306;NA;LC-MS QExactive HFX;MeOH/H2O;plant specimen
20250721_110658_CVOL_20250319_PMA_C18_DDA_pos_dbgi_001198_01_01.mzML;dbgi_001198;Chamaenerion angustifolium subsp. angustifolium;NA;Positive;JBUF;jbuf;Chamaenerion angustifolium subsp. angustifolium;Chamaenerion angustifolium subsp. angustifolium;subspecies;NA;0;jbuf;46,792274;7,1569320;NA;LC-MS QExactive HFX;MeOH/H2O;plant specimen
20250721_110658_CVOL_20250319_PMA_C18_DDA_pos_dbgi_001200_01_01.mzML;dbgi_001200;Trollius asiaticus L.;NA;Positive;JBUF;jbuf;Trollius asiaticus;Trollius asiaticus L.;species;NA;1;jbuf;46,792490;7,1564655;NA;LC-MS QExactive HFX;MeOH/H2O;plant specimen
20250721_110658_CVOL_20250319_PMA_C18_DDA_pos_dbgi_001202_01_01.mzML;dbgi_001202;Cuphea lanceolata W.T.Aiton;NA;Positive;JBUF;jbuf;Cuphea lanceolata;Cuphea lanceolata W.T.Aiton;species;NA;0;jbuf;46,792248;7,1570797;NA;LC-MS QExactive HFX;MeOH/H2O;plant specimen
20250721_110658_CVOL_20250319_PMA_C18_DDA_pos_dbgi_001203_01_01.mzML;dbgi_001203;Oenothera gaura W.L.Wagner & Hoch;NA;Positive;JBUF;jbuf;Oenothera gaura;Oenothera gaura W.L.Wagner & Hoch;species;NA;0;jbuf;46,792267;7,1569834;NA;LC-MS QExactive HFX;MeOH/H2O;plant specimen
20250721_110658_CVOL_20250319_PMA_C18_DDA_pos_dbgi_001208_01_01.mzML;dbgi_001208;Delphinium caucasicum C.A.Mey.;NA;Positive;JBUF;jbuf;Delphinium caucasicum;Delphinium caucasicum C.A.Mey.;species;NA;0;jbuf;46,792473;7,1564610;NA;LC-MS QExactive HFX;MeOH/H2O;plant specimen
20250721_110658_CVOL_20250319_PMA_C18_DDA_pos_dbgi_001212_01_01.mzML;dbgi_001212;Geranium thunbergii Siebold & Zucc. ex Lindl. & Paxton;NA;Positive;JBUF;jbuf;Geranium thunbergii;Geranium thunbergii Siebold & Zucc. ex Lindl. & Paxton;species;NA;0;jbuf;46,792282;7,1569930;NA;LC-MS QExactive HFX;MeOH/H2O;plant specimen
20250721_110658_CVOL_20250319_PMA_C18_DDA_pos_dbgi_001214_01_01.mzML;dbgi_001214;Geranium aristatum Freyn & Sint.;NA;Positive;JBUF;jbuf;Geranium aristatum;Geranium aristatum Freyn & Sint.;species;NA;0;jbuf;46,792280;7,1570060;NA;LC-MS QExactive HFX;MeOH/H2O;plant specimen
20250721_110658_CVOL_20250319_PMA_C18_DDA_pos_dbgi_001216_01_01.mzML;dbgi_001216;Geranium renardii Trautv.;NA;Positive;JBUF;jbuf;Geranium renardii;Geranium renardii Trautv.;species;NA;0;jbuf;46,792280;7,1569996;NA;LC-MS QExactive HFX;MeOH/H2O;plant specimen
20250721_110658_CVOL_20250319_PMA_C18_DDA_pos_dbgi_001220_01_01.mzML;dbgi_001220;Chamaenerion dodonaei (Vill.) Schur ex Fuss.;NA;Positive;JBUF;jbuf;Chamaenerion dodonaei;Chamaenerion dodonaei (Vill.) Schur ex Fuss.;species;NA;0;jbuf;46,792263;7,1569700;NA;LC-MS QExactive HFX;MeOH/H2O;plant specimen
20250721_110658_CVOL_20250319_PMA_C18_DDA_pos_dbgi_001229_01_01.mzML;dbgi_001229;Xanthorhiza simplicissima Marshall;NA;Positive;JBUF;jbuf;Xanthorhiza simplicissima;Xanthorhiza simplicissima Marshall;species;NA;0;jbuf;46,792503;7,1564650;NA;LC-MS QExactive HFX;MeOH/H2O;plant specimen
20250721_110658_CVOL_20250319_PMA_C18_DDA_pos_dbgi_001231_01_01.mzML;dbgi_001231;Clematis vitalba L.;NA;Positive;JBUF;jbuf;Clematis vitalba;Clematis vitalba L.;species;NA;0;jbuf;46,792360;7,1565030;NA;LC-MS QExactive HFX;MeOH/H2O;plant specimen
20250721_110658_CVOL_20250319_PMA_C18_DDA_pos_dbgi_001756_01_01.mzML;dbgi_001756;Chamaenerion fleischeri (Hochst.) Fritsch;NA;Positive;JBUF;jbuf;Chamaenerion fleischeri;Chamaenerion fleischeri (Hochst.) Fritsch;species;NA;0;jbuf;46,792263;7,1569614;NA;LC-MS QExactive HFX;MeOH/H2O;plant specimen
20250721_110658_CVOL_20250319_PMA_C18_DDA_pos_dbgi_001761_01_01.mzML;dbgi_001761;Armoracia rusticana G.Gaertn., B.Mey. & Scherb.;NA;Positive;JBUF;jbuf;Armoracia rusticana;Armoracia rusticana G.Gaertn., B.Mey. & Scherb.;species;NA;0;jbuf;46,792206;7,1567830;NA;LC-MS QExactive HFX;MeOH/H2O;plant specimen
20250721_110658_CVOL_20250319_PMA_C18_DDA_pos_dbgi_001762_01_01.mzML;dbgi_001762;Fuchsia fulgens Moc. & Sessé ex DC.;NA;Positive;JBUF;jbuf;Fuchsia fulgens;Fuchsia fulgens Moc. & Sessé ex DC.;species;NA;0;jbuf;46,792282;7,1569260;NA;LC-MS QExactive HFX;MeOH/H2O;plant specimen
20250721_110658_CVOL_20250319_PMA_C18_DDA_pos_dbgi_001763_01_01.mzML;dbgi_001763;Epilobium hirsutum L.;NA;Positive;JBUF;jbuf;Epilobium hirsutum;Epilobium hirsutum L.;species;NA;0;jbuf;46,792270;7,1569448;NA;LC-MS QExactive HFX;MeOH/H2O;plant specimen
20250721_110658_CVOL_20250319_PMA_C18_DDA_pos_dbgi_001767_01_01.mzML;dbgi_001767;Aurinia saxatilis (L.) Desv.;NA;Positive;JBUF;jbuf;Aurinia saxatilis;Aurinia saxatilis (L.) Desv.;species;NA;0;jbuf;46,792187;7,1568193;NA;LC-MS QExactive HFX;MeOH/H2O;plant specimen
20250721_110658_CVOL_20250319_PMA_C18_DDA_pos_dbgi_001768_01_01.mzML;dbgi_001768;Brassica oleracea L.;NA;Positive;JBUF;jbuf;Brassica oleracea;Brassica oleracea L.;species;NA;0;jbuf;46,792160;7,1571040;NA;LC-MS QExactive HFX;MeOH/H2O;plant specimen
20250721_110658_CVOL_20250319_PMA_C18_DDA_pos_dbgi_001772_01_01.mzML;dbgi_001772;Odontarrhena argentea (All.) Ledeb.;NA;Positive;JBUF;jbuf;Odontarrhena argentea;Odontarrhena argentea (All.) Ledeb.;species;NA;0;jbuf;46,792194;7,1568217;NA;LC-MS QExactive HFX;MeOH/H2O;plant specimen
20250721_110658_CVOL_20250319_PMA_C18_DDA_pos_dbgi_001780_01_01.mzML;dbgi_001780;Modiola caroliniana (L.) G.Don;NA;Positive;JBUF;jbuf;Modiola caroliniana;Modiola caroliniana (L.) G.Don;species;NA;0;jbuf;46,792206;7,1569943;NA;LC-MS QExactive HFX;MeOH/H2O;plant specimen
20250721_110658_CVOL_20250319_PMA_C18_DDA_pos_dbgi_001786_01_01.mzML;dbgi_001786;Zanthoxylum simulans Hance;NA;Positive;JBUF;jbuf;Zanthoxylum simulans;Zanthoxylum simulans Hance;species;NA;0;jbuf;46,792213;7,1570720;NA;LC-MS QExactive HFX;MeOH/H2O;plant specimen
20250721_110658_CVOL_20250319_PMA_C18_DDA_pos_dbgi_001789_01_01.mzML;dbgi_001789;Kitaibelia vitifolia Willd.;NA;Positive;JBUF;jbuf;Kitaibelia vitifolia;Kitaibelia vitifolia Willd.;species;NA;0;jbuf;46,792194;7,1570450;NA;LC-MS QExactive HFX;MeOH/H2O;plant specimen
20250721_110658_CVOL_20250319_PMA_C18_DDA_pos_dbgi_001791_02_01.mzML;dbgi_001791;Malva sylvestris L.;NA;Positive;JBUF;jbuf;Malva sylvestris;Malva sylvestris L.;species;NA;0;jbuf;46,792200;7,1570080;NA;LC-MS QExactive HFX;MeOH/H2O;plant specimen
20250721_110658_CVOL_20250319_PMA_C18_DDA_pos_dbgi_001800_01_01.mzML;dbgi_001800;Lobularia maritima (L.) Desv.;NA;Positive;JBUF;jbuf;Lobularia maritima;Lobularia maritima (L.) Desv.;species;NA;0;jbuf;46,792200;7,1568790;NA;LC-MS QExactive HFX;MeOH/H2O;plant specimen
20250721_110658_CVOL_20250319_PMA_C18_DDA_pos_dbgi_001822_01_01.mzML;dbgi_001822;Aesculus parviflora Walter;NA;Positive;JBUF;jbuf;Aesculus parviflora;Aesculus parviflora Walter;species;NA;0;jbuf;46,792230;7,1569843;NA;LC-MS QExactive HFX;MeOH/H2O;plant specimen
20250721_110658_CVOL_20250319_PMA_C18_DDA_pos_dbgi_001865_01_01.mzML;dbgi_001865;Reseda odorata L.;NA;Positive;JBUF;jbuf;Reseda odorata;Reseda odorata L.;species;NA;0;jbuf;46,792213;7,1568294;NA;LC-MS QExactive HFX;MeOH/H2O;plant specimen
20250721_110658_CVOL_20250319_PMA_C18_DDA_pos_dbgi_001876_01_01.mzML;dbgi_001876;Geranium ibericum Cav.;NA;Positive;JBUF;jbuf;Geranium ibericum;Geranium ibericum Cav.;species;NA;0;jbuf;46,792297;7,1569486;NA;LC-MS QExactive HFX;MeOH/H2O;plant specimen
20250721_110658_CVOL_20250319_PMA_C18_DDA_pos_dbgi_001886_01_01.mzML;dbgi_001886;Abelmoschus manihot (L.) Medik.;NA;Positive;JBUF;jbuf;Abelmoschus manihot;Abelmoschus manihot (L.) Medik.;species;NA;0;jbuf;46,792202;7,1569824;NA;LC-MS QExactive HFX;MeOH/H2O;plant specimen
20250721_110658_CVOL_20250319_PMA_C18_DDA_pos_dbgi_001897_01_01.mzML;dbgi_001897;Malope trifida Cav.;NA;Positive;JBUF;jbuf;Malope trifida;Malope trifida Cav.;species;NA;0;jbuf;46,792202;7,1569900;NA;LC-MS QExactive HFX;MeOH/H2O;plant specimen
20250721_110658_CVOL_20250319_PMA_C18_DDA_pos_dbgi_001903_01_01.mzML;dbgi_001903;Raphanus raphanistrum L.;NA;Positive;JBUF;jbuf;Raphanus raphanistrum;Raphanus raphanistrum L.;species;NA;0;jbuf;46,792187;7,1569200;NA;LC-MS QExactive HFX;MeOH/H2O;plant specimen
20250721_110658_CVOL_20250319_PMA_C18_DDA_pos_dbgi_001908_01_01.mzML;dbgi_001908;Brassica oleracea L.;NA;Positive;JBUF;jbuf;Brassica oleracea;Brassica oleracea L.;species;NA;0;jbuf;46,792168;7,1570050;NA;LC-MS QExactive HFX;MeOH/H2O;plant specimen
20250721_110658_CVOL_20250319_PMA_C18_DDA_pos_dbgi_002308_01_01.mzML;dbgi_002308;Viola odorata L.;NA;Positive;JBUF;jbuf;Viola odorata;Viola odorata L.;species;NA;0;jbuf;46,792150;7,1572647;NA;LC-MS QExactive HFX;MeOH/H2O;plant specimen
20250721_110658_CVOL_20250319_PMA_C18_DDA_pos_dbgi_002319_01_01.mzML;dbgi_002319;Linum usitatissimum L.;NA;Positive;JBUF;jbuf;Linum usitatissimum;Linum usitatissimum L.;species;NA;0;jbuf;46,792137;7,1572614;NA;LC-MS QExactive HFX;MeOH/H2O;plant specimen
20250721_110658_CVOL_20250319_PMA_C18_DDA_pos_dbgi_002369_01_01.mzML;dbgi_002369;Euonymus alatus (Thunb.) Siebold;NA;Positive;JBUF;jbuf;Euonymus alatus;Euonymus alatus (Thunb.) Siebold;species;NA;0;jbuf;46,792202;7,1573124;NA;LC-MS QExactive HFX;MeOH/H2O;plant specimen
20250721_110658_CVOL_20250319_PMA_C18_DDA_pos_dbgi_002397_01_01.mzML;dbgi_002397;Myrica gale L.;NA;Positive;JBUF;jbuf;Myrica gale;Myrica gale L.;species;NA;0;jbuf;46,792274;7,1573290;NA;LC-MS QExactive HFX;MeOH/H2O;plant specimen
20250721_110658_CVOL_20250319_PMA_C18_DDA_pos_dbgi_002512_01_01.mzML;dbgi_002512;Cucurbita ficifolia Bouché;NA;Positive;JBUF;jbuf;Cucurbita ficifolia;Cucurbita ficifolia Bouché;species;NA;0;jbuf;46,792500;7,1571860;NA;LC-MS QExactive HFX;MeOH/H2O;plant specimen
20250721_110658_CVOL_20250319_PMA_C18_DDA_pos_dbgi_002553_01_01.mzML;dbgi_002553;Angelica archangelica subsp. archangelica;NA;Positive;JBUF;jbuf;Angelica archangelica subsp. archangelica;Angelica archangelica subsp. archangelica;subspecies;NA;0;jbuf;46,792625;7,1565930;NA;LC-MS QExactive HFX;MeOH/H2O;plant specimen
20250721_110658_CVOL_20250319_PMA_C18_DDA_pos_dbgi_002560_01_01.mzML;dbgi_002560;Valeriana officinalis L.;NA;Positive;JBUF;jbuf;Valeriana officinalis;Valeriana officinalis L.;species;NA;0;jbuf;46,792587;7,1570034;NA;LC-MS QExactive HFX;MeOH/H2O;plant specimen
20250721_110658_CVOL_20250319_PMA_C18_DDA_pos_dbgi_002604_01_01.mzML;dbgi_002604;Origanum vulgare L.;NA;Positive;JBUF;jbuf;Origanum vulgare;Origanum vulgare L.;species;NA;0;jbuf;46,792600;7,1566530;NA;LC-MS QExactive HFX;MeOH/H2O;plant specimen
20250721_110658_CVOL_20250319_PMA_C18_DDA_pos_dbgi_002614_01_01.mzML;dbgi_002614;Agastache aurantiaca (A.Gray) Lint & Epling;NA;Positive;JBUF;jbuf;Agastache aurantiaca;Agastache aurantiaca (A.Gray) Lint & Epling;species;NA;0;jbuf;46,792590;7,1567006;NA;LC-MS QExactive HFX;MeOH/H2O;plant specimen
20250721_110658_CVOL_20250319_PMA_C18_DDA_pos_dbgi_002629_02_01.mzML;dbgi_002629;Apium graveolens L.;NA;Positive;JBUF;jbuf;Apium graveolens;Apium graveolens L.;species;NA;0;jbuf;46,792620;7,1566660;NA;LC-MS QExactive HFX;MeOH/H2O;plant specimen
20250721_110658_CVOL_20250319_PMA_C18_DDA_pos_dbgi_002634_01_01.mzML;dbgi_002634;Meum athamanticum Jacq.;NA;Positive;JBUF;jbuf;Meum athamanticum;Meum athamanticum Jacq.;species;NA;0;jbuf;46,792625;7,1565460;NA;LC-MS QExactive HFX;MeOH/H2O;plant specimen
20250721_110658_CVOL_20250319_PMA_C18_DDA_pos_dbgi_002646_01_01.mzML;dbgi_002646;Symphoricarpos albus (L.) K.Koch;NA;Positive;JBUF;jbuf;Symphoricarpos albus;Symphoricarpos albus (L.) K.Koch;species;NA;0;jbuf;46,792600;7,1568730;NA;LC-MS QExactive HFX;MeOH/H2O;plant specimen
20250721_110658_CVOL_20250319_PMA_C18_DDA_pos_dbgi_002654_01_01.mzML;dbgi_002654;Stachys sylvatica L.;NA;Positive;JBUF;jbuf;Stachys sylvatica;Stachys sylvatica L.;species;NA;0;jbuf;46,792595;7,1565166;NA;LC-MS QExactive HFX;MeOH/H2O;plant specimen
20250721_110658_CVOL_20250319_PMA_C18_DDA_pos_dbgi_002655_01_01.mzML;dbgi_002655;Knautia arvensis (L.) Coult.;NA;Positive;JBUF;jbuf;Knautia arvensis;Knautia arvensis (L.) Coult.;species;NA;0;jbuf;46,792587;7,1569414;NA;LC-MS QExactive HFX;MeOH/H2O;plant specimen
20250721_110658_CVOL_20250319_PMA_C18_DDA_pos_dbgi_002656_01_01.mzML;dbgi_002656;Lonicera tatarica L.;NA;Positive;JBUF;jbuf;Lonicera tatarica;Lonicera tatarica L.;species;NA;0;jbuf;46,792600;7,1568370;NA;LC-MS QExactive HFX;MeOH/H2O;plant specimen
20250721_110658_CVOL_20250319_PMA_C18_DDA_pos_dbgi_002658_01_01.mzML;dbgi_002658;Centranthus ruber (L.) DC.;NA;Positive;JBUF;jbuf;Centranthus ruber;Centranthus ruber (L.) DC.;species;NA;0;jbuf;46,792583;7,1570034;NA;LC-MS QExactive HFX;MeOH/H2O;plant specimen
20250721_110658_CVOL_20250319_PMA_C18_DDA_pos_dbgi_002667_01_01.mzML;dbgi_002667;Eryngium planum L.;NA;Positive;JBUF;jbuf;Eryngium planum;Eryngium planum L.;species;NA;0;jbuf;46,792590;7,1564636;NA;LC-MS QExactive HFX;MeOH/H2O;plant specimen
20250721_110658_CVOL_20250319_PMA_C18_DDA_pos_dbgi_002670_01_01.mzML;dbgi_002670;Zabelia tyaihyoni (Nakai) Hisauti & H.Hara;NA;Positive;JBUF;jbuf;Zabelia tyaihyoni;Zabelia tyaihyoni (Nakai) Hisauti & H.Hara;species;NA;0;jbuf;46,792600;7,1568890;NA;LC-MS QExactive HFX;MeOH/H2O;plant specimen
20250721_110658_CVOL_20250319_PMA_C18_DDA_pos_dbgi_002685_01_01.mzML;dbgi_002685;Sixalix atropurpurea subsp. atropurpurea;NA;Positive;JBUF;jbuf;Sixalix atropurpurea subsp. atropurpurea;Sixalix atropurpurea subsp. atropurpurea;subspecies;NA;0;jbuf;46,792595;7,1569514;NA;LC-MS QExactive HFX;MeOH/H2O;plant specimen
20250721_110658_CVOL_20250319_PMA_C18_DDA_pos_dbgi_002687_01_01.mzML;dbgi_002687;Knautia godetii Reut.;NA;Positive;JBUF;jbuf;Knautia godetii;Knautia godetii Reut.;species;NA;0;jbuf;46,792590;7,1569520;NA;LC-MS QExactive HFX;MeOH/H2O;plant specimen
20250721_110658_CVOL_20250319_PMA_C18_DDA_pos_dbgi_002692_01_01.mzML;dbgi_002692;Lonicera caprifolium L.;NA;Positive;JBUF;jbuf;Lonicera caprifolium;Lonicera caprifolium L.;species;NA;0;jbuf;46,792603;7,1568546;NA;LC-MS QExactive HFX;MeOH/H2O;plant specimen
20250721_110658_CVOL_20250319_PMA_C18_DDA_pos_dbgi_002723_01_01.mzML;dbgi_002723;Sambucus nigra L.;NA;Positive;JBUF;jbuf;Sambucus nigra;Sambucus nigra L.;species;NA;0;jbuf;46,792614;7,1567364;NA;LC-MS QExactive HFX;MeOH/H2O;plant specimen
20250721_110658_CVOL_20250319_PMA_C18_DDA_pos_dbgi_002724_01_01.mzML;dbgi_002724;Chionanthus virginicus L.;NA;Positive;JBUF;jbuf;Chionanthus virginicus;Chionanthus virginicus L.;species;NA;0;jbuf;46,792557;7,1570180;NA;LC-MS QExactive HFX;MeOH/H2O;plant specimen
20250721_110658_CVOL_20250319_PMA_C18_DDA_pos_dbgi_002878_02_01.mzML;dbgi_002878;Hoya carnosa (L.fil.) R.Br.;NA;Positive;JBUF;jbuf;Hoya carnosa;Hoya carnosa (L.fil.) R.Br.;species;NA;0;jbuf;46,793194;7,1548667;NA;LC-MS QExactive HFX;MeOH/H2O;plant specimen
20250721_110658_CVOL_20250319_PMA_C18_DDA_pos_dbgi_002910_01_01.mzML;dbgi_002910;Helianthus tuberosus L.;NA;Positive;JBUF;jbuf;Helianthus tuberosus;Helianthus tuberosus L.;species;NA;0;jbuf;46,792645;7,1570005;NA;LC-MS QExactive HFX;MeOH/H2O;plant specimen
20250721_110658_CVOL_20250319_PMA_C18_DDA_pos_dbgi_002912_01_01.mzML;dbgi_002912;Sanvitalia procumbens Lam.;NA;Positive;JBUF;jbuf;Sanvitalia procumbens;Sanvitalia procumbens Lam.;species;NA;0;jbuf;46,792640;7,1570325;NA;LC-MS QExactive HFX;MeOH/H2O;plant specimen
20250721_110658_CVOL_20250319_PMA_C18_DDA_pos_dbgi_002913_01_01.mzML;dbgi_002913;Rhipsalis micrantha (Kunth) DC.;NA;Positive;JBUF;jbuf;Rhipsalis micrantha;Rhipsalis micrantha (Kunth) DC.;species;NA;0;jbuf;46,793190;7,1550016;NA;LC-MS QExactive HFX;MeOH/H2O;plant specimen
20250721_110658_CVOL_20250319_PMA_C18_DDA_pos_dbgi_002921_01_01.mzML;dbgi_002921;Helianthus salicifolius A.Dietr.;NA;Positive;JBUF;jbuf;Helianthus salicifolius;Helianthus salicifolius A.Dietr.;species;NA;0;jbuf;46,792650;7,1569834;NA;LC-MS QExactive HFX;MeOH/H2O;plant specimen
20250721_110658_CVOL_20250319_PMA_C18_DDA_pos_dbgi_002936_01_01.mzML;dbgi_002936;Ambrosia trifida L.;NA;Positive;JBUF;jbuf;Ambrosia trifida;Ambrosia trifida L.;species;NA;0;jbuf;46,792630;7,1570720;NA;LC-MS QExactive HFX;MeOH/H2O;plant specimen
20250721_110658_CVOL_20250319_PMA_C18_DDA_pos_dbgi_002956_01_01.mzML;dbgi_002956;Dahlia hortensis Guill.;NA;Positive;JBUF;jbuf;Dahlia hortensis;Dahlia hortensis Guill.;species;NA;1;jbuf;46,792656;7,1568970;NA;LC-MS QExactive HFX;MeOH/H2O;plant specimen
20250721_110658_CVOL_20250319_PMA_C18_DDA_pos_dbgi_002961_01_01.mzML;dbgi_002961;Cosmos bipinnatus Cav.;NA;Positive;JBUF;jbuf;Cosmos bipinnatus;Cosmos bipinnatus Cav.;species;NA;0;jbuf;46,792656;7,1568630;NA;LC-MS QExactive HFX;MeOH/H2O;plant specimen
20250721_110658_CVOL_20250319_PMA_C18_DDA_pos_dbgi_002967_01_01.mzML;dbgi_002967;Dahlia coccinea Cav.;NA;Positive;JBUF;jbuf;Dahlia coccinea;Dahlia coccinea Cav.;species;NA;1;jbuf;46,792656;7,1568894;NA;LC-MS QExactive HFX;MeOH/H2O;plant specimen
20250721_110658_CVOL_20250319_PMA_C18_DDA_pos_dbgi_002982_01_01.mzML;dbgi_002982;Tagetes erecta L.;NA;Positive;JBUF;jbuf;Tagetes erecta;Tagetes erecta L.;species;NA;0;jbuf;46,792650;7,1569100;NA;LC-MS QExactive HFX;MeOH/H2O;plant specimen
20250721_110658_CVOL_20250319_PMA_C18_DDA_pos_dbgi_002985_01_01.mzML;dbgi_002985;Dorstenia psilurus Welw.;NA;Positive;JBUF;jbuf;Dorstenia psilurus;Dorstenia psilurus Welw.;species;NA;0;jbuf;46,793205;7,1549816;NA;LC-MS QExactive HFX;MeOH/H2O;plant specimen
20250721_110658_CVOL_20250319_PMA_C18_DDA_pos_dbgi_003078_01_01.mzML;dbgi_003078;Hypoestes phyllostachya Baker;NA;Positive;JBUF;jbuf;Hypoestes phyllostachya;Hypoestes phyllostachya Baker;species;NA;0;jbuf;46,793190;7,1549620;NA;LC-MS QExactive HFX;MeOH/H2O;plant specimen
20250721_111756_CVOL_20250319_PMA_C18_DDA_neg_dbgi_000518_01_01.mzML;dbgi_000518;Actaea cimicifuga L.;NA;Negative;JBUF;jbuf;Actaea cimicifuga;Actaea cimicifuga L.;species;NA;0;jbuf;46,792420;7,1564610;NA;LC-MS QExactive HFX;MeOH/H2O;plant specimen
20250721_111756_CVOL_20250319_PMA_C18_DDA_neg_dbgi_000545_01_01.mzML;dbgi_000545;Sorghum bicolor subsp. bicolor;NA;Negative;JBUF;jbuf;Sorghum bicolor subsp. bicolor;Sorghum bicolor subsp. bicolor;subspecies;NA;0;jbuf;46,792255;7,1566744;NA;LC-MS QExactive HFX;MeOH/H2O;plant specimen
20250721_111756_CVOL_20250319_PMA_C18_DDA_neg_dbgi_000960_01_01.mzML;dbgi_000960;Arundo donax L.;NA;Negative;JBUF;jbuf;Arundo donax;Arundo donax L.;species;NA;0;jbuf;46,792310;7,1566215;NA;LC-MS QExactive HFX;MeOH/H2O;plant specimen
20250721_111756_CVOL_20250319_PMA_C18_DDA_neg_dbgi_001115_01_01.mzML;dbgi_001115;Chloris virgata Sw.;NA;Negative;JBUF;jbuf;Chloris virgata;Chloris virgata Sw.;species;NA;0;jbuf;46,792294;7,1566320;NA;LC-MS QExactive HFX;MeOH/H2O;plant specimen
20250721_111756_CVOL_20250319_PMA_C18_DDA_neg_dbgi_001122_01_01.mzML;dbgi_001122;Avena sterilis L.;NA;Negative;JBUF;jbuf;Avena sterilis;Avena sterilis L.;species;NA;0;jbuf;46,792380;7,1565614;NA;LC-MS QExactive HFX;MeOH/H2O;plant specimen
20250721_111756_CVOL_20250319_PMA_C18_DDA_neg_dbgi_001136_01_01.mzML;dbgi_001136;Delphinium elatum L.;NA;Negative;JBUF;jbuf;Delphinium elatum;Delphinium elatum L.;species;NA;0;jbuf;46,792473;7,1564546;NA;LC-MS QExactive HFX;MeOH/H2O;plant specimen
20250721_111756_CVOL_20250319_PMA_C18_DDA_neg_dbgi_001167_01_01.mzML;dbgi_001167;Zea mexicana (Schrad.) Kuntze;NA;Negative;JBUF;jbuf;Zea mexicana;Zea mexicana (Schrad.) Kuntze;species;NA;0;jbuf;46,792244;7,1566930;NA;LC-MS QExactive HFX;MeOH/H2O;plant specimen
20250721_111756_CVOL_20250319_PMA_C18_DDA_neg_dbgi_001168_01_01.mzML;dbgi_001168;Zea mays subsp. mays;NA;Negative;JBUF;jbuf;Zea mays subsp. mays;Zea mays subsp. mays;subspecies;NA;0;jbuf;46,792250;7,1566787;NA;LC-MS QExactive HFX;MeOH/H2O;plant specimen
20250721_111756_CVOL_20250319_PMA_C18_DDA_neg_dbgi_001170_01_01.mzML;dbgi_001170;Zea mays subsp. mays;NA;Negative;JBUF;jbuf;Zea mays subsp. mays;Zea mays subsp. mays;subspecies;NA;0;jbuf;46,792248;7,1566825;NA;LC-MS QExactive HFX;MeOH/H2O;plant specimen
20250721_111756_CVOL_20250319_PMA_C18_DDA_neg_dbgi_001194_01_01.mzML;dbgi_001194;Cuphea llavea Lex.;NA;Negative;JBUF;jbuf;Cuphea llavea;Cuphea llavea Lex.;species;NA;1;jbuf;46,792248;7,1570650;NA;LC-MS QExactive HFX;MeOH/H2O;plant specimen
20250721_111756_CVOL_20250319_PMA_C18_DDA_neg_dbgi_001196_01_01.mzML;dbgi_001196;Geranium robertianum subsp. robertianum;NA;Negative;JBUF;jbuf;Geranium robertianum subsp. robertianum;Geranium robertianum subsp. robertianum;subspecies;NA;0;jbuf;46,792270;7,1570306;NA;LC-MS QExactive HFX;MeOH/H2O;plant specimen
20250721_111756_CVOL_20250319_PMA_C18_DDA_neg_dbgi_001198_01_01.mzML;dbgi_001198;Chamaenerion angustifolium subsp. angustifolium;NA;Negative;JBUF;jbuf;Chamaenerion angustifolium subsp. angustifolium;Chamaenerion angustifolium subsp. angustifolium;subspecies;NA;0;jbuf;46,792274;7,1569320;NA;LC-MS QExactive HFX;MeOH/H2O;plant specimen
20250721_111756_CVOL_20250319_PMA_C18_DDA_neg_dbgi_001200_01_01.mzML;dbgi_001200;Trollius asiaticus L.;NA;Negative;JBUF;jbuf;Trollius asiaticus;Trollius asiaticus L.;species;NA;1;jbuf;46,792490;7,1564655;NA;LC-MS QExactive HFX;MeOH/H2O;plant specimen
20250721_111756_CVOL_20250319_PMA_C18_DDA_neg_dbgi_001202_01_01.mzML;dbgi_001202;Cuphea lanceolata W.T.Aiton;NA;Negative;JBUF;jbuf;Cuphea lanceolata;Cuphea lanceolata W.T.Aiton;species;NA;0;jbuf;46,792248;7,1570797;NA;LC-MS QExactive HFX;MeOH/H2O;plant specimen
20250721_111756_CVOL_20250319_PMA_C18_DDA_neg_dbgi_001203_01_01.mzML;dbgi_001203;Oenothera gaura W.L.Wagner & Hoch;NA;Negative;JBUF;jbuf;Oenothera gaura;Oenothera gaura W.L.Wagner & Hoch;species;NA;0;jbuf;46,792267;7,1569834;NA;LC-MS QExactive HFX;MeOH/H2O;plant specimen
20250721_111756_CVOL_20250319_PMA_C18_DDA_neg_dbgi_001208_01_01.mzML;dbgi_001208;Delphinium caucasicum C.A.Mey.;NA;Negative;JBUF;jbuf;Delphinium caucasicum;Delphinium caucasicum C.A.Mey.;species;NA;0;jbuf;46,792473;7,1564610;NA;LC-MS QExactive HFX;MeOH/H2O;plant specimen
20250721_111756_CVOL_20250319_PMA_C18_DDA_neg_dbgi_001212_01_01.mzML;dbgi_001212;Geranium thunbergii Siebold & Zucc. ex Lindl. & Paxton;NA;Negative;JBUF;jbuf;Geranium thunbergii;Geranium thunbergii Siebold & Zucc. ex Lindl. & Paxton;species;NA;0;jbuf;46,792282;7,1569930;NA;LC-MS QExactive HFX;MeOH/H2O;plant specimen
20250721_111756_CVOL_20250319_PMA_C18_DDA_neg_dbgi_001214_01_01.mzML;dbgi_001214;Geranium aristatum Freyn & Sint.;NA;Negative;JBUF;jbuf;Geranium aristatum;Geranium aristatum Freyn & Sint.;species;NA;0;jbuf;46,792280;7,1570060;NA;LC-MS QExactive HFX;MeOH/H2O;plant specimen
20250721_111756_CVOL_20250319_PMA_C18_DDA_neg_dbgi_001216_01_01.mzML;dbgi_001216;Geranium renardii Trautv.;NA;Negative;JBUF;jbuf;Geranium renardii;Geranium renardii Trautv.;species;NA;0;jbuf;46,792280;7,1569996;NA;LC-MS QExactive HFX;MeOH/H2O;plant specimen
20250721_111756_CVOL_20250319_PMA_C18_DDA_neg_dbgi_001220_01_01.mzML;dbgi_001220;Chamaenerion dodonaei (Vill.) Schur ex Fuss.;NA;Negative;JBUF;jbuf;Chamaenerion dodonaei;Chamaenerion dodonaei (Vill.) Schur ex Fuss.;species;NA;0;jbuf;46,792263;7,1569700;NA;LC-MS QExactive HFX;MeOH/H2O;plant specimen
20250721_111756_CVOL_20250319_PMA_C18_DDA_neg_dbgi_001229_01_01.mzML;dbgi_001229;Xanthorhiza simplicissima Marshall;NA;Negative;JBUF;jbuf;Xanthorhiza simplicissima;Xanthorhiza simplicissima Marshall;species;NA;0;jbuf;46,792503;7,1564650;NA;LC-MS QExactive HFX;MeOH/H2O;plant specimen
20250721_111756_CVOL_20250319_PMA_C18_DDA_neg_dbgi_001231_01_01.mzML;dbgi_001231;Clematis vitalba L.;NA;Negative;JBUF;jbuf;Clematis vitalba;Clematis vitalba L.;species;NA;0;jbuf;46,792360;7,1565030;NA;LC-MS QExactive HFX;MeOH/H2O;plant specimen
20250721_111756_CVOL_20250319_PMA_C18_DDA_neg_dbgi_001756_01_01.mzML;dbgi_001756;Chamaenerion fleischeri (Hochst.) Fritsch;NA;Negative;JBUF;jbuf;Chamaenerion fleischeri;Chamaenerion fleischeri (Hochst.) Fritsch;species;NA;0;jbuf;46,792263;7,1569614;NA;LC-MS QExactive HFX;MeOH/H2O;plant specimen
20250721_111756_CVOL_20250319_PMA_C18_DDA_neg_dbgi_001761_01_01.mzML;dbgi_001761;Armoracia rusticana G.Gaertn., B.Mey. & Scherb.;NA;Negative;JBUF;jbuf;Armoracia rusticana;Armoracia rusticana G.Gaertn., B.Mey. & Scherb.;species;NA;0;jbuf;46,792206;7,1567830;NA;LC-MS QExactive HFX;MeOH/H2O;plant specimen
20250721_111756_CVOL_20250319_PMA_C18_DDA_neg_dbgi_001762_01_01.mzML;dbgi_001762;Fuchsia fulgens Moc. & Sessé ex DC.;NA;Negative;JBUF;jbuf;Fuchsia fulgens;Fuchsia fulgens Moc. & Sessé ex DC.;species;NA;0;jbuf;46,792282;7,1569260;NA;LC-MS QExactive HFX;MeOH/H2O;plant specimen
20250721_111756_CVOL_20250319_PMA_C18_DDA_neg_dbgi_001763_01_01.mzML;dbgi_001763;Epilobium hirsutum L.;NA;Negative;JBUF;jbuf;Epilobium hirsutum;Epilobium hirsutum L.;species;NA;0;jbuf;46,792270;7,1569448;NA;LC-MS QExactive HFX;MeOH/H2O;plant specimen
20250721_111756_CVOL_20250319_PMA_C18_DDA_neg_dbgi_001767_01_01.mzML;dbgi_001767;Aurinia saxatilis (L.) Desv.;NA;Negative;JBUF;jbuf;Aurinia saxatilis;Aurinia saxatilis (L.) Desv.;species;NA;0;jbuf;46,792187;7,1568193;NA;LC-MS QExactive HFX;MeOH/H2O;plant specimen
20250721_111756_CVOL_20250319_PMA_C18_DDA_neg_dbgi_001768_01_01.mzML;dbgi_001768;Brassica oleracea L.;NA;Negative;JBUF;jbuf;Brassica oleracea;Brassica oleracea L.;species;NA;0;jbuf;46,792160;7,1571040;NA;LC-MS QExactive HFX;MeOH/H2O;plant specimen
20250721_111756_CVOL_20250319_PMA_C18_DDA_neg_dbgi_001772_01_01.mzML;dbgi_001772;Odontarrhena argentea (All.) Ledeb.;NA;Negative;JBUF;jbuf;Odontarrhena argentea;Odontarrhena argentea (All.) Ledeb.;species;NA;0;jbuf;46,792194;7,1568217;NA;LC-MS QExactive HFX;MeOH/H2O;plant specimen
20250721_111756_CVOL_20250319_PMA_C18_DDA_neg_dbgi_001780_01_01.mzML;dbgi_001780;Modiola caroliniana (L.) G.Don;NA;Negative;JBUF;jbuf;Modiola caroliniana;Modiola caroliniana (L.) G.Don;species;NA;0;jbuf;46,792206;7,1569943;NA;LC-MS QExactive HFX;MeOH/H2O;plant specimen
20250721_111756_CVOL_20250319_PMA_C18_DDA_neg_dbgi_001786_01_01.mzML;dbgi_001786;Zanthoxylum simulans Hance;NA;Negative;JBUF;jbuf;Zanthoxylum simulans;Zanthoxylum simulans Hance;species;NA;0;jbuf;46,792213;7,1570720;NA;LC-MS QExactive HFX;MeOH/H2O;plant specimen
20250721_111756_CVOL_20250319_PMA_C18_DDA_neg_dbgi_001789_01_01.mzML;dbgi_001789;Kitaibelia vitifolia Willd.;NA;Negative;JBUF;jbuf;Kitaibelia vitifolia;Kitaibelia vitifolia Willd.;species;NA;0;jbuf;46,792194;7,1570450;NA;LC-MS QExactive HFX;MeOH/H2O;plant specimen
20250721_111756_CVOL_20250319_PMA_C18_DDA_neg_dbgi_001791_02_01.mzML;dbgi_001791;Malva sylvestris L.;NA;Negative;JBUF;jbuf;Malva sylvestris;Malva sylvestris L.;species;NA;0;jbuf;46,792200;7,1570080;NA;LC-MS QExactive HFX;MeOH/H2O;plant specimen
20250721_111756_CVOL_20250319_PMA_C18_DDA_neg_dbgi_001800_01_01.mzML;dbgi_001800;Lobularia maritima (L.) Desv.;NA;Negative;JBUF;jbuf;Lobularia maritima;Lobularia maritima (L.) Desv.;species;NA;0;jbuf;46,792200;7,1568790;NA;LC-MS QExactive HFX;MeOH/H2O;plant specimen
20250721_111756_CVOL_20250319_PMA_C18_DDA_neg_dbgi_001822_01_01.mzML;dbgi_001822;Aesculus parviflora Walter;NA;Negative;JBUF;jbuf;Aesculus parviflora;Aesculus parviflora Walter;species;NA;0;jbuf;46,792230;7,1569843;NA;LC-MS QExactive HFX;MeOH/H2O;plant specimen
20250721_111756_CVOL_20250319_PMA_C18_DDA_neg_dbgi_001865_01_01.mzML;dbgi_001865;Reseda odorata L.;NA;Negative;JBUF;jbuf;Reseda odorata;Reseda odorata L.;species;NA;0;jbuf;46,792213;7,1568294;NA;LC-MS QExactive HFX;MeOH/H2O;plant specimen
20250721_111756_CVOL_20250319_PMA_C18_DDA_neg_dbgi_001876_01_01.mzML;dbgi_001876;Geranium ibericum Cav.;NA;Negative;JBUF;jbuf;Geranium ibericum;Geranium ibericum Cav.;species;NA;0;jbuf;46,792297;7,1569486;NA;LC-MS QExactive HFX;MeOH/H2O;plant specimen
20250721_111756_CVOL_20250319_PMA_C18_DDA_neg_dbgi_001886_01_01.mzML;dbgi_001886;Abelmoschus manihot (L.) Medik.;NA;Negative;JBUF;jbuf;Abelmoschus manihot;Abelmoschus manihot (L.) Medik.;species;NA;0;jbuf;46,792202;7,1569824;NA;LC-MS QExactive HFX;MeOH/H2O;plant specimen
20250721_111756_CVOL_20250319_PMA_C18_DDA_neg_dbgi_001897_01_01.mzML;dbgi_001897;Malope trifida Cav.;NA;Negative;JBUF;jbuf;Malope trifida;Malope trifida Cav.;species;NA;0;jbuf;46,792202;7,1569900;NA;LC-MS QExactive HFX;MeOH/H2O;plant specimen
20250721_111756_CVOL_20250319_PMA_C18_DDA_neg_dbgi_001903_01_01.mzML;dbgi_001903;Raphanus raphanistrum L.;NA;Negative;JBUF;jbuf;Raphanus raphanistrum;Raphanus raphanistrum L.;species;NA;0;jbuf;46,792187;7,1569200;NA;LC-MS QExactive HFX;MeOH/H2O;plant specimen
20250721_111756_CVOL_20250319_PMA_C18_DDA_neg_dbgi_001908_01_01.mzML;dbgi_001908;Brassica oleracea L.;NA;Negative;JBUF;jbuf;Brassica oleracea;Brassica oleracea L.;species;NA;0;jbuf;46,792168;7,1570050;NA;LC-MS QExactive HFX;MeOH/H2O;plant specimen
20250721_111756_CVOL_20250319_PMA_C18_DDA_neg_dbgi_002308_01_01.mzML;dbgi_002308;Viola odorata L.;NA;Negative;JBUF;jbuf;Viola odorata;Viola odorata L.;species;NA;0;jbuf;46,792150;7,1572647;NA;LC-MS QExactive HFX;MeOH/H2O;plant specimen
20250721_111756_CVOL_20250319_PMA_C18_DDA_neg_dbgi_002319_01_01.mzML;dbgi_002319;Linum usitatissimum L.;NA;Negative;JBUF;jbuf;Linum usitatissimum;Linum usitatissimum L.;species;NA;0;jbuf;46,792137;7,1572614;NA;LC-MS QExactive HFX;MeOH/H2O;plant specimen
20250721_111756_CVOL_20250319_PMA_C18_DDA_neg_dbgi_002369_01_01.mzML;dbgi_002369;Euonymus alatus (Thunb.) Siebold;NA;Negative;JBUF;jbuf;Euonymus alatus;Euonymus alatus (Thunb.) Siebold;species;NA;0;jbuf;46,792202;7,1573124;NA;LC-MS QExactive HFX;MeOH/H2O;plant specimen
20250721_111756_CVOL_20250319_PMA_C18_DDA_neg_dbgi_002397_01_01.mzML;dbgi_002397;Myrica gale L.;NA;Negative;JBUF;jbuf;Myrica gale;Myrica gale L.;species;NA;0;jbuf;46,792274;7,1573290;NA;LC-MS QExactive HFX;MeOH/H2O;plant specimen
20250721_111756_CVOL_20250319_PMA_C18_DDA_neg_dbgi_002512_01_01.mzML;dbgi_002512;Cucurbita ficifolia Bouché;NA;Negative;JBUF;jbuf;Cucurbita ficifolia;Cucurbita ficifolia Bouché;species;NA;0;jbuf;46,792500;7,1571860;NA;LC-MS QExactive HFX;MeOH/H2O;plant specimen
20250721_111756_CVOL_20250319_PMA_C18_DDA_neg_dbgi_002553_01_01.mzML;dbgi_002553;Angelica archangelica subsp. archangelica;NA;Negative;JBUF;jbuf;Angelica archangelica subsp. archangelica;Angelica archangelica subsp. archangelica;subspecies;NA;0;jbuf;46,792625;7,1565930;NA;LC-MS QExactive HFX;MeOH/H2O;plant specimen
20250721_111756_CVOL_20250319_PMA_C18_DDA_neg_dbgi_002560_01_01.mzML;dbgi_002560;Valeriana officinalis L.;NA;Negative;JBUF;jbuf;Valeriana officinalis;Valeriana officinalis L.;species;NA;0;jbuf;46,792587;7,1570034;NA;LC-MS QExactive HFX;MeOH/H2O;plant specimen
20250721_111756_CVOL_20250319_PMA_C18_DDA_neg_dbgi_002604_01_01.mzML;dbgi_002604;Origanum vulgare L.;NA;Negative;JBUF;jbuf;Origanum vulgare;Origanum vulgare L.;species;NA;0;jbuf;46,792600;7,1566530;NA;LC-MS QExactive HFX;MeOH/H2O;plant specimen
20250721_111756_CVOL_20250319_PMA_C18_DDA_neg_dbgi_002614_01_01.mzML;dbgi_002614;Agastache aurantiaca (A.Gray) Lint & Epling;NA;Negative;JBUF;jbuf;Agastache aurantiaca;Agastache aurantiaca (A.Gray) Lint & Epling;species;NA;0;jbuf;46,792590;7,1567006;NA;LC-MS QExactive HFX;MeOH/H2O;plant specimen
20250721_111756_CVOL_20250319_PMA_C18_DDA_neg_dbgi_002629_02_01.mzML;dbgi_002629;Apium graveolens L.;NA;Negative;JBUF;jbuf;Apium graveolens;Apium graveolens L.;species;NA;0;jbuf;46,792620;7,1566660;NA;LC-MS QExactive HFX;MeOH/H2O;plant specimen
20250721_111756_CVOL_20250319_PMA_C18_DDA_neg_dbgi_002634_01_01.mzML;dbgi_002634;Meum athamanticum Jacq.;NA;Negative;JBUF;jbuf;Meum athamanticum;Meum athamanticum Jacq.;species;NA;0;jbuf;46,792625;7,1565460;NA;LC-MS QExactive HFX;MeOH/H2O;plant specimen
20250721_111756_CVOL_20250319_PMA_C18_DDA_neg_dbgi_002646_01_01.mzML;dbgi_002646;Symphoricarpos albus (L.) K.Koch;NA;Negative;JBUF;jbuf;Symphoricarpos albus;Symphoricarpos albus (L.) K.Koch;species;NA;0;jbuf;46,792600;7,1568730;NA;LC-MS QExactive HFX;MeOH/H2O;plant specimen
20250721_111756_CVOL_20250319_PMA_C18_DDA_neg_dbgi_002654_01_01.mzML;dbgi_002654;Stachys sylvatica L.;NA;Negative;JBUF;jbuf;Stachys sylvatica;Stachys sylvatica L.;species;NA;0;jbuf;46,792595;7,1565166;NA;LC-MS QExactive HFX;MeOH/H2O;plant specimen
20250721_111756_CVOL_20250319_PMA_C18_DDA_neg_dbgi_002655_01_01.mzML;dbgi_002655;Knautia arvensis (L.) Coult.;NA;Negative;JBUF;jbuf;Knautia arvensis;Knautia arvensis (L.) Coult.;species;NA;0;jbuf;46,792587;7,1569414;NA;LC-MS QExactive HFX;MeOH/H2O;plant specimen
20250721_111756_CVOL_20250319_PMA_C18_DDA_neg_dbgi_002656_01_01.mzML;dbgi_002656;Lonicera tatarica L.;NA;Negative;JBUF;jbuf;Lonicera tatarica;Lonicera tatarica L.;species;NA;0;jbuf;46,792600;7,1568370;NA;LC-MS QExactive HFX;MeOH/H2O;plant specimen
20250721_111756_CVOL_20250319_PMA_C18_DDA_neg_dbgi_002658_01_01.mzML;dbgi_002658;Centranthus ruber (L.) DC.;NA;Negative;JBUF;jbuf;Centranthus ruber;Centranthus ruber (L.) DC.;species;NA;0;jbuf;46,792583;7,1570034;NA;LC-MS QExactive HFX;MeOH/H2O;plant specimen
20250721_111756_CVOL_20250319_PMA_C18_DDA_neg_dbgi_002667_01_01.mzML;dbgi_002667;Eryngium planum L.;NA;Negative;JBUF;jbuf;Eryngium planum;Eryngium planum L.;species;NA;0;jbuf;46,792590;7,1564636;NA;LC-MS QExactive HFX;MeOH/H2O;plant specimen
20250721_111756_CVOL_20250319_PMA_C18_DDA_neg_dbgi_002670_01_01.mzML;dbgi_002670;Zabelia tyaihyoni (Nakai) Hisauti & H.Hara;NA;Negative;JBUF;jbuf;Zabelia tyaihyoni;Zabelia tyaihyoni (Nakai) Hisauti & H.Hara;species;NA;0;jbuf;46,792600;7,1568890;NA;LC-MS QExactive HFX;MeOH/H2O;plant specimen
20250721_111756_CVOL_20250319_PMA_C18_DDA_neg_dbgi_002685_01_01.mzML;dbgi_002685;Sixalix atropurpurea subsp. atropurpurea;NA;Negative;JBUF;jbuf;Sixalix atropurpurea subsp. atropurpurea;Sixalix atropurpurea subsp. atropurpurea;subspecies;NA;0;jbuf;46,792595;7,1569514;NA;LC-MS QExactive HFX;MeOH/H2O;plant specimen
20250721_111756_CVOL_20250319_PMA_C18_DDA_neg_dbgi_002687_01_01.mzML;dbgi_002687;Knautia godetii Reut.;NA;Negative;JBUF;jbuf;Knautia godetii;Knautia godetii Reut.;species;NA;0;jbuf;46,792590;7,1569520;NA;LC-MS QExactive HFX;MeOH/H2O;plant specimen
20250721_111756_CVOL_20250319_PMA_C18_DDA_neg_dbgi_002692_01_01.mzML;dbgi_002692;Lonicera caprifolium L.;NA;Negative;JBUF;jbuf;Lonicera caprifolium;Lonicera caprifolium L.;species;NA;0;jbuf;46,792603;7,1568546;NA;LC-MS QExactive HFX;MeOH/H2O;plant specimen
20250721_111756_CVOL_20250319_PMA_C18_DDA_neg_dbgi_002723_01_01.mzML;dbgi_002723;Sambucus nigra L.;NA;Negative;JBUF;jbuf;Sambucus nigra;Sambucus nigra L.;species;NA;0;jbuf;46,792614;7,1567364;NA;LC-MS QExactive HFX;MeOH/H2O;plant specimen
20250721_111756_CVOL_20250319_PMA_C18_DDA_neg_dbgi_002724_01_01.mzML;dbgi_002724;Chionanthus virginicus L.;NA;Negative;JBUF;jbuf;Chionanthus virginicus;Chionanthus virginicus L.;species;NA;0;jbuf;46,792557;7,1570180;NA;LC-MS QExactive HFX;MeOH/H2O;plant specimen
20250721_111756_CVOL_20250319_PMA_C18_DDA_neg_dbgi_002878_02_01.mzML;dbgi_002878;Hoya carnosa (L.fil.) R.Br.;NA;Negative;JBUF;jbuf;Hoya carnosa;Hoya carnosa (L.fil.) R.Br.;species;NA;0;jbuf;46,793194;7,1548667;NA;LC-MS QExactive HFX;MeOH/H2O;plant specimen
20250721_111756_CVOL_20250319_PMA_C18_DDA_neg_dbgi_002910_01_01.mzML;dbgi_002910;Helianthus tuberosus L.;NA;Negative;JBUF;jbuf;Helianthus tuberosus;Helianthus tuberosus L.;species;NA;0;jbuf;46,792645;7,1570005;NA;LC-MS QExactive HFX;MeOH/H2O;plant specimen
20250721_111756_CVOL_20250319_PMA_C18_DDA_neg_dbgi_002912_01_01.mzML;dbgi_002912;Sanvitalia procumbens Lam.;NA;Negative;JBUF;jbuf;Sanvitalia procumbens;Sanvitalia procumbens Lam.;species;NA;0;jbuf;46,792640;7,1570325;NA;LC-MS QExactive HFX;MeOH/H2O;plant specimen
20250721_111756_CVOL_20250319_PMA_C18_DDA_neg_dbgi_002913_01_01.mzML;dbgi_002913;Rhipsalis micrantha (Kunth) DC.;NA;Negative;JBUF;jbuf;Rhipsalis micrantha;Rhipsalis micrantha (Kunth) DC.;species;NA;0;jbuf;46,793190;7,1550016;NA;LC-MS QExactive HFX;MeOH/H2O;plant specimen
20250721_111756_CVOL_20250319_PMA_C18_DDA_neg_dbgi_002921_01_01.mzML;dbgi_002921;Helianthus salicifolius A.Dietr.;NA;Negative;JBUF;jbuf;Helianthus salicifolius;Helianthus salicifolius A.Dietr.;species;NA;0;jbuf;46,792650;7,1569834;NA;LC-MS QExactive HFX;MeOH/H2O;plant specimen
20250721_111756_CVOL_20250319_PMA_C18_DDA_neg_dbgi_002936_01_01.mzML;dbgi_002936;Ambrosia trifida L.;NA;Negative;JBUF;jbuf;Ambrosia trifida;Ambrosia trifida L.;species;NA;0;jbuf;46,792630;7,1570720;NA;LC-MS QExactive HFX;MeOH/H2O;plant specimen
20250721_111756_CVOL_20250319_PMA_C18_DDA_neg_dbgi_002956_01_01.mzML;dbgi_002956;Dahlia hortensis Guill.;NA;Negative;JBUF;jbuf;Dahlia hortensis;Dahlia hortensis Guill.;species;NA;1;jbuf;46,792656;7,1568970;NA;LC-MS QExactive HFX;MeOH/H2O;plant specimen
20250721_111756_CVOL_20250319_PMA_C18_DDA_neg_dbgi_002961_01_01.mzML;dbgi_002961;Cosmos bipinnatus Cav.;NA;Negative;JBUF;jbuf;Cosmos bipinnatus;Cosmos bipinnatus Cav.;species;NA;0;jbuf;46,792656;7,1568630;NA;LC-MS QExactive HFX;MeOH/H2O;plant specimen
20250721_111756_CVOL_20250319_PMA_C18_DDA_neg_dbgi_002967_01_01.mzML;dbgi_002967;Dahlia coccinea Cav.;NA;Negative;JBUF;jbuf;Dahlia coccinea;Dahlia coccinea Cav.;species;NA;1;jbuf;46,792656;7,1568894;NA;LC-MS QExactive HFX;MeOH/H2O;plant specimen
20250721_111756_CVOL_20250319_PMA_C18_DDA_neg_dbgi_002982_01_01.mzML;dbgi_002982;Tagetes erecta L.;NA;Negative;JBUF;jbuf;Tagetes erecta;Tagetes erecta L.;species;NA;0;jbuf;46,792650;7,1569100;NA;LC-MS QExactive HFX;MeOH/H2O;plant specimen
20250721_111756_CVOL_20250319_PMA_C18_DDA_neg_dbgi_002985_01_01.mzML;dbgi_002985;Dorstenia psilurus Welw.;NA;Negative;JBUF;jbuf;Dorstenia psilurus;Dorstenia psilurus Welw.;species;NA;0;jbuf;46,793205;7,1549816;NA;LC-MS QExactive HFX;MeOH/H2O;plant specimen
20250721_111756_CVOL_20250319_PMA_C18_DDA_neg_dbgi_003078_01_01.mzML;dbgi_003078;Hypoestes phyllostachya Baker;NA;Negative;JBUF;jbuf;Hypoestes phyllostachya;Hypoestes phyllostachya Baker;species;NA;0;jbuf;46,793190;7,1549620;NA;LC-MS QExactive HFX;MeOH/H2O;plant specimen
20250724_103036_CVOL_20250319_PMA_C18_DDA_neg_dbgi_000975_01_01.mzML;dbgi_000975;Bromus hordeaceus L.;NA;Negative;JBUF;jbuf;Bromus hordeaceus;Bromus hordeaceus L.;species;NA;0;jbuf;46,792340;7,1566070;NA;LC-MS QExactive HFX;MeOH/H2O;plant specimen
20250724_103036_CVOL_20250319_PMA_C18_DDA_neg_dbgi_001051_01_01.mzML;dbgi_001051;Ranunculus acris subsp. friesianus (Jord.) Syme;NA;Negative;JBUF;jbuf;Ranunculus acris subsp. friesianus;Ranunculus acris subsp. friesianus (Jord.) Syme;subspecies;NA;0;jbuf;46,792343;7,1565123;NA;LC-MS QExactive HFX;MeOH/H2O;plant specimen
20250724_103036_CVOL_20250319_PMA_C18_DDA_neg_dbgi_001055_01_01.mzML;dbgi_001055;Avena nuda L.;NA;Negative;JBUF;jbuf;Avena nuda;Avena nuda L.;species;NA;0;jbuf;46,792377;7,1565666;NA;LC-MS QExactive HFX;MeOH/H2O;plant specimen
20250724_103036_CVOL_20250319_PMA_C18_DDA_neg_dbgi_001113_01_01.mzML;dbgi_001113;Elymus caninus (L.) L.;NA;Negative;JBUF;jbuf;Elymus caninus;Elymus caninus (L.) L.;species;NA;0;jbuf;46,792362;7,1565780;NA;LC-MS QExactive HFX;MeOH/H2O;plant specimen
20250724_103036_CVOL_20250319_PMA_C18_DDA_neg_dbgi_001120_01_01.mzML;dbgi_001120;Setaria pumila (Poir.) Roem. & Schult.;NA;Negative;JBUF;jbuf;Setaria pumila;Setaria pumila (Poir.) Roem. & Schult.;species;NA;0;jbuf;46,792263;7,1566653;NA;LC-MS QExactive HFX;MeOH/H2O;plant specimen
20250724_103036_CVOL_20250319_PMA_C18_DDA_neg_dbgi_001165_01_01.mzML;dbgi_001165;Bouteloua curtipendula (Michx.) Torr.;NA;Negative;JBUF;jbuf;Bouteloua curtipendula;Bouteloua curtipendula (Michx.) Torr.;species;NA;0;jbuf;46,792300;7,1566358;NA;LC-MS QExactive HFX;MeOH/H2O;plant specimen
20250724_103036_CVOL_20250319_PMA_C18_DDA_neg_dbgi_001757_01_01.mzML;dbgi_001757;Menispermum canadense L.;NA;Negative;JBUF;jbuf;Menispermum canadense;Menispermum canadense L.;species;NA;0;jbuf;46,792324;7,1565604;NA;LC-MS QExactive HFX;MeOH/H2O;plant specimen
20250724_103036_CVOL_20250319_PMA_C18_DDA_neg_dbgi_001811_01_01.mzML;dbgi_001811;Muehlenbeckia axillaris (Hook.fil.) Walp.;NA;Negative;JBUF;jbuf;Muehlenbeckia axillaris;Muehlenbeckia axillaris (Hook.fil.) Walp.;species;NA;0;jbuf;46,792110;7,1570463;NA;LC-MS QExactive HFX;MeOH/H2O;plant specimen
20250724_103036_CVOL_20250319_PMA_C18_DDA_neg_dbgi_001814_01_01.mzML;dbgi_001814;Phytolacca americana L.;NA;Negative;JBUF;jbuf;Phytolacca americana;Phytolacca americana L.;species;NA;0;jbuf;46,792137;7,1567960;NA;LC-MS QExactive HFX;MeOH/H2O;plant specimen
20250724_103036_CVOL_20250319_PMA_C18_DDA_neg_dbgi_001815_01_01.mzML;dbgi_001815;Tetragonia tetragonoides (Pall.) Kuntze;NA;Negative;JBUF;jbuf;Tetragonia tetragonoides;Tetragonia tetragonoides (Pall.) Kuntze;species;NA;0;jbuf;46,792130;7,1568136;NA;LC-MS QExactive HFX;MeOH/H2O;plant specimen
20250724_103036_CVOL_20250319_PMA_C18_DDA_neg_dbgi_001830_01_01.mzML;dbgi_001830;Blitum virgatum L.;NA;Negative;JBUF;jbuf;Blitum virgatum;Blitum virgatum L.;species;NA;0;jbuf;46,792114;7,1568656;NA;LC-MS QExactive HFX;MeOH/H2O;plant specimen
20250724_103036_CVOL_20250319_PMA_C18_DDA_neg_dbgi_001850_01_01.mzML;dbgi_001850;Iresine diffusa f. lindenii (Van Houtte) L.B.Sm. & Downs;NA;Negative;JBUF;jbuf;Iresine diffusa f. lindenii;Iresine diffusa f. lindenii (Van Houtte) L.B.Sm. & Downs;form;NA;0;jbuf;46,792090;7,1569734;NA;LC-MS QExactive HFX;MeOH/H2O;plant specimen
20250724_103036_CVOL_20250319_PMA_C18_DDA_neg_dbgi_001851_01_01.mzML;dbgi_001851;Froelichia gracilis (Hook.) Moq.;NA;Negative;JBUF;jbuf;Froelichia gracilis;Froelichia gracilis (Hook.) Moq.;species;NA;0;jbuf;46,792090;7,1569614;NA;LC-MS QExactive HFX;MeOH/H2O;plant specimen
20250724_103036_CVOL_20250319_PMA_C18_DDA_neg_dbgi_001853_01_01.mzML;dbgi_001853;Celosia argentea L.;NA;Negative;JBUF;jbuf;Celosia argentea;Celosia argentea L.;species;NA;0;jbuf;46,792090;7,1569543;NA;LC-MS QExactive HFX;MeOH/H2O;plant specimen
20250724_103036_CVOL_20250319_PMA_C18_DDA_neg_dbgi_001899_01_01.mzML;dbgi_001899;Alternanthera bettzickiana (Regel) G.Nicholson;NA;Negative;JBUF;jbuf;Alternanthera bettzickiana;Alternanthera bettzickiana (Regel) G.Nicholson;species;NA;0;jbuf;46,792088;7,1569810;NA;LC-MS QExactive HFX;MeOH/H2O;plant specimen
20250724_103036_CVOL_20250319_PMA_C18_DDA_neg_dbgi_001905_01_01.mzML;dbgi_001905;Amaranthus cruentus L.;NA;Negative;JBUF;jbuf;Amaranthus cruentus;Amaranthus cruentus L.;species;NA;0;jbuf;46,792107;7,1568870;NA;LC-MS QExactive HFX;MeOH/H2O;plant specimen
20250724_103036_CVOL_20250319_PMA_C18_DDA_neg_dbgi_001909_01_01.mzML;dbgi_001909;Beta vulgaris L.;NA;Negative;JBUF;jbuf;Beta vulgaris;Beta vulgaris L.;species;NA;0;jbuf;46,792118;7,1568480;NA;LC-MS QExactive HFX;MeOH/H2O;plant specimen
20250724_103036_CVOL_20250319_PMA_C18_DDA_neg_dbgi_001911_01_01.mzML;dbgi_001911;Persicaria tinctoria (Aiton) H.Gross;NA;Negative;JBUF;jbuf;Persicaria tinctoria;Persicaria tinctoria (Aiton) H.Gross;species;NA;0;jbuf;46,792107;7,1570506;NA;LC-MS QExactive HFX;MeOH/H2O;plant specimen
20250724_103036_CVOL_20250319_PMA_C18_DDA_neg_dbgi_001916_01_01.mzML;dbgi_001916;Lotus germanicus (Gremli) Peruzzi;NA;Negative;JBUF;jbuf;Lotus germanicus;Lotus germanicus (Gremli) Peruzzi;species;NA;1;jbuf;46,792194;7,1571693;NA;LC-MS QExactive HFX;MeOH/H2O;plant specimen
20250724_103036_CVOL_20250319_PMA_C18_DDA_neg_dbgi_001924_01_01.mzML;dbgi_001924;Coronilla varia L.;NA;Negative;JBUF;jbuf;Coronilla varia;Coronilla varia L.;species;NA;0;jbuf;46,792190;7,1571817;NA;LC-MS QExactive HFX;MeOH/H2O;plant specimen
20250724_103036_CVOL_20250319_PMA_C18_DDA_neg_dbgi_002242_01_01.mzML;dbgi_002242;Euphorbia stricta L.;NA;Negative;JBUF;jbuf;Euphorbia stricta;Euphorbia stricta L.;species;NA;0;jbuf;46,792110;7,1572323;NA;LC-MS QExactive HFX;MeOH/H2O;plant specimen
20250724_103036_CVOL_20250319_PMA_C18_DDA_neg_dbgi_002248_01_01.mzML;dbgi_002248;Holodiscus discolor (Pursh) Maxim.;NA;Negative;JBUF;jbuf;Holodiscus discolor;Holodiscus discolor (Pursh) Maxim.;species;NA;0;jbuf;46,792362;7,1573090;NA;LC-MS QExactive HFX;MeOH/H2O;plant specimen
20250724_103036_CVOL_20250319_PMA_C18_DDA_neg_dbgi_002259_01_01.mzML;dbgi_002259;Fragaria vesca L.;NA;Negative;JBUF;jbuf;Fragaria vesca;Fragaria vesca L.;species;NA;1;jbuf;46,792397;7,1572770;NA;LC-MS QExactive HFX;MeOH/H2O;plant specimen
20250724_103036_CVOL_20250319_PMA_C18_DDA_neg_dbgi_002260_01_01.mzML;dbgi_002260;Spiraea thunbergii Siebold ex Blume;NA;Negative;JBUF;jbuf;Spiraea thunbergii;Spiraea thunbergii Siebold ex Blume;species;NA;0;jbuf;46,792350;7,1573296;NA;LC-MS QExactive HFX;MeOH/H2O;plant specimen
20250724_103036_CVOL_20250319_PMA_C18_DDA_neg_dbgi_002263_01_01.mzML;dbgi_002263;Euphorbia peplus L.;NA;Negative;JBUF;jbuf;Euphorbia peplus;Euphorbia peplus L.;species;NA;0;jbuf;46,792110;7,1572366;NA;LC-MS QExactive HFX;MeOH/H2O;plant specimen
20250724_103036_CVOL_20250319_PMA_C18_DDA_neg_dbgi_002267_01_01.mzML;dbgi_002267;Lathyrus pratensis L.;NA;Negative;JBUF;jbuf;Lathyrus pratensis;Lathyrus pratensis L.;species;NA;0;jbuf;46,792454;7,1571584;NA;LC-MS QExactive HFX;MeOH/H2O;plant specimen
20250724_103036_CVOL_20250319_PMA_C18_DDA_neg_dbgi_002273_01_01.mzML;dbgi_002273;Fragaria virginiana Duchesne;NA;Negative;JBUF;jbuf;Fragaria virginiana;Fragaria virginiana Duchesne;species;NA;1;jbuf;46,792430;7,1572576;NA;LC-MS QExactive HFX;MeOH/H2O;plant specimen
20250724_103036_CVOL_20250319_PMA_C18_DDA_neg_dbgi_002281_01_01.mzML;dbgi_002281;Filipendula ulmaria (L.) Maxim.;NA;Negative;JBUF;jbuf;Filipendula ulmaria;Filipendula ulmaria (L.) Maxim.;species;NA;0;jbuf;46,792470;7,1572056;NA;LC-MS QExactive HFX;MeOH/H2O;plant specimen
20250724_103036_CVOL_20250319_PMA_C18_DDA_neg_dbgi_002283_01_01.mzML;dbgi_002283;Trifolium medium L.;NA;Negative;JBUF;jbuf;Trifolium medium;Trifolium medium L.;species;NA;0;jbuf;46,792430;7,1571910;NA;LC-MS QExactive HFX;MeOH/H2O;plant specimen
20250724_103036_CVOL_20250319_PMA_C18_DDA_neg_dbgi_002286_01_01.mzML;dbgi_002286;Amorpha fruticosa L.;NA;Negative;JBUF;jbuf;Amorpha fruticosa;Amorpha fruticosa L.;species;NA;0;jbuf;46,792374;7,1572010;NA;LC-MS QExactive HFX;MeOH/H2O;plant specimen
20250724_103036_CVOL_20250319_PMA_C18_DDA_neg_dbgi_002289_01_01.mzML;dbgi_002289;Rosa glauca Pourr.;NA;Negative;JBUF;jbuf;Rosa glauca;Rosa glauca Pourr.;species;NA;0;jbuf;46,792430;7,1572967;NA;LC-MS QExactive HFX;MeOH/H2O;plant specimen
20250724_103036_CVOL_20250319_PMA_C18_DDA_neg_dbgi_002295_01_01.mzML;dbgi_002295;Cytisus nigricans L.;NA;Negative;JBUF;jbuf;Cytisus nigricans;Cytisus nigricans L.;species;NA;0;jbuf;46,792440;7,1571383;NA;LC-MS QExactive HFX;MeOH/H2O;plant specimen
20250724_103036_CVOL_20250319_PMA_C18_DDA_neg_dbgi_002301_01_01.mzML;dbgi_002301;Rubus idaeus L.;NA;Negative;JBUF;jbuf;Rubus idaeus;Rubus idaeus L.;species;NA;0;jbuf;46,792460;7,1572230;NA;LC-MS QExactive HFX;MeOH/H2O;plant specimen
20250724_103036_CVOL_20250319_PMA_C18_DDA_neg_dbgi_002307_01_01.mzML;dbgi_002307;Trifolium pratense subsp. pratense;NA;Negative;JBUF;jbuf;Trifolium pratense subsp. pratense;Trifolium pratense subsp. pratense;subspecies;NA;0;jbuf;46,792442;7,1571750;NA;LC-MS QExactive HFX;MeOH/H2O;plant specimen
20250724_103036_CVOL_20250319_PMA_C18_DDA_neg_dbgi_002311_01_01.mzML;dbgi_002311;Dasiphora fruticosa (L.) Rydb.;NA;Negative;JBUF;jbuf;Dasiphora fruticosa;Dasiphora fruticosa (L.) Rydb.;species;NA;0;jbuf;46,792440;7,1572604;NA;LC-MS QExactive HFX;MeOH/H2O;plant specimen
20250724_103036_CVOL_20250319_PMA_C18_DDA_neg_dbgi_002327_01_01.mzML;dbgi_002327;Viola reichenbachiana Jord. ex Boreau;NA;Negative;JBUF;jbuf;Viola reichenbachiana;Viola reichenbachiana Jord. ex Boreau;species;NA;0;jbuf;46,792150;7,1572700;NA;LC-MS QExactive HFX;MeOH/H2O;plant specimen
20250724_103036_CVOL_20250319_PMA_C18_DDA_neg_dbgi_002333_01_01.mzML;dbgi_002333;Cicer arietinum L.;NA;Negative;JBUF;jbuf;Cicer arietinum;Cicer arietinum L.;species;NA;0;jbuf;46,792168;7,1571937;NA;LC-MS QExactive HFX;MeOH/H2O;plant specimen
20250724_103036_CVOL_20250319_PMA_C18_DDA_neg_dbgi_002334_01_01.mzML;dbgi_002334;Potentilla verna L.;NA;Negative;JBUF;jbuf;Potentilla verna;Potentilla verna L.;species;NA;0;jbuf;46,792450;7,1572375;NA;LC-MS QExactive HFX;MeOH/H2O;plant specimen
20250724_103036_CVOL_20250319_PMA_C18_DDA_neg_dbgi_002337_01_01.mzML;dbgi_002337;Lathyrus linifolius (Reichard) Bässler;NA;Negative;JBUF;jbuf;Lathyrus linifolius;Lathyrus linifolius (Reichard) Bässler;species;NA;0;jbuf;46,792446;7,1571712;NA;LC-MS QExactive HFX;MeOH/H2O;plant specimen
20250724_103036_CVOL_20250319_PMA_C18_DDA_neg_dbgi_002341_01_01.mzML;dbgi_002341;Ononis spinosa subsp. procurrens (Wallr.) Briq.;NA;Negative;JBUF;jbuf;Ononis spinosa subsp. procurrens;Ononis spinosa subsp. procurrens (Wallr.) Briq.;subspecies;NA;0;jbuf;46,792210;7,1572150;NA;LC-MS QExactive HFX;MeOH/H2O;plant specimen
20250724_103036_CVOL_20250319_PMA_C18_DDA_neg_dbgi_002344_01_01.mzML;dbgi_002344;Acaena × ovina A.Cunn.;NA;Negative;JBUF;jbuf;Acaena × ovina;Acaena × ovina A.Cunn.;species;NA;0;jbuf;46,792410;7,1572695;NA;LC-MS QExactive HFX;MeOH/H2O;plant specimen
20250724_103036_CVOL_20250319_PMA_C18_DDA_neg_dbgi_002345_01_01.mzML;dbgi_002345;Neillia tanakae Franch. & Sav.;NA;Negative;JBUF;jbuf;Neillia tanakae;Neillia tanakae Franch. & Sav.;species;NA;0;jbuf;46,792404;7,1573080;NA;LC-MS QExactive HFX;MeOH/H2O;plant specimen
20250724_103036_CVOL_20250319_PMA_C18_DDA_neg_dbgi_002346_01_01.mzML;dbgi_002346;Gleditsia triacanthos L.;NA;Negative;JBUF;jbuf;Gleditsia triacanthos;Gleditsia triacanthos L.;species;NA;0;jbuf;46,792347;7,1572213;NA;LC-MS QExactive HFX;MeOH/H2O;plant specimen
20250724_103036_CVOL_20250319_PMA_C18_DDA_neg_dbgi_002357_01_01.mzML;dbgi_002357;Lathyrus odoratus L.;NA;Negative;JBUF;jbuf;Lathyrus odoratus;Lathyrus odoratus L.;species;NA;0;jbuf;46,792458;7,1571590;NA;LC-MS QExactive HFX;MeOH/H2O;plant specimen
20250724_103036_CVOL_20250319_PMA_C18_DDA_neg_dbgi_002362_01_01.mzML;dbgi_002362;Sanguisorba minor subsp. minor;NA;Negative;JBUF;jbuf;Sanguisorba minor subsp. minor;Sanguisorba minor subsp. minor;subspecies;NA;0;jbuf;46,792404;7,1572742;NA;LC-MS QExactive HFX;MeOH/H2O;plant specimen
20250724_103036_CVOL_20250319_PMA_C18_DDA_neg_dbgi_002366_01_01.mzML;dbgi_002366;Genista tinctoria L.;NA;Negative;JBUF;jbuf;Genista tinctoria;Genista tinctoria L.;species;NA;0;jbuf;46,792458;7,1571155;NA;LC-MS QExactive HFX;MeOH/H2O;plant specimen
20250724_103036_CVOL_20250319_PMA_C18_DDA_neg_dbgi_002367_01_01.mzML;dbgi_002367;Trifolium rubens L.;NA;Negative;JBUF;jbuf;Trifolium rubens;Trifolium rubens L.;species;NA;0;jbuf;46,792446;7,1571856;NA;LC-MS QExactive HFX;MeOH/H2O;plant specimen
20250724_103036_CVOL_20250319_PMA_C18_DDA_neg_dbgi_002372_01_01.mzML;dbgi_002372;Genista pilosa L.;NA;Negative;JBUF;jbuf;Genista pilosa;Genista pilosa L.;species;NA;0;jbuf;46,792454;7,1571120;NA;LC-MS QExactive HFX;MeOH/H2O;plant specimen
20250724_103036_CVOL_20250319_PMA_C18_DDA_neg_dbgi_002376_01_01.mzML;dbgi_002376;Melilotus albus Medik.;NA;Negative;JBUF;jbuf;Melilotus albus;Melilotus albus Medik.;species;NA;0;jbuf;46,792175;7,1572013;NA;LC-MS QExactive HFX;MeOH/H2O;plant specimen
20250724_103036_CVOL_20250319_PMA_C18_DDA_neg_dbgi_002377_01_01.mzML;dbgi_002377;Potentilla nepalensis Hook.;NA;Negative;JBUF;jbuf;Potentilla nepalensis;Potentilla nepalensis Hook.;species;NA;0;jbuf;46,792446;7,1572530;NA;LC-MS QExactive HFX;MeOH/H2O;plant specimen
20250724_103036_CVOL_20250319_PMA_C18_DDA_neg_dbgi_002378_01_01.mzML;dbgi_002378;Hippophae rhamnoides L.;NA;Negative;JBUF;jbuf;Hippophae rhamnoides;Hippophae rhamnoides L.;species;NA;0;jbuf;46,792250;7,1572824;NA;LC-MS QExactive HFX;MeOH/H2O;plant specimen
20250724_103036_CVOL_20250319_PMA_C18_DDA_neg_dbgi_002381_01_01.mzML;dbgi_002381;Poliothyrsis sinensis Oliv.;NA;Negative;JBUF;jbuf;Poliothyrsis sinensis;Poliothyrsis sinensis Oliv.;species;NA;0;jbuf;46,792187;7,1572943;NA;LC-MS QExactive HFX;MeOH/H2O;plant specimen
20250724_103036_CVOL_20250319_PMA_C18_DDA_neg_dbgi_002391_01_01.mzML;dbgi_002391;Astragalus boeticus L.;NA;Negative;JBUF;jbuf;Astragalus boeticus;Astragalus boeticus L.;species;NA;0;jbuf;46,792164;7,1571900;NA;LC-MS QExactive HFX;MeOH/H2O;plant specimen
20250724_103036_CVOL_20250319_PMA_C18_DDA_neg_dbgi_002392_01_01.mzML;dbgi_002392;Potentilla multifida L.;NA;Negative;JBUF;jbuf;Potentilla multifida;Potentilla multifida L.;species;NA;0;jbuf;46,792446;7,1572420;NA;LC-MS QExactive HFX;MeOH/H2O;plant specimen
20250724_103036_CVOL_20250319_PMA_C18_DDA_neg_dbgi_002398_01_01.mzML;dbgi_002398;Cotoneaster rotundifolius Wall. ex Lindl.;NA;Negative;JBUF;jbuf;Cotoneaster rotundifolius;Cotoneaster rotundifolius Wall. ex Lindl.;species;NA;0;jbuf;46,792038;7,1572400;NA;LC-MS QExactive HFX;MeOH/H2O;plant specimen
20250724_103036_CVOL_20250319_PMA_C18_DDA_neg_dbgi_002402_01_01.mzML;dbgi_002402;Pyracantha coccinea M.Roem.;NA;Negative;JBUF;jbuf;Pyracantha coccinea;Pyracantha coccinea M.Roem.;species;NA;0;jbuf;46,792030;7,1572140;NA;LC-MS QExactive HFX;MeOH/H2O;plant specimen
20250724_103036_CVOL_20250319_PMA_C18_DDA_neg_dbgi_002407_01_01.mzML;dbgi_002407;Gynostemma pentaphyllum (Thunb.) Makino;NA;Negative;JBUF;jbuf;Gynostemma pentaphyllum;Gynostemma pentaphyllum (Thunb.) Makino;species;NA;0;jbuf;46,792522;7,1571465;NA;LC-MS QExactive HFX;MeOH/H2O;plant specimen
20250724_103036_CVOL_20250319_PMA_C18_DDA_neg_dbgi_002432_01_01.mzML;dbgi_002432;Cucurbita pepo L.;NA;Negative;JBUF;jbuf;Cucurbita pepo;Cucurbita pepo L.;species;NA;0;jbuf;46,792503;7,1571930;NA;LC-MS QExactive HFX;MeOH/H2O;plant specimen
20250724_103036_CVOL_20250319_PMA_C18_DDA_neg_dbgi_002436_01_01.mzML;dbgi_002436;Malus sylvestris Mill.;NA;Negative;JBUF;jbuf;Malus sylvestris;Malus sylvestris Mill.;species;NA;0;jbuf;46,792263;7,1573880;NA;LC-MS QExactive HFX;MeOH/H2O;plant specimen
20250724_103036_CVOL_20250319_PMA_C18_DDA_neg_dbgi_002485_01_01.mzML;dbgi_002485;Cyclanthera brachystachya (Ser.) Cogn.;NA;Negative;JBUF;jbuf;Cyclanthera brachystachya;Cyclanthera brachystachya (Ser.) Cogn.;species;NA;0;jbuf;46,792503;7,1571736;NA;LC-MS QExactive HFX;MeOH/H2O;plant specimen
20250724_103036_CVOL_20250319_PMA_C18_DDA_neg_dbgi_002494_01_01.mzML;dbgi_002494;Malus × floribunda Siebold ex Van Houtte;NA;Negative;JBUF;jbuf;Malus × floribunda;Malus × floribunda Siebold ex Van Houtte;species;NA;0;jbuf;46,792305;7,1574190;NA;LC-MS QExactive HFX;MeOH/H2O;plant specimen
20250724_103036_CVOL_20250319_PMA_C18_DDA_neg_dbgi_002495_01_01.mzML;dbgi_002495;Cucumis sativus L.;NA;Negative;JBUF;jbuf;Cucumis sativus;Cucumis sativus L.;species;NA;0;jbuf;46,792500;7,1571670;NA;LC-MS QExactive HFX;MeOH/H2O;plant specimen
20250724_103036_CVOL_20250319_PMA_C18_DDA_neg_dbgi_002517_01_01.mzML;dbgi_002517;Begonia semperflorens Link & Otto;NA;Negative;JBUF;jbuf;Begonia semperflorens;Begonia semperflorens Link & Otto;species;NA;0;jbuf;46,792492;7,1572090;NA;LC-MS QExactive HFX;MeOH/H2O;plant specimen
20250724_103036_CVOL_20250319_PMA_C18_DDA_neg_dbgi_002518_01_01.mzML;dbgi_002518;Cotoneaster simonsii Baker;NA;Negative;JBUF;jbuf;Cotoneaster simonsii;Cotoneaster simonsii Baker;species;NA;0;jbuf;46,792065;7,1572370;NA;LC-MS QExactive HFX;MeOH/H2O;plant specimen
20250724_103036_CVOL_20250319_PMA_C18_DDA_neg_dbgi_002530_01_01.mzML;dbgi_002530;Chaenomeles japonica f. japonica;NA;Negative;JBUF;jbuf;Chaenomeles japonica f. japonica;Chaenomeles japonica f. japonica;form;NA;0;jbuf;46,792057;7,1572750;NA;LC-MS QExactive HFX;MeOH/H2O;plant specimen
20250724_103036_CVOL_20250319_PMA_C18_DDA_neg_dbgi_002637_01_01.mzML;dbgi_002637;Dipsacus sativus (L.) Honck.;NA;Negative;JBUF;jbuf;Dipsacus sativus;Dipsacus sativus (L.) Honck.;species;NA;0;jbuf;46,792587;7,1569724;NA;LC-MS QExactive HFX;MeOH/H2O;plant specimen
20250724_103036_CVOL_20250319_PMA_C18_DDA_neg_dbgi_002638_01_01.mzML;dbgi_002638;Eryngium monocephalum Cav.;NA;Negative;JBUF;jbuf;Eryngium monocephalum;Eryngium monocephalum Cav.;species;NA;0;jbuf;46,792600;7,1564710;NA;LC-MS QExactive HFX;MeOH/H2O;plant specimen
20250724_103036_CVOL_20250319_PMA_C18_DDA_neg_dbgi_002867_02_01.mzML;dbgi_002867;Hoya brevialata Kleijn & Donkelaar;NA;Negative;JBUF;jbuf;Hoya brevialata;Hoya brevialata Kleijn & Donkelaar;species;NA;0;jbuf;46,793198;7,1548640;NA;LC-MS QExactive HFX;MeOH/H2O;plant specimen
20250724_103036_CVOL_20250319_PMA_C18_DDA_neg_dbgi_002945_01_01.mzML;dbgi_002945;Rudbeckia laciniata L.;NA;Negative;JBUF;jbuf;Rudbeckia laciniata;Rudbeckia laciniata L.;species;NA;0;jbuf;46,792645;7,1569467;NA;LC-MS QExactive HFX;MeOH/H2O;plant specimen
20250724_103036_CVOL_20250319_PMA_C18_DDA_neg_dbgi_002976_01_01.mzML;dbgi_002976;Echinacea purpurea (L.) Moench;NA;Negative;JBUF;jbuf;Echinacea purpurea;Echinacea purpurea (L.) Moench;species;NA;0;jbuf;46,792633;7,1570330;NA;LC-MS QExactive HFX;MeOH/H2O;plant specimen
20250724_103036_CVOL_20250319_PMA_C18_DDA_neg_dbgi_003088_01_01.mzML;dbgi_003088;Anemone ranunculoides L.;NA;Negative;JBUF;jbuf;Anemone ranunculoides;Anemone ranunculoides L.;species;NA;0;jbuf;46,792793;7,1565160;NA;LC-MS QExactive HFX;MeOH/H2O;plant specimen
20250724_103036_CVOL_20250319_PMA_C18_DDA_neg_dbgi_003099_01_01.mzML;dbgi_003099;Alchemilla fissa Günther & Schummel;NA;Negative;JBUF;jbuf;Alchemilla fissa;Alchemilla fissa Günther & Schummel;species;NA;0;jbuf;46,792854;7,1564800;NA;LC-MS QExactive HFX;MeOH/H2O;plant specimen
20250724_103036_CVOL_20250319_PMA_C18_DDA_neg_dbgi_003105_01_01.mzML;dbgi_003105;Silene dioica (L.) Clairv.;NA;Negative;JBUF;jbuf;Silene dioica;Silene dioica (L.) Clairv.;species;NA;0;jbuf;46,792810;7,1565330;NA;LC-MS QExactive HFX;MeOH/H2O;plant specimen
20250724_103036_CVOL_20250319_PMA_C18_DDA_neg_dbgi_003106_01_01.mzML;dbgi_003106;Orobanche hederae Duby;NA;Negative;JBUF;jbuf;Orobanche hederae;Orobanche hederae Duby;species;NA;0;jbuf;46,792767;7,1564736;NA;LC-MS QExactive HFX;MeOH/H2O;plant specimen
20250724_103036_CVOL_20250319_PMA_C18_DDA_neg_dbgi_003141_01_01.mzML;dbgi_003141;Ruscus aculeatus L.;NA;Negative;JBUF;jbuf;Ruscus aculeatus;Ruscus aculeatus L.;species;NA;0;jbuf;46,792767;7,1564660;NA;LC-MS QExactive HFX;MeOH/H2O;plant specimen
20250724_103036_CVOL_20250319_PMA_C18_DDA_neg_dbgi_003168_01_01.mzML;dbgi_003168;Polygonatum multiflorum (L.) All.;NA;Negative;JBUF;jbuf;Polygonatum multiflorum;Polygonatum multiflorum (L.) All.;species;NA;0;jbuf;46,792740;7,1565723;NA;LC-MS QExactive HFX;MeOH/H2O;plant specimen
20250724_103036_CVOL_20250319_PMA_C18_DDA_neg_dbgi_003203_01_01.mzML;dbgi_003203;Hypericum maculatum subsp. maculatum;NA;Negative;JBUF;jbuf;Hypericum maculatum subsp. maculatum;Hypericum maculatum subsp. maculatum;subspecies;NA;0;jbuf;46,792800;7,1565213;NA;LC-MS QExactive HFX;MeOH/H2O;plant specimen
20250724_103036_CVOL_20250319_PMA_C18_DDA_neg_dbgi_003216_01_01.mzML;dbgi_003216;Alchemilla fissa Günther & Schummel;NA;Negative;JBUF;jbuf;Alchemilla fissa;Alchemilla fissa Günther & Schummel;species;NA;0;jbuf;46,792862;7,1564727;NA;LC-MS QExactive HFX;MeOH/H2O;plant specimen
20250724_103036_CVOL_20250319_PMA_C18_DDA_neg_dbgi_003219_01_01.mzML;dbgi_003219;Stachys recta subsp. recta;NA;Negative;JBUF;jbuf;Stachys recta subsp. recta;Stachys recta subsp. recta;subspecies;NA;0;jbuf;46,792706;7,1564260;NA;LC-MS QExactive HFX;MeOH/H2O;plant specimen
20250724_103036_CVOL_20250319_PMA_C18_DDA_neg_dbgi_003222_01_01.mzML;dbgi_003222;Cardamine trifolia L.;NA;Negative;JBUF;jbuf;Cardamine trifolia;Cardamine trifolia L.;species;NA;0;jbuf;46,792892;7,1564880;NA;LC-MS QExactive HFX;MeOH/H2O;plant specimen
20250724_103036_CVOL_20250319_PMA_C18_DDA_pos_dbgi_000975_01_01.mzML;dbgi_000975;Bromus hordeaceus L.;NA;Positive;JBUF;jbuf;Bromus hordeaceus;Bromus hordeaceus L.;species;NA;0;jbuf;46,792340;7,1566070;NA;LC-MS QExactive HFX;MeOH/H2O;plant specimen
20250724_103036_CVOL_20250319_PMA_C18_DDA_pos_dbgi_001051_01_01.mzML;dbgi_001051;Ranunculus acris subsp. friesianus (Jord.) Syme;NA;Positive;JBUF;jbuf;Ranunculus acris subsp. friesianus;Ranunculus acris subsp. friesianus (Jord.) Syme;subspecies;NA;0;jbuf;46,792343;7,1565123;NA;LC-MS QExactive HFX;MeOH/H2O;plant specimen
20250724_103036_CVOL_20250319_PMA_C18_DDA_pos_dbgi_001055_01_01.mzML;dbgi_001055;Avena nuda L.;NA;Positive;JBUF;jbuf;Avena nuda;Avena nuda L.;species;NA;0;jbuf;46,792377;7,1565666;NA;LC-MS QExactive HFX;MeOH/H2O;plant specimen
20250724_103036_CVOL_20250319_PMA_C18_DDA_pos_dbgi_001113_01_01.mzML;dbgi_001113;Elymus caninus (L.) L.;NA;Positive;JBUF;jbuf;Elymus caninus;Elymus caninus (L.) L.;species;NA;0;jbuf;46,792362;7,1565780;NA;LC-MS QExactive HFX;MeOH/H2O;plant specimen
20250724_103036_CVOL_20250319_PMA_C18_DDA_pos_dbgi_001120_01_01.mzML;dbgi_001120;Setaria pumila (Poir.) Roem. & Schult.;NA;Positive;JBUF;jbuf;Setaria pumila;Setaria pumila (Poir.) Roem. & Schult.;species;NA;0;jbuf;46,792263;7,1566653;NA;LC-MS QExactive HFX;MeOH/H2O;plant specimen
20250724_103036_CVOL_20250319_PMA_C18_DDA_pos_dbgi_001165_01_01.mzML;dbgi_001165;Bouteloua curtipendula (Michx.) Torr.;NA;Positive;JBUF;jbuf;Bouteloua curtipendula;Bouteloua curtipendula (Michx.) Torr.;species;NA;0;jbuf;46,792300;7,1566358;NA;LC-MS QExactive HFX;MeOH/H2O;plant specimen
20250724_103036_CVOL_20250319_PMA_C18_DDA_pos_dbgi_001757_01_01.mzML;dbgi_001757;Menispermum canadense L.;NA;Positive;JBUF;jbuf;Menispermum canadense;Menispermum canadense L.;species;NA;0;jbuf;46,792324;7,1565604;NA;LC-MS QExactive HFX;MeOH/H2O;plant specimen
20250724_103036_CVOL_20250319_PMA_C18_DDA_pos_dbgi_001811_01_01.mzML;dbgi_001811;Muehlenbeckia axillaris (Hook.fil.) Walp.;NA;Positive;JBUF;jbuf;Muehlenbeckia axillaris;Muehlenbeckia axillaris (Hook.fil.) Walp.;species;NA;0;jbuf;46,792110;7,1570463;NA;LC-MS QExactive HFX;MeOH/H2O;plant specimen
20250724_103036_CVOL_20250319_PMA_C18_DDA_pos_dbgi_001814_01_01.mzML;dbgi_001814;Phytolacca americana L.;NA;Positive;JBUF;jbuf;Phytolacca americana;Phytolacca americana L.;species;NA;0;jbuf;46,792137;7,1567960;NA;LC-MS QExactive HFX;MeOH/H2O;plant specimen
20250724_103036_CVOL_20250319_PMA_C18_DDA_pos_dbgi_001815_01_01.mzML;dbgi_001815;Tetragonia tetragonoides (Pall.) Kuntze;NA;Positive;JBUF;jbuf;Tetragonia tetragonoides;Tetragonia tetragonoides (Pall.) Kuntze;species;NA;0;jbuf;46,792130;7,1568136;NA;LC-MS QExactive HFX;MeOH/H2O;plant specimen
20250724_103036_CVOL_20250319_PMA_C18_DDA_pos_dbgi_001830_01_01.mzML;dbgi_001830;Blitum virgatum L.;NA;Positive;JBUF;jbuf;Blitum virgatum;Blitum virgatum L.;species;NA;0;jbuf;46,792114;7,1568656;NA;LC-MS QExactive HFX;MeOH/H2O;plant specimen
20250724_103036_CVOL_20250319_PMA_C18_DDA_pos_dbgi_001850_01_01.mzML;dbgi_001850;Iresine diffusa f. lindenii (Van Houtte) L.B.Sm. & Downs;NA;Positive;JBUF;jbuf;Iresine diffusa f. lindenii;Iresine diffusa f. lindenii (Van Houtte) L.B.Sm. & Downs;form;NA;0;jbuf;46,792090;7,1569734;NA;LC-MS QExactive HFX;MeOH/H2O;plant specimen
20250724_103036_CVOL_20250319_PMA_C18_DDA_pos_dbgi_001851_01_01.mzML;dbgi_001851;Froelichia gracilis (Hook.) Moq.;NA;Positive;JBUF;jbuf;Froelichia gracilis;Froelichia gracilis (Hook.) Moq.;species;NA;0;jbuf;46,792090;7,1569614;NA;LC-MS QExactive HFX;MeOH/H2O;plant specimen
20250724_103036_CVOL_20250319_PMA_C18_DDA_pos_dbgi_001853_01_01.mzML;dbgi_001853;Celosia argentea L.;NA;Positive;JBUF;jbuf;Celosia argentea;Celosia argentea L.;species;NA;0;jbuf;46,792090;7,1569543;NA;LC-MS QExactive HFX;MeOH/H2O;plant specimen
20250724_103036_CVOL_20250319_PMA_C18_DDA_pos_dbgi_001899_01_01.mzML;dbgi_001899;Alternanthera bettzickiana (Regel) G.Nicholson;NA;Positive;JBUF;jbuf;Alternanthera bettzickiana;Alternanthera bettzickiana (Regel) G.Nicholson;species;NA;0;jbuf;46,792088;7,1569810;NA;LC-MS QExactive HFX;MeOH/H2O;plant specimen
20250724_103036_CVOL_20250319_PMA_C18_DDA_pos_dbgi_001905_01_01.mzML;dbgi_001905;Amaranthus cruentus L.;NA;Positive;JBUF;jbuf;Amaranthus cruentus;Amaranthus cruentus L.;species;NA;0;jbuf;46,792107;7,1568870;NA;LC-MS QExactive HFX;MeOH/H2O;plant specimen
20250724_103036_CVOL_20250319_PMA_C18_DDA_pos_dbgi_001909_01_01.mzML;dbgi_001909;Beta vulgaris L.;NA;Positive;JBUF;jbuf;Beta vulgaris;Beta vulgaris L.;species;NA;0;jbuf;46,792118;7,1568480;NA;LC-MS QExactive HFX;MeOH/H2O;plant specimen
20250724_103036_CVOL_20250319_PMA_C18_DDA_pos_dbgi_001911_01_01.mzML;dbgi_001911;Persicaria tinctoria (Aiton) H.Gross;NA;Positive;JBUF;jbuf;Persicaria tinctoria;Persicaria tinctoria (Aiton) H.Gross;species;NA;0;jbuf;46,792107;7,1570506;NA;LC-MS QExactive HFX;MeOH/H2O;plant specimen
20250724_103036_CVOL_20250319_PMA_C18_DDA_pos_dbgi_001916_01_01.mzML;dbgi_001916;Lotus germanicus (Gremli) Peruzzi;NA;Positive;JBUF;jbuf;Lotus germanicus;Lotus germanicus (Gremli) Peruzzi;species;NA;1;jbuf;46,792194;7,1571693;NA;LC-MS QExactive HFX;MeOH/H2O;plant specimen
20250724_103036_CVOL_20250319_PMA_C18_DDA_pos_dbgi_001924_01_01.mzML;dbgi_001924;Coronilla varia L.;NA;Positive;JBUF;jbuf;Coronilla varia;Coronilla varia L.;species;NA;0;jbuf;46,792190;7,1571817;NA;LC-MS QExactive HFX;MeOH/H2O;plant specimen
20250724_103036_CVOL_20250319_PMA_C18_DDA_pos_dbgi_002242_01_01.mzML;dbgi_002242;Euphorbia stricta L.;NA;Positive;JBUF;jbuf;Euphorbia stricta;Euphorbia stricta L.;species;NA;0;jbuf;46,792110;7,1572323;NA;LC-MS QExactive HFX;MeOH/H2O;plant specimen
20250724_103036_CVOL_20250319_PMA_C18_DDA_pos_dbgi_002248_01_01.mzML;dbgi_002248;Holodiscus discolor (Pursh) Maxim.;NA;Positive;JBUF;jbuf;Holodiscus discolor;Holodiscus discolor (Pursh) Maxim.;species;NA;0;jbuf;46,792362;7,1573090;NA;LC-MS QExactive HFX;MeOH/H2O;plant specimen
20250724_103036_CVOL_20250319_PMA_C18_DDA_pos_dbgi_002259_01_01.mzML;dbgi_002259;Fragaria vesca L.;NA;Positive;JBUF;jbuf;Fragaria vesca;Fragaria vesca L.;species;NA;1;jbuf;46,792397;7,1572770;NA;LC-MS QExactive HFX;MeOH/H2O;plant specimen
20250724_103036_CVOL_20250319_PMA_C18_DDA_pos_dbgi_002260_01_01.mzML;dbgi_002260;Spiraea thunbergii Siebold ex Blume;NA;Positive;JBUF;jbuf;Spiraea thunbergii;Spiraea thunbergii Siebold ex Blume;species;NA;0;jbuf;46,792350;7,1573296;NA;LC-MS QExactive HFX;MeOH/H2O;plant specimen
20250724_103036_CVOL_20250319_PMA_C18_DDA_pos_dbgi_002263_01_01.mzML;dbgi_002263;Euphorbia peplus L.;NA;Positive;JBUF;jbuf;Euphorbia peplus;Euphorbia peplus L.;species;NA;0;jbuf;46,792110;7,1572366;NA;LC-MS QExactive HFX;MeOH/H2O;plant specimen
20250724_103036_CVOL_20250319_PMA_C18_DDA_pos_dbgi_002267_01_01.mzML;dbgi_002267;Lathyrus pratensis L.;NA;Positive;JBUF;jbuf;Lathyrus pratensis;Lathyrus pratensis L.;species;NA;0;jbuf;46,792454;7,1571584;NA;LC-MS QExactive HFX;MeOH/H2O;plant specimen
20250724_103036_CVOL_20250319_PMA_C18_DDA_pos_dbgi_002273_01_01.mzML;dbgi_002273;Fragaria virginiana Duchesne;NA;Positive;JBUF;jbuf;Fragaria virginiana;Fragaria virginiana Duchesne;species;NA;1;jbuf;46,792430;7,1572576;NA;LC-MS QExactive HFX;MeOH/H2O;plant specimen
20250724_103036_CVOL_20250319_PMA_C18_DDA_pos_dbgi_002281_01_01.mzML;dbgi_002281;Filipendula ulmaria (L.) Maxim.;NA;Positive;JBUF;jbuf;Filipendula ulmaria;Filipendula ulmaria (L.) Maxim.;species;NA;0;jbuf;46,792470;7,1572056;NA;LC-MS QExactive HFX;MeOH/H2O;plant specimen
20250724_103036_CVOL_20250319_PMA_C18_DDA_pos_dbgi_002283_01_01.mzML;dbgi_002283;Trifolium medium L.;NA;Positive;JBUF;jbuf;Trifolium medium;Trifolium medium L.;species;NA;0;jbuf;46,792430;7,1571910;NA;LC-MS QExactive HFX;MeOH/H2O;plant specimen
20250724_103036_CVOL_20250319_PMA_C18_DDA_pos_dbgi_002286_01_01.mzML;dbgi_002286;Amorpha fruticosa L.;NA;Positive;JBUF;jbuf;Amorpha fruticosa;Amorpha fruticosa L.;species;NA;0;jbuf;46,792374;7,1572010;NA;LC-MS QExactive HFX;MeOH/H2O;plant specimen
20250724_103036_CVOL_20250319_PMA_C18_DDA_pos_dbgi_002289_01_01.mzML;dbgi_002289;Rosa glauca Pourr.;NA;Positive;JBUF;jbuf;Rosa glauca;Rosa glauca Pourr.;species;NA;0;jbuf;46,792430;7,1572967;NA;LC-MS QExactive HFX;MeOH/H2O;plant specimen
20250724_103036_CVOL_20250319_PMA_C18_DDA_pos_dbgi_002295_01_01.mzML;dbgi_002295;Cytisus nigricans L.;NA;Positive;JBUF;jbuf;Cytisus nigricans;Cytisus nigricans L.;species;NA;0;jbuf;46,792440;7,1571383;NA;LC-MS QExactive HFX;MeOH/H2O;plant specimen
20250724_103036_CVOL_20250319_PMA_C18_DDA_pos_dbgi_002301_01_01.mzML;dbgi_002301;Rubus idaeus L.;NA;Positive;JBUF;jbuf;Rubus idaeus;Rubus idaeus L.;species;NA;0;jbuf;46,792460;7,1572230;NA;LC-MS QExactive HFX;MeOH/H2O;plant specimen
20250724_103036_CVOL_20250319_PMA_C18_DDA_pos_dbgi_002307_01_01.mzML;dbgi_002307;Trifolium pratense subsp. pratense;NA;Positive;JBUF;jbuf;Trifolium pratense subsp. pratense;Trifolium pratense subsp. pratense;subspecies;NA;0;jbuf;46,792442;7,1571750;NA;LC-MS QExactive HFX;MeOH/H2O;plant specimen
20250724_103036_CVOL_20250319_PMA_C18_DDA_pos_dbgi_002311_01_01.mzML;dbgi_002311;Dasiphora fruticosa (L.) Rydb.;NA;Positive;JBUF;jbuf;Dasiphora fruticosa;Dasiphora fruticosa (L.) Rydb.;species;NA;0;jbuf;46,792440;7,1572604;NA;LC-MS QExactive HFX;MeOH/H2O;plant specimen
20250724_103036_CVOL_20250319_PMA_C18_DDA_pos_dbgi_002327_01_01.mzML;dbgi_002327;Viola reichenbachiana Jord. ex Boreau;NA;Positive;JBUF;jbuf;Viola reichenbachiana;Viola reichenbachiana Jord. ex Boreau;species;NA;0;jbuf;46,792150;7,1572700;NA;LC-MS QExactive HFX;MeOH/H2O;plant specimen
20250724_103036_CVOL_20250319_PMA_C18_DDA_pos_dbgi_002333_01_01.mzML;dbgi_002333;Cicer arietinum L.;NA;Positive;JBUF;jbuf;Cicer arietinum;Cicer arietinum L.;species;NA;0;jbuf;46,792168;7,1571937;NA;LC-MS QExactive HFX;MeOH/H2O;plant specimen
20250724_103036_CVOL_20250319_PMA_C18_DDA_pos_dbgi_002334_01_01.mzML;dbgi_002334;Potentilla verna L.;NA;Positive;JBUF;jbuf;Potentilla verna;Potentilla verna L.;species;NA;0;jbuf;46,792450;7,1572375;NA;LC-MS QExactive HFX;MeOH/H2O;plant specimen
20250724_103036_CVOL_20250319_PMA_C18_DDA_pos_dbgi_002337_01_01.mzML;dbgi_002337;Lathyrus linifolius (Reichard) Bässler;NA;Positive;JBUF;jbuf;Lathyrus linifolius;Lathyrus linifolius (Reichard) Bässler;species;NA;0;jbuf;46,792446;7,1571712;NA;LC-MS QExactive HFX;MeOH/H2O;plant specimen
20250724_103036_CVOL_20250319_PMA_C18_DDA_pos_dbgi_002341_01_01.mzML;dbgi_002341;Ononis spinosa subsp. procurrens (Wallr.) Briq.;NA;Positive;JBUF;jbuf;Ononis spinosa subsp. procurrens;Ononis spinosa subsp. procurrens (Wallr.) Briq.;subspecies;NA;0;jbuf;46,792210;7,1572150;NA;LC-MS QExactive HFX;MeOH/H2O;plant specimen
20250724_103036_CVOL_20250319_PMA_C18_DDA_pos_dbgi_002344_01_01.mzML;dbgi_002344;Acaena × ovina A.Cunn.;NA;Positive;JBUF;jbuf;Acaena × ovina;Acaena × ovina A.Cunn.;species;NA;0;jbuf;46,792410;7,1572695;NA;LC-MS QExactive HFX;MeOH/H2O;plant specimen
20250724_103036_CVOL_20250319_PMA_C18_DDA_pos_dbgi_002345_01_01.mzML;dbgi_002345;Neillia tanakae Franch. & Sav.;NA;Positive;JBUF;jbuf;Neillia tanakae;Neillia tanakae Franch. & Sav.;species;NA;0;jbuf;46,792404;7,1573080;NA;LC-MS QExactive HFX;MeOH/H2O;plant specimen
20250724_103036_CVOL_20250319_PMA_C18_DDA_pos_dbgi_002346_01_01.mzML;dbgi_002346;Gleditsia triacanthos L.;NA;Positive;JBUF;jbuf;Gleditsia triacanthos;Gleditsia triacanthos L.;species;NA;0;jbuf;46,792347;7,1572213;NA;LC-MS QExactive HFX;MeOH/H2O;plant specimen
20250724_103036_CVOL_20250319_PMA_C18_DDA_pos_dbgi_002357_01_01.mzML;dbgi_002357;Lathyrus odoratus L.;NA;Positive;JBUF;jbuf;Lathyrus odoratus;Lathyrus odoratus L.;species;NA;0;jbuf;46,792458;7,1571590;NA;LC-MS QExactive HFX;MeOH/H2O;plant specimen
20250724_103036_CVOL_20250319_PMA_C18_DDA_pos_dbgi_002362_01_01.mzML;dbgi_002362;Sanguisorba minor subsp. minor;NA;Positive;JBUF;jbuf;Sanguisorba minor subsp. minor;Sanguisorba minor subsp. minor;subspecies;NA;0;jbuf;46,792404;7,1572742;NA;LC-MS QExactive HFX;MeOH/H2O;plant specimen
20250724_103036_CVOL_20250319_PMA_C18_DDA_pos_dbgi_002366_01_01.mzML;dbgi_002366;Genista tinctoria L.;NA;Positive;JBUF;jbuf;Genista tinctoria;Genista tinctoria L.;species;NA;0;jbuf;46,792458;7,1571155;NA;LC-MS QExactive HFX;MeOH/H2O;plant specimen
20250724_103036_CVOL_20250319_PMA_C18_DDA_pos_dbgi_002367_01_01.mzML;dbgi_002367;Trifolium rubens L.;NA;Positive;JBUF;jbuf;Trifolium rubens;Trifolium rubens L.;species;NA;0;jbuf;46,792446;7,1571856;NA;LC-MS QExactive HFX;MeOH/H2O;plant specimen
20250724_103036_CVOL_20250319_PMA_C18_DDA_pos_dbgi_002372_01_01.mzML;dbgi_002372;Genista pilosa L.;NA;Positive;JBUF;jbuf;Genista pilosa;Genista pilosa L.;species;NA;0;jbuf;46,792454;7,1571120;NA;LC-MS QExactive HFX;MeOH/H2O;plant specimen
20250724_103036_CVOL_20250319_PMA_C18_DDA_pos_dbgi_002376_01_01.mzML;dbgi_002376;Melilotus albus Medik.;NA;Positive;JBUF;jbuf;Melilotus albus;Melilotus albus Medik.;species;NA;0;jbuf;46,792175;7,1572013;NA;LC-MS QExactive HFX;MeOH/H2O;plant specimen
20250724_103036_CVOL_20250319_PMA_C18_DDA_pos_dbgi_002377_01_01.mzML;dbgi_002377;Potentilla nepalensis Hook.;NA;Positive;JBUF;jbuf;Potentilla nepalensis;Potentilla nepalensis Hook.;species;NA;0;jbuf;46,792446;7,1572530;NA;LC-MS QExactive HFX;MeOH/H2O;plant specimen
20250724_103036_CVOL_20250319_PMA_C18_DDA_pos_dbgi_002378_01_01.mzML;dbgi_002378;Hippophae rhamnoides L.;NA;Positive;JBUF;jbuf;Hippophae rhamnoides;Hippophae rhamnoides L.;species;NA;0;jbuf;46,792250;7,1572824;NA;LC-MS QExactive HFX;MeOH/H2O;plant specimen
20250724_103036_CVOL_20250319_PMA_C18_DDA_pos_dbgi_002381_01_01.mzML;dbgi_002381;Poliothyrsis sinensis Oliv.;NA;Positive;JBUF;jbuf;Poliothyrsis sinensis;Poliothyrsis sinensis Oliv.;species;NA;0;jbuf;46,792187;7,1572943;NA;LC-MS QExactive HFX;MeOH/H2O;plant specimen
20250724_103036_CVOL_20250319_PMA_C18_DDA_pos_dbgi_002391_01_01.mzML;dbgi_002391;Astragalus boeticus L.;NA;Positive;JBUF;jbuf;Astragalus boeticus;Astragalus boeticus L.;species;NA;0;jbuf;46,792164;7,1571900;NA;LC-MS QExactive HFX;MeOH/H2O;plant specimen
20250724_103036_CVOL_20250319_PMA_C18_DDA_pos_dbgi_002392_01_01.mzML;dbgi_002392;Potentilla multifida L.;NA;Positive;JBUF;jbuf;Potentilla multifida;Potentilla multifida L.;species;NA;0;jbuf;46,792446;7,1572420;NA;LC-MS QExactive HFX;MeOH/H2O;plant specimen
20250724_103036_CVOL_20250319_PMA_C18_DDA_pos_dbgi_002398_01_01.mzML;dbgi_002398;Cotoneaster rotundifolius Wall. ex Lindl.;NA;Positive;JBUF;jbuf;Cotoneaster rotundifolius;Cotoneaster rotundifolius Wall. ex Lindl.;species;NA;0;jbuf;46,792038;7,1572400;NA;LC-MS QExactive HFX;MeOH/H2O;plant specimen
20250724_103036_CVOL_20250319_PMA_C18_DDA_pos_dbgi_002402_01_01.mzML;dbgi_002402;Pyracantha coccinea M.Roem.;NA;Positive;JBUF;jbuf;Pyracantha coccinea;Pyracantha coccinea M.Roem.;species;NA;0;jbuf;46,792030;7,1572140;NA;LC-MS QExactive HFX;MeOH/H2O;plant specimen
20250724_103036_CVOL_20250319_PMA_C18_DDA_pos_dbgi_002407_01_01.mzML;dbgi_002407;Gynostemma pentaphyllum (Thunb.) Makino;NA;Positive;JBUF;jbuf;Gynostemma pentaphyllum;Gynostemma pentaphyllum (Thunb.) Makino;species;NA;0;jbuf;46,792522;7,1571465;NA;LC-MS QExactive HFX;MeOH/H2O;plant specimen
20250724_103036_CVOL_20250319_PMA_C18_DDA_pos_dbgi_002432_01_01.mzML;dbgi_002432;Cucurbita pepo L.;NA;Positive;JBUF;jbuf;Cucurbita pepo;Cucurbita pepo L.;species;NA;0;jbuf;46,792503;7,1571930;NA;LC-MS QExactive HFX;MeOH/H2O;plant specimen
20250724_103036_CVOL_20250319_PMA_C18_DDA_pos_dbgi_002436_01_01.mzML;dbgi_002436;Malus sylvestris Mill.;NA;Positive;JBUF;jbuf;Malus sylvestris;Malus sylvestris Mill.;species;NA;0;jbuf;46,792263;7,1573880;NA;LC-MS QExactive HFX;MeOH/H2O;plant specimen
20250724_103036_CVOL_20250319_PMA_C18_DDA_pos_dbgi_002485_01_01.mzML;dbgi_002485;Cyclanthera brachystachya (Ser.) Cogn.;NA;Positive;JBUF;jbuf;Cyclanthera brachystachya;Cyclanthera brachystachya (Ser.) Cogn.;species;NA;0;jbuf;46,792503;7,1571736;NA;LC-MS QExactive HFX;MeOH/H2O;plant specimen
20250724_103036_CVOL_20250319_PMA_C18_DDA_pos_dbgi_002494_01_01.mzML;dbgi_002494;Malus × floribunda Siebold ex Van Houtte;NA;Positive;JBUF;jbuf;Malus × floribunda;Malus × floribunda Siebold ex Van Houtte;species;NA;0;jbuf;46,792305;7,1574190;NA;LC-MS QExactive HFX;MeOH/H2O;plant specimen
20250724_103036_CVOL_20250319_PMA_C18_DDA_pos_dbgi_002495_01_01.mzML;dbgi_002495;Cucumis sativus L.;NA;Positive;JBUF;jbuf;Cucumis sativus;Cucumis sativus L.;species;NA;0;jbuf;46,792500;7,1571670;NA;LC-MS QExactive HFX;MeOH/H2O;plant specimen
20250724_103036_CVOL_20250319_PMA_C18_DDA_pos_dbgi_002517_01_01.mzML;dbgi_002517;Begonia semperflorens Link & Otto;NA;Positive;JBUF;jbuf;Begonia semperflorens;Begonia semperflorens Link & Otto;species;NA;0;jbuf;46,792492;7,1572090;NA;LC-MS QExactive HFX;MeOH/H2O;plant specimen
20250724_103036_CVOL_20250319_PMA_C18_DDA_pos_dbgi_002518_01_01.mzML;dbgi_002518;Cotoneaster simonsii Baker;NA;Positive;JBUF;jbuf;Cotoneaster simonsii;Cotoneaster simonsii Baker;species;NA;0;jbuf;46,792065;7,1572370;NA;LC-MS QExactive HFX;MeOH/H2O;plant specimen
20250724_103036_CVOL_20250319_PMA_C18_DDA_pos_dbgi_002530_01_01.mzML;dbgi_002530;Chaenomeles japonica f. japonica;NA;Positive;JBUF;jbuf;Chaenomeles japonica f. japonica;Chaenomeles japonica f. japonica;form;NA;0;jbuf;46,792057;7,1572750;NA;LC-MS QExactive HFX;MeOH/H2O;plant specimen
20250724_103036_CVOL_20250319_PMA_C18_DDA_pos_dbgi_002637_01_01.mzML;dbgi_002637;Dipsacus sativus (L.) Honck.;NA;Positive;JBUF;jbuf;Dipsacus sativus;Dipsacus sativus (L.) Honck.;species;NA;0;jbuf;46,792587;7,1569724;NA;LC-MS QExactive HFX;MeOH/H2O;plant specimen
20250724_103036_CVOL_20250319_PMA_C18_DDA_pos_dbgi_002638_01_01.mzML;dbgi_002638;Eryngium monocephalum Cav.;NA;Positive;JBUF;jbuf;Eryngium monocephalum;Eryngium monocephalum Cav.;species;NA;0;jbuf;46,792600;7,1564710;NA;LC-MS QExactive HFX;MeOH/H2O;plant specimen
20250724_103036_CVOL_20250319_PMA_C18_DDA_pos_dbgi_002867_02_01.mzML;dbgi_002867;Hoya brevialata Kleijn & Donkelaar;NA;Positive;JBUF;jbuf;Hoya brevialata;Hoya brevialata Kleijn & Donkelaar;species;NA;0;jbuf;46,793198;7,1548640;NA;LC-MS QExactive HFX;MeOH/H2O;plant specimen
20250724_103036_CVOL_20250319_PMA_C18_DDA_pos_dbgi_002945_01_01.mzML;dbgi_002945;Rudbeckia laciniata L.;NA;Positive;JBUF;jbuf;Rudbeckia laciniata;Rudbeckia laciniata L.;species;NA;0;jbuf;46,792645;7,1569467;NA;LC-MS QExactive HFX;MeOH/H2O;plant specimen
20250724_103036_CVOL_20250319_PMA_C18_DDA_pos_dbgi_002976_01_01.mzML;dbgi_002976;Echinacea purpurea (L.) Moench;NA;Positive;JBUF;jbuf;Echinacea purpurea;Echinacea purpurea (L.) Moench;species;NA;0;jbuf;46,792633;7,1570330;NA;LC-MS QExactive HFX;MeOH/H2O;plant specimen
20250724_103036_CVOL_20250319_PMA_C18_DDA_pos_dbgi_003088_01_01.mzML;dbgi_003088;Anemone ranunculoides L.;NA;Positive;JBUF;jbuf;Anemone ranunculoides;Anemone ranunculoides L.;species;NA;0;jbuf;46,792793;7,1565160;NA;LC-MS QExactive HFX;MeOH/H2O;plant specimen
20250724_103036_CVOL_20250319_PMA_C18_DDA_pos_dbgi_003099_01_01.mzML;dbgi_003099;Alchemilla fissa Günther & Schummel;NA;Positive;JBUF;jbuf;Alchemilla fissa;Alchemilla fissa Günther & Schummel;species;NA;0;jbuf;46,792854;7,1564800;NA;LC-MS QExactive HFX;MeOH/H2O;plant specimen
20250724_103036_CVOL_20250319_PMA_C18_DDA_pos_dbgi_003105_01_01.mzML;dbgi_003105;Silene dioica (L.) Clairv.;NA;Positive;JBUF;jbuf;Silene dioica;Silene dioica (L.) Clairv.;species;NA;0;jbuf;46,792810;7,1565330;NA;LC-MS QExactive HFX;MeOH/H2O;plant specimen
20250724_103036_CVOL_20250319_PMA_C18_DDA_pos_dbgi_003106_01_01.mzML;dbgi_003106;Orobanche hederae Duby;NA;Positive;JBUF;jbuf;Orobanche hederae;Orobanche hederae Duby;species;NA;0;jbuf;46,792767;7,1564736;NA;LC-MS QExactive HFX;MeOH/H2O;plant specimen
20250724_103036_CVOL_20250319_PMA_C18_DDA_pos_dbgi_003141_01_01.mzML;dbgi_003141;Ruscus aculeatus L.;NA;Positive;JBUF;jbuf;Ruscus aculeatus;Ruscus aculeatus L.;species;NA;0;jbuf;46,792767;7,1564660;NA;LC-MS QExactive HFX;MeOH/H2O;plant specimen
20250724_103036_CVOL_20250319_PMA_C18_DDA_pos_dbgi_003168_01_01.mzML;dbgi_003168;Polygonatum multiflorum (L.) All.;NA;Positive;JBUF;jbuf;Polygonatum multiflorum;Polygonatum multiflorum (L.) All.;species;NA;0;jbuf;46,792740;7,1565723;NA;LC-MS QExactive HFX;MeOH/H2O;plant specimen
20250724_103036_CVOL_20250319_PMA_C18_DDA_pos_dbgi_003203_01_01.mzML;dbgi_003203;Hypericum maculatum subsp. maculatum;NA;Positive;JBUF;jbuf;Hypericum maculatum subsp. maculatum;Hypericum maculatum subsp. maculatum;subspecies;NA;0;jbuf;46,792800;7,1565213;NA;LC-MS QExactive HFX;MeOH/H2O;plant specimen
20250724_103036_CVOL_20250319_PMA_C18_DDA_pos_dbgi_003216_01_01.mzML;dbgi_003216;Alchemilla fissa Günther & Schummel;NA;Positive;JBUF;jbuf;Alchemilla fissa;Alchemilla fissa Günther & Schummel;species;NA;0;jbuf;46,792862;7,1564727;NA;LC-MS QExactive HFX;MeOH/H2O;plant specimen
20250724_103036_CVOL_20250319_PMA_C18_DDA_pos_dbgi_003219_01_01.mzML;dbgi_003219;Stachys recta subsp. recta;NA;Positive;JBUF;jbuf;Stachys recta subsp. recta;Stachys recta subsp. recta;subspecies;NA;0;jbuf;46,792706;7,1564260;NA;LC-MS QExactive HFX;MeOH/H2O;plant specimen
20250724_103036_CVOL_20250319_PMA_C18_DDA_pos_dbgi_003222_01_01.mzML;dbgi_003222;Cardamine trifolia L.;NA;Positive;JBUF;jbuf;Cardamine trifolia;Cardamine trifolia L.;species;NA;0;jbuf;46,792892;7,1564880;NA;LC-MS QExactive HFX;MeOH/H2O;plant specimen
20250812_142332_CVOL_20250319_PMA_C18_DDA_neg_dbgi_003071_01_01.mzML;dbgi_003071;Digitalis purpurea L.;NA;Negative;JBUF;jbuf;Digitalis purpurea;Digitalis purpurea L.;species;NA;0;jbuf;46,793030;7,1566590;NA;LC-MS QExactive HFX;MeOH/H2O;plant specimen
20250812_142332_CVOL_20250319_PMA_C18_DDA_neg_dbgi_003188_01_01.mzML;dbgi_003188;Galium odoratum (L.) Scop.;NA;Negative;JBUF;jbuf;Galium odoratum;Galium odoratum (L.) Scop.;species;NA;0;jbuf;46,793045;7,1565433;NA;LC-MS QExactive HFX;MeOH/H2O;plant specimen
20250812_142332_CVOL_20250319_PMA_C18_DDA_neg_dbgi_007185_01_01.mzML;dbgi_007185;Taxus baccata L.;NA;Negative;JBUF;jbuf;Taxus baccata;Taxus baccata L.;species;NA;1;jbuf;46,793030;7,1563550;NA;LC-MS QExactive HFX;MeOH/H2O;plant specimen
20250812_142332_CVOL_20250319_PMA_C18_DDA_neg_dbgi_007189_01_01.mzML;dbgi_007189;Viola tricolor L.;NA;Negative;JBUF;jbuf;Viola tricolor;Viola tricolor L.;species;NA;0;jbuf;46,793020;7,1566320;NA;LC-MS QExactive HFX;MeOH/H2O;plant specimen
20250812_142332_CVOL_20250319_PMA_C18_DDA_neg_dbgi_007194_01_01.mzML;dbgi_007194;Vitex agnus-castus L.;NA;Negative;JBUF;jbuf;Vitex agnus-castus;Vitex agnus-castus L.;species;NA;0;jbuf;46,793083;7,1563770;NA;LC-MS QExactive HFX;MeOH/H2O;plant specimen
20250812_142332_CVOL_20250319_PMA_C18_DDA_neg_dbgi_007203_01_01.mzML;dbgi_007203;Eleutherococcus senticosus (Rupr. & Maxim.) Maxim.;NA;Negative;JBUF;jbuf;Eleutherococcus senticosus;Eleutherococcus senticosus (Rupr. & Maxim.) Maxim.;species;NA;0;jbuf;46,793003;7,1565447;NA;LC-MS QExactive HFX;MeOH/H2O;plant specimen
20250812_142332_CVOL_20250319_PMA_C18_DDA_neg_dbgi_007206_01_01.mzML;dbgi_007206;Ficus carica L.;NA;Negative;JBUF;jbuf;Ficus carica;Ficus carica L.;species;NA;0;jbuf;46,793060;7,1565566;NA;LC-MS QExactive HFX;MeOH/H2O;plant specimen
20250812_142332_CVOL_20250319_PMA_C18_DDA_neg_dbgi_007208_01_01.mzML;dbgi_007208;Juniperus sabina L.;NA;Negative;JBUF;jbuf;Juniperus sabina;Juniperus sabina L.;species;NA;0;jbuf;46,793080;7,1563826;NA;LC-MS QExactive HFX;MeOH/H2O;plant specimen
20250812_142332_CVOL_20250319_PMA_C18_DDA_neg_dbgi_007212_01_01.mzML;dbgi_007212;Pimpinella saxifraga L.;NA;Negative;JBUF;jbuf;Pimpinella saxifraga;Pimpinella saxifraga L.;species;NA;0;jbuf;46,793040;7,1565266;NA;LC-MS QExactive HFX;MeOH/H2O;plant specimen
20250812_142332_CVOL_20250319_PMA_C18_DDA_neg_dbgi_007230_01_01.mzML;dbgi_007230;Thymus mastichina (L.) L.;NA;Negative;JBUF;jbuf;Thymus mastichina;Thymus mastichina (L.) L.;species;NA;0;jbuf;46,793056;7,1565733;NA;LC-MS QExactive HFX;MeOH/H2O;plant specimen
20250812_142332_CVOL_20250319_PMA_C18_DDA_neg_dbgi_007231_01_01.mzML;dbgi_007231;Pulmonaria officinalis L.;NA;Negative;JBUF;jbuf;Pulmonaria officinalis;Pulmonaria officinalis L.;species;NA;0;jbuf;46,793015;7,1564380;NA;LC-MS QExactive HFX;MeOH/H2O;plant specimen
20250812_142332_CVOL_20250319_PMA_C18_DDA_neg_dbgi_007234_01_01.mzML;dbgi_007234;Iris × germanica L.;NA;Negative;JBUF;jbuf;Iris × germanica;Iris × germanica L.;species;NA;0;jbuf;46,793022;7,1564520;NA;LC-MS QExactive HFX;MeOH/H2O;plant specimen
20250812_142332_CVOL_20250319_PMA_C18_DDA_neg_dbgi_007235_01_01.mzML;dbgi_007235;Lamium album L.;NA;Negative;JBUF;jbuf;Lamium album;Lamium album L.;species;NA;0;jbuf;46,793010;7,1564527;NA;LC-MS QExactive HFX;MeOH/H2O;plant specimen
20250812_142332_CVOL_20250319_PMA_C18_DDA_neg_dbgi_007245_01_01.mzML;dbgi_007245;Salvia officinalis L.;NA;Negative;JBUF;jbuf;Salvia officinalis;Salvia officinalis L.;species;NA;0;jbuf;46,793068;7,1564717;NA;LC-MS QExactive HFX;MeOH/H2O;plant specimen
20250812_142332_CVOL_20250319_PMA_C18_DDA_neg_dbgi_007269_01_01.mzML;dbgi_007269;Yucca gloriosa var. tristis Carrière;NA;Negative;JBUF;jbuf;Yucca gloriosa var. tristis;Yucca gloriosa var. tristis Carrière;variety;NA;0;jbuf;46,793034;7,1567320;NA;LC-MS QExactive HFX;MeOH/H2O;plant specimen
20250812_142332_CVOL_20250319_PMA_C18_DDA_neg_dbgi_007278_01_01.mzML;dbgi_007278;Salvia interrupta Schousb.;NA;Negative;JBUF;jbuf;Salvia interrupta;Salvia interrupta Schousb.;species;NA;0;jbuf;46,793026;7,1567354;NA;LC-MS QExactive HFX;MeOH/H2O;plant specimen
20250812_142332_CVOL_20250319_PMA_C18_DDA_neg_dbgi_007299_01_01.mzML;dbgi_007299;Salvia canariensis L.;NA;Negative;JBUF;jbuf;Salvia canariensis;Salvia canariensis L.;species;Leaf;0;jbuf;46,793175;7,1550875;20250305102620;LC-MS QExactive HFX;MeOH/H2O;plant specimen
20250812_142332_CVOL_20250319_PMA_C18_DDA_neg_dbgi_007303_01_01.mzML;dbgi_007303;Mahonia aquifolium (Pursh) Nutt.;NA;Negative;JBUF;jbuf;Mahonia aquifolium;Mahonia aquifolium (Pursh) Nutt.;species;NA;0;jbuf;46,792990;7,1566563;NA;LC-MS QExactive HFX;MeOH/H2O;plant specimen
20250812_142332_CVOL_20250319_PMA_C18_DDA_neg_dbgi_007310_01_01.mzML;dbgi_007310;Prunus spinosa L.;NA;Negative;JBUF;jbuf;Prunus spinosa;Prunus spinosa L.;species;NA;0;jbuf;46,793003;7,1565600;NA;LC-MS QExactive HFX;MeOH/H2O;plant specimen
20250812_142332_CVOL_20250319_PMA_C18_DDA_neg_dbgi_007315_01_01.mzML;dbgi_007315;Brugmansia insignis (Barb.Rodr.) Lockwood ex R.E.Schult.;NA;Negative;JBUF;jbuf;Brugmansia insignis;Brugmansia insignis (Barb.Rodr.) Lockwood ex R.E.Schult.;species;Leaf;0;jbuf;46,793186;7,1550856;20250305175311;LC-MS QExactive HFX;MeOH/H2O;plant specimen
20250812_142332_CVOL_20250319_PMA_C18_DDA_neg_dbgi_007322_01_01.mzML;dbgi_007322;Digitalis lanata Ehrh.;NA;Negative;JBUF;jbuf;Digitalis lanata;Digitalis lanata Ehrh.;species;NA;0;jbuf;46,793020;7,1566544;NA;LC-MS QExactive HFX;MeOH/H2O;plant specimen
20250812_142332_CVOL_20250319_PMA_C18_DDA_neg_dbgi_007328_01_01.mzML;dbgi_007328;Salvia nilotica Juss. ex Jacq.;NA;Negative;JBUF;jbuf;Salvia nilotica;Salvia nilotica Juss. ex Jacq.;species;NA;0;jbuf;46,793010;7,1568920;NA;LC-MS QExactive HFX;MeOH/H2O;plant specimen
20250812_142332_CVOL_20250319_PMA_C18_DDA_neg_dbgi_007333_01_01.mzML;dbgi_007333;Salvia taraxacifolia Coss. & Balansa;NA;Negative;JBUF;jbuf;Salvia taraxacifolia;Salvia taraxacifolia Coss. & Balansa;species;NA;0;jbuf;46,793030;7,1567345;NA;LC-MS QExactive HFX;MeOH/H2O;plant specimen
20250812_142332_CVOL_20250319_PMA_C18_DDA_neg_dbgi_007335_01_01.mzML;dbgi_007335;Salvia verbenaca L.;NA;Negative;JBUF;jbuf;Salvia verbenaca;Salvia verbenaca L.;species;NA;0;jbuf;46,793010;7,1568713;NA;LC-MS QExactive HFX;MeOH/H2O;plant specimen
20250812_142332_CVOL_20250319_PMA_C18_DDA_neg_dbgi_007341_01_01.mzML;dbgi_007341;Salvia nana Kunth;NA;Negative;JBUF;jbuf;Salvia nana;Salvia nana Kunth;species;Leaf;0;jbuf;46,793175;7,1550894;NA;LC-MS QExactive HFX;MeOH/H2O;plant specimen
20250812_142332_CVOL_20250319_PMA_C18_DDA_neg_dbgi_007342_01_01.mzML;dbgi_007342;Clivia gardenii Hook.;NA;Negative;JBUF;jbuf;Clivia gardenii;Clivia gardenii Hook.;species;Flower;0;jbuf;46,793175;7,1550827;20250305180446;LC-MS QExactive HFX;MeOH/H2O;plant specimen
20250812_142332_CVOL_20250319_PMA_C18_DDA_neg_dbgi_007344_01_01.mzML;dbgi_007344;Salvia namaensis Schinz;NA;Negative;JBUF;jbuf;Salvia namaensis;Salvia namaensis Schinz;species;Leaf;0;jbuf;46,793175;7,1550890;20250305101803;LC-MS QExactive HFX;MeOH/H2O;plant specimen
20250812_142332_CVOL_20250319_PMA_C18_DDA_neg_dbgi_007347_01_01.mzML;dbgi_007347;Salvia isochroma (Fernald) B.L.Turner;NA;Negative;JBUF;jbuf;Salvia isochroma;Salvia isochroma (Fernald) B.L.Turner;species;Leaf;0;jbuf;46,793137;7,1551166;20250305142408;LC-MS QExactive HFX;MeOH/H2O;plant specimen
20250812_142332_CVOL_20250319_PMA_C18_DDA_neg_dbgi_007350_01_01.mzML;dbgi_007350;Rosa chinensis Jacq.;NA;Negative;JBUF;jbuf;Rosa chinensis;Rosa chinensis Jacq.;species;Flower;0;jbuf;46,792957;7,1562986;NA;LC-MS QExactive HFX;MeOH/H2O;plant specimen
20250812_142332_CVOL_20250319_PMA_C18_DDA_neg_dbgi_007351_01_01.mzML;dbgi_007351;Rosa × centifolia L.;NA;Negative;JBUF;jbuf;Rosa × centifolia;Rosa × centifolia L.;species;Leaf;0;jbuf;46,792908;7,1562905;NA;LC-MS QExactive HFX;MeOH/H2O;plant specimen
20250812_142332_CVOL_20250319_PMA_C18_DDA_neg_dbgi_007372_01_01.mzML;dbgi_007372;Agapanthus praecox Willd.;NA;Negative;JBUF;jbuf;Agapanthus praecox;Agapanthus praecox Willd.;species;Leaf;0;jbuf;46,793148;7,1550775;20250305165305;LC-MS QExactive HFX;MeOH/H2O;plant specimen
20250812_142332_CVOL_20250319_PMA_C18_DDA_neg_dbgi_007382_01_01.mzML;dbgi_007382;Salvia oppositiflora Ruiz & Pav.;NA;Negative;JBUF;jbuf;Salvia oppositiflora;Salvia oppositiflora Ruiz & Pav.;species;Leaf;0;jbuf;46,793170;7,1550965;NA;LC-MS QExactive HFX;MeOH/H2O;plant specimen
20250812_142332_CVOL_20250319_PMA_C18_DDA_neg_dbgi_007386_01_01.mzML;dbgi_007386;Drosera capensis L.;NA;Negative;JBUF;jbuf;Drosera capensis;Drosera capensis L.;species;Leaf;0;jbuf;46,793150;7,1551280;20250305094330;LC-MS QExactive HFX;MeOH/H2O;plant specimen
20250812_142332_CVOL_20250319_PMA_C18_DDA_neg_dbgi_007387_01_01.mzML;dbgi_007387;Salvia mellifera Greene;NA;Negative;JBUF;jbuf;Salvia mellifera;Salvia mellifera Greene;species;Leaf;0;jbuf;46,793160;7,1550946;NA;LC-MS QExactive HFX;MeOH/H2O;plant specimen
20250812_142332_CVOL_20250319_PMA_C18_DDA_neg_dbgi_007398_01_01.mzML;dbgi_007398;Salvia discolor Kunth;NA;Negative;JBUF;jbuf;Salvia discolor;Salvia discolor Kunth;species;Leaf;0;jbuf;46,793156;7,1551228;20250305143529;LC-MS QExactive HFX;MeOH/H2O;plant specimen
20250812_142332_CVOL_20250319_PMA_C18_DDA_neg_dbgi_007401_01_01.mzML;dbgi_007401;Osteomeles schweriniae var. microphylla Rehder & E.H.Wilson;NA;Negative;JBUF;jbuf;Osteomeles schweriniae var. microphylla;Osteomeles schweriniae var. microphylla Rehder & E.H.Wilson;variety;Leaf;0;jbuf;46,793175;7,1550612;20250306094013;LC-MS QExactive HFX;MeOH/H2O;plant specimen
20250812_142332_CVOL_20250319_PMA_C18_DDA_neg_dbgi_007407_01_01.mzML;dbgi_007407;Salvia apiana Jeps.;NA;Negative;JBUF;jbuf;Salvia apiana;Salvia apiana Jeps.;species;Leaf;0;jbuf;46,793140;7,1551037;NA;LC-MS QExactive HFX;MeOH/H2O;plant specimen
20250812_142332_CVOL_20250319_PMA_C18_DDA_neg_dbgi_007411_01_01.mzML;dbgi_007411;Sarracenia leucophylla Raf.;NA;Negative;JBUF;jbuf;Sarracenia leucophylla;Sarracenia leucophylla Raf.;species;Leaf;0;jbuf;46,793170;7,1551270;NA;LC-MS QExactive HFX;MeOH/H2O;plant specimen
20250812_142332_CVOL_20250319_PMA_C18_DDA_neg_dbgi_007414_01_01.mzML;dbgi_007414;Clivia miniata (Lindl.) Verschaff.;NA;Negative;JBUF;jbuf;Clivia miniata;Clivia miniata (Lindl.) Verschaff.;species;Leaf;1;jbuf;NA;NA;20250305171910;LC-MS QExactive HFX;MeOH/H2O;plant specimen
20250812_142332_CVOL_20250319_PMA_C18_DDA_neg_dbgi_007417_01_01.mzML;dbgi_007417;Salvia discolor Kunth;NA;Negative;JBUF;jbuf;Salvia discolor;Salvia discolor Kunth;species;Leaf;0;jbuf;46,793167;7,1551046;NA;LC-MS QExactive HFX;MeOH/H2O;plant specimen
20250812_142332_CVOL_20250319_PMA_C18_DDA_neg_dbgi_007418_01_01.mzML;dbgi_007418;Citrus × reticulata Blanco;NA;Negative;JBUF;jbuf;Citrus × reticulata;Citrus × reticulata Blanco;species;Leaf;0;jbuf;46,793140;7,1550684;20250306103203;LC-MS QExactive HFX;MeOH/H2O;plant specimen
20250812_142332_CVOL_20250319_PMA_C18_DDA_neg_dbgi_007419_01_01.mzML;dbgi_007419;Cycas revoluta Thunb.;NA;Negative;JBUF;jbuf;Cycas revoluta;Cycas revoluta Thunb.;species;Leaf;0;jbuf;46,793140;7,1550655;20250306102338;LC-MS QExactive HFX;MeOH/H2O;plant specimen
20250812_142332_CVOL_20250319_PMA_C18_DDA_neg_dbgi_007423_01_01.mzML;dbgi_007423;Phoenix dactylifera L.;NA;Negative;JBUF;jbuf;Phoenix dactylifera;Phoenix dactylifera L.;species;Leaf;0;jbuf;46,793148;7,1550380;20250306115922;LC-MS QExactive HFX;MeOH/H2O;plant specimen
20250812_142332_CVOL_20250319_PMA_C18_DDA_neg_dbgi_007425_01_01.mzML;dbgi_007425;Phoenix theophrasti Greuter;NA;Negative;JBUF;jbuf;Phoenix theophrasti;Phoenix theophrasti Greuter;species;Leaf;0;jbuf;46,793163;7,1550303;20250307112701;LC-MS QExactive HFX;MeOH/H2O;plant specimen
20250812_142332_CVOL_20250319_PMA_C18_DDA_neg_dbgi_007426_01_01.mzML;dbgi_007426;Pelargonium cucullatum subsp. strigifolium Volschenk;NA;Negative;JBUF;jbuf;Pelargonium cucullatum subsp. strigifolium;Pelargonium cucullatum subsp. strigifolium Volschenk;subspecies;Leaf;0;jbuf;46,793182;7,1550636;20250305145632;LC-MS QExactive HFX;MeOH/H2O;plant specimen
20250812_142332_CVOL_20250319_PMA_C18_DDA_neg_dbgi_007429_01_01.mzML;dbgi_007429;Schinus molle var. molle;NA;Negative;JBUF;jbuf;Schinus molle var. molle;Schinus molle var. molle;variety;Leaf;0;jbuf;46,793156;7,1550510;20250306113819;LC-MS QExactive HFX;MeOH/H2O;plant specimen
20250812_142332_CVOL_20250319_PMA_C18_DDA_neg_dbgi_007438_01_01.mzML;dbgi_007438;Cestrum nocturnum L.;NA;Negative;JBUF;jbuf;Cestrum nocturnum;Cestrum nocturnum L.;species;Leaf;0;jbuf;46,793167;7,1550546;20250306112336;LC-MS QExactive HFX;MeOH/H2O;plant specimen
20250812_142332_CVOL_20250319_PMA_C18_DDA_neg_dbgi_007439_01_01.mzML;dbgi_007439;Clivia gardenii Hook.;NA;Negative;JBUF;jbuf;Clivia gardenii;Clivia gardenii Hook.;species;Fruit;0;jbuf;46,793175;7,1550775;20250306110541;LC-MS QExactive HFX;MeOH/H2O;plant specimen
20250812_142332_CVOL_20250319_PMA_C18_DDA_neg_dbgi_007440_01_01.mzML;dbgi_007440;Salvia cacaliifolia Benth.;NA;Negative;JBUF;jbuf;Salvia cacaliifolia;Salvia cacaliifolia Benth.;species;Leaf;0;jbuf;46,793175;7,1550970;NA;LC-MS QExactive HFX;MeOH/H2O;plant specimen
20250812_142332_CVOL_20250319_PMA_C18_DDA_neg_dbgi_007441_01_01.mzML;dbgi_007441;Salvia apiana Jeps.;NA;Negative;JBUF;jbuf;Salvia apiana;Salvia apiana Jeps.;species;Leaf;0;jbuf;46,793130;7,1551223;20250305111918;LC-MS QExactive HFX;MeOH/H2O;plant specimen
20250812_142332_CVOL_20250319_PMA_C18_DDA_neg_dbgi_007445_01_01.mzML;dbgi_007445;Salvia clevelandii (A.Gray) Greene;NA;Negative;JBUF;jbuf;Salvia clevelandii;Salvia clevelandii (A.Gray) Greene;species;Leaf;0;jbuf;46,793140;7,1550865;NA;LC-MS QExactive HFX;MeOH/H2O;plant specimen
20250812_142332_CVOL_20250319_PMA_C18_DDA_neg_dbgi_007450_01_01.mzML;dbgi_007450;Salvia dominica L.;NA;Negative;JBUF;jbuf;Salvia dominica;Salvia dominica L.;species;Leaf;0;jbuf;46,793137;7,1551150;20250305142831;LC-MS QExactive HFX;MeOH/H2O;plant specimen
20250812_142332_CVOL_20250319_PMA_C18_DDA_neg_dbgi_007458_01_01.mzML;dbgi_007458;Quercus coccifera L.;NA;Negative;JBUF;jbuf;Quercus coccifera;Quercus coccifera L.;species;Leaf;0;jbuf;NA;NA;20250306155311;LC-MS QExactive HFX;MeOH/H2O;plant specimen
20250812_142332_CVOL_20250319_PMA_C18_DDA_neg_dbgi_007464_01_01.mzML;dbgi_007464;Salvia rosmarinus subsp. rosmarinus;NA;Negative;JBUF;jbuf;Salvia rosmarinus subsp. rosmarinus;Salvia rosmarinus subsp. rosmarinus;subspecies;Flower;0;jbuf;46,793186;7,1551290;20250307105711;LC-MS QExactive HFX;MeOH/H2O;plant specimen
20250812_142332_CVOL_20250319_PMA_C18_DDA_neg_dbgi_007465_01_01.mzML;dbgi_007465;Sarracenia leucophylla Raf.;NA;Negative;JBUF;jbuf;Sarracenia leucophylla;Sarracenia leucophylla Raf.;species;Leaf;0;jbuf;46,793148;7,1551275;20250305095224;LC-MS QExactive HFX;MeOH/H2O;plant specimen
20250812_142332_CVOL_20250319_PMA_C18_DDA_neg_dbgi_007473_01_01.mzML;dbgi_007473;Oreopanax Decne. & Planch.;NA;Negative;JBUF;jbuf;Oreopanax;Oreopanax Decne. & Planch.;genus;Leaf;1;jbuf;46,793150;7,1550390;20250306134009;LC-MS QExactive HFX;MeOH/H2O;plant specimen
20250812_142332_CVOL_20250319_PMA_C18_DDA_neg_dbgi_007474_01_01.mzML;dbgi_007474;Salvia rypara Briq.;NA;Negative;JBUF;jbuf;Salvia rypara;Salvia rypara Briq.;species;Leaf;0;jbuf;46,793190;7,1551300;20250307104722;LC-MS QExactive HFX;MeOH/H2O;plant specimen
20250812_142332_CVOL_20250319_PMA_C18_DDA_neg_dbgi_007475_01_01.mzML;dbgi_007475;Olea europaea L.;NA;Negative;JBUF;jbuf;Olea europaea;Olea europaea L.;species;Leaf;0;jbuf;46,793148;7,1550555;20250306100638;LC-MS QExactive HFX;MeOH/H2O;plant specimen
20250812_142332_CVOL_20250319_PMA_C18_DDA_neg_dbgi_007479_01_01.mzML;dbgi_007479;Fatsia japonica (Thunb.) Decne. & Planch.;NA;Negative;JBUF;jbuf;Fatsia japonica;Fatsia japonica (Thunb.) Decne. & Planch.;species;Leaf;1;jbuf;46,793156;7,1550403;20250306135421;LC-MS QExactive HFX;MeOH/H2O;plant specimen
20250812_142332_CVOL_20250319_PMA_C18_DDA_neg_dbgi_007480_01_01.mzML;dbgi_007480;Ptilostemon greuteri Raimondo & Domina;NA;Negative;JBUF;jbuf;Ptilostemon greuteri;Ptilostemon greuteri Raimondo & Domina;species;Leaf;1;jbuf;46,793182;7,1550975;20250305092457;LC-MS QExactive HFX;MeOH/H2O;plant specimen
20250812_142332_CVOL_20250319_PMA_C18_DDA_neg_dbgi_007488_01_01.mzML;dbgi_007488;Cunninghamia lanceolata (Lamb.) Hook.;NA;Negative;JBUF;jbuf;Cunninghamia lanceolata;Cunninghamia lanceolata (Lamb.) Hook.;species;Leaf;1;jbuf;46,793163;7,1550410;20250306154541;LC-MS QExactive HFX;MeOH/H2O;plant specimen
20250812_142332_CVOL_20250319_PMA_C18_DDA_neg_dbgi_007489_01_01.mzML;dbgi_007489;Pelargonium cucullatum (L.) L'Hér.;NA;Negative;JBUF;jbuf;Pelargonium cucullatum;Pelargonium cucullatum (L.) L'Hér.;species;Leaf;0;jbuf;46,793190;7,1550370;20250307110148;LC-MS QExactive HFX;MeOH/H2O;plant specimen
20250812_142332_CVOL_20250319_PMA_C18_DDA_neg_dbgi_007494_01_01.mzML;dbgi_007494;Salvia rosmarinus subsp. rosmarinus;NA;Negative;JBUF;jbuf;Salvia rosmarinus subsp. rosmarinus;Salvia rosmarinus subsp. rosmarinus;subspecies;Leaf;0;jbuf;46,793186;7,1551294;20250307105158;LC-MS QExactive HFX;MeOH/H2O;plant specimen
20250812_142332_CVOL_20250319_PMA_C18_DDA_neg_dbgi_007499_01_01.mzML;dbgi_007499;Pyrus pyraster (L.) Burgsd.;NA;Negative;JBUF;jbuf;Pyrus pyraster;Pyrus pyraster (L.) Burgsd.;species;Leaf;0;jbuf;46,792206;7,1573873;20250418120440;LC-MS QExactive HFX;MeOH/H2O;plant specimen
20250812_142332_CVOL_20250319_PMA_C18_DDA_neg_dbgi_007500_01_01.mzML;dbgi_007500;Abies alba Mill.;NA;Negative;JBUF;jbuf;Abies alba;Abies alba Mill.;species;Leaf;0;jbuf;46,791588;7,1574664;20250418131151;LC-MS QExactive HFX;MeOH/H2O;plant specimen
20250812_142332_CVOL_20250319_PMA_C18_DDA_neg_dbgi_007504_01_01.mzML;dbgi_007504;Cercis siliquastrum L.;NA;Negative;JBUF;jbuf;Cercis siliquastrum;Cercis siliquastrum L.;species;Leaf;0;jbuf;46,793020;7,1568704;20250418140606;LC-MS QExactive HFX;MeOH/H2O;plant specimen
20250812_142332_CVOL_20250319_PMA_C18_DDA_neg_dbgi_007509_01_01.mzML;dbgi_007509;Cercis siliquastrum L.;NA;Negative;JBUF;jbuf;Cercis siliquastrum;Cercis siliquastrum L.;species;Flower;0;jbuf;46,793020;7,1568704;20250418135911;LC-MS QExactive HFX;MeOH/H2O;plant specimen
20250812_142332_CVOL_20250319_PMA_C18_DDA_neg_dbgi_007510_01_01.mzML;dbgi_007510;Cercis siliquastrum L.;NA;Negative;JBUF;jbuf;Cercis siliquastrum;Cercis siliquastrum L.;species;bark;0;jbuf;46,793020;7,1568704;20250418141000;LC-MS QExactive HFX;MeOH/H2O;plant specimen
20250812_142332_CVOL_20250319_PMA_C18_DDA_neg_dbgi_007512_01_01.mzML;dbgi_007512;Picea abies (L.) H.Karst.;NA;Negative;JBUF;jbuf;Picea abies;Picea abies (L.) H.Karst.;species;bud;0;jbuf;46,792664;7,1570740;20250410164718;LC-MS QExactive HFX;MeOH/H2O;plant specimen
20250812_142332_CVOL_20250319_PMA_C18_DDA_neg_dbgi_007514_01_01.mzML;dbgi_007514;Prunus cerasus L.;NA;Negative;JBUF;jbuf;Prunus cerasus;Prunus cerasus L.;species;Stems;0;jbuf;46,792126;7,1564600;20250418115351;LC-MS QExactive HFX;MeOH/H2O;plant specimen
20250812_142332_CVOL_20250319_PMA_C18_DDA_neg_dbgi_007515_01_01.mzML;dbgi_007515;Pyrus pyraster (L.) Burgsd.;NA;Negative;JBUF;jbuf;Pyrus pyraster;Pyrus pyraster (L.) Burgsd.;species;bark;0;jbuf;46,792206;7,1573863;20250418121528;LC-MS QExactive HFX;MeOH/H2O;plant specimen
20250812_142332_CVOL_20250319_PMA_C18_DDA_neg_dbgi_007519_01_01.mzML;dbgi_007519;Abies alba Mill.;NA;Negative;JBUF;jbuf;Abies alba;Abies alba Mill.;species;bud;0;jbuf;46,791588;7,1574664;20250418131953;LC-MS QExactive HFX;MeOH/H2O;plant specimen
20250812_142332_CVOL_20250319_PMA_C18_DDA_neg_dbgi_007520_01_01.mzML;dbgi_007520;Abies alba Mill.;NA;Negative;JBUF;jbuf;Abies alba;Abies alba Mill.;species;bark;0;jbuf;46,791584;7,1574664;20250418132251;LC-MS QExactive HFX;MeOH/H2O;plant specimen
20250812_142332_CVOL_20250319_PMA_C18_DDA_neg_dbgi_007524_01_01.mzML;dbgi_007524;Alnus incana (L.) Moench;NA;Negative;JBUF;jbuf;Alnus incana;Alnus incana (L.) Moench;species;Fruit;0;jbuf;46,792202;7,1574993;20250418122538;LC-MS QExactive HFX;MeOH/H2O;plant specimen
20250812_142332_CVOL_20250319_PMA_C18_DDA_neg_dbgi_007525_01_01.mzML;dbgi_007525;Betula pendula Roth;NA;Negative;JBUF;jbuf;Betula pendula;Betula pendula Roth;species;bark;0;jbuf;46,792930;7,1562590;20250418113400;LC-MS QExactive HFX;MeOH/H2O;plant specimen
20250812_142332_CVOL_20250319_PMA_C18_DDA_neg_dbgi_007529_01_01.mzML;dbgi_007529;Betula pendula Roth;NA;Negative;JBUF;jbuf;Betula pendula;Betula pendula Roth;species;Leaf;0;jbuf;46,792930;7,1562586;20250418111048;LC-MS QExactive HFX;MeOH/H2O;plant specimen
20250812_142332_CVOL_20250319_PMA_C18_DDA_neg_dbgi_007530_01_01.mzML;dbgi_007530;Pyrus pyraster (L.) Burgsd.;NA;Negative;JBUF;jbuf;Pyrus pyraster;Pyrus pyraster (L.) Burgsd.;species;Stems;0;jbuf;46,792206;7,1573863;20250418121257;LC-MS QExactive HFX;MeOH/H2O;plant specimen
20250812_142332_CVOL_20250319_PMA_C18_DDA_neg_dbgi_007532_01_01.mzML;dbgi_007532;Pinus nigra subsp. laricio (Poir.) Maire;NA;Negative;JBUF;jbuf;Pinus nigra subsp. laricio;Pinus nigra subsp. laricio (Poir.) Maire;subspecies;Leaf;0;jbuf;46,792564;7,1573010;20250411165033;LC-MS QExactive HFX;MeOH/H2O;plant specimen
20250812_142332_CVOL_20250319_PMA_C18_DDA_neg_dbgi_007533_01_01.mzML;dbgi_007533;Larix kaempferi (Lamb.) Carrière;NA;Negative;JBUF;jbuf;Larix kaempferi;Larix kaempferi (Lamb.) Carrière;species;Stems;0;jbuf;46,792690;7,1569040;20250411155849;LC-MS QExactive HFX;MeOH/H2O;plant specimen
20250812_142332_CVOL_20250319_PMA_C18_DDA_neg_dbgi_007534_01_01.mzML;dbgi_007534;Buxus sempervirens L.;NA;Negative;JBUF;jbuf;Buxus sempervirens;Buxus sempervirens L.;species;Leaf;0;jbuf;46,791626;7,1573663;20250418133339;LC-MS QExactive HFX;MeOH/H2O;plant specimen
20250812_142332_CVOL_20250319_PMA_C18_DDA_neg_dbgi_007535_01_01.mzML;dbgi_007535;Alnus incana (L.) Moench;NA;Negative;JBUF;jbuf;Alnus incana;Alnus incana (L.) Moench;species;Stems;0;jbuf;46,792206;7,1574990;20250418123353;LC-MS QExactive HFX;MeOH/H2O;plant specimen
20250812_142332_CVOL_20250319_PMA_C18_DDA_neg_dbgi_007536_01_01.mzML;dbgi_007536;Ostrya carpinifolia Scop.;NA;Negative;JBUF;jbuf;Ostrya carpinifolia;Ostrya carpinifolia Scop.;species;Leaf;0;jbuf;46,792236;7,1573160;20250418124628;LC-MS QExactive HFX;MeOH/H2O;plant specimen
20250812_142332_CVOL_20250319_PMA_C18_DDA_neg_dbgi_007539_01_01.mzML;dbgi_007539;Prunus cerasus L.;NA;Negative;JBUF;jbuf;Prunus cerasus;Prunus cerasus L.;species;Leaf;0;jbuf;46,792126;7,1564560;20250418114736;LC-MS QExactive HFX;MeOH/H2O;plant specimen
20250812_142332_CVOL_20250319_PMA_C18_DDA_neg_dbgi_007544_01_01.mzML;dbgi_007544;Pyrus pyraster (L.) Burgsd.;NA;Negative;JBUF;jbuf;Pyrus pyraster;Pyrus pyraster (L.) Burgsd.;species;Flower;0;jbuf;46,792206;7,1573863;20250418120936;LC-MS QExactive HFX;MeOH/H2O;plant specimen
20250812_142332_CVOL_20250319_PMA_C18_DDA_neg_dbgi_007547_01_01.mzML;dbgi_007547;Picea jezoensis (Siebold & Zucc.) Carrière;NA;Negative;JBUF;jbuf;Picea jezoensis;Picea jezoensis (Siebold & Zucc.) Carrière;species;bark;0;jbuf;46,792675;7,1570134;20250411145657;LC-MS QExactive HFX;MeOH/H2O;plant specimen
20250812_142332_CVOL_20250319_PMA_C18_DDA_neg_dbgi_007549_01_01.mzML;dbgi_007549;Alnus incana (L.) Moench;NA;Negative;JBUF;jbuf;Alnus incana;Alnus incana (L.) Moench;species;Leaf;0;jbuf;46,792202;7,1574984;20250418122032;LC-MS QExactive HFX;MeOH/H2O;plant specimen
20250812_142332_CVOL_20250319_PMA_C18_DDA_neg_dbgi_007557_01_01.mzML;dbgi_007557;Pinus cembra L.;NA;Negative;JBUF;jbuf;Pinus cembra;Pinus cembra L.;species;bark;0;jbuf;46,792694;7,1567460;20250411163342;LC-MS QExactive HFX;MeOH/H2O;plant specimen
20250812_142332_CVOL_20250319_PMA_C18_DDA_neg_dbgi_007558_01_01.mzML;dbgi_007558;Abies alba Mill.;NA;Negative;JBUF;jbuf;Abies alba;Abies alba Mill.;species;Stems;0;jbuf;46,791584;7,1574655;20250418132820;LC-MS QExactive HFX;MeOH/H2O;plant specimen
20250812_142332_CVOL_20250319_PMA_C18_DDA_neg_dbgi_007560_01_01.mzML;dbgi_007560;Sequoiadendron giganteum (Lindl.) J.Buchholz;NA;Negative;JBUF;jbuf;Sequoiadendron giganteum;Sequoiadendron giganteum (Lindl.) J.Buchholz;species;Leaf;0;jbuf;46,792780;7,1571770;20250403155918;LC-MS QExactive HFX;MeOH/H2O;plant specimen
20250812_142332_CVOL_20250319_PMA_C18_DDA_neg_dbgi_007561_01_01.mzML;dbgi_007561;Buxus sempervirens L.;NA;Negative;JBUF;jbuf;Buxus sempervirens;Buxus sempervirens L.;species;bark;0;jbuf;46,791622;7,1573650;20250418134543;LC-MS QExactive HFX;MeOH/H2O;plant specimen
20250812_142332_CVOL_20250319_PMA_C18_DDA_neg_dbgi_007562_01_01.mzML;dbgi_007562;Eucalyptus L'Hér.;NA;Negative;JBUF;jbuf;Eucalyptus;Eucalyptus L'Hér.;genus;Leaf;1;jbuf;46,793167;7,1550210;20250307115636;LC-MS QExactive HFX;MeOH/H2O;plant specimen
20250812_142332_CVOL_20250319_PMA_C18_DDA_neg_dbgi_007564_01_01.mzML;dbgi_007564;Pseudotsuga menziesii var. menziesii (Mirb.) Franco;NA;Negative;JBUF;jbuf;Pseudotsuga menziesii var. menziesii;Pseudotsuga menziesii var. menziesii (Mirb.) Franco;variety;Leaf;0;jbuf;46,792637;7,1573486;20250410155255;LC-MS QExactive HFX;MeOH/H2O;plant specimen
20250812_142332_CVOL_20250319_PMA_C18_DDA_neg_dbgi_007567_01_01.mzML;dbgi_007567;Pseudotsuga menziesii var. menziesii (Mirb.) Franco;NA;Negative;JBUF;jbuf;Pseudotsuga menziesii var. menziesii;Pseudotsuga menziesii var. menziesii (Mirb.) Franco;variety;Stems;0;jbuf;46,792633;7,1573462;20250410161555;LC-MS QExactive HFX;MeOH/H2O;plant specimen
20250812_142332_CVOL_20250319_PMA_C18_DDA_neg_dbgi_007573_01_01.mzML;dbgi_007573;Tsuga canadensis (L.) Carrière;NA;Negative;JBUF;jbuf;Tsuga canadensis;Tsuga canadensis (L.) Carrière;species;Leaf;0;jbuf;46,793120;7,1552650;20250410150414;LC-MS QExactive HFX;MeOH/H2O;plant specimen
20250812_142332_CVOL_20250319_PMA_C18_DDA_neg_dbgi_007575_01_01.mzML;dbgi_007575;Cryptomeria japonica (Thunb. ex L.) D.Don;NA;Negative;JBUF;jbuf;Cryptomeria japonica;Cryptomeria japonica (Thunb. ex L.) D.Don;species;Fruit;0;jbuf;46,792736;7,1569980;20250403154016;LC-MS QExactive HFX;MeOH/H2O;plant specimen
20250812_142332_CVOL_20250319_PMA_C18_DDA_neg_dbgi_007576_01_01.mzML;dbgi_007576;Pinus cembra L.;NA;Negative;JBUF;jbuf;Pinus cembra;Pinus cembra L.;species;bud;0;jbuf;46,792700;7,1567160;20250411162656;LC-MS QExactive HFX;MeOH/H2O;plant specimen
20250812_142332_CVOL_20250319_PMA_C18_DDA_neg_dbgi_007579_01_01.mzML;dbgi_007579;Tsuga canadensis (L.) Carrière;NA;Negative;JBUF;jbuf;Tsuga canadensis;Tsuga canadensis (L.) Carrière;species;bud;0;jbuf;46,792683;7,1572720;20250410152631;LC-MS QExactive HFX;MeOH/H2O;plant specimen
20250812_142332_CVOL_20250319_PMA_C18_DDA_neg_dbgi_007587_01_01.mzML;dbgi_007587;Eleutherococcus senticosus (Rupr. & Maxim.) Maxim.;NA;Negative;JBUF;jbuf;Eleutherococcus senticosus;Eleutherococcus senticosus (Rupr. & Maxim.) Maxim.;species;bud;0;jbuf;46,793003;7,1565447;20250402150029;LC-MS QExactive HFX;MeOH/H2O;plant specimen
20250812_142332_CVOL_20250319_PMA_C18_DDA_neg_dbgi_007589_01_01.mzML;dbgi_007589;Picea jezoensis (Siebold & Zucc.) Carrière;NA;Negative;JBUF;jbuf;Picea jezoensis;Picea jezoensis (Siebold & Zucc.) Carrière;species;Leaf;0;jbuf;46,792680;7,1570140;20250411144526;LC-MS QExactive HFX;MeOH/H2O;plant specimen
20250812_142332_CVOL_20250319_PMA_C18_DDA_neg_dbgi_007613_01_01.mzML;dbgi_007613;Pinus cembra L.;NA;Negative;JBUF;jbuf;Pinus cembra;Pinus cembra L.;species;Stems;0;jbuf;46,792694;7,1567460;20250411163746;LC-MS QExactive HFX;MeOH/H2O;plant specimen
20250812_142332_CVOL_20250319_PMA_C18_DDA_neg_dbgi_007620_01_01.mzML;dbgi_007620;Pinus mugo Turra;NA;Negative;JBUF;jbuf;Pinus mugo;Pinus mugo Turra;species;Flower;0;jbuf;46,792656;7,1562830;20250327105250;LC-MS QExactive HFX;MeOH/H2O;plant specimen
20250812_142332_CVOL_20250319_PMA_C18_DDA_neg_dbgi_007630_01_01.mzML;dbgi_007630;Picea omorika (Pančić) Purk.;NA;Negative;JBUF;jbuf;Picea omorika;Picea omorika (Pančić) Purk.;species;Leaf;0;jbuf;46,791218;7,1575080;20250325111727;LC-MS QExactive HFX;MeOH/H2O;plant specimen
20250812_142332_CVOL_20250319_PMA_C18_DDA_neg_dbgi_007640_01_01.mzML;dbgi_007640;Pinus mugo Turra;NA;Negative;JBUF;jbuf;Pinus mugo;Pinus mugo Turra;species;bud;0;jbuf;46,792656;7,1562834;20250327105943;LC-MS QExactive HFX;MeOH/H2O;plant specimen
20250812_142332_CVOL_20250319_PMA_C18_DDA_neg_dbgi_007641_01_01.mzML;dbgi_007641;Galanthus nivalis L.;NA;Negative;JBUF;jbuf;Galanthus nivalis;Galanthus nivalis L.;species;Leaf;0;jbuf;46,792854;7,1562643;20250321140347;LC-MS QExactive HFX;MeOH/H2O;plant specimen
20250812_142332_CVOL_20250319_PMA_C18_DDA_neg_dbgi_007645_01_01.mzML;dbgi_007645;Laurus nobilis L.;NA;Negative;JBUF;jbuf;Laurus nobilis;Laurus nobilis L.;species;Leaf;0;jbuf;46,793060;7,1565742;20250402155746;LC-MS QExactive HFX;MeOH/H2O;plant specimen
20250812_142332_CVOL_20250319_PMA_C18_DDA_neg_dbgi_007646_01_01.mzML;dbgi_007646;Cornus mas L.;NA;Negative;JBUF;jbuf;Cornus mas;Cornus mas L.;species;Flower;0;jbuf;46,792435;7,1563860;20250327094927;LC-MS QExactive HFX;MeOH/H2O;plant specimen
20250812_142332_CVOL_20250319_PMA_C18_DDA_neg_dbgi_007650_01_01.mzML;dbgi_007650;Cornus mas L.;NA;Negative;JBUF;jbuf;Cornus mas;Cornus mas L.;species;Stems;0;jbuf;46,792430;7,1563870;20250327095543;LC-MS QExactive HFX;MeOH/H2O;plant specimen
20250812_142332_CVOL_20250319_PMA_C18_DDA_neg_dbgi_007662_01_01.mzML;dbgi_007662;Juniperus communis subsp. communis;NA;Negative;JBUF;jbuf;Juniperus communis subsp. communis;Juniperus communis subsp. communis;subspecies;Fruit;0;jbuf;46,793070;7,1564255;20250402134009;LC-MS QExactive HFX;MeOH/H2O;plant specimen
20250812_142332_CVOL_20250319_PMA_C18_DDA_neg_dbgi_007664_01_01.mzML;dbgi_007664;Pinus nigra subsp. laricio (Poir.) Maire;NA;Negative;JBUF;jbuf;Pinus nigra subsp. laricio;Pinus nigra subsp. laricio (Poir.) Maire;subspecies;bud;0;jbuf;46,792560;7,1572986;20250411170227;LC-MS QExactive HFX;MeOH/H2O;plant specimen
20250812_142332_CVOL_20250319_PMA_C18_DDA_neg_dbgi_007665_01_01.mzML;dbgi_007665;Taxus baccata L.;NA;Negative;JBUF;jbuf;Taxus baccata;Taxus baccata L.;species;Leaf;0;jbuf;46,791164;7,1574097;20250325103621;LC-MS QExactive HFX;MeOH/H2O;plant specimen
20250812_142332_CVOL_20250319_PMA_C18_DDA_neg_dbgi_007666_01_01.mzML;dbgi_007666;Iris xiphium L.;NA;Negative;JBUF;jbuf;Iris xiphium;Iris xiphium L.;species;Leaf;0;jbuf;46,792843;7,1561594;NA;LC-MS QExactive HFX;MeOH/H2O;plant specimen
20250812_142332_CVOL_20250319_PMA_C18_DDA_neg_dbgi_007667_01_01.mzML;dbgi_007667;Crocus flavus Weston;NA;Negative;JBUF;jbuf;Crocus flavus;Crocus flavus Weston;species;Flower;0;jbuf;46,792805;7,1560850;20250321144550;LC-MS QExactive HFX;MeOH/H2O;plant specimen
20250812_142332_CVOL_20250319_PMA_C18_DDA_neg_dbgi_007669_01_01.mzML;dbgi_007669;Larix kaempferi (Lamb.) Carrière;NA;Negative;JBUF;jbuf;Larix kaempferi;Larix kaempferi (Lamb.) Carrière;species;bark;0;jbuf;46,792690;7,1569040;20250411160141;LC-MS QExactive HFX;MeOH/H2O;plant specimen
20250812_142332_CVOL_20250319_PMA_C18_DDA_neg_dbgi_007671_01_01.mzML;dbgi_007671;Prunus amygdalus Batsch;NA;Negative;JBUF;jbuf;Prunus amygdalus;Prunus amygdalus Batsch;species;Flower;0;jbuf;46,793120;7,1560160;20250328102359;LC-MS QExactive HFX;MeOH/H2O;plant specimen
20250812_142332_CVOL_20250319_PMA_C18_DDA_neg_dbgi_007672_01_01.mzML;dbgi_007672;Scilla mischtschenkoana Grossh.;NA;Negative;JBUF;jbuf;Scilla mischtschenkoana;Scilla mischtschenkoana Grossh.;species;Flower;0;jbuf;46,792862;7,1562123;20250321142206;LC-MS QExactive HFX;MeOH/H2O;plant specimen
20250812_142332_CVOL_20250319_PMA_C18_DDA_neg_dbgi_007676_01_01.mzML;dbgi_007676;Scilla sardensis (Whittall ex Barr & Sugden) Speta;NA;Negative;JBUF;jbuf;Scilla sardensis;Scilla sardensis (Whittall ex Barr & Sugden) Speta;species;Flower;0;jbuf;46,792885;7,1561550;20250321143300;LC-MS QExactive HFX;MeOH/H2O;plant specimen
20250812_142332_CVOL_20250319_PMA_C18_DDA_neg_dbgi_007677_01_01.mzML;dbgi_007677;Thuja occidentalis L.;NA;Negative;JBUF;jbuf;Thuja occidentalis;Thuja occidentalis L.;species;Leaf;0;jbuf;46,793045;7,1564690;20250402140415;LC-MS QExactive HFX;MeOH/H2O;plant specimen
20250812_142332_CVOL_20250319_PMA_C18_DDA_neg_dbgi_007679_01_01.mzML;dbgi_007679;Frangula purshiana (DC.) J.G.Cooper;NA;Negative;JBUF;jbuf;Frangula purshiana;Frangula purshiana (DC.) J.G.Cooper;species;bud;0;jbuf;46,793000;7,1565730;20250402153449;LC-MS QExactive HFX;MeOH/H2O;plant specimen
20250812_142332_CVOL_20250319_PMA_C18_DDA_neg_dbgi_007682_01_01.mzML;dbgi_007682;Abies pinsapo Boiss.;NA;Negative;JBUF;jbuf;Abies pinsapo;Abies pinsapo Boiss.;species;bud;0;jbuf;46,791233;7,1574187;20250325110133;LC-MS QExactive HFX;MeOH/H2O;plant specimen
20250812_142332_CVOL_20250319_PMA_C18_DDA_neg_dbgi_007683_01_01.mzML;dbgi_007683;Larix decidua (L.) Mill.;NA;Negative;JBUF;jbuf;Larix decidua;Larix decidua (L.) Mill.;species;Leaf;0;jbuf;46,792686;7,1569380;20250411151603;LC-MS QExactive HFX;MeOH/H2O;plant specimen
20250812_142332_CVOL_20250319_PMA_C18_DDA_neg_dbgi_007684_01_01.mzML;dbgi_007684;Diospyros kaki L.fil.;NA;Negative;JBUF;jbuf;Diospyros kaki;Diospyros kaki L.fil.;species;bud;0;jbuf;46,793010;7,1569033;20250402162857;LC-MS QExactive HFX;MeOH/H2O;plant specimen
20250812_142332_CVOL_20250319_PMA_C18_DDA_neg_dbgi_007685_01_01.mzML;dbgi_007685;Pinus mugo Turra;NA;Negative;JBUF;jbuf;Pinus mugo;Pinus mugo Turra;species;bud;0;jbuf;46,792618;7,1562800;20250327101941;LC-MS QExactive HFX;MeOH/H2O;plant specimen
20250812_142332_CVOL_20250319_PMA_C18_DDA_neg_dbgi_007686_01_01.mzML;dbgi_007686;Narcissus bulbocodium L.;NA;Negative;JBUF;jbuf;Narcissus bulbocodium;Narcissus bulbocodium L.;species;Leaf;0;jbuf;46,792828;7,1561217;20250404140359;LC-MS QExactive HFX;MeOH/H2O;plant specimen
20250812_142332_CVOL_20250319_PMA_C18_DDA_neg_dbgi_007687_01_01.mzML;dbgi_007687;Puschkinia scilloides Adams;NA;Negative;JBUF;jbuf;Puschkinia scilloides;Puschkinia scilloides Adams;species;Flower;0;jbuf;46,792816;7,1560790;20250321145755;LC-MS QExactive HFX;MeOH/H2O;plant specimen
20250812_142332_CVOL_20250319_PMA_C18_DDA_neg_dbgi_007689_01_01.mzML;dbgi_007689;Magnolia grandiflora L.;NA;Negative;JBUF;jbuf;Magnolia grandiflora;Magnolia grandiflora L.;species;Leaf;0;jbuf;46,792988;7,1569250;20250402164706;LC-MS QExactive HFX;MeOH/H2O;plant specimen
20250812_142332_CVOL_20250319_PMA_C18_DDA_neg_dbgi_007692_01_01.mzML;dbgi_007692;Muscari botryoides (L.) Mill.;NA;Negative;JBUF;jbuf;Muscari botryoides;Muscari botryoides (L.) Mill.;species;Leaf;0;jbuf;46,792763;7,1561017;20250321152314;LC-MS QExactive HFX;MeOH/H2O;plant specimen
20250812_142332_CVOL_20250319_PMA_C18_DDA_neg_dbgi_007696_01_01.mzML;dbgi_007696;Sternbergia lutea (L.) Ker Gawl. ex Spreng.;NA;Negative;JBUF;jbuf;Sternbergia lutea;Sternbergia lutea (L.) Ker Gawl. ex Spreng.;species;Leaf;0;jbuf;46,792828;7,1561527;NA;LC-MS QExactive HFX;MeOH/H2O;plant specimen
20250812_142332_CVOL_20250319_PMA_C18_DDA_neg_dbgi_007697_01_01.mzML;dbgi_007697;Scilla mischtschenkoana Grossh.;NA;Negative;JBUF;jbuf;Scilla mischtschenkoana;Scilla mischtschenkoana Grossh.;species;Leaf;0;jbuf;46,792862;7,1562123;20250321141636;LC-MS QExactive HFX;MeOH/H2O;plant specimen
20250812_142332_CVOL_20250319_PMA_C18_DDA_neg_dbgi_007699_01_01.mzML;dbgi_007699;Laurus nobilis L.;NA;Negative;JBUF;jbuf;Laurus nobilis;Laurus nobilis L.;species;bud;0;jbuf;46,793060;7,1565742;20250402160203;LC-MS QExactive HFX;MeOH/H2O;plant specimen
20250812_142332_CVOL_20250319_PMA_C18_DDA_neg_dbgi_007700_01_01.mzML;dbgi_007700;Prunus spinosa L.;NA;Negative;JBUF;jbuf;Prunus spinosa;Prunus spinosa L.;species;bud;0;jbuf;46,793003;7,1565595;20250402142747;LC-MS QExactive HFX;MeOH/H2O;plant specimen
20250812_142332_CVOL_20250319_PMA_C18_DDA_neg_dbgi_007701_01_01.mzML;dbgi_007701;Pinus sylvestris L.;NA;Negative;JBUF;jbuf;Pinus sylvestris;Pinus sylvestris L.;species;bud;0;jbuf;46,792976;7,1561465;20250328160152;LC-MS QExactive HFX;MeOH/H2O;plant specimen
20250812_142332_CVOL_20250319_PMA_C18_DDA_neg_dbgi_007702_01_01.mzML;dbgi_007702;Narcissus albicans (Haw.) Spreng.;NA;Negative;JBUF;jbuf;Narcissus albicans;Narcissus albicans (Haw.) Spreng.;species;Flower;1;jbuf;46,792797;7,1560940;20250321154728;LC-MS QExactive HFX;MeOH/H2O;plant specimen
20250812_142332_CVOL_20250319_PMA_C18_DDA_neg_dbgi_007703_01_01.mzML;dbgi_007703;Betula pendula Roth;NA;Negative;JBUF;jbuf;Betula pendula;Betula pendula Roth;species;Flower;0;jbuf;46,792930;7,1562595;20250418112322;LC-MS QExactive HFX;MeOH/H2O;plant specimen
20250812_142332_CVOL_20250319_PMA_C18_DDA_neg_dbgi_007704_01_01.mzML;dbgi_007704;Prunus armeniaca L.;NA;Negative;JBUF;jbuf;Prunus armeniaca;Prunus armeniaca L.;species;bud;0;jbuf;46,793130;7,1559577;20250328095457;LC-MS QExactive HFX;MeOH/H2O;plant specimen
20250812_142332_CVOL_20250319_PMA_C18_DDA_neg_dbgi_007705_01_01.mzML;dbgi_007705;Narcissus bulbocodium L.;NA;Negative;JBUF;jbuf;Narcissus bulbocodium;Narcissus bulbocodium L.;species;Flower;0;jbuf;46,792828;7,1561217;20250404140840;LC-MS QExactive HFX;MeOH/H2O;plant specimen
20250812_142332_CVOL_20250319_PMA_C18_DDA_neg_dbgi_007707_01_01.mzML;dbgi_007707;Scilla bifolia L.;NA;Negative;JBUF;jbuf;Scilla bifolia;Scilla bifolia L.;species;Flower;0;jbuf;46,792740;7,1560850;20250321151044;LC-MS QExactive HFX;MeOH/H2O;plant specimen
20250812_142332_CVOL_20250319_PMA_C18_DDA_neg_dbgi_007709_01_01.mzML;dbgi_007709;Liquidambar orientalis Mill.;NA;Negative;JBUF;jbuf;Liquidambar orientalis;Liquidambar orientalis Mill.;species;bud;1;jbuf;46,791190;7,1574736;20250325113329;LC-MS QExactive HFX;MeOH/H2O;plant specimen
20250812_142332_CVOL_20250319_PMA_C18_DDA_neg_dbgi_007710_01_01.mzML;dbgi_007710;Cercidiphyllum japonicum Siebold & Zucc.;NA;Negative;JBUF;jbuf;Cercidiphyllum japonicum;Cercidiphyllum japonicum Siebold & Zucc.;species;Flower;0;jbuf;46,792976;7,1555605;20250328094210;LC-MS QExactive HFX;MeOH/H2O;plant specimen
20250812_142332_CVOL_20250319_PMA_C18_DDA_neg_dbgi_007711_01_01.mzML;dbgi_007711;Prunus spinosa L.;NA;Negative;JBUF;jbuf;Prunus spinosa;Prunus spinosa L.;species;Flower;0;jbuf;46,793003;7,1565590;20250402143552;LC-MS QExactive HFX;MeOH/H2O;plant specimen
20250812_142332_CVOL_20250319_PMA_C18_DDA_neg_dbgi_007712_01_01.mzML;dbgi_007712;Galanthus nivalis L.;NA;Negative;JBUF;jbuf;Galanthus nivalis;Galanthus nivalis L.;species;Flower;0;jbuf;46,792854;7,1562600;20250321141050;LC-MS QExactive HFX;MeOH/H2O;plant specimen
20250812_142332_CVOL_20250319_PMA_C18_DDA_neg_dbgi_007716_01_01.mzML;dbgi_007716;Puschkinia scilloides Adams;NA;Negative;JBUF;jbuf;Puschkinia scilloides;Puschkinia scilloides Adams;species;Leaf;0;jbuf;46,792816;7,1560755;20250321145214;LC-MS QExactive HFX;MeOH/H2O;plant specimen
20250812_142332_CVOL_20250319_PMA_C18_DDA_neg_dbgi_007719_01_01.mzML;dbgi_007719;Malus spectabilis (Aiton) Borkh.;NA;Negative;JBUF;jbuf;Malus spectabilis;Malus spectabilis (Aiton) Borkh.;species;bud;0;jbuf;46,792988;7,1553955;20250328092538;LC-MS QExactive HFX;MeOH/H2O;plant specimen
20250812_142332_CVOL_20250319_PMA_C18_DDA_neg_dbgi_007720_01_01.mzML;dbgi_007720;Narcissus poeticus L.;NA;Negative;JBUF;jbuf;Narcissus poeticus;Narcissus poeticus L.;species;Leaf;0;jbuf;46,792816;7,1561260;20250404135104;LC-MS QExactive HFX;MeOH/H2O;plant specimen
20250812_142332_CVOL_20250319_PMA_C18_DDA_neg_dbgi_007721_01_01.mzML;dbgi_007721;Crocus flavus Weston;NA;Negative;JBUF;jbuf;Crocus flavus;Crocus flavus Weston;species;Leaf;0;jbuf;46,792800;7,1560874;20250321143906;LC-MS QExactive HFX;MeOH/H2O;plant specimen
20250812_142332_CVOL_20250319_PMA_C18_DDA_neg_dbgi_007725_01_01.mzML;dbgi_007725;Pinus sylvestris L.;NA;Negative;JBUF;jbuf;Pinus sylvestris;Pinus sylvestris L.;species;Stems;0;jbuf;46,792976;7,1561465;20250328160837;LC-MS QExactive HFX;MeOH/H2O;plant specimen
20250812_142332_CVOL_20250319_PMA_C18_DDA_neg_dbgi_007726_01_01.mzML;dbgi_007726;Scilla bifolia L.;NA;Negative;JBUF;jbuf;Scilla bifolia;Scilla bifolia L.;species;Leaf;0;jbuf;46,792740;7,1560850;20250321150458;LC-MS QExactive HFX;MeOH/H2O;plant specimen
20250812_142332_CVOL_20250319_PMA_C18_DDA_neg_dbgi_007726_01_02.mzML;dbgi_007726;Scilla bifolia L.;NA;Negative;JBUF;jbuf;Scilla bifolia;Scilla bifolia L.;species;Leaf;0;jbuf;46,792740;7,1560850;20250321150458;LC-MS QExactive HFX;MeOH/H2O;plant specimen
20250812_142332_CVOL_20250319_PMA_C18_DDA_neg_dbgi_007727_01_01.mzML;dbgi_007727;Frangula purshiana (DC.) J.G.Cooper;NA;Negative;JBUF;jbuf;Frangula purshiana;Frangula purshiana (DC.) J.G.Cooper;species;Stems;0;jbuf;46,793000;7,1565730;20250402153839;LC-MS QExactive HFX;MeOH/H2O;plant specimen
20250812_142332_CVOL_20250319_PMA_C18_DDA_neg_dbgi_007728_01_01.mzML;dbgi_007728;Larix decidua (L.) Mill.;NA;Negative;JBUF;jbuf;Larix decidua;Larix decidua (L.) Mill.;species;bark;0;jbuf;46,792686;7,1569380;20250411153505;LC-MS QExactive HFX;MeOH/H2O;plant specimen
20250812_142332_CVOL_20250319_PMA_C18_DDA_neg_dbgi_007729_01_01.mzML;dbgi_007729;Taxus baccata L.;NA;Negative;JBUF;jbuf;Taxus baccata;Taxus baccata L.;species;bud;0;jbuf;46,791183;7,1573615;20250325100859;LC-MS QExactive HFX;MeOH/H2O;plant specimen
20250812_142332_CVOL_20250319_PMA_C18_DDA_neg_dbgi_007730_01_01.mzML;dbgi_007730;Juniperus communis subsp. communis;NA;Negative;JBUF;jbuf;Juniperus communis subsp. communis;Juniperus communis subsp. communis;subspecies;Leaf;0;jbuf;46,793070;7,1564255;NA;LC-MS QExactive HFX;MeOH/H2O;plant specimen
20250812_142332_CVOL_20250319_PMA_C18_DDA_neg_dbgi_007731_01_01.mzML;dbgi_007731;Prunus persica (L.) Stokes;NA;Negative;JBUF;jbuf;Prunus persica;Prunus persica (L.) Stokes;species;Flower;0;jbuf;46,793106;7,1561670;20250328153307;LC-MS QExactive HFX;MeOH/H2O;plant specimen
20250812_142332_CVOL_20250319_PMA_C18_DDA_neg_dbgi_007732_01_01.mzML;dbgi_007732;Eleutherococcus senticosus (Rupr. & Maxim.) Maxim.;NA;Negative;JBUF;jbuf;Eleutherococcus senticosus;Eleutherococcus senticosus (Rupr. & Maxim.) Maxim.;species;bark;0;jbuf;46,793003;7,1565437;20250402151258;LC-MS QExactive HFX;MeOH/H2O;plant specimen
20250812_142332_CVOL_20250319_PMA_C18_DDA_neg_dbgi_007734_01_01.mzML;dbgi_007734;Pinus mugo Turra;NA;Negative;JBUF;jbuf;Pinus mugo;Pinus mugo Turra;species;Leaf;0;jbuf;46,792618;7,1562800;20250327101238;LC-MS QExactive HFX;MeOH/H2O;plant specimen
20250812_142332_CVOL_20250319_PMA_C18_DDA_neg_dbgi_007735_01_01.mzML;dbgi_007735;Bellevalia romana (L.) Sweet;NA;Negative;JBUF;jbuf;Bellevalia romana;Bellevalia romana (L.) Sweet;species;Leaf;0;jbuf;46,792843;7,1561360;NA;LC-MS QExactive HFX;MeOH/H2O;plant specimen
20250812_142332_CVOL_20250319_PMA_C18_DDA_neg_dbgi_007736_01_01.mzML;dbgi_007736;Narcissus albicans (Haw.) Spreng.;NA;Negative;JBUF;jbuf;Narcissus albicans;Narcissus albicans (Haw.) Spreng.;species;Leaf;1;jbuf;46,792797;7,1560926;20250321154054;LC-MS QExactive HFX;MeOH/H2O;plant specimen
20250812_142332_CVOL_20250319_PMA_C18_DDA_neg_dbgi_007737_01_01.mzML;dbgi_007737;Picea jezoensis (Siebold & Zucc.) Carrière;NA;Negative;JBUF;jbuf;Picea jezoensis;Picea jezoensis (Siebold & Zucc.) Carrière;species;Fruit;0;jbuf;46,792670;7,1570120;20250411150413;LC-MS QExactive HFX;MeOH/H2O;plant specimen
20250812_142332_CVOL_20250319_PMA_C18_DDA_neg_dbgi_007742_01_01.mzML;dbgi_007742;Larix decidua (L.) Mill.;NA;Negative;JBUF;jbuf;Larix decidua;Larix decidua (L.) Mill.;species;Stems;0;jbuf;46,792686;7,1569380;20250411153033;LC-MS QExactive HFX;MeOH/H2O;plant specimen
20250812_142332_CVOL_20250319_PMA_C18_DDA_neg_dbgi_007743_01_01.mzML;dbgi_007743;Prunus armeniaca L.;NA;Negative;JBUF;jbuf;Prunus armeniaca;Prunus armeniaca L.;species;Flower;0;jbuf;46,793130;7,1559580;20250328100229;LC-MS QExactive HFX;MeOH/H2O;plant specimen
20250812_142332_CVOL_20250319_PMA_C18_DDA_neg_dbgi_007744_01_01.mzML;dbgi_007744;Prunus amygdalus Batsch;NA;Negative;JBUF;jbuf;Prunus amygdalus;Prunus amygdalus Batsch;species;bud;0;jbuf;46,793120;7,1560154;20250328101820;LC-MS QExactive HFX;MeOH/H2O;plant specimen
20250812_142332_CVOL_20250319_PMA_C18_DDA_neg_dbgi_007745_01_01.mzML;dbgi_007745;Metasequoia glyptostroboides Hu & W.C.Cheng;NA;Negative;JBUF;jbuf;Metasequoia glyptostroboides;Metasequoia glyptostroboides Hu & W.C.Cheng;species;bark;0;jbuf;46,792736;7,1570970;20250403170125;LC-MS QExactive HFX;MeOH/H2O;plant specimen
20250812_142332_CVOL_20250319_PMA_C18_DDA_neg_dbgi_007746_01_01.mzML;dbgi_007746;Buxus sempervirens L.;NA;Negative;JBUF;jbuf;Buxus sempervirens;Buxus sempervirens L.;species;Flower;0;jbuf;46,791622;7,1573650;20250418134026;LC-MS QExactive HFX;MeOH/H2O;plant specimen
20250812_142332_CVOL_20250319_PMA_C18_DDA_neg_dbgi_007747_01_01.mzML;dbgi_007747;Picea abies (L.) H.Karst.;NA;Negative;JBUF;jbuf;Picea abies;Picea abies (L.) H.Karst.;species;bark;0;jbuf;46,792664;7,1570745;20250410165822;LC-MS QExactive HFX;MeOH/H2O;plant specimen
20250812_142332_CVOL_20250319_PMA_C18_DDA_neg_dbgi_007750_01_01.mzML;dbgi_007750;Picea abies (L.) H.Karst.;NA;Negative;JBUF;jbuf;Picea abies;Picea abies (L.) H.Karst.;species;Leaf;0;jbuf;46,792767;7,1569720;20250403140048;LC-MS QExactive HFX;MeOH/H2O;plant specimen
20250812_142332_CVOL_20250319_PMA_C18_DDA_neg_dbgi_007751_01_01.mzML;dbgi_007751;Buxus sempervirens L.;NA;Negative;JBUF;jbuf;Buxus sempervirens;Buxus sempervirens L.;species;Stems;0;jbuf;46,791622;7,1573650;20250418134957;LC-MS QExactive HFX;MeOH/H2O;plant specimen
20250812_142332_CVOL_20250319_PMA_C18_DDA_neg_dbgi_007752_01_01.mzML;dbgi_007752;Larix kaempferi (Lamb.) Carrière;NA;Negative;JBUF;jbuf;Larix kaempferi;Larix kaempferi (Lamb.) Carrière;species;Leaf;0;jbuf;46,792690;7,1569060;20250411155208;LC-MS QExactive HFX;MeOH/H2O;plant specimen
20250812_142332_CVOL_20250319_PMA_C18_DDA_neg_dbgi_007753_01_01.mzML;dbgi_007753;Larix decidua (L.) Mill.;NA;Negative;JBUF;jbuf;Larix decidua;Larix decidua (L.) Mill.;species;Fruit;0;jbuf;46,792686;7,1569357;20250411153824;LC-MS QExactive HFX;MeOH/H2O;plant specimen
20250812_142332_CVOL_20250319_PMA_C18_DDA_neg_dbgi_007758_01_01.mzML;dbgi_007758;Muscari botryoides (L.) Mill.;NA;Negative;JBUF;jbuf;Muscari botryoides;Muscari botryoides (L.) Mill.;species;Flower;0;jbuf;46,792763;7,1561030;20250321152806;LC-MS QExactive HFX;MeOH/H2O;plant specimen
20250812_142332_CVOL_20250319_PMA_C18_DDA_neg_dbgi_007759_01_01.mzML;dbgi_007759;Picea abies (L.) H.Karst.;NA;Negative;JBUF;jbuf;Picea abies;Picea abies (L.) H.Karst.;species;bud;0;jbuf;46,792767;7,1569720;20250403141123;LC-MS QExactive HFX;MeOH/H2O;plant specimen
20250812_142332_CVOL_20250319_PMA_C18_DDA_neg_dbgi_007760_01_01.mzML;dbgi_007760;Liquidambar formosana Hance;NA;Negative;JBUF;jbuf;Liquidambar formosana;Liquidambar formosana Hance;species;Stems;0;jbuf;46,792866;7,1568775;20250403134317;LC-MS QExactive HFX;MeOH/H2O;plant specimen
20250812_142332_CVOL_20250319_PMA_C18_DDA_neg_dbgi_007762_01_01.mzML;dbgi_007762;Larix kaempferi (Lamb.) Carrière;NA;Negative;JBUF;jbuf;Larix kaempferi;Larix kaempferi (Lamb.) Carrière;species;Fruit;0;jbuf;46,792690;7,1569023;20250411160724;LC-MS QExactive HFX;MeOH/H2O;plant specimen
20250812_142332_CVOL_20250319_PMA_C18_DDA_neg_dbgi_007763_01_01.mzML;dbgi_007763;Juniperus communis subsp. communis;NA;Negative;JBUF;jbuf;Juniperus communis subsp. communis;Juniperus communis subsp. communis;subspecies;bud;0;jbuf;46,793070;7,1564260;20250402134516;LC-MS QExactive HFX;MeOH/H2O;plant specimen
20250812_142332_CVOL_20250319_PMA_C18_DDA_neg_dbgi_007765_01_01.mzML;dbgi_007765;Liquidambar formosana Hance;NA;Negative;JBUF;jbuf;Liquidambar formosana;Liquidambar formosana Hance;species;bud;0;jbuf;46,792866;7,1568780;20250403133044;LC-MS QExactive HFX;MeOH/H2O;plant specimen
20250812_142332_CVOL_20250319_PMA_C18_DDA_neg_dbgi_007767_01_01.mzML;dbgi_007767;Picea abies (L.) H.Karst.;NA;Negative;JBUF;jbuf;Picea abies;Picea abies (L.) H.Karst.;species;Leaf;0;jbuf;46,792664;7,1570740;20250410164053;LC-MS QExactive HFX;MeOH/H2O;plant specimen
20250812_142332_CVOL_20250319_PMA_C18_DDA_neg_dbgi_007768_01_01.mzML;dbgi_007768;Picea jezoensis (Siebold & Zucc.) Carrière;NA;Negative;JBUF;jbuf;Picea jezoensis;Picea jezoensis (Siebold & Zucc.) Carrière;species;bud;0;jbuf;46,792680;7,1570120;20250411145227;LC-MS QExactive HFX;MeOH/H2O;plant specimen
20250812_142332_CVOL_20250319_PMA_C18_DDA_neg_dbgi_007769_01_01.mzML;dbgi_007769;× Sycoparrotia semidecidua P. K. Endress & Anliker;NA;Negative;JBUF;jbuf;× Sycoparrotia semidecidua;× Sycoparrotia semidecidua P. K. Endress & Anliker;species;Flower;0;jbuf;46,792847;7,1568710;20250403134646;LC-MS QExactive HFX;MeOH/H2O;plant specimen
20250812_142332_CVOL_20250319_PMA_C18_DDA_neg_dbgi_007770_01_01.mzML;dbgi_007770;Picea jezoensis (Siebold & Zucc.) Carrière;NA;Negative;JBUF;jbuf;Picea jezoensis;Picea jezoensis (Siebold & Zucc.) Carrière;species;Stems;0;jbuf;46,792675;7,1570125;20250411150152;LC-MS QExactive HFX;MeOH/H2O;plant specimen
20250812_142332_CVOL_20250319_PMA_C18_DDA_neg_dbgi_007771_01_01.mzML;dbgi_007771;Prunus cerasus L.;NA;Negative;JBUF;jbuf;Prunus cerasus;Prunus cerasus L.;species;bark;0;jbuf;46,792126;7,1564593;20250418115009;LC-MS QExactive HFX;MeOH/H2O;plant specimen
20250812_142332_CVOL_20250319_PMA_C18_DDA_neg_dbgi_007772_01_01.mzML;dbgi_007772;Picea abies (L.) H.Karst.;NA;Negative;JBUF;jbuf;Picea abies;Picea abies (L.) H.Karst.;species;bark;0;jbuf;46,792664;7,1570760;20250410170220;LC-MS QExactive HFX;MeOH/H2O;plant specimen
20250812_142332_CVOL_20250319_PMA_C18_DDA_neg_dbgi_007774_01_01.mzML;dbgi_007774;Picea abies (L.) H.Karst.;NA;Negative;JBUF;jbuf;Picea abies;Picea abies (L.) H.Karst.;species;bark;0;jbuf;46,792780;7,1569967;20250403152456;LC-MS QExactive HFX;MeOH/H2O;plant specimen
20250812_142332_CVOL_20250319_PMA_C18_DDA_neg_dbgi_007775_01_01.mzML;dbgi_007775;Betula pendula Roth;NA;Negative;JBUF;jbuf;Betula pendula;Betula pendula Roth;species;Seed;0;jbuf;46,792930;7,1562595;20250418112655;LC-MS QExactive HFX;MeOH/H2O;plant specimen
20250812_142332_CVOL_20250319_PMA_C18_DDA_neg_dbgi_007782_01_01.mzML;dbgi_007782;Tsuga canadensis (L.) Carrière;NA;Negative;JBUF;jbuf;Tsuga canadensis;Tsuga canadensis (L.) Carrière;species;bark;0;jbuf;46,793120;7,1552650;20250410150414;LC-MS QExactive HFX;MeOH/H2O;plant specimen
20250812_142332_CVOL_20250319_PMA_C18_DDA_neg_dbgi_007783_01_01.mzML;dbgi_007783;Larix kaempferi (Lamb.) Carrière;NA;Negative;JBUF;jbuf;Larix kaempferi;Larix kaempferi (Lamb.) Carrière;species;Flower;0;jbuf;46,792690;7,1569023;20250411161236;LC-MS QExactive HFX;MeOH/H2O;plant specimen
20250812_142332_CVOL_20250319_PMA_C18_DDA_neg_dbgi_007784_01_01.mzML;dbgi_007784;Cryptomeria japonica (Thunb. ex L.) D.Don;NA;Negative;JBUF;jbuf;Cryptomeria japonica;Cryptomeria japonica (Thunb. ex L.) D.Don;species;bark;0;jbuf;46,792744;7,1569860;20250403154450;LC-MS QExactive HFX;MeOH/H2O;plant specimen
20250812_142332_CVOL_20250319_PMA_C18_DDA_neg_dbgi_007785_01_01.mzML;dbgi_007785;Ostrya carpinifolia Scop.;NA;Negative;JBUF;jbuf;Ostrya carpinifolia;Ostrya carpinifolia Scop.;species;Stems;0;jbuf;46,792236;7,1573150;20250418125400;LC-MS QExactive HFX;MeOH/H2O;plant specimen
20250812_142332_CVOL_20250319_PMA_C18_DDA_neg_dbgi_007787_01_01.mzML;dbgi_007787;Ostrya carpinifolia Scop.;NA;Negative;JBUF;jbuf;Ostrya carpinifolia;Ostrya carpinifolia Scop.;species;Flower;0;jbuf;46,792236;7,1573157;20250418124317;LC-MS QExactive HFX;MeOH/H2O;plant specimen
20250812_142332_CVOL_20250319_PMA_C18_DDA_neg_dbgi_007789_01_01.mzML;dbgi_007789;Picea abies (L.) H.Karst.;NA;Negative;JBUF;jbuf;Picea abies;Picea abies (L.) H.Karst.;species;Stems;0;jbuf;46,792786;7,1569495;20250403142431;LC-MS QExactive HFX;MeOH/H2O;plant specimen
20250812_142332_CVOL_20250319_PMA_C18_DDA_neg_dbgi_007790_01_01.mzML;dbgi_007790;Betula pendula Roth;NA;Negative;JBUF;jbuf;Betula pendula;Betula pendula Roth;species;Stems;0;jbuf;46,792930;7,1562590;20250418113022;LC-MS QExactive HFX;MeOH/H2O;plant specimen
20250812_142332_CVOL_20250319_PMA_C18_DDA_neg_dbgi_007791_01_01.mzML;dbgi_007791;Metasequoia glyptostroboides Hu & W.C.Cheng;NA;Negative;JBUF;jbuf;Metasequoia glyptostroboides;Metasequoia glyptostroboides Hu & W.C.Cheng;species;bud;0;jbuf;46,792736;7,1571064;20250403165010;LC-MS QExactive HFX;MeOH/H2O;plant specimen
20250812_142332_CVOL_20250319_PMA_C18_DDA_neg_dbgi_007794_01_01.mzML;dbgi_007794;Sequoiadendron giganteum (Lindl.) J.Buchholz;NA;Negative;JBUF;jbuf;Sequoiadendron giganteum;Sequoiadendron giganteum (Lindl.) J.Buchholz;species;bark;0;jbuf;46,792786;7,1571746;20250403163949;LC-MS QExactive HFX;MeOH/H2O;plant specimen
20250812_142332_CVOL_20250319_PMA_C18_DDA_neg_dbgi_007795_01_01.mzML;dbgi_007795;Alnus incana (L.) Moench;NA;Negative;JBUF;jbuf;Alnus incana;Alnus incana (L.) Moench;species;bark;0;jbuf;46,792202;7,1574984;20250418122824;LC-MS QExactive HFX;MeOH/H2O;plant specimen
20250812_142332_CVOL_20250319_PMA_C18_DDA_neg_dbgi_007796_01_01.mzML;dbgi_007796;Tilia cordata Mill.;NA;Negative;JBUF;jbuf;Tilia cordata;Tilia cordata Mill.;species;bud;0;jbuf;46,793120;7,1552680;20250410145717;LC-MS QExactive HFX;MeOH/H2O;plant specimen
20250812_142332_CVOL_20250319_PMA_C18_DDA_neg_dbgi_007797_01_01.mzML;dbgi_007797;Pseudotsuga menziesii var. menziesii (Mirb.) Franco;NA;Negative;JBUF;jbuf;Pseudotsuga menziesii var. menziesii;Pseudotsuga menziesii var. menziesii (Mirb.) Franco;variety;bud;0;jbuf;46,792637;7,1573477;20250410160552;LC-MS QExactive HFX;MeOH/H2O;plant specimen
20250812_142332_CVOL_20250319_PMA_C18_DDA_neg_dbgi_007798_01_01.mzML;dbgi_007798;Prunus avium (L.) L.;NA;Negative;JBUF;jbuf;Prunus avium;Prunus avium (L.) L.;species;Flower;0;jbuf;46,792553;7,1572140;20250411142406;LC-MS QExactive HFX;MeOH/H2O;plant specimen
20250812_142332_CVOL_20250319_PMA_C18_DDA_neg_dbgi_007801_01_01.mzML;dbgi_007801;Tsuga canadensis (L.) Carrière;NA;Negative;JBUF;jbuf;Tsuga canadensis;Tsuga canadensis (L.) Carrière;species;Stems;0;jbuf;46,792686;7,1572723;20250410154149;LC-MS QExactive HFX;MeOH/H2O;plant specimen
20250812_142332_CVOL_20250319_PMA_C18_DDA_neg_dbgi_007802_01_01.mzML;dbgi_007802;Pseudotsuga menziesii var. menziesii (Mirb.) Franco;NA;Negative;JBUF;jbuf;Pseudotsuga menziesii var. menziesii;Pseudotsuga menziesii var. menziesii (Mirb.) Franco;variety;bark;0;jbuf;46,792637;7,1573460;20250410161202;LC-MS QExactive HFX;MeOH/H2O;plant specimen
20250812_142332_CVOL_20250319_PMA_C18_DDA_neg_dbgi_007803_01_01.mzML;dbgi_007803;Thuja occidentalis L.;NA;Negative;JBUF;jbuf;Thuja occidentalis;Thuja occidentalis L.;species;bark;0;jbuf;46,793045;7,1564693;20250402141617;LC-MS QExactive HFX;MeOH/H2O;plant specimen
20250812_142332_CVOL_20250319_PMA_C18_DDA_neg_dbgi_007804_01_01.mzML;dbgi_007804;× Sycoparrotia semidecidua P. K. Endress & Anliker;NA;Negative;JBUF;jbuf;× Sycoparrotia semidecidua;× Sycoparrotia semidecidua P. K. Endress & Anliker;species;bud;0;jbuf;46,792843;7,1568713;20250403135344;LC-MS QExactive HFX;MeOH/H2O;plant specimen
20250812_142332_CVOL_20250319_PMA_C18_DDA_neg_dbgi_007805_01_01.mzML;dbgi_007805;Prunus cerasus L.;NA;Negative;JBUF;jbuf;Prunus cerasus;Prunus cerasus L.;species;Flower;0;jbuf;46,792126;7,1564580;20250418114133;LC-MS QExactive HFX;MeOH/H2O;plant specimen
20250812_142332_CVOL_20250319_PMA_C18_DDA_neg_dbgi_007806_01_01.mzML;dbgi_007806;Pinus cembra L.;NA;Negative;JBUF;jbuf;Pinus cembra;Pinus cembra L.;species;Leaf;0;jbuf;46,792694;7,1567470;20250411162037;LC-MS QExactive HFX;MeOH/H2O;plant specimen
20250812_142332_CVOL_20250319_PMA_C18_DDA_neg_dbgi_007808_01_01.mzML;dbgi_007808;Pinus mugo Turra;NA;Negative;JBUF;jbuf;Pinus mugo;Pinus mugo Turra;species;Flower;0;jbuf;46,792973;7,1560407;20250328162625;LC-MS QExactive HFX;MeOH/H2O;plant specimen
20250812_142332_CVOL_20250319_PMA_C18_DDA_neg_dbgi_007813_01_01.mzML;dbgi_007813;Abies pinsapo Boiss.;NA;Negative;JBUF;jbuf;Abies pinsapo;Abies pinsapo Boiss.;species;Leaf;0;jbuf;46,791170;7,1574078;20250325104701;LC-MS QExactive HFX;MeOH/H2O;plant specimen
20250812_142332_CVOL_20250319_PMA_C18_DDA_neg_dbgi_007814_01_01.mzML;dbgi_007814;Picea abies (L.) H.Karst.;NA;Negative;JBUF;jbuf;Picea abies;Picea abies (L.) H.Karst.;species;bud;0;jbuf;46,792780;7,1569963;20250403150051;LC-MS QExactive HFX;MeOH/H2O;plant specimen
20260327_100_dbgi_009925_1uL.mzML;dbgi_009925;Kalanchoe synsepala Baker;NA;Positive;JBP;jbp;Kalanchoe synsepala;Kalanchoe synsepala Baker;species;Root;0;jbp;50,121770;14,4120270;20260209115139;LCMS Orbitrap ID-X;ACN/H2O 50/50 dillution;plant specimen
20260327_102_dbgi_010037_1uL.mzML;dbgi_010037;Mimosa pudica L.;NA;Positive;JBP;jbp;Mimosa pudica;Mimosa pudica L.;species;Leaf;0;jbp;50,121994;14,4142600;20260128153322;LCMS Orbitrap ID-X;ACN/H2O 50/50 dillution;plant specimen
20260327_103_dbgi_009999_1uL.mzML;dbgi_009999;Tabernaemontana brachyantha Stapf;NA;Positive;JBP;jbp;Tabernaemontana brachyantha;Tabernaemontana brachyantha Stapf;species;Leaf;0;jbp;50,121883;14,4120760;20260128155524;LCMS Orbitrap ID-X;ACN/H2O 50/50 dillution;plant specimen
20260327_104_dbgi_010029_1uL.mzML;dbgi_010029;Tabernaemontana brachyantha Stapf;NA;Positive;JBP;jbp;Tabernaemontana brachyantha;Tabernaemontana brachyantha Stapf;species;Root;0;jbp;50,121883;14,4120760;20260128155852;LCMS Orbitrap ID-X;ACN/H2O 50/50 dillution;plant specimen
20260327_105_dbgi_010024_1uL.mzML;dbgi_010024;Cyperus alternifolius L.;NA;Positive;JBP;jbp;Cyperus alternifolius;Cyperus alternifolius L.;species;Root;0;jbp;50,121906;14,4120940;20260128160405;LCMS Orbitrap ID-X;ACN/H2O 50/50 dillution;plant specimen
20260327_106_dbgi_009923_1uL.mzML;dbgi_009923;Kalanchoe synsepala Baker;NA;Positive;JBP;jbp;Kalanchoe synsepala;Kalanchoe synsepala Baker;species;Leaf;0;jbp;50,121770;14,4120270;20260209114955;LCMS Orbitrap ID-X;ACN/H2O 50/50 dillution;plant specimen
20260327_107_dbgi_009920_1uL.mzML;dbgi_009920;Cryptostegia R.Br.;NA;Positive;JBP;jbp;Cryptostegia;Cryptostegia R.Br.;genus;Stems;0;jbp;50,121788;14,4120410;20260209114401;LCMS Orbitrap ID-X;ACN/H2O 50/50 dillution;plant specimen
20260327_108_dbgi_009884_1uL.mzML;dbgi_009884;Inga feuillei DC.;NA;Positive;JBP;jbp;Inga feuillei;Inga feuillei DC.;species;Leaf;0;jbp;50,121883;14,4121050;20260209111451;LCMS Orbitrap ID-X;ACN/H2O 50/50 dillution;plant specimen
20260327_109_dbgi_009868_1uL.mzML;dbgi_009868;Eugenia stipitata McVaugh;NA;Positive;JBP;jbp;Eugenia stipitata;Eugenia stipitata McVaugh;species;Leaf;0;jbp;50,121914;14,4121270;20260209112242;LCMS Orbitrap ID-X;ACN/H2O 50/50 dillution;plant specimen
20260327_110_dbgi_010056_1uL.mzML;dbgi_010056;Homalomena Schott;NA;Positive;JBP;jbp;Homalomena;Homalomena Schott;genus;Leaf;0;jbp;50,121796;14,4120100;20260209092514;LCMS Orbitrap ID-X;ACN/H2O 50/50 dillution;plant specimen
20260327_111_dbgi_010055_1uL.mzML;dbgi_010055;Psychotria abouabouensis (Schnell) Verdc.;NA;Positive;JBP;jbp;Psychotria abouabouensis;Psychotria abouabouensis (Schnell) Verdc.;species;Stems;0;jbp;50,121930;14,4121390;20260209112934;LCMS Orbitrap ID-X;ACN/H2O 50/50 dillution;plant specimen
20260327_112_dbgi_010054_1uL.mzML;dbgi_010054;Bixa orellana L.;NA;Positive;JBP;jbp;Bixa orellana;Bixa orellana L.;species;Root;0;jbp;50,122192;14,4138520;20260209121614;LCMS Orbitrap ID-X;ACN/H2O 50/50 dillution;plant specimen
20260327_113_dbgi_010052_1uL.mzML;dbgi_010052;Capsicum eximium Hunz.;NA;Positive;JBP;jbp;Capsicum eximium;Capsicum eximium Hunz.;species;Stems;0;jbp;50,121872;14,4120960;20260209111236;LCMS Orbitrap ID-X;ACN/H2O 50/50 dillution;plant specimen
20260327_114_dbgi_010049_1uL.mzML;dbgi_010049;Aechmea gamosepala Wittm.;NA;Positive;JBP;jbp;Aechmea gamosepala;Aechmea gamosepala Wittm.;species;Leaf;0;jbp;50,121800;14,4120450;20260209095604;LCMS Orbitrap ID-X;ACN/H2O 50/50 dillution;plant specimen
20260327_115_dbgi_010020_1uL.mzML;dbgi_010020;Homalomena Schott;NA;Positive;JBP;jbp;Homalomena;Homalomena Schott;genus;Root;0;jbp;50,121796;14,4120100;20260209093446;LCMS Orbitrap ID-X;ACN/H2O 50/50 dillution;plant specimen
20260327_116_dbgi_010026_1uL.mzML;dbgi_010026;Eugenia stipitata McVaugh;NA;Positive;JBP;jbp;Eugenia stipitata;Eugenia stipitata McVaugh;species;Root;0;jbp;50,121914;14,4121270;20260209112547;LCMS Orbitrap ID-X;ACN/H2O 50/50 dillution;plant specimen
20260327_117_dbgi_010025_1uL.mzML;dbgi_010025;Solanum mammosum L.;NA;Positive;JBP;jbp;Solanum mammosum;Solanum mammosum L.;species;Leaf;0;jbp;50,121944;14,4121490;20260209113054;LCMS Orbitrap ID-X;ACN/H2O 50/50 dillution;plant specimen
20260327_118_dbgi_010016_1uL.mzML;dbgi_010016;Manihot esculenta Crantz;NA;Positive;JBP;jbp;Manihot esculenta;Manihot esculenta Crantz;species;Stems;0;jbp;50,121838;14,4120700;20260209095339;LCMS Orbitrap ID-X;ACN/H2O 50/50 dillution;plant specimen
20260327_119_dbgi_010012_1uL.mzML;dbgi_010012;Dacrydium balansae Brongn. & Gris;NA;Positive;JBP;jbp;Dacrydium balansae;Dacrydium balansae Brongn. & Gris;species;Leaf;0;jbp;50,121770;14,4120100;20260209092251;LCMS Orbitrap ID-X;ACN/H2O 50/50 dillution;plant specimen
20260327_120_dbgi_010011_1uL.mzML;dbgi_010011;Dillenia philippinensis Rolfe;NA;Positive;JBP;jbp;Dillenia philippinensis;Dillenia philippinensis Rolfe;species;Stems;0;jbp;50,122314;14,4134810;20260209115904;LCMS Orbitrap ID-X;ACN/H2O 50/50 dillution;plant specimen
20260327_121_dbgi_010010_1uL.mzML;dbgi_010010;Capsicum eximium Hunz.;NA;Positive;JBP;jbp;Capsicum eximium;Capsicum eximium Hunz.;species;Root;0;jbp;50,121872;14,4120960;20260209111337;LCMS Orbitrap ID-X;ACN/H2O 50/50 dillution;plant specimen
20260327_123_dbgi_010043_1uL.mzML;dbgi_010043;Breynia disticha J.R.Forst. & G.Forst.;NA;Positive;JBP;jbp;Breynia disticha;Breynia disticha J.R.Forst. & G.Forst.;species;Leaf;0;jbp;50,122280;14,4135340;20260209120458;LCMS Orbitrap ID-X;ACN/H2O 50/50 dillution;plant specimen
20260327_124_dbgi_010042_1uL.mzML;dbgi_010042;Piper obtusissimum Miq.;NA;Positive;JBP;jbp;Piper obtusissimum;Piper obtusissimum Miq.;species;Leaf;0;jbp;50,121902;14,4121130;20260209111825;LCMS Orbitrap ID-X;ACN/H2O 50/50 dillution;plant specimen
20260327_125_dbgi_010041_1uL.mzML;dbgi_010041;Mangifera indica L.;NA;Positive;JBP;jbp;Mangifera indica;Mangifera indica L.;species;Stems;0;jbp;50,121810;14,4120230;20260209110657;LCMS Orbitrap ID-X;ACN/H2O 50/50 dillution;plant specimen
20260327_126_dbgi_010040_1uL.mzML;dbgi_010040;Breynia disticha J.R.Forst. & G.Forst.;NA;Positive;JBP;jbp;Breynia disticha;Breynia disticha J.R.Forst. & G.Forst.;species;Root;0;jbp;50,122280;14,4135340;20260209120800;LCMS Orbitrap ID-X;ACN/H2O 50/50 dillution;plant specimen
20260327_127_dbgi_010039_1uL.mzML;dbgi_010039;Dillenia philippinensis Rolfe;NA;Positive;JBP;jbp;Dillenia philippinensis;Dillenia philippinensis Rolfe;species;Leaf;0;jbp;50,122314;14,4134810;20260209115610;LCMS Orbitrap ID-X;ACN/H2O 50/50 dillution;plant specimen
20260327_128_dbgi_010035_1uL.mzML;dbgi_010035;Terminalia L.;NA;Positive;JBP;jbp;Terminalia;Terminalia L.;genus;Root;0;jbp;50,121872;14,4145610;20260209115450;LCMS Orbitrap ID-X;ACN/H2O 50/50 dillution;plant specimen
20260327_129_dbgi_010034_1uL.mzML;dbgi_010034;Psychotria abouabouensis (Schnell) Verdc.;NA;Positive;JBP;jbp;Psychotria abouabouensis;Psychotria abouabouensis (Schnell) Verdc.;species;Leaf;0;jbp;50,121930;14,4121390;20260209112653;LCMS Orbitrap ID-X;ACN/H2O 50/50 dillution;plant specimen
20260327_130_dbgi_010027_1uL.mzML;dbgi_010027;Mangifera indica L.;NA;Positive;JBP;jbp;Mangifera indica;Mangifera indica L.;species;Leaf;0;jbp;50,121810;14,4120230;20260209110108;LCMS Orbitrap ID-X;ACN/H2O 50/50 dillution;plant specimen
20260327_131_dbgi_010024_1uL.mzML;dbgi_010024;Cyperus alternifolius L.;NA;Positive;JBP;jbp;Cyperus alternifolius;Cyperus alternifolius L.;species;Root;0;jbp;50,121906;14,4120940;20260128160405;LCMS Orbitrap ID-X;ACN/H2O 50/50 dillution;plant specimen
20260327_132_dbgi_010009_1uL.mzML;dbgi_010009;Inga feuillei DC.;NA;Positive;JBP;jbp;Inga feuillei;Inga feuillei DC.;species;Root;0;jbp;50,121883;14,4121050;20260209111712;LCMS Orbitrap ID-X;ACN/H2O 50/50 dillution;plant specimen
20260327_133_dbgi_010008_1uL.mzML;dbgi_010008;Codariocalyx motorius (Houtt.) H.Ohashi;NA;Positive;JBP;jbp;Codariocalyx motorius;Codariocalyx motorius (Houtt.) H.Ohashi;species;Stems;0;jbp;50,121790;14,4120245;20260209091549;LCMS Orbitrap ID-X;ACN/H2O 50/50 dillution;plant specimen
20260327_134_dbgi_010007_1uL.mzML;dbgi_010007;Clusia L.;NA;Positive;JBP;jbp;Clusia;Clusia L.;genus;Stems;0;jbp;50,122204;14,4137800;20260209121042;LCMS Orbitrap ID-X;ACN/H2O 50/50 dillution;plant specimen
20260327_135_dbgi_010005_1uL.mzML;dbgi_010005;Solanum mammosum L.;NA;Positive;JBP;jbp;Solanum mammosum;Solanum mammosum L.;species;Root;0;jbp;50,121944;14,4121490;20260209113332;LCMS Orbitrap ID-X;ACN/H2O 50/50 dillution;plant specimen
20260327_137_dbgi_010061_1uL.mzML;dbgi_010061;Monstera tenuis K.Koch;NA;Positive;JBP;jbp;Monstera tenuis;Monstera tenuis K.Koch;species;Stems;0;jbp;50,121820;14,4120610;20260209093831;LCMS Orbitrap ID-X;ACN/H2O 50/50 dillution;plant specimen
20260327_138_dbgi_010063_1uL.mzML;dbgi_010063;Acorus calamus L.;NA;Positive;JBP;jbp;Acorus calamus;Acorus calamus L.;species;Root;0;jbp;50,121803;14,4120600;20260209100153;LCMS Orbitrap ID-X;ACN/H2O 50/50 dillution;plant specimen
20260327_139_dbgi_010064_1uL.mzML;dbgi_010064;Piper obtusissimum Miq.;NA;Positive;JBP;jbp;Piper obtusissimum;Piper obtusissimum Miq.;species;Root;0;jbp;50,121902;14,4121130;20260209112122;LCMS Orbitrap ID-X;ACN/H2O 50/50 dillution;plant specimen
20260327_140_dbgi_010066_1uL.mzML;dbgi_010066;Clusia L.;NA;Positive;JBP;jbp;Clusia;Clusia L.;genus;Leaf;0;jbp;50,122204;14,4137800;20260209120902;LCMS Orbitrap ID-X;ACN/H2O 50/50 dillution;plant specimen
20260327_141_dbgi_010067_1uL.mzML;dbgi_010067;Tabernaemontana brachyantha Stapf;NA;Positive;JBP;jbp;Tabernaemontana brachyantha;Tabernaemontana brachyantha Stapf;species;Stems;0;jbp;50,121883;14,4120760;20260128155737;LCMS Orbitrap ID-X;ACN/H2O 50/50 dillution;plant specimen
20260327_142_dbgi_010068_1uL.mzML;dbgi_010068;Clusia L.;NA;Positive;JBP;jbp;Clusia;Clusia L.;genus;Root;0;jbp;50,122204;14,4137800;20260209121136;LCMS Orbitrap ID-X;ACN/H2O 50/50 dillution;plant specimen
20260327_143_dbgi_010069_1uL.mzML;dbgi_010069;Monstera tenuis K.Koch;NA;Positive;JBP;jbp;Monstera tenuis;Monstera tenuis K.Koch;species;Leaf;0;jbp;50,121820;14,4120610;20260209093624;LCMS Orbitrap ID-X;ACN/H2O 50/50 dillution;plant specimen
20260327_144_dbgi_010071_1uL.mzML;dbgi_010071;Manihot esculenta Crantz;NA;Positive;JBP;jbp;Manihot esculenta;Manihot esculenta Crantz;species;Leaf;0;jbp;50,121838;14,4120700;20260209095131;LCMS Orbitrap ID-X;ACN/H2O 50/50 dillution;plant specimen
20260327_145_dbgi_010076_1uL.mzML;dbgi_010076;Artocarpus heterophyllus Lam.;NA;Positive;JBP;jbp;Artocarpus heterophyllus;Artocarpus heterophyllus Lam.;species;Leaf;0;jbp;50,122295;14,4135110;20260209120110;LCMS Orbitrap ID-X;ACN/H2O 50/50 dillution;plant specimen
20260327_146_dbgi_010080_1uL.mzML;dbgi_010080;Mangifera indica L.;NA;Positive;JBP;jbp;Mangifera indica;Mangifera indica L.;species;Root;0;jbp;50,121810;14,4120230;20260209110741;LCMS Orbitrap ID-X;ACN/H2O 50/50 dillution;plant specimen
20260327_148_dbgi_009919_1uL.mzML;dbgi_009919;Pilea diversifolia Wedd.;NA;Positive;JBP;jbp;Pilea diversifolia;Pilea diversifolia Wedd.;species;Stems;0;jbp;50,121838;14,4120490;20260209094248;LCMS Orbitrap ID-X;ACN/H2O 50/50 dillution;plant specimen
20260327_149_dbgi_009935_1uL.mzML;dbgi_009935;Amorphophallus verticillatus Hett.;NA;Positive;JBP;jbp;Amorphophallus verticillatus;Amorphophallus verticillatus Hett.;species;Stems;0;jbp;50,121853;14,4120550;20260209094734;LCMS Orbitrap ID-X;ACN/H2O 50/50 dillution;plant specimen
20260327_150_dbgi_009947_1uL.mzML;dbgi_009947;Commiphora ornifolia (Balf.fil.) J.B.Gillett;NA;Positive;JBP;jbp;Commiphora ornifolia;Commiphora ornifolia (Balf.fil.) J.B.Gillett;species;Stems;0;jbp;50,121956;14,4121640;20260209114040;LCMS Orbitrap ID-X;ACN/H2O 50/50 dillution;plant specimen
20260327_151_dbgi_010017_1uL.mzML;dbgi_010017;Aechmea gamosepala Wittm.;NA;Positive;JBP;jbp;Aechmea gamosepala;Aechmea gamosepala Wittm.;species;Root;0;jbp;50,121800;14,4120450;20260209095801;LCMS Orbitrap ID-X;ACN/H2O 50/50 dillution;plant specimen
20260327_152_dbgi_009988_1uL.mzML;dbgi_009988;Solanum mammosum L.;NA;Positive;JBP;jbp;Solanum mammosum;Solanum mammosum L.;species;Stems;0;jbp;50,121944;14,4121490;20260209113421;LCMS Orbitrap ID-X;ACN/H2O 50/50 dillution;plant specimen
20260327_153_dbgi_009963_1uL.mzML;dbgi_009963;Oryza sativa L.;NA;Positive;JBP;jbp;Oryza sativa;Oryza sativa L.;species;Root;0;jbp;50,121930;14,4121260;20260128160802;LCMS Orbitrap ID-X;NA;plant specimen
20260327_154_dbgi_010074_1uL.mzML;dbgi_010074;Eugenia stipitata McVaugh;NA;Positive;JBP;jbp;Eugenia stipitata;Eugenia stipitata McVaugh;species;Stems;0;jbp;50,121914;14,4121270;20260209112422;LCMS Orbitrap ID-X;ACN/H2O 50/50 dillution;plant specimen
20260327_155_dbgi_010073_1uL.mzML;dbgi_010073;Artocarpus heterophyllus Lam.;NA;Positive;JBP;jbp;Artocarpus heterophyllus;Artocarpus heterophyllus Lam.;species;Stems;0;jbp;50,122295;14,4135110;20260209120253;LCMS Orbitrap ID-X;ACN/H2O 50/50 dillution;plant specimen
20260327_156_dbgi_010021_1uL.mzML;dbgi_010021;Manihot esculenta Crantz;NA;Positive;JBP;jbp;Manihot esculenta;Manihot esculenta Crantz;species;Root;0;jbp;50,121838;14,4120700;20260209095428;LCMS Orbitrap ID-X;ACN/H2O 50/50 dillution;plant specimen
20260327_157_dbgi_010079_1uL.mzML;dbgi_010079;Piper obtusissimum Miq.;NA;Positive;JBP;jbp;Piper obtusissimum;Piper obtusissimum Miq.;species;Stems;0;jbp;50,121902;14,4121130;20260209112034;LCMS Orbitrap ID-X;ACN/H2O 50/50 dillution;plant specimen
20260327_68_dbgi_009840_1uL.mzML;dbgi_009840;Podocarpus macrophyllus (Thunb.) Sweet;NA;Positive;JBP;jbp;Podocarpus macrophyllus;Podocarpus macrophyllus (Thunb.) Sweet;species;Seed;0;jbp;50,121517;14,4122850;20260225110517;LCMS Orbitrap ID-X;ACN/H2O 50/50 dillution;plant specimen
20260327_69_dbgi_009956_1uL.mzML;dbgi_009956;Alyxia gynopogon Roem. & Schult.;NA;Positive;JBP;jbp;Alyxia gynopogon;Alyxia gynopogon Roem. & Schult.;species;Stems;0;jbp;50,121800;14,4120910;20260225112327;LCMS Orbitrap ID-X;ACN/H2O 50/50 dillution;plant specimen
20260327_70_dbgi_009930_1uL.mzML;dbgi_009930;Pavonia candida (Moc. & Sessé ex DC.) Fryxell;NA;Positive;JBP;jbp;Pavonia candida;Pavonia candida (Moc. & Sessé ex DC.) Fryxell;species;Leaf;0;jbp;50,121883;14,4121610;20260225102703;LCMS Orbitrap ID-X;ACN/H2O 50/50 dillution;plant specimen
20260327_71_dbgi_009990_1uL.mzML;dbgi_009990;Salvia divinorum Epling & Játiva;NA;Positive;JBP;jbp;Salvia divinorum;Salvia divinorum Epling & Játiva;species;Leaf;0;jbp;50,121784;14,4124230;20260225093835;LCMS Orbitrap ID-X;ACN/H2O 50/50 dillution;plant specimen
20260327_72_dbgi_010022_1uL.mzML;dbgi_010022;Utricularia alpina Jacq.;NA;Positive;JBP;jbp;Utricularia alpina;Utricularia alpina Jacq.;species;Stems;0;jbp;50,121517;14,4122850;20260225124238;LCMS Orbitrap ID-X;ACN/H2O 50/50 dillution;plant specimen
20260327_73_dbgi_009954_1uL.mzML;dbgi_009954;Crinodendron patagua Molina;NA;Positive;JBP;jbp;Crinodendron patagua;Crinodendron patagua Molina;species;Stems;0;jbp;50,121910;14,4124220;20260225102308;LCMS Orbitrap ID-X;ACN/H2O 50/50 dillution;plant specimen
20260327_74_dbgi_010046_1uL.mzML;dbgi_010046;Aloe verdoorniae Reynolds;NA;Positive;JBP;jbp;Aloe verdoorniae;Aloe verdoorniae Reynolds;species;Leaf;0;jbp;50,121853;14,4121310;20260225104708;LCMS Orbitrap ID-X;ACN/H2O 50/50 dillution;plant specimen
20260327_75_dbgi_009971_1uL.mzML;dbgi_009971;Urera baccifera (L.) Gaudich.;NA;Positive;JBP;jbp;Urera baccifera;Urera baccifera (L.) Gaudich.;species;Leaf;0;jbp;50,121910;14,4124220;20260225103143;LCMS Orbitrap ID-X;ACN/H2O 50/50 dillution;plant specimen
20260327_76_dbgi_009927_1uL.mzML;dbgi_009927;Phoenix dactylifera L.;NA;Positive;JBP;jbp;Phoenix dactylifera;Phoenix dactylifera L.;species;Leaf;0;jbp;50,121822;14,4121080;20260225110422;LCMS Orbitrap ID-X;ACN/H2O 50/50 dillution;plant specimen
20260327_77_dbgi_009953_1uL.mzML;dbgi_009953;Podocarpus macrophyllus (Thunb.) Sweet;NA;Positive;JBP;jbp;Podocarpus macrophyllus;Podocarpus macrophyllus (Thunb.) Sweet;species;Fruit;0;jbp;50,121517;14,4122850;20260225110319;LCMS Orbitrap ID-X;ACN/H2O 50/50 dillution;plant specimen
20260327_78_dbgi_010032_1uL.mzML;dbgi_010032;Iris × norrisii (L.W.Lenz) C.Whitehouse;NA;Positive;JBP;jbp;Iris × norrisii;Iris × norrisii (L.W.Lenz) C.Whitehouse;species;Leaf;0;jbp;50,121870;14,4121420;20260225103732;LCMS Orbitrap ID-X;ACN/H2O 50/50 dillution;plant specimen
20260327_79_dbgi_010001_1uL.mzML;dbgi_010001;Zamia stricta Miq.;NA;Positive;JBP;jbp;Zamia stricta;Zamia stricta Miq.;species;Stems;0;jbp;50,121925;14,4121830;20260225101027;LCMS Orbitrap ID-X;ACN/H2O 50/50 dillution;plant specimen
20260327_80_dbgi_010004_1uL.mzML;dbgi_010004;Bixa orellana L.;NA;Positive;JBP;jbp;Bixa orellana;Bixa orellana L.;species;Stems;0;jbp;50,122192;14,4138520;20260209121707;LCMS Orbitrap ID-X;ACN/H2O 50/50 dillution;plant specimen
20260327_81_dbgi_010003_1uL.mzML;dbgi_010003;Bixa orellana L.;NA;Positive;JBP;jbp;Bixa orellana;Bixa orellana L.;species;Leaf;0;jbp;50,122192;14,4138520;20260209121258;LCMS Orbitrap ID-X;ACN/H2O 50/50 dillution;plant specimen
20260327_82_dbgi_010000_1uL.mzML;dbgi_010000;Artocarpus heterophyllus Lam.;NA;Positive;JBP;jbp;Artocarpus heterophyllus;Artocarpus heterophyllus Lam.;species;Root;0;jbp;50,122295;14,4135110;20260209120341;LCMS Orbitrap ID-X;ACN/H2O 50/50 dillution;plant specimen
20260327_83_dbgi_009996_1uL.mzML;dbgi_009996;Terminalia L.;NA;Positive;JBP;jbp;Terminalia;Terminalia L.;genus;Leaf;0;jbp;50,121872;14,4145610;20260209115312;LCMS Orbitrap ID-X;ACN/H2O 50/50 dillution;plant specimen
20260327_85_dbgi_009995_1uL.mzML;dbgi_009995;Acorus calamus L.;NA;Positive;JBP;jbp;Acorus calamus;Acorus calamus L.;species;Leaf;0;jbp;50,121803;14,4120600;20260209095941;LCMS Orbitrap ID-X;ACN/H2O 50/50 dillution;plant specimen
20260327_86_dbgi_009994_1uL.mzML;dbgi_009994;Capsicum eximium Hunz.;NA;Positive;JBP;jbp;Capsicum eximium;Capsicum eximium Hunz.;species;Leaf;0;jbp;50,121872;14,4120960;20260209110852;LCMS Orbitrap ID-X;ACN/H2O 50/50 dillution;plant specimen
20260327_87_dbgi_009993_1uL.mzML;dbgi_009993;Pilea diversifolia Wedd.;NA;Positive;JBP;jbp;Pilea diversifolia;Pilea diversifolia Wedd.;species;Leaf;0;jbp;50,121838;14,4120490;20260209094024;LCMS Orbitrap ID-X;ACN/H2O 50/50 dillution;plant specimen
20260327_88_dbgi_009991_1uL.mzML;dbgi_009991;Aechmea gamosepala Wittm.;NA;Positive;JBP;jbp;Aechmea gamosepala;Aechmea gamosepala Wittm.;species;Flower;0;jbp;50,121800;14,4120450;20260209095838;LCMS Orbitrap ID-X;ACN/H2O 50/50 dillution;plant specimen
20260327_89_dbgi_009989_1uL.mzML;dbgi_009989;Breynia disticha J.R.Forst. & G.Forst.;NA;Positive;JBP;jbp;Breynia disticha;Breynia disticha J.R.Forst. & G.Forst.;species;Stems;0;jbp;50,122280;14,4135340;20260209120707;LCMS Orbitrap ID-X;ACN/H2O 50/50 dillution;plant specimen
20260327_90_dbgi_009974_1uL.mzML;dbgi_009974;Amorphophallus verticillatus Hett.;NA;Positive;JBP;jbp;Amorphophallus verticillatus;Amorphophallus verticillatus Hett.;species;Leaf;0;jbp;50,121853;14,4120550;20260209094424;LCMS Orbitrap ID-X;ACN/H2O 50/50 dillution;plant specimen
20260327_91_dbgi_009966_1uL.mzML;dbgi_009966;Homalomena Schott;NA;Positive;JBP;jbp;Homalomena;Homalomena Schott;genus;Stems;0;jbp;50,121796;14,4120100;20260209093342;LCMS Orbitrap ID-X;ACN/H2O 50/50 dillution;plant specimen
20260327_92_dbgi_009962_1uL.mzML;dbgi_009962;Miconia Ruiz & Pav.;NA;Positive;JBP;jbp;Miconia;Miconia Ruiz & Pav.;genus;Fruit;0;jbp;50,121780;14,4120120;20260209092134;LCMS Orbitrap ID-X;ACN/H2O 50/50 dillution;plant specimen
20260327_93_dbgi_009961_1uL.mzML;dbgi_009961;Cryptostegia R.Br.;NA;Positive;JBP;jbp;Cryptostegia;Cryptostegia R.Br.;genus;Root;0;jbp;50,121788;14,4120410;20260209114523;LCMS Orbitrap ID-X;ACN/H2O 50/50 dillution;plant specimen
20260327_94_dbgi_009955_1uL.mzML;dbgi_009955;Beaucarnea olsonii V.Rojas-Piña & L.O.Alvarado;NA;Positive;JBP;jbp;Beaucarnea olsonii;Beaucarnea olsonii V.Rojas-Piña & L.O.Alvarado;species;Leaf;0;jbp;50,121780;14,4120290;20260209114639;LCMS Orbitrap ID-X;ACN/H2O 50/50 dillution;plant specimen
20260327_95_dbgi_009944_1uL.mzML;dbgi_009944;Miconia Ruiz & Pav.;NA;Positive;JBP;jbp;Miconia;Miconia Ruiz & Pav.;genus;Leaf;0;jbp;50,121780;14,4120120;20260209091750;LCMS Orbitrap ID-X;ACN/H2O 50/50 dillution;plant specimen
20260327_96_dbgi_009936_1uL.mzML;dbgi_009936;Cryptostegia R.Br.;NA;Positive;JBP;jbp;Cryptostegia;Cryptostegia R.Br.;genus;Leaf;0;jbp;50,121788;14,4120410;20260209114154;LCMS Orbitrap ID-X;ACN/H2O 50/50 dillution;plant specimen
20260327_97_dbgi_009932_1uL.mzML;dbgi_009932;Codariocalyx motorius (Houtt.) H.Ohashi;NA;Positive;JBP;jbp;Codariocalyx motorius;Codariocalyx motorius (Houtt.) H.Ohashi;species;Leaf;0;jbp;50,121790;14,4120245;20260209091226;LCMS Orbitrap ID-X;ACN/H2O 50/50 dillution;plant specimen
20260327_98_dbgi_009931_1uL.mzML;dbgi_009931;Beaucarnea olsonii V.Rojas-Piña & L.O.Alvarado;NA;Positive;JBP;jbp;Beaucarnea olsonii;Beaucarnea olsonii V.Rojas-Piña & L.O.Alvarado;species;Root;0;jbp;50,121780;14,4120290;20260209114902;LCMS Orbitrap ID-X;ACN/H2O 50/50 dillution;plant specimen
20260327_99_dbgi_009928_1uL.mzML;dbgi_009928;Commiphora ornifolia (Balf.fil.) J.B.Gillett;NA;Positive;JBP;jbp;Commiphora ornifolia;Commiphora ornifolia (Balf.fil.) J.B.Gillett;species;Leaf;0;jbp;50,121956;14,4121640;20260209113757;LCMS Orbitrap ID-X;ACN/H2O 50/50 dillution;plant specimen
20260415_10_dbgi_009921_1ul.mzML;dbgi_009921;Alyxia gynopogon Roem. & Schult.;NA;Positive;JBP;jbp;Alyxia gynopogon;Alyxia gynopogon Roem. & Schult.;species;Leaf;0;jbp;50,121800;14,4120910;20260225111955;LCMS Orbitrap ID-X;ACN/H2O 50/50 dillution;plant specimen
20260415_11_dbgi_009946_1ul.mzML;dbgi_009946;Ficus thonningii Blume;NA;Positive;JBP;jbp;Ficus thonningii;Ficus thonningii Blume;species;Root;0;jbp;50,121517;14,4122850;20260225104656;LCMS Orbitrap ID-X;ACN/H2O 50/50 dillution;plant specimen
20260415_13_dbgi_010036_1ul.mzML;dbgi_010036;Musa velutina H.Wendl. & Drude;NA;Positive;JBP;jbp;Musa velutina;Musa velutina H.Wendl. & Drude;species;Stems;0;jbp;50,121857;14,4120750;20260128155402;LCMS Orbitrap ID-X;ACN/H2O 50/50 dillution;plant specimen
20260415_14_dbgi_009844_1ul.mzML;dbgi_009844;Cyperus alternifolius L.;NA;Positive;JBP;jbp;Cyperus alternifolius;Cyperus alternifolius L.;species;Stems;0;jbp;50,121906;14,4120940;20260128160233;LCMS Orbitrap ID-X;ACN/H2O 50/50 dillution;plant specimen
20260415_15_dbgi_010062_1ul.mzML;dbgi_010062;Manilkara zapota (L.) P.Royen;NA;Positive;JBP;jbp;Manilkara zapota;Manilkara zapota (L.) P.Royen;species;Root;0;jbp;50,121820;14,4120400;20260128151624;LCMS Orbitrap ID-X;ACN/H2O 50/50 dillution;plant specimen
20260415_16_dbgi_010078_1ul.mzML;dbgi_010078;Typhonium roxburghii Schott;NA;Positive;JBP;jbp;Typhonium roxburghii;Typhonium roxburghii Schott;species;Stems;0;jbp;50,121956;14,4121350;20260128161152;LCMS Orbitrap ID-X;ACN/H2O 50/50 dillution;plant specimen
20260415_17_dbgi_010047_1ul.mzML;dbgi_010047;Typhonium roxburghii Schott;NA;Positive;JBP;jbp;Typhonium roxburghii;Typhonium roxburghii Schott;species;Leaf;0;jbp;50,121956;14,4121350;20260128160901;LCMS Orbitrap ID-X;ACN/H2O 50/50 dillution;plant specimen
20260415_18_dbgi_009937_1ul.mzML;dbgi_009937;Persea indica (L.) Spreng.;NA;Positive;JBP;jbp;Persea indica;Persea indica (L.) Spreng.;species;Stems;0;jbp;50,121910;14,4124220;20260225102950;LCMS Orbitrap ID-X;ACN/H2O 50/50 dillution;plant specimen
20260415_20_dbgi_010053_1ul.mzML;dbgi_010053;Mimosa pudica L.;NA;Positive;JBP;jbp;Mimosa pudica;Mimosa pudica L.;species;Root;0;jbp;50,121994;14,4142600;20260128154105;LCMS Orbitrap ID-X;ACN/H2O 50/50 dillution;plant specimen
20260415_21_dbgi_010038_1ul.mzML;dbgi_010038;Mimosa pudica L.;NA;Positive;JBP;jbp;Mimosa pudica;Mimosa pudica L.;species;Stems;0;jbp;50,121994;14,4142600;20260128153634;LCMS Orbitrap ID-X;ACN/H2O 50/50 dillution;plant specimen
20260415_22_dbgi_009950_1ul.mzML;dbgi_009950;Cyperus alternifolius L.;NA;Positive;JBP;jbp;Cyperus alternifolius;Cyperus alternifolius L.;species;Leaf;0;jbp;50,121906;14,4120940;20260128155959;LCMS Orbitrap ID-X;ACN/H2O 50/50 dillution;plant specimen
20260415_23_dbgi_010072_1ul.mzML;dbgi_010072;Musa velutina H.Wendl. & Drude;NA;Positive;JBP;jbp;Musa velutina;Musa velutina H.Wendl. & Drude;species;Root;0;jbp;50,121857;14,4120750;20260128155443;LCMS Orbitrap ID-X;ACN/H2O 50/50 dillution;plant specimen
20260415_24_dbgi_010019_1ul.mzML;dbgi_010019;Musa velutina H.Wendl. & Drude;NA;Positive;JBP;jbp;Musa velutina;Musa velutina H.Wendl. & Drude;species;Leaf;0;jbp;50,121857;14,4120750;20260128155214;LCMS Orbitrap ID-X;ACN/H2O 50/50 dillution;plant specimen
20260415_25_dbgi_010057_1uL.mzML;dbgi_010057;Oryza sativa L.;NA;Positive;JBP;jbp;Oryza sativa;Oryza sativa L.;species;Leaf;0;jbp;50,121930;14,4121260;20260128160512;LCMS Orbitrap ID-X;ACN/H2O 50/50 dillution;plant specimen
20260415_26_dbgi_010033_1uL.mzML;dbgi_010033;Manilkara zapota (L.) P.Royen;NA;Positive;JBP;jbp;Manilkara zapota;Manilkara zapota (L.) P.Royen;species;Stems;0;jbp;50,121820;14,4120400;20260128151542;LCMS Orbitrap ID-X;ACN/H2O 50/50 dillution;plant specimen
20260415_27_dbgi_010030_1uL.mzML;dbgi_010030;Manilkara zapota (L.) P.Royen;NA;Positive;JBP;jbp;Manilkara zapota;Manilkara zapota (L.) P.Royen;species;Leaf;0;jbp;50,121820;14,4120400;20260128151351;LCMS Orbitrap ID-X;ACN/H2O 50/50 dillution;plant specimen
20260415_28_dbgi_010059_1uL.mzML;dbgi_010059;Oryza sativa L.;NA;Positive;JBP;jbp;Oryza sativa;Oryza sativa L.;species;Stems;0;jbp;50,121930;14,4121260;20260128160713;LCMS Orbitrap ID-X;ACN/H2O 50/50 dillution;plant specimen
20260415_29_dbgi_009952_1uL.mzML;dbgi_009952;Ficus thonningii Blume;NA;Positive;JBP;jbp;Ficus thonningii;Ficus thonningii Blume;species;Leaf;0;jbp;50,121517;14,4122850;20260225104149;LCMS Orbitrap ID-X;ACN/H2O 50/50 dillution;plant specimen
20260415_31_dbgi_010031_1uL.mzML;dbgi_010031;Phoenix dactylifera L.;NA;Positive;JBP;jbp;Phoenix dactylifera;Phoenix dactylifera L.;species;Root;0;jbp;50,121822;14,4121080;20260225110741;LCMS Orbitrap ID-X;ACN/H2O 50/50 dillution;plant specimen
20260415_32_dbgi_009934_1uL.mzML;dbgi_009934;Selaginella peruviana (Milde) Hieron.;NA;Positive;JBP;jbp;Selaginella peruviana;Selaginella peruviana (Milde) Hieron.;species;Leaf;0;jbp;50,121517;14,4122850;20260225111113;LCMS Orbitrap ID-X;ACN/H2O 50/50 dillution;plant specimen
20260415_33_dbgi_010077_1uL.mzML;dbgi_010077;Gaultheria antipoda G.Forst.;NA;Positive;JBP;jbp;Gaultheria antipoda;Gaultheria antipoda G.Forst.;species;Stems;0;jbp;50,121517;14,4122850;20260225112047;LCMS Orbitrap ID-X;ACN/H2O 50/50 dillution;plant specimen
20260415_34_dbgi_009824_1uL.mzML;dbgi_009824;Crinodendron patagua Molina;NA;Positive;JBP;jbp;Crinodendron patagua;Crinodendron patagua Molina;species;Root;0;jbp;50,121910;14,4124220;20260225102541;LCMS Orbitrap ID-X;ACN/H2O 50/50 dillution;plant specimen
20260415_35_dbgi_010048_1uL.mzML;dbgi_010048;Salvia divinorum Epling & Játiva;NA;Positive;JBP;jbp;Salvia divinorum;Salvia divinorum Epling & Játiva;species;Root;0;jbp;50,121784;14,4124230;20260225094303;LCMS Orbitrap ID-X;ACN/H2O 50/50 dillution;plant specimen
20260415_36_dbgi_009970_1uL.mzML;dbgi_009970;Ephedra chilensis C.Presl;NA;Positive;JBP;jbp;Ephedra chilensis;Ephedra chilensis C.Presl;species;Stems;0;jbp;50,121517;14,4122850;20260225110829;LCMS Orbitrap ID-X;ACN/H2O 50/50 dillution;plant specimen
20260415_37_dbgi_010075_1uL.mzML;dbgi_010075;Nerium oleander L.;NA;Positive;JBP;jbp;Nerium oleander;Nerium oleander L.;species;Stems;0;jbp;50,121803;14,4125700;20260225132510;LCMS Orbitrap ID-X;ACN/H2O 50/50 dillution;plant specimen
20260415_38_dbgi_009975_1uL.mzML;dbgi_009975;Dieffenbachia seguine (Jacq.) Schott;NA;Positive;JBP;jbp;Dieffenbachia seguine;Dieffenbachia seguine (Jacq.) Schott;species;Leaf;0;jbp;50,121517;14,4122850;20260225111313;LCMS Orbitrap ID-X;ACN/H2O 50/50 dillution;plant specimen
20260415_39_dbgi_009980_1uL.mzML;dbgi_009980;Salvinia × molesta D.S.Mitch.;NA;Positive;JBP;jbp;Salvinia × molesta;Salvinia × molesta D.S.Mitch.;species;Leaf;0;jbp;50,121784;14,4124230;20260225100536;LCMS Orbitrap ID-X;ACN/H2O 50/50 dillution;plant specimen
20260415_40_dbgi_010013_1uL.mzML;dbgi_010013;Utricularia alpina Jacq.;NA;Positive;JBP;jbp;Utricularia alpina;Utricularia alpina Jacq.;species;Leaf;0;jbp;50,121517;14,4122850;20260225124054;LCMS Orbitrap ID-X;ACN/H2O 50/50 dillution;plant specimen
20260415_42_dbgi_009951_1uL.mzML;dbgi_009951;Podocarpus macrophyllus (Thunb.) Sweet;NA;Positive;JBP;jbp;Podocarpus macrophyllus;Podocarpus macrophyllus (Thunb.) Sweet;species;Stems;0;jbp;50,121517;14,4122850;20260225110010;LCMS Orbitrap ID-X;ACN/H2O 50/50 dillution;plant specimen
20260415_43_dbgi_009987_1uL.mzML;dbgi_009987;Camellia sinensis (L.) Kuntze;NA;Positive;JBP;jbp;Camellia sinensis;Camellia sinensis (L.) Kuntze;species;Root;0;jbp;50,121784;14,4124230;20260225100215;LCMS Orbitrap ID-X;ACN/H2O 50/50 dillution;plant specimen
20260415_44_dbgi_009949_1uL.mzML;dbgi_009949;Aloe verdoorniae Reynolds;NA;Positive;JBP;jbp;Aloe verdoorniae;Aloe verdoorniae Reynolds;species;Root;0;jbp;50,121853;14,4121310;20260225105100;LCMS Orbitrap ID-X;ACN/H2O 50/50 dillution;plant specimen
20260415_45_dbgi_009945_1uL.mzML;dbgi_009945;Urera baccifera (L.) Gaudich.;NA;Positive;JBP;jbp;Urera baccifera;Urera baccifera (L.) Gaudich.;species;Stems;0;jbp;50,121910;14,4124220;20260225103346;LCMS Orbitrap ID-X;ACN/H2O 50/50 dillution;plant specimen
20260415_46_dbgi_009957_1uL.mzML;dbgi_009957;Fragaria chiloensis (L.) Mill.;NA;Positive;JBP;jbp;Fragaria chiloensis;Fragaria chiloensis (L.) Mill.;species;Root;0;jbp;50,121960;14,4122050;20260225094712;LCMS Orbitrap ID-X;ACN/H2O 50/50 dillution;plant specimen
20260415_47_dbgi_009969_1uL.mzML;dbgi_009969;Ternstroemia gitingensis Elmer;NA;Positive;JBP;jbp;Ternstroemia gitingensis;Ternstroemia gitingensis Elmer;species;Leaf;0;jbp;50,121784;14,4124230;20260225101232;LCMS Orbitrap ID-X;ACN/H2O 50/50 dillution;plant specimen
20260415_48_dbgi_009941_1uL.mzML;dbgi_009941;Sonchus congestus Willd.;NA;Positive;JBP;jbp;Sonchus congestus;Sonchus congestus Willd.;species;Root;0;jbp;50,121910;14,4121680;20260225101955;LCMS Orbitrap ID-X;ACN/H2O 50/50 dillution;plant specimen
20260415_49_dbgi_009986_1uL.mzML;dbgi_009986;Podocarpus macrophyllus (Thunb.) Sweet;NA;Positive;JBP;jbp;Podocarpus macrophyllus;Podocarpus macrophyllus (Thunb.) Sweet;species;Root;0;jbp;50,121517;14,4122850;20260225110203;LCMS Orbitrap ID-X;ACN/H2O 50/50 dillution;plant specimen
20260427_07_115339_KK_general_ms2_pos_dbgi_011918_01_01_1uL.mzML;dbgi_011918;Pilea peperomioides Diels;NA;Positive;JBP;jbp;Pilea peperomioides;Pilea peperomioides Diels;species;Root;0;jbp;50,121986;14,4121240;20260225122826;LCMS Orbitrap ID-X;ACN/H2O 50/50 dillution;plant specimen
20260427_08_115339_KK_general_ms2_pos_dbgi_011867_01_01_1uL.mzML;dbgi_011867;Nepenthes glandulifera Chi C.Lee;NA;Positive;JBP;jbp;Nepenthes glandulifera;Nepenthes glandulifera Chi C.Lee;species;Stems;0;jbp;50,121517;14,4122850;20260225133151;LCMS Orbitrap ID-X;ACN/H2O 50/50 dillution;plant specimen
20260427_09_115339_KK_general_ms2_pos_dbgi_011860_01_01_1uL.mzML;dbgi_011860;Citrus hystrix DC.;NA;Positive;JBP;jbp;Citrus hystrix;Citrus hystrix DC.;species;Stems;0;jbp;50,121834;14,4127000;20260225130529;LCMS Orbitrap ID-X;ACN/H2O 50/50 dillution;plant specimen
20260427_10_115339_KK_general_ms2_pos_dbgi_011858_01_01_1uL.mzML;dbgi_011858;Nepenthes glandulifera Chi C.Lee;NA;Positive;JBP;jbp;Nepenthes glandulifera;Nepenthes glandulifera Chi C.Lee;species;Leaf;0;jbp;50,121517;14,4122850;20260225132946;LCMS Orbitrap ID-X;ACN/H2O 50/50 dillution;plant specimen
20260427_11_115339_KK_general_ms2_pos_dbgi_011854_01_01_1uL.mzML;dbgi_011854;Citrus hystrix DC.;NA;Positive;JBP;jbp;Citrus hystrix;Citrus hystrix DC.;species;Leaf;0;jbp;50,121834;14,4127000;20260225130239;LCMS Orbitrap ID-X;ACN/H2O 50/50 dillution;plant specimen
20260427_12_115339_KK_general_ms2_pos_dbgi_011853_01_01_1uL.mzML;dbgi_011853;Cephalotus follicularis Labill.;NA;Positive;JBP;jbp;Cephalotus follicularis;Cephalotus follicularis Labill.;species;Leaf;0;jbp;50,121517;14,4122850;20260225130820;LCMS Orbitrap ID-X;ACN/H2O 50/50 dillution;plant specimen
20260427_13_115339_KK_general_ms2_pos_dbgi_011851_01_01_1uL.mzML;dbgi_011851;Solandra maxima (Moc. & Sessé) P.S.Green;NA;Positive;JBP;jbp;Solandra maxima;Solandra maxima (Moc. & Sessé) P.S.Green;species;Leaf;0;jbp;50,121838;14,4126930;20260225131527;LCMS Orbitrap ID-X;ACN/H2O 50/50 dillution;plant specimen
20260427_14_115339_KK_general_ms2_pos_dbgi_011849_01_01_1uL.mzML;dbgi_011849;Nerium oleander L.;NA;Positive;JBP;jbp;Nerium oleander;Nerium oleander L.;species;Leaf;0;jbp;50,121803;14,4125700;20260225132238;LCMS Orbitrap ID-X;ACN/H2O 50/50 dillution;plant specimen
20260427_15_115339_KK_general_ms2_pos_dbgi_011808_01_01_1uL.mzML;dbgi_011808;Turnera ulmifolia L.;NA;Positive;JBP;jbp;Turnera ulmifolia;Turnera ulmifolia L.;species;Leaf;0;jbp;50,121918;14,4121730;20260225124105;LCMS Orbitrap ID-X;ACN/H2O 50/50 dillution;plant specimen
20260427_16_115339_KK_general_ms2_pos_dbgi_011792_01_01_1uL.mzML;dbgi_011792;Carpobrotus edulis (L.) N.E.Br.;NA;Positive;JBP;jbp;Carpobrotus edulis;Carpobrotus edulis (L.) N.E.Br.;species;Leaf;0;jbp;50,121517;14,4122850;20260225125834;LCMS Orbitrap ID-X;ACN/H2O 50/50 dillution;plant specimen
20260427_18_115339_KK_general_ms2_pos_dbgi_012034_01_01_1uL.mzML;dbgi_012034;Clivia caulescens R.A.Dyer;NA;Positive;JBP;jbp;Clivia caulescens;Clivia caulescens R.A.Dyer;species;Root;0;jbp;50,121830;14,4127150;20260225125909;LCMS Orbitrap ID-X;ACN/H2O 50/50 dillution;plant specimen
20260427_19_115339_KK_general_ms2_pos_dbgi_012154_01_01_1uL.mzML;dbgi_012154;Nepenthes glandulifera Chi C.Lee;NA;Positive;JBP;jbp;Nepenthes glandulifera;Nepenthes glandulifera Chi C.Lee;species;Root;0;jbp;50,121517;14,4122850;20260225133314;LCMS Orbitrap ID-X;ACN/H2O 50/50 dillution;plant specimen
20260427_20_115339_KK_general_ms2_pos_dbgi_011801_01_01_1uL.mzML;dbgi_011801;Dionaea muscipula J.Ellis;NA;Positive;JBP;jbp;Dionaea muscipula;Dionaea muscipula J.Ellis;species;Root;0;jbp;50,121517;14,4122850;20260225134126;LCMS Orbitrap ID-X;ACN/H2O 50/50 dillution;plant specimen
20260427_21_115339_KK_general_ms2_pos_dbgi_011800_01_01_1uL.mzML;dbgi_011800;Pinguicula esseriana B.Kirchn.;NA;Positive;JBP;jbp;Pinguicula esseriana;Pinguicula esseriana B.Kirchn.;species;Leaf;0;jbp;50,121964;14,4122670;20260225133336;LCMS Orbitrap ID-X;ACN/H2O 50/50 dillution;plant specimen
20260427_22_115339_KK_general_ms2_pos_dbgi_011794_01_01_1uL.mzML;dbgi_011794;Nepenthes glandulifera Chi C.Lee;NA;Positive;JBP;jbp;Nepenthes glandulifera;Nepenthes glandulifera Chi C.Lee;species;Leaf;0;jbp;50,121517;14,4122850;20260225132726;LCMS Orbitrap ID-X;ACN/H2O 50/50 dillution;plant specimen
20260427_23_115339_KK_general_ms2_pos_dbgi_011793_01_01_1uL.mzML;dbgi_011793;Dionaea muscipula J.Ellis;NA;Positive;JBP;jbp;Dionaea muscipula;Dionaea muscipula J.Ellis;species;Leaf;0;jbp;50,121517;14,4122850;20260225133835;LCMS Orbitrap ID-X;ACN/H2O 50/50 dillution;plant specimen
20260427_24_115339_KK_general_ms2_pos_dbgi_009985_01_01_1uL.mzML;dbgi_009985;Salvinia × molesta D.S.Mitch.;NA;Positive;JBP;jbp;Salvinia × molesta;Salvinia × molesta D.S.Mitch.;species;Root;0;jbp;50,121784;14,4124230;20260225100731;LCMS Orbitrap ID-X;ACN/H2O 50/50 dillution;plant specimen
20260427_25_115339_KK_general_ms2_pos_dbgi_011790_01_01_1uL.mzML;dbgi_011790;Drosophyllum lusitanicum (L.) Link;NA;Positive;JBP;jbp;Drosophyllum lusitanicum;Drosophyllum lusitanicum (L.) Link;species;Leaf;0;jbp;50,121517;14,4122850;20260225131214;LCMS Orbitrap ID-X;ACN/H2O 50/50 dillution;plant specimen
20260427_26_115339_KK_general_ms2_pos_dbgi_009939_01_01_1uL.mzML;dbgi_009939;Persicaria odorata (Lour.) Soják;NA;Positive;JBP;jbp;Persicaria odorata;Persicaria odorata (Lour.) Soják;species;Leaf;0;jbp;50,121517;14,4122850;20260225105214;LCMS Orbitrap ID-X;ACN/H2O 50/50 dillution;plant specimen
20260427_29_115339_KK_general_ms2_pos_dbgi_011780_01_01_1uL.mzML;dbgi_011780;Pilea peperomioides Diels;NA;Positive;JBP;jbp;Pilea peperomioides;Pilea peperomioides Diels;species;Leaf;0;jbp;50,121986;14,4121240;20260225122349;LCMS Orbitrap ID-X;ACN/H2O 50/50 dillution;plant specimen
20260427_30_115339_KK_general_ms2_pos_dbgi_011776_01_01_1uL.mzML;dbgi_011776;Calluna vulgaris (L.) Hull;NA;Positive;JBP;jbp;Calluna vulgaris;Calluna vulgaris (L.) Hull;species;Stems;0;jbp;50,121788;14,4120790;20260225112938;LCMS Orbitrap ID-X;ACN/H2O 50/50 dillution;plant specimen
20260427_31_115339_KK_general_ms2_pos_dbgi_011771_01_01_1uL.mzML;dbgi_011771;Drimys winteri J.R.Forst. & G.Forst.;NA;Positive;JBP;jbp;Drimys winteri;Drimys winteri J.R.Forst. & G.Forst.;species;Leaf;0;jbp;50,121834;14,4127000;20260225130708;LCMS Orbitrap ID-X;ACN/H2O 50/50 dillution;plant specimen
20260427_32_115339_KK_general_ms2_pos_dbgi_012141_01_01_1uL.mzML;dbgi_012141;Calluna vulgaris (L.) Hull;NA;Positive;JBP;jbp;Calluna vulgaris;Calluna vulgaris (L.) Hull;species;Leaf;0;jbp;50,121788;14,4120790;20260225112633;LCMS Orbitrap ID-X;ACN/H2O 50/50 dillution;plant specimen
20260427_33_115339_KK_general_ms2_pos_dbgi_009924_01_01_1uL.mzML;dbgi_009924;Zamia stricta Miq.;NA;Positive;JBP;jbp;Zamia stricta;Zamia stricta Miq.;species;Leaf;1;jbp;50,121925;14,4121830;20260225100641;LCMS Orbitrap ID-X;ACN/H2O 50/50 dillution;plant specimen
20260427_34_144110_KK_general_ms2_pos_dbgi_010015_01_01_1uL.mzML;dbgi_010015;Pavonia candida (Moc. & Sessé ex DC.) Fryxell;NA;Positive;JBP;jbp;Pavonia candida;Pavonia candida (Moc. & Sessé ex DC.) Fryxell;species;Root;0;jbp;50,121883;14,4121620;20260225103311;LCMS Orbitrap ID-X;ACN/H2O 50/50 dillution;plant specimen
20260427_35_144110_KK_general_ms2_pos_dbgi_010018_01_01_1uL.mzML;dbgi_010018;Anthurium dombeyanum Brongn. ex Engl.;NA;Positive;JBP;jbp;Anthurium dombeyanum;Anthurium dombeyanum Brongn. ex Engl.;species;Stems;0;jbp;50,121788;14,4124230;20260225093431;LCMS Orbitrap ID-X;ACN/H2O 50/50 dillution;plant specimen
20260427_36_144110_KK_general_ms2_pos_dbgi_009940_01_01_1uL.mzML;dbgi_009940;Pavonia candida (Moc. & Sessé ex DC.) Fryxell;NA;Positive;JBP;jbp;Pavonia candida;Pavonia candida (Moc. & Sessé ex DC.) Fryxell;species;Stems;0;jbp;50,121883;14,4121610;20260225103050;LCMS Orbitrap ID-X;ACN/H2O 50/50 dillution;plant specimen
20260427_37_144110_KK_general_ms2_pos_dbgi_009968_01_01_1uL.mzML;dbgi_009968;Afrocarpus falcatus (Thunb.) C.N.Page;NA;Positive;JBP;jbp;Afrocarpus falcatus;Afrocarpus falcatus (Thunb.) C.N.Page;species;Stems;0;jbp;50,121950;14,4121970;20260225095427;LCMS Orbitrap ID-X;ACN/H2O 50/50 dillution;plant specimen
20260427_38_144110_KK_general_ms2_pos_dbgi_009948_01_01_1uL.mzML;dbgi_009948;Erica arborea L.;NA;Positive;JBP;jbp;Erica arborea;Erica arborea L.;species;Stems;0;jbp;50,121807;14,4120950;20260225111445;LCMS Orbitrap ID-X;ACN/H2O 50/50 dillution;plant specimen
20260427_39_144110_KK_general_ms2_pos_dbgi_009964_02_01_1uL.mzML;dbgi_009964;Iris × norrisii (L.W.Lenz) C.Whitehouse;NA;Positive;JBP;jbp;Iris × norrisii;Iris × norrisii (L.W.Lenz) C.Whitehouse;species;Root;0;jbp;50,121864;14,4121450;20260225104144;LCMS Orbitrap ID-X;ACN/H2O 50/50 dillution;plant specimen
20260427_40_144110_KK_general_ms2_pos_dbgi_010051_01_01_1uL.mzML;dbgi_010051;Salvia divinorum Epling & Játiva;NA;Positive;JBP;jbp;Salvia divinorum;Salvia divinorum Epling & Játiva;species;Stems;0;jbp;50,121784;14,4124230;20260225094114;LCMS Orbitrap ID-X;ACN/H2O 50/50 dillution;plant specimen
20260427_41_144110_KK_general_ms2_pos_dbgi_009976_01_01_1uL.mzML;dbgi_009976;Fragaria chiloensis (L.) Mill.;NA;Positive;JBP;jbp;Fragaria chiloensis;Fragaria chiloensis (L.) Mill.;species;Stems;0;jbp;50,121960;14,4122050;20260225093932;LCMS Orbitrap ID-X;ACN/H2O 50/50 dillution;plant specimen
20260427_42_144110_KK_general_ms2_pos_dbgi_012159_01_01_1uL.mzML;dbgi_012159;Carpobrotus edulis (L.) N.E.Br.;NA;Positive;JBP;jbp;Carpobrotus edulis;Carpobrotus edulis (L.) N.E.Br.;species;Stems;0;jbp;50,121517;14,4122850;20260225130024;LCMS Orbitrap ID-X;ACN/H2O 50/50 dillution;plant specimen
20260427_43_144110_KK_general_ms2_pos_dbgi_011920_01_01_1uL.mzML;dbgi_011920;Myrsine africana L.;NA;Positive;JBP;jbp;Myrsine africana;Myrsine africana L.;species;Stems;0;jbp;50,121850;14,4126530;20260225124947;LCMS Orbitrap ID-X;ACN/H2O 50/50 dillution;plant specimen
20260427_45_144110_KK_general_ms2_pos_dbgi_012111_01_01_1uL.mzML;dbgi_012111;Carpobrotus edulis (L.) N.E.Br.;NA;Positive;JBP;jbp;Carpobrotus edulis;Carpobrotus edulis (L.) N.E.Br.;species;Root;0;jbp;50,121517;14,4122850;20260225130136;LCMS Orbitrap ID-X;ACN/H2O 50/50 dillution;plant specimen
20260427_46_144110_KK_general_ms2_pos_dbgi_010070_01_01_1uL.mzML;dbgi_010070;Anthurium dombeyanum Brongn. ex Engl.;NA;Positive;JBP;jbp;Anthurium dombeyanum;Anthurium dombeyanum Brongn. ex Engl.;species;Leaf;0;jbp;50,121758;14,4124280;20260225093149;LCMS Orbitrap ID-X;ACN/H2O 50/50 dillution;plant specimen
20260427_47_144110_KK_general_ms2_pos_dbgi_012109_01_01_1uL.mzML;dbgi_012109;Sarracenia flava L.;NA;Positive;JBP;jbp;Sarracenia flava;Sarracenia flava L.;species;Leaf;0;jbp;50,121517;14,4122850;20260225132543;LCMS Orbitrap ID-X;ACN/H2O 50/50 dillution;plant specimen
20260427_48_144110_KK_general_ms2_pos_dbgi_009918_01_01_1uL.mzML;dbgi_009918;Zamia stricta Miq.;NA;Positive;JBP;jbp;Zamia stricta;Zamia stricta Miq.;species;Root;0;jbp;50,121925;14,4121830;20260225101425;LCMS Orbitrap ID-X;ACN/H2O 50/50 dillution;plant specimen
20260427_49_144110_KK_general_ms2_pos_dbgi_011919_01_01_1uL.mzML;dbgi_011919;Boquila Decne.;NA;Positive;JBP;jbp;Boquila;Boquila Decne.;genus;Leaf;0;jbp;50,121517;14,4122850;20260225123122;LCMS Orbitrap ID-X;ACN/H2O 50/50 dillution;plant specimen
20260427_50_144110_KK_general_ms2_pos_dbgi_012051_01_01_1uL.mzML;dbgi_012051;Clivia caulescens R.A.Dyer;NA;Positive;JBP;jbp;Clivia caulescens;Clivia caulescens R.A.Dyer;species;Leaf;0;jbp;50,121830;14,4127150;20260225125427;LCMS Orbitrap ID-X;ACN/H2O 50/50 dillution;plant specimen
20260427_51_144110_KK_general_ms2_pos_dbgi_012061_01_01_1uL.mzML;dbgi_012061;Anodendron affine (Hook. & Arn.) Druce;NA;Positive;JBP;jbp;Anodendron affine;Anodendron affine (Hook. & Arn.) Druce;species;Stems;0;jbp;50,121517;14,4122850;20260225125600;LCMS Orbitrap ID-X;ACN/H2O 50/50 dillution;plant specimen
20260427_52_144110_KK_general_ms2_pos_dbgi_012108_01_01_1uL.mzML;dbgi_012108;Heliamphora parva (Maguire) S.McPherson, A.Fleischm., Wistuba & Nerz;NA;Positive;JBP;jbp;Heliamphora parva;Heliamphora parva (Maguire) S.McPherson, A.Fleischm., Wistuba & Nerz;species;Leaf;0;jbp;50,121517;14,4122850;20260225132149;LCMS Orbitrap ID-X;ACN/H2O 50/50 dillution;plant specimen
20260427_53_144110_KK_general_ms2_pos_dbgi_012112_01_01_1uL.mzML;dbgi_012112;Myrsine africana L.;NA;Positive;JBP;jbp;Myrsine africana;Myrsine africana L.;species;Leaf;0;jbp;50,121918;14,4121730;20260225124515;LCMS Orbitrap ID-X;ACN/H2O 50/50 dillution;plant specimen
20260427_54_144110_KK_general_ms2_pos_dbgi_012106_01_01_1uL.mzML;dbgi_012106;Boquila Decne.;NA;Positive;JBP;jbp;Boquila;Boquila Decne.;genus;Stems;0;jbp;50,121517;14,4122850;20260225123433;LCMS Orbitrap ID-X;ACN/H2O 50/50 dillution;plant specimen
20260427_55_144110_KK_general_ms2_pos_dbgi_011938_01_01_1uL.mzML;dbgi_011938;Anodendron affine (Hook. & Arn.) Druce;NA;Positive;JBP;jbp;Anodendron affine;Anodendron affine (Hook. & Arn.) Druce;species;Leaf;0;jbp;50,121517;14,4122850;20260225125329;LCMS Orbitrap ID-X;ACN/H2O 50/50 dillution;plant specimen
20260427_56_144110_KK_general_ms2_pos_dbgi_012157_01_01_1uL.mzML;dbgi_012157;Gaultheria antipoda G.Forst.;NA;Positive;JBP;jbp;Gaultheria antipoda;Gaultheria antipoda G.Forst.;species;Leaf;0;jbp;50,121517;14,4122850;20260225111808;LCMS Orbitrap ID-X;ACN/H2O 50/50 dillution;plant specimen
20260427_57_144110_KK_general_ms2_pos_dbgi_012158_01_01_1uL.mzML;dbgi_012158;Turnera ulmifolia L.;NA;Positive;JBP;jbp;Turnera ulmifolia;Turnera ulmifolia L.;species;Stems;0;jbp;50,121918;14,4121730;20260225124403;LCMS Orbitrap ID-X;ACN/H2O 50/50 dillution;plant specimen
20260427_58_144110_KK_general_ms2_pos_dbgi_012144_01_01_1uL.mzML;dbgi_012144;Dieffenbachia seguine (Jacq.) Schott;NA;Positive;JBP;jbp;Dieffenbachia seguine;Dieffenbachia seguine (Jacq.) Schott;species;Stems;0;jbp;50,121517;14,4122850;20260225111550;LCMS Orbitrap ID-X;ACN/H2O 50/50 dillution;plant specimen
20260427_59_144110_KK_general_ms2_pos_dbgi_012116_01_01_1uL.mzML;dbgi_012116;Drimys winteri J.R.Forst. & G.Forst.;NA;Positive;JBP;jbp;Drimys winteri;Drimys winteri J.R.Forst. & G.Forst.;species;Stems;0;jbp;50,121834;14,4127010;20260225131027;LCMS Orbitrap ID-X;ACN/H2O 50/50 dillution;plant specimen
20260427_60_144110_KK_general_ms2_pos_dbgi_012107_01_01_1uL.mzML;dbgi_012107;Utricularia alpina Jacq.;NA;Positive;JBP;jbp;Utricularia alpina;Utricularia alpina Jacq.;species;Root;0;jbp;50,121517;14,4122850;20260225124447;LCMS Orbitrap ID-X;ACN/H2O 50/50 dillution;plant specimen
20260427_63_144110_KK_general_ms2_pos_dbgi_012110_01_01_1uL.mzML;dbgi_012110;Darlingtonia californica Torr.;NA;Positive;JBP;jbp;Darlingtonia californica;Darlingtonia californica Torr.;species;Leaf;0;jbp;50,121517;14,4122850;20260225131824;LCMS Orbitrap ID-X;ACN/H2O 50/50 dillution;plant specimen
20260427_64_144110_KK_general_ms2_pos_dbgi_012058_01_01_1uL.mzML;dbgi_012058;Solandra maxima (Moc. & Sessé) P.S.Green;NA;Positive;JBP;jbp;Solandra maxima;Solandra maxima (Moc. & Sessé) P.S.Green;species;Root;0;jbp;50,121838;14,4126930;20260225131939;LCMS Orbitrap ID-X;ACN/H2O 50/50 dillution;plant specimen
20260427_65_144110_KK_general_ms2_pos_dbgi_011924_01_01_1uL.mzML;dbgi_011924;Solandra maxima (Moc. & Sessé) P.S.Green;NA;Positive;JBP;jbp;Solandra maxima;Solandra maxima (Moc. & Sessé) P.S.Green;species;Stems;0;jbp;50,121838;14,4126930;20260225131758;LCMS Orbitrap ID-X;ACN/H2O 50/50 dillution;plant specimen
20260427_66_144110_KK_general_ms2_pos_dbgi_012049_01_01_1uL.mzML;dbgi_012049;Rhododendron rousei Argent & Madulid;NA;Positive;JBP;jbp;Rhododendron rousei;Rhododendron rousei Argent & Madulid;species;Leaf;0;jbp;50,121517;14,4122850;20260225131500;LCMS Orbitrap ID-X;ACN/H2O 50/50 dillution;plant specimen
20260427_67_144110_KK_general_ms2_pos_dbgi_012143_01_01_1uL.mzML;dbgi_012143;Gaultheria antipoda G.Forst.;NA;Positive;JBP;jbp;Gaultheria antipoda;Gaultheria antipoda G.Forst.;species;Root;0;jbp;50,121517;14,4122850;20260225112329;LCMS Orbitrap ID-X;ACN/H2O 50/50 dillution;plant specimen
20260427_68_144110_KK_general_ms2_pos_dbgi_009979_01_01_1uL.mzML;dbgi_009979;Camellia sinensis (L.) Kuntze;NA;Positive;JBP;jbp;Camellia sinensis;Camellia sinensis (L.) Kuntze;species;Stems;0;jbp;50,121784;14,4124230;20260225100115;LCMS Orbitrap ID-X;ACN/H2O 50/50 dillution;plant specimen
20260427_69_144110_KK_general_ms2_pos_dbgi_009942_01_01_1uL.mzML;dbgi_009942;Brunfelsia grandiflora D.Don;NA;Positive;JBP;jbp;Brunfelsia grandiflora;Brunfelsia grandiflora D.Don;species;Stems;0;jbp;50,121517;14,4122850;20260225105004;LCMS Orbitrap ID-X;ACN/H2O 50/50 dillution;plant specimen
20260427_70_144110_KK_general_ms2_pos_dbgi_010006_01_01_1uL.mzML;dbgi_010006;Anthurium dombeyanum Brongn. ex Engl.;NA;Positive;JBP;jbp;Anthurium dombeyanum;Anthurium dombeyanum Brongn. ex Engl.;species;Root;0;jbp;50,121784;14,4124220;20260225093605;LCMS Orbitrap ID-X;ACN/H2O 50/50 dillution;plant specimen
20260427_71_144110_KK_general_ms2_pos_dbgi_011766_01_01_1uL.mzML;dbgi_011766;Darlingtonia californica Torr.;NA;Positive;JBP;jbp;Darlingtonia californica;Darlingtonia californica Torr.;species;Root;0;jbp;50,121517;14,4122850;20260225132011;LCMS Orbitrap ID-X;ACN/H2O 50/50 dillution;plant specimen
20260427_72_144110_KK_general_ms2_pos_dbgi_009967_01_01_1uL.mzML;dbgi_009967;Fragaria chiloensis (L.) Mill.;NA;Positive;JBP;jbp;Fragaria chiloensis;Fragaria chiloensis (L.) Mill.;species;Leaf;0;jbp;50,121960;14,4122050;20260225093539;LCMS Orbitrap ID-X;ACN/H2O 50/50 dillution;plant specimen
20260427_73_144110_KK_general_ms2_pos_dbgi_010028_01_01_1uL.mzML;dbgi_010028;Erica arborea L.;NA;Positive;JBP;jbp;Erica arborea;Erica arborea L.;species;Leaf;0;jbp;50,121807;14,4120950;20260225111148;LCMS Orbitrap ID-X;ACN/H2O 50/50 dillution;plant specimen
20260427_74_144110_KK_general_ms2_pos_dbgi_010045_01_01_1uL.mzML;dbgi_010045;Urera baccifera (L.) Gaudich.;NA;Positive;JBP;jbp;Urera baccifera;Urera baccifera (L.) Gaudich.;species;Root;0;jbp;50,121910;14,4124220;20260225103449;LCMS Orbitrap ID-X;ACN/H2O 50/50 dillution;plant specimen
20260427_75_144110_KK_general_ms2_pos_dbgi_010044_01_01_1uL.mzML;dbgi_010044;Plectranthus scaposus Hedge;NA;Positive;JBP;jbp;Plectranthus scaposus;Plectranthus scaposus Hedge;species;Leaf;0;jbp;50,121784;14,4124230;20260225095005;LCMS Orbitrap ID-X;ACN/H2O 50/50 dillution;plant specimen
20260427_76_144110_KK_general_ms2_pos_dbgi_009982_01_01_1uL.mzML;dbgi_009982;Brunfelsia grandiflora D.Don;NA;Positive;JBP;jbp;Brunfelsia grandiflora;Brunfelsia grandiflora D.Don;species;Leaf;0;jbp;50,121517;14,4122850;20260225104819;LCMS Orbitrap ID-X;ACN/H2O 50/50 dillution;plant specimen
20260427_77_144110_KK_general_ms2_pos_dbgi_009922_02_01_1uL.mzML;dbgi_009922;Afrocarpus falcatus (Thunb.) C.N.Page;NA;Positive;JBP;jbp;Afrocarpus falcatus;Afrocarpus falcatus (Thunb.) C.N.Page;species;Root;0;jbp;50,121950;14,4122030;20260225100259;LCMS Orbitrap ID-X;ACN/H2O 50/50 dillution;plant specimen
20260427_79_144110_KK_general_ms2_pos_dbgi_011800_02_01_1uL.mzML;dbgi_011800;Pinguicula esseriana B.Kirchn.;NA;Positive;JBP;jbp;Pinguicula esseriana;Pinguicula esseriana B.Kirchn.;species;Leaf;0;jbp;50,121964;14,4122670;20260225133336;LCMS Orbitrap ID-X;ACN/H2O 50/50 dillution;plant specimen
20260427_80_144110_KK_general_ms2_pos_dbgi_010065_01_01_1uL.mzML;dbgi_010065;Sonchus congestus Willd.;NA;Positive;JBP;jbp;Sonchus congestus;Sonchus congestus Willd.;species;Leaf;0;jbp;50,121910;14,4121680;20260225101808;LCMS Orbitrap ID-X;ACN/H2O 50/50 dillution;plant specimen
20260427_81_144110_KK_general_ms2_pos_dbgi_010058_01_01_1uL.mzML;dbgi_010058;Ficus thonningii Blume;NA;Positive;JBP;jbp;Ficus thonningii;Ficus thonningii Blume;species;Stems;0;jbp;50,121517;14,4122850;20260225104422;LCMS Orbitrap ID-X;ACN/H2O 50/50 dillution;plant specimen
20260427_82_144110_KK_general_ms2_pos_dbgi_010023_01_01_1uL.mzML;dbgi_010023;Aextoxicon punctatum Ruiz & Pav.;NA;Positive;JBP;jbp;Aextoxicon punctatum;Aextoxicon punctatum Ruiz & Pav.;species;Leaf;0;jbp;50,121517;14,4122850;20260225122745;LCMS Orbitrap ID-X;ACN/H2O 50/50 dillution;plant specimen
20260427_83_144110_KK_general_ms2_pos_dbgi_009997_01_01_1uL.mzML;dbgi_009997;Drimys winteri J.R.Forst. & G.Forst.;NA;Positive;JBP;jbp;Drimys winteri;Drimys winteri J.R.Forst. & G.Forst.;species;Root;0;jbp;50,121834;14,4127010;20260225131224;LCMS Orbitrap ID-X;ACN/H2O 50/50 dillution;plant specimen
20260427_84_144110_KK_general_ms2_pos_dbgi_009981_01_01_1uL.mzML;dbgi_009981;Camellia sinensis (L.) Kuntze;NA;Positive;JBP;jbp;Camellia sinensis;Camellia sinensis (L.) Kuntze;species;Leaf;0;jbp;50,121784;14,4124230;20260225095845;LCMS Orbitrap ID-X;ACN/H2O 50/50 dillution;plant specimen
20260427_85_144110_KK_general_ms2_pos_dbgi_009943_01_01_1uL.mzML;dbgi_009943;Persicaria odorata (Lour.) Soják;NA;Positive;JBP;jbp;Persicaria odorata;Persicaria odorata (Lour.) Soják;species;Stems;0;jbp;50,121517;14,4122850;20260225105402;LCMS Orbitrap ID-X;ACN/H2O 50/50 dillution;plant specimen
20260427_86_144110_KK_general_ms2_pos_dbgi_010050_01_01_1uL.mzML;dbgi_010050;Plectranthus scaposus Hedge;NA;Positive;JBP;jbp;Plectranthus scaposus;Plectranthus scaposus Hedge;species;Stems;0;jbp;50,121784;14,4124230;20260225095231;LCMS Orbitrap ID-X;ACN/H2O 50/50 dillution;plant specimen
20260427_87_144110_KK_general_ms2_pos_dbgi_012056_01_01_1uL.mzML;dbgi_012056;Pinguicula esseriana B.Kirchn.;NA;Positive;JBP;jbp;Pinguicula esseriana;Pinguicula esseriana B.Kirchn.;species;Stems;0;jbp;50,121964;14,4122670;20260225133633;LCMS Orbitrap ID-X;ACN/H2O 50/50 dillution;plant specimen
20260427_88_144110_KK_general_ms2_pos_dbgi_011787_01_01_1uL.mzML;dbgi_011787;Pilea peperomioides Diels;NA;Positive;JBP;jbp;Pilea peperomioides;Pilea peperomioides Diels;species;Stems;0;jbp;50,121986;14,4121240;20260225122609;LCMS Orbitrap ID-X;ACN/H2O 50/50 dillution;plant specimen
20260427_89_144110_KK_general_ms2_pos_dbgi_011804_01_01_1uL.mzML;dbgi_011804;Pinguicula esseriana B.Kirchn.;NA;Positive;JBP;jbp;Pinguicula esseriana;Pinguicula esseriana B.Kirchn.;species;Flower;0;jbp;50,121964;14,4122670;20260225134018;LCMS Orbitrap ID-X;ACN/H2O 50/50 dillution;plant specimen
20260427_90_144110_KK_general_ms2_pos_dbgi_009978_01_01_1uL.mzML;dbgi_009978;Plectranthus scaposus Hedge;NA;Positive;JBP;jbp;Plectranthus scaposus;Plectranthus scaposus Hedge;species;Root;0;jbp;50,121784;14,4124230;20260225095558;LCMS Orbitrap ID-X;ACN/H2O 50/50 dillution;plant specimen
20262605_dbgi_001368_01_01.mzML;dbgi_001368;Vaccinium myrtillus L.;NA;Positive;JBC;jbc;Vaccinium myrtillus;Vaccinium myrtillus L.;species;Leaf;0;jbc;46,032890;7,1132300;20250729130010;LCMS – Synapt XS;MeOH/H2O 70;plant specimen
20262605_dbgi_001575_01_01.mzML;dbgi_001575;Vaccinium vitis-idaea L.;NA;Positive;JBC;jbc;Vaccinium vitis-idaea;Vaccinium vitis-idaea L.;species;Leaf;0;jbc;46,032900;7,1132410;20250729130129;LCMS – Synapt XS;MeOH/H2O 70;plant specimen
20262605_dbgi_004122_01_01.mzML;dbgi_004122;Anthoxanthum odoratum L.;NA;Positive;JBC;jbc;Anthoxanthum odoratum;Anthoxanthum odoratum L.;species;Leaf;0;jbc;46,032608;7,1133130;20250605111740;LCMS – Synapt XS;MeOH/H2O 70;plant specimen
20262605_dbgi_004163_01_01.mzML;dbgi_004163;Larix decidua (L.) Mill.;NA;Positive;JBC;jbc;Larix decidua;Larix decidua (L.) Mill.;species;Leaf;0;jbc;46,032986;7,1125226;20250611113229;LCMS – Synapt XS;MeOH/H2O 70;plant specimen
20262605_dbgi_004270_01_01.mzML;dbgi_004270;Salix helvetica Vill.;NA;Positive;JBC;jbc;Salix helvetica;Salix helvetica Vill.;species;Leaf;0;jbc;46,032925;7,1125903;20250605144949;LCMS – Synapt XS;MeOH/H2O 70;plant specimen
20262605_dbgi_004287_01_01.mzML;dbgi_004287;Salix retusa L.;NA;Positive;JBC;jbc;Salix retusa;Salix retusa L.;species;Leaf;0;jbc;46,032875;7,1125360;20250605092522;LCMS – Synapt XS;MeOH/H2O 70;plant specimen
20262605_dbgi_004288_01_01.mzML;dbgi_004288;Prenanthes purpurea L.;NA;Positive;JBC;jbc;Prenanthes purpurea;Prenanthes purpurea L.;species;Leaf;0;jbc;46,032944;7,1123705;20250605141818;LCMS – Synapt XS;MeOH/H2O 70;plant specimen
20262605_dbgi_004291_01_01.mzML;dbgi_004291;Scabiosa lucida Vill.;NA;Positive;JBC;jbc;Scabiosa lucida;Scabiosa lucida Vill.;species;Leaf;0;jbc;46,032883;7,1124954;20250605093748;LCMS – Synapt XS;MeOH/H2O 70;plant specimen
20262605_dbgi_006603_01_01.mzML;dbgi_006603;Sedum annuum subsp. annuum;NA;Positive;JBC;jbc;Sedum annuum subsp. annuum;Sedum annuum subsp. annuum;subspecies;Leaf;0;jbc;46,032776;7,1128430;20250714173027;LCMS – Synapt XS;MeOH/H2O 70;plant specimen
20262605_dbgi_006607_01_01.mzML;dbgi_006607;Thymus serpyllum L.;NA;Positive;JBC;jbc;Thymus serpyllum;Thymus serpyllum L.;species;Leaf;0;jbc;46,032986;7,1124353;20250611111204;LCMS – Synapt XS;MeOH/H2O 70;plant specimen
20262605_dbgi_006624_01_01.mzML;dbgi_006624;Leontodon hispidus L.;NA;Positive;JBC;jbc;Leontodon hispidus;Leontodon hispidus L.;species;Leaf;0;jbc;46,032900;7,1125250;20250605130538;LCMS – Synapt XS;MeOH/H2O 70;plant specimen
20262605_dbgi_006626_01_01.mzML;dbgi_006626;Arrhenatherum elatius (L.) P.Beauv. ex J.Presl & C.Presl;NA;Positive;JBC;jbc;Arrhenatherum elatius;Arrhenatherum elatius (L.) P.Beauv. ex J.Presl & C.Presl;species;Leaf;0;jbc;46,032715;7,1134320;20250605111910;LCMS – Synapt XS;MeOH/H2O 70;plant specimen
20262605_dbgi_006628_01_01.mzML;dbgi_006628;Ranunculus acris L.;NA;Positive;JBC;jbc;Ranunculus acris;Ranunculus acris L.;species;Leaf;0;jbc;46,032875;7,1131990;20250605113939;LCMS – Synapt XS;MeOH/H2O 70;plant specimen
20262605_dbgi_006630_01_01.mzML;dbgi_006630;Thymus serpyllum L.;NA;Positive;JBC;jbc;Thymus serpyllum;Thymus serpyllum L.;species;Leaf;0;jbc;46,032910;7,1125216;20250605131438;LCMS – Synapt XS;MeOH/H2O 70;plant specimen
20262605_dbgi_006633_01_01.mzML;dbgi_006633;Salix hastata L.;NA;Positive;JBC;jbc;Salix hastata;Salix hastata L.;species;Leaf;0;jbc;46,032900;7,1126122;20250605130257;LCMS – Synapt XS;MeOH/H2O 70;plant specimen
20262605_dbgi_006648_01_01.mzML;dbgi_006648;Cornus sanguinea L.;NA;Positive;JBC;jbc;Cornus sanguinea;Cornus sanguinea L.;species;Leaf;0;jbc;46,032814;7,1133460;20250605112412;LCMS – Synapt XS;MeOH/H2O 70;plant specimen
20262605_dbgi_006655_01_01.mzML;dbgi_006655;Glechoma hederacea L.;NA;Positive;JBC;jbc;Glechoma hederacea;Glechoma hederacea L.;species;Leaf;0;jbc;46,032944;7,1131390;20250605113416;LCMS – Synapt XS;MeOH/H2O 70;plant specimen
20262605_dbgi_006663_01_01.mzML;dbgi_006663;Plantago lanceolata L.;NA;Positive;JBC;jbc;Plantago lanceolata;Plantago lanceolata L.;species;Leaf;0;jbc;46,032906;7,1131907;20250605113758;LCMS – Synapt XS;MeOH/H2O 70;plant specimen
20262605_dbgi_006689_01_01.mzML;dbgi_006689;Aegopodium podagraria L.;NA;Positive;JBC;jbc;Aegopodium podagraria;Aegopodium podagraria L.;species;Leaf;0;jbc;46,032616;7,1134680;20250605111507;LCMS – Synapt XS;MeOH/H2O 70;plant specimen
20262605_dbgi_006704_01_01.mzML;dbgi_006704;Achillea millefolium L.;NA;Positive;JBC;jbc;Achillea millefolium;Achillea millefolium L.;species;Leaf;0;jbc;46,032950;7,1124883;20250611083654;LCMS – Synapt XS;MeOH/H2O 70;plant specimen
20262605_dbgi_006708_01_01.mzML;dbgi_006708;Gentiana purpurea L.;NA;Positive;JBC;jbc;Gentiana purpurea;Gentiana purpurea L.;species;Leaf;0;jbc;46,032760;7,1131606;20250714170540;LCMS – Synapt XS;MeOH/H2O 70;plant specimen
20262605_dbgi_006718_01_01.mzML;dbgi_006718;Hieracium murorum L.;NA;Positive;JBC;jbc;Hieracium murorum;Hieracium murorum L.;species;Leaf;0;jbc;46,032850;7,1131277;20250715133941;LCMS – Synapt XS;MeOH/H2O 70;plant specimen
20262605_dbgi_006723_01_01.mzML;dbgi_006723;Achillea millefolium L.;NA;Positive;JBC;jbc;Achillea millefolium;Achillea millefolium L.;species;Leaf;0;jbc;46,032696;7,1134524;20250605111214;LCMS – Synapt XS;MeOH/H2O 70;plant specimen
20262605_dbgi_006755_01_01.mzML;dbgi_006755;Lapsana communis L.;NA;Positive;JBC;jbc;Lapsana communis;Lapsana communis L.;species;Leaf;0;jbc;46,032692;7,1119880;20250605114314;LCMS – Synapt XS;MeOH/H2O 70;plant specimen
20262605_dbgi_006767_01_01.mzML;dbgi_006767;Salix retusa L.;NA;Positive;JBC;jbc;Salix retusa;Salix retusa L.;species;Leaf;0;jbc;46,032898;7,1125960;20250605125959;LCMS – Synapt XS;MeOH/H2O 70;plant specimen
20262605_dbgi_006788_01_01.mzML;dbgi_006788;Carlina acaulis L.;NA;Positive;JBC;jbc;Carlina acaulis;Carlina acaulis L.;species;Leaf;0;jbc;46,032974;7,1127663;20250611135157;LCMS – Synapt XS;MeOH/H2O 70;plant specimen
20262605_dbgi_006797_01_01.mzML;dbgi_006797;Saxifraga flagellaris subsp. flagellaris;NA;Positive;JBC;jbc;Saxifraga flagellaris subsp. flagellaris;Saxifraga flagellaris subsp. flagellaris;subspecies;Leaf;0;jbc;46,032917;7,1128087;20250611132854;LCMS – Synapt XS;MeOH/H2O 70;plant specimen
20262605_dbgi_006811_01_01.mzML;dbgi_006811;Juniperus communis L.;NA;Positive;JBC;jbc;Juniperus communis;Juniperus communis L.;species;Leaf;0;jbc;46,032810;7,1130550;20250714155235;LCMS – Synapt XS;MeOH/H2O 70;plant specimen
20262605_dbgi_006863_01_01.mzML;dbgi_006863;Cornus sanguinea L.;NA;Positive;JBC;jbc;Cornus sanguinea;Cornus sanguinea L.;species;Leaf;0;jbc;46,032806;7,1133160;20250715135252;LCMS – Synapt XS;MeOH/H2O 70;plant specimen
20262605_dbgi_006878_01_01.mzML;dbgi_006878;Hieracium murorum L.;NA;Positive;JBC;jbc;Hieracium murorum;Hieracium murorum L.;species;Leaf;0;jbc;46,032738;7,1125930;20250527092818;LCMS – Synapt XS;MeOH/H2O 70;plant specimen
20262605_dbgi_006884_01_01.mzML;dbgi_006884;Thymus serpyllum L.;NA;Positive;JBC;jbc;Thymus serpyllum;Thymus serpyllum L.;species;Leaf;0;jbc;46,032930;7,1126410;20250611090311;LCMS – Synapt XS;MeOH/H2O 70;plant specimen
20262605_dbgi_006887_01_01.mzML;dbgi_006887;Sempervivum tectorum L.;NA;Positive;JBC;jbc;Sempervivum tectorum;Sempervivum tectorum L.;species;Leaf;0;jbc;46,032960;7,1126604;20250611130720;LCMS – Synapt XS;MeOH/H2O 70;plant specimen
20262605_dbgi_006900_01_01.mzML;dbgi_006900;Acer campestre L.;NA;Positive;JBC;jbc;Acer campestre;Acer campestre L.;species;Leaf;0;jbc;46,032715;7,1131964;20250605110844;LCMS – Synapt XS;MeOH/H2O 70;plant specimen
20262605_dbgi_006936_01_01.mzML;dbgi_006936;Pinus cembra L.;NA;Positive;JBC;jbc;Pinus cembra;Pinus cembra L.;species;Leaf;0;jbc;46,032820;7,1130140;20250714155555;LCMS – Synapt XS;MeOH/H2O 70;plant specimen
20262605_dbgi_007046_01_01.mzML;dbgi_007046;Dryas octopetala L.;NA;Positive;JBC;jbc;Dryas octopetala;Dryas octopetala L.;species;Leaf;0;jbc;46,032722;7,1132216;20250715102407;LCMS – Synapt XS;MeOH/H2O 70;plant specimen
20262605_dbgi_007048_01_01.mzML;dbgi_007048;Sorbus aucuparia L.;NA;Positive;JBC;jbc;Sorbus aucuparia;Sorbus aucuparia L.;species;Leaf;0;jbc;46,032818;7,1134048;20250715110700;LCMS – Synapt XS;MeOH/H2O 70;plant specimen
20262605_dbgi_007053_01_01.mzML;dbgi_007053;Vaccinium vitis-idaea L.;NA;Positive;JBC;jbc;Vaccinium vitis-idaea;Vaccinium vitis-idaea L.;species;Leaf;0;jbc;46,032790;7,1133250;20250715111945;LCMS – Synapt XS;MeOH/H2O 70;plant specimen
20262605_dbgi_007054_01_01.mzML;dbgi_007054;Arnica montana L.;NA;Positive;JBC;jbc;Arnica montana;Arnica montana L.;species;Leaf;0;jbc;46,032818;7,1133847;20250715110852;LCMS – Synapt XS;MeOH/H2O 70;plant specimen
20262605_dbgi_007055_01_01.mzML;dbgi_007055;Sempervivum tectorum L.;NA;Positive;JBC;jbc;Sempervivum tectorum;Sempervivum tectorum L.;species;Leaf;0;jbc;46,032776;7,1132640;20250715113204;LCMS – Synapt XS;MeOH/H2O 70;plant specimen
20262605_dbgi_007061_01_01.mzML;dbgi_007061;Iris missouriensis Nutt.;NA;Positive;JBC;jbc;Iris missouriensis;Iris missouriensis Nutt.;species;Leaf;0;jbc;46,032734;7,1131935;20250715102146;LCMS – Synapt XS;MeOH/H2O 70;plant specimen
20262605_dbgi_007080_01_01.mzML;dbgi_007080;Campanula barbata L.;NA;Positive;JBC;jbc;Campanula barbata;Campanula barbata L.;species;Leaf;0;jbc;46,032875;7,1134200;20250715111357;LCMS – Synapt XS;MeOH/H2O 70;plant specimen
20262605_dbgi_007126_01_01.mzML;dbgi_007126;Saxifraga paniculata Mill.;NA;Positive;JBC;jbc;Saxifraga paniculata;Saxifraga paniculata Mill.;species;Leaf;0;jbc;46,032677;7,1125555;20250526185420;LCMS – Synapt XS;MeOH/H2O 70;plant specimen
20262605_dbgi_007170_01_01.mzML;dbgi_007170;Carlina acaulis L.;NA;Positive;JBC;jbc;Carlina acaulis;Carlina acaulis L.;species;Leaf;0;jbc;46,032978;7,1127570;20250611134900;LCMS – Synapt XS;MeOH/H2O 70;plant specimen
20262605_dbgi_008384_01_01.mzML;dbgi_008384;Astrantia major L.;NA;Positive;JBC;jbc;Astrantia major;Astrantia major L.;species;Leaf;0;jbc;46,032640;7,1133420;20250707142119;LCMS – Synapt XS;MeOH/H2O 70;plant specimen
20262605_dbgi_008409_02_01.mzML;dbgi_008409;Arctostaphylos uva-ursi (L.) Spreng.;NA;Positive;JBC;jbc;Arctostaphylos uva-ursi;Arctostaphylos uva-ursi (L.) Spreng.;species;Leaf;0;jbc;46,032703;7,1134900;20250707151504;LCMS – Synapt XS;MeOH/H2O 70;plant specimen
20262605_dbgi_008419_01_01.mzML;dbgi_008419;Aegopodium podagraria L.;NA;Positive;JBC;jbc;Aegopodium podagraria;Aegopodium podagraria L.;species;Leaf;0;jbc;46,032627;7,1134815;20250625113405;LCMS – Synapt XS;MeOH/H2O 70;plant specimen
20262605_dbgi_008424_01_01.mzML;dbgi_008424;Saxifraga paniculata Mill.;NA;Positive;JBC;jbc;Saxifraga paniculata;Saxifraga paniculata Mill.;species;Leaf;0;jbc;46,032620;7,1130500;20250625094318;LCMS – Synapt XS;MeOH/H2O 70;plant specimen
20262605_dbgi_008432_01_01.mzML;dbgi_008432;Vaccinium vitis-idaea L.;NA;Positive;JBC;jbc;Vaccinium vitis-idaea;Vaccinium vitis-idaea L.;species;Leaf;0;jbc;46,032677;7,1134900;20250707150007;LCMS – Synapt XS;MeOH/H2O 70;plant specimen
20262605_dbgi_008458_01_01.mzML;dbgi_008458;Vaccinium vitis-idaea L.;NA;Positive;JBC;jbc;Vaccinium vitis-idaea;Vaccinium vitis-idaea L.;species;Leaf;0;jbc;46,032590;7,1131730;20250625103325;LCMS – Synapt XS;MeOH/H2O 70;plant specimen
20262605_dbgi_008461_01_01.mzML;dbgi_008461;Arctostaphylos uva-ursi (L.) Spreng.;NA;Positive;JBC;jbc;Arctostaphylos uva-ursi;Arctostaphylos uva-ursi (L.) Spreng.;species;Leaf;0;jbc;46,032570;7,1134570;20250625114650;LCMS – Synapt XS;MeOH/H2O 70;plant specimen
20262605_dbgi_008486_01_01.mzML;dbgi_008486;Dryas octopetala L.;NA;Positive;JBC;jbc;Dryas octopetala;Dryas octopetala L.;species;Leaf;0;jbc;46,032610;7,1133366;20250625112303;LCMS – Synapt XS;MeOH/H2O 70;plant specimen
20262605_dbgi_008573_01_01.mzML;dbgi_008573;Rhododendron ferrugineum L.;NA;Positive;JBC;jbc;Rhododendron ferrugineum;Rhododendron ferrugineum L.;species;Leaf;0;jbc;46,032627;7,1130586;20250625094551;LCMS – Synapt XS;MeOH/H2O 70;plant specimen
20262605_dbgi_008600_01_01.mzML;dbgi_008600;Sempervivum montanum L.;NA;Positive;JBC;jbc;Sempervivum montanum;Sempervivum montanum L.;species;Leaf;0;jbc;46,032795;7,1125994;20250527105951;LCMS – Synapt XS;MeOH/H2O 70;plant specimen
20262605_dbgi_008601_01_01.mzML;dbgi_008601;Sempervivum tectorum L.;NA;Positive;JBC;jbc;Sempervivum tectorum;Sempervivum tectorum L.;species;Leaf;0;jbc;46,032806;7,1126060;20250527104313;LCMS – Synapt XS;MeOH/H2O 70;plant specimen
20262605_dbgi_008629_01_01.mzML;dbgi_008629;Dryas octopetala L.;NA;Positive;JBC;jbc;Dryas octopetala;Dryas octopetala L.;species;Leaf;0;jbc;46,032658;7,1124573;20250526182304;LCMS – Synapt XS;MeOH/H2O 70;plant specimen
20262605_dbgi_008634_01_01.mzML;dbgi_008634;Juniperus communis L.;NA;Positive;JBC;jbc;Juniperus communis;Juniperus communis L.;species;Leaf;0;jbc;46,032642;7,1124597;20250526181627;LCMS – Synapt XS;MeOH/H2O 70;plant specimen
20262605_dbgi_008635_01_01.mzML;dbgi_008635;Hippocrepis comosa L.;NA;Positive;JBC;jbc;Hippocrepis comosa;Hippocrepis comosa L.;species;Leaf;0;jbc;46,032580;7,1121590;20250520180112;LCMS – Synapt XS;MeOH/H2O 70;plant specimen
20262605_dbgi_008691_01_01.mzML;dbgi_008691;Rhododendron ferrugineum L.;NA;Positive;JBC;jbc;Rhododendron ferrugineum;Rhododendron ferrugineum L.;species;Leaf;0;jbc;46,032642;7,1122880;20250527130607;LCMS – Synapt XS;MeOH/H2O 70;plant specimen
20262605_dbgi_008722_01_01.mzML;dbgi_008722;Astrantia major L.;NA;Positive;JBC;jbc;Astrantia major;Astrantia major L.;species;Leaf;0;jbc;46,032530;7,1120825;20250521084030;LCMS – Synapt XS;MeOH/H2O 70;plant specimen
20262605_dbgi_008755_01_01.mzML;dbgi_008755;Picea abies (L.) H.Karst.;NA;Positive;JBC;jbc;Picea abies;Picea abies (L.) H.Karst.;species;Leaf;0;jbc;46,032790;7,1130570;20250714161109;LCMS – Synapt XS;MeOH/H2O 70;plant specimen
20262605_dbgi_008778_01_01.mzML;dbgi_008778;Rhododendron ferrugineum L.;NA;Positive;JBC;jbc;Rhododendron ferrugineum;Rhododendron ferrugineum L.;species;Leaf;0;jbc;46,032600;7,1122475;20250520165017;LCMS – Synapt XS;MeOH/H2O 70;plant specimen
20262605_dbgi_008786_01_01.mzML;dbgi_008786;Saxifraga paniculata Mill.;NA;Positive;JBC;jbc;Saxifraga paniculata;Saxifraga paniculata Mill.;species;Leaf;0;jbc;46,032510;7,1125603;20250521113528;LCMS – Synapt XS;MeOH/H2O 70;plant specimen
20262605_dbgi_008789_01_01.mzML;dbgi_008789;Prunus avium (L.) L.;NA;Positive;JBC;jbc;Prunus avium;Prunus avium (L.) L.;species;Leaf;0;jbc;46,032570;7,1130630;20250521151200;LCMS – Synapt XS;MeOH/H2O 70;plant specimen
20262605_dbgi_008797_01_01.mzML;dbgi_008797;Arctostaphylos uva-ursi (L.) Spreng.;NA;Positive;JBC;jbc;Arctostaphylos uva-ursi;Arctostaphylos uva-ursi (L.) Spreng.;species;Leaf;0;jbc;46,032616;7,1123910;20250520164158;LCMS – Synapt XS;MeOH/H2O 70;plant specimen
20262605_dbgi_008811_01_01.mzML;dbgi_008811;Juniperus communis L.;NA;Positive;JBC;jbc;Juniperus communis;Juniperus communis L.;species;Leaf;0;jbc;46,032580;7,1128163;20250521151616;LCMS – Synapt XS;MeOH/H2O 70;plant specimen
20262605_dbgi_008833_01_01.mzML;dbgi_008833;Sempervivum tectorum L.;NA;Positive;JBC;jbc;Sempervivum tectorum;Sempervivum tectorum L.;species;Leaf;0;jbc;46,032593;7,1122360;20250520174636;LCMS – Synapt XS;MeOH/H2O 70;plant specimen
20262605_dbgi_008834_01_01.mzML;dbgi_008834;Picea abies (L.) H.Karst.;NA;Positive;JBC;jbc;Picea abies;Picea abies (L.) H.Karst.;species;Leaf;0;jbc;46,032585;7,1122210;20250520174953;LCMS – Synapt XS;MeOH/H2O 70;plant specimen
20262605_dbgi_008838_01_01.mzML;dbgi_008838;Sempervivum tectorum L.;NA;Positive;JBC;jbc;Sempervivum tectorum;Sempervivum tectorum L.;species;Leaf;0;jbc;46,032660;7,1126230;20250526182308;LCMS – Synapt XS;MeOH/H2O 70;plant specimen
20262605_dbgi_009021_01_01.mzML;dbgi_009021;Hieracium villosum Jacq.;NA;Positive;JBC;jbc;Hieracium villosum;Hieracium villosum Jacq.;species;Leaf;0;jbc;46,032932;7,1126000;20250718140046;LCMS – Synapt XS;MeOH/H2O 70;plant specimen
20262605_dbgi_009023_01_01.mzML;dbgi_009023;Sempervivum montanum L.;NA;Positive;JBC;jbc;Sempervivum montanum;Sempervivum montanum L.;species;Leaf;0;jbc;46,032795;7,1126330;20250718142730;LCMS – Synapt XS;MeOH/H2O 70;plant specimen
20262605_dbgi_009030_01_01.mzML;dbgi_009030;Arnica montana L.;NA;Positive;JBC;jbc;Arnica montana;Arnica montana L.;species;Leaf;0;jbc;46,032830;7,1134114;20250718144135;LCMS – Synapt XS;MeOH/H2O 70;plant specimen
20262605_dbgi_009033_01_01.mzML;dbgi_009033;Veronica fruticans Jacq.;NA;Positive;JBC;jbc;Veronica fruticans;Veronica fruticans Jacq.;species;Leaf;0;jbc;46,032673;7,1125174;20250718145649;LCMS – Synapt XS;MeOH/H2O 70;plant specimen
20262605_dbgi_009037_01_01.mzML;dbgi_009037;Vaccinium vitis-idaea L.;NA;Positive;JBC;jbc;Vaccinium vitis-idaea;Vaccinium vitis-idaea L.;species;Leaf;0;jbc;46,032833;7,1134350;20250718144010;LCMS – Synapt XS;MeOH/H2O 70;plant specimen
20262605_dbgi_009047_01_01.mzML;dbgi_009047;Larix decidua (L.) Mill.;NA;Positive;JBC;jbc;Larix decidua;Larix decidua (L.) Mill.;species;Leaf;0;jbc;46,032963;7,1125712;20250718144901;LCMS – Synapt XS;MeOH/H2O 70;plant specimen
20262605_dbgi_009048_01_01.mzML;dbgi_009048;Vaccinium myrtillus L.;NA;Positive;JBC;jbc;Vaccinium myrtillus;Vaccinium myrtillus L.;species;Leaf;0;jbc;46,032803;7,1133680;20250718143844;LCMS – Synapt XS;MeOH/H2O 70;plant specimen
20262605_dbgi_009051_01_01.mzML;dbgi_009051;Sempervivum tectorum L.;NA;Positive;JBC;jbc;Sempervivum tectorum;Sempervivum tectorum L.;species;Leaf;0;jbc;46,032770;7,1126013;20250718142959;LCMS – Synapt XS;MeOH/H2O 70;plant specimen
20262605_dbgi_009057_01_01.mzML;dbgi_009057;Pinus cembra L.;NA;Positive;JBC;jbc;Pinus cembra;Pinus cembra L.;species;Leaf;0;jbc;46,032787;7,1129675;20250714154149;LCMS – Synapt XS;MeOH/H2O 70;plant specimen
20262605_dbgi_009058_01_01.mzML;dbgi_009058;Rhododendron ferrugineum L.;NA;Positive;JBC;jbc;Rhododendron ferrugineum;Rhododendron ferrugineum L.;species;Leaf;0;jbc;46,032740;7,1128580;20250714141448;LCMS – Synapt XS;MeOH/H2O 70;plant specimen
20262605_dbgi_009059_01_01.mzML;dbgi_009059;Rhododendron ferrugineum L.;NA;Positive;JBC;jbc;Rhododendron ferrugineum;Rhododendron ferrugineum L.;species;Leaf;1;jbc;46,032703;7,1131210;20250714141353;LCMS – Synapt XS;MeOH/H2O 70;plant specimen
20262605_dbgi_009068_01_01.mzML;dbgi_009068;Agrostis capillaris L.;NA;Positive;JBC;jbc;Agrostis capillaris;Agrostis capillaris L.;species;Leaf;0;jbc;46,032770;7,1130414;20250718143621;LCMS – Synapt XS;MeOH/H2O 70;plant specimen
20262605_dbgi_009070_01_01.mzML;dbgi_009070;Juniperus communis L.;NA;Positive;JBC;jbc;Juniperus communis;Juniperus communis L.;species;Leaf;0;jbc;46,032864;7,1125630;20250718142224;LCMS – Synapt XS;MeOH/H2O 70;plant specimen
20262605_dbgi_009082_01_01.mzML;dbgi_009082;Saxifraga flagellaris subsp. flagellaris;NA;Positive;JBC;jbc;Saxifraga flagellaris subsp. flagellaris;Saxifraga flagellaris subsp. flagellaris;subspecies;Leaf;0;jbc;46,032738;7,1128260;20250714142008;LCMS – Synapt XS;MeOH/H2O 70;plant specimen
20262605_dbgi_009093_01_01.mzML;dbgi_009093;Hieracium murorum L.;NA;Positive;JBC;jbc;Hieracium murorum;Hieracium murorum L.;species;Leaf;0;jbc;46,032917;7,1131480;20250718134429;LCMS – Synapt XS;MeOH/H2O 70;plant specimen
20262605_dbgi_009094_01_01.mzML;dbgi_009094;Leontodon hispidus L.;NA;Positive;JBC;jbc;Leontodon hispidus;Leontodon hispidus L.;species;Leaf;0;jbc;46,032955;7,1125026;20250718140809;LCMS – Synapt XS;MeOH/H2O 70;plant specimen
20262605_dbgi_009096_01_01.mzML;dbgi_009096;Luzula alpinopilosa (Chaix) Breistr.;NA;Positive;JBC;jbc;Luzula alpinopilosa;Luzula alpinopilosa (Chaix) Breistr.;species;Leaf;0;jbc;46,032986;7,1125700;20250718141954;LCMS – Synapt XS;MeOH/H2O 70;plant specimen
20262605_dbgi_009104_01_01.mzML;dbgi_009104;Thymus serphyllum L.;NA;Positive;JBC;jbc;Thymus serphyllum;Thymus serphyllum L.;species;Leaf;0;jbc;46,032960;7,1125126;20250718140653;LCMS – Synapt XS;MeOH/H2O 70;plant specimen
20262605_dbgi_009142_01_01.mzML;dbgi_009142;Saxifraga cuneifolia L.;NA;Positive;JBC;jbc;Saxifraga cuneifolia;Saxifraga cuneifolia L.;species;Leaf;0;jbc;46,032967;7,1128697;20250718135419;LCMS – Synapt XS;MeOH/H2O 70;plant specimen
20262605_dbgi_009167_01_01.mzML;dbgi_009167;Salix caprea L.;NA;Positive;JBC;jbc;Salix caprea;Salix caprea L.;species;Leaf;0;jbc;46,032925;7,1131296;20250718144500;LCMS – Synapt XS;MeOH/H2O 70;plant specimen
20262605_dbgi_009197_01_01.mzML;dbgi_009197;Thymus serpyllum L.;NA;Positive;JBC;jbc;Thymus serpyllum;Thymus serpyllum L.;species;Leaf;0;jbc;46,032986;7,1129074;20250729144331;LCMS – Synapt XS;MeOH/H2O 70;plant specimen
20262605_dbgi_009222_01_01.mzML;dbgi_009222;Campanula rotundifolia L.;NA;Positive;JBC;jbc;Campanula rotundifolia;Campanula rotundifolia L.;species;Leaf;0;jbc;46,032960;7,1128650;20250718133903;LCMS – Synapt XS;MeOH/H2O 70;plant specimen
20262605_dbgi_009246_01_01.mzML;dbgi_009246;Saxifraga flagellaris subsp. flagellaris;NA;Positive;JBC;jbc;Saxifraga flagellaris subsp. flagellaris;Saxifraga flagellaris subsp. flagellaris;subspecies;Leaf;0;jbc;46,032986;7,1127790;20250729165610;LCMS – Synapt XS;MeOH/H2O 70;plant specimen
20262605_dbgi_009274_01_01.mzML;dbgi_009274;Salix retusa L.;NA;Positive;JBC;jbc;Salix retusa;Salix retusa L.;species;Leaf;0;jbc;46,032864;7,1125270;20250718141305;LCMS – Synapt XS;MeOH/H2O 70;plant specimen
20262605_dbgi_009284_01_01.mzML;dbgi_009284;Chamaenerion angustifolium subsp. angustifolium;NA;Positive;JBC;jbc;Chamaenerion angustifolium subsp. angustifolium;Chamaenerion angustifolium subsp. angustifolium;subspecies;Leaf;0;jbc;46,033016;7,1123614;20250718145307;LCMS – Synapt XS;MeOH/H2O 70;plant specimen
20262605_dbgi_009299_01_01.mzML;dbgi_009299;Saxifraga paniculata Mill.;NA;Positive;JBC;jbc;Saxifraga paniculata;Saxifraga paniculata Mill.;species;Leaf;0;jbc;46,032760;7,1128716;20250718143301;LCMS – Synapt XS;MeOH/H2O 70;plant specimen
20262605_dbgi_009309_01_01.mzML;dbgi_009309;Salix hastata L.;NA;Positive;JBC;jbc;Salix hastata;Salix hastata L.;species;Leaf;0;jbc;46,032963;7,1125712;20250718145044;LCMS – Synapt XS;MeOH/H2O 70;plant specimen
20262605_dbgi_009313_01_01.mzML;dbgi_009313;Thymus serpyllum L.;NA;Positive;JBC;jbc;Thymus serpyllum;Thymus serpyllum L.;species;Leaf;0;jbc;46,032950;7,1128290;20250729154034;LCMS – Synapt XS;MeOH/H2O 70;plant specimen
20262605_dbgi_009348_01_01.mzML;dbgi_009348;Salix reticulata L.;NA;Positive;JBC;jbc;Salix reticulata;Salix reticulata L.;species;Leaf;0;jbc;46,033012;7,1128945;20250729172601;LCMS – Synapt XS;MeOH/H2O 70;plant specimen
20262605_dbgi_009441_01_01.mzML;dbgi_009441;Sempervivum tectorum L.;NA;Positive;JBC;jbc;Sempervivum tectorum;Sempervivum tectorum L.;species;Leaf;0;jbc;46,032660;7,1126820;20250805103543;LCMS – Synapt XS;MeOH/H2O 70;plant specimen
20262605_dbgi_009460_01_01.mzML;dbgi_009460;Pinus mugo Turra;NA;Positive;JBC;jbc;Pinus mugo;Pinus mugo Turra;species;Leaf;0;jbc;46,032917;7,1128025;20250805115706;LCMS – Synapt XS;MeOH/H2O 70;plant specimen
20262605_dbgi_009461_01_01.mzML;dbgi_009461;Saxifraga paniculata Mill.;NA;Positive;JBC;jbc;Saxifraga paniculata;Saxifraga paniculata Mill.;species;Leaf;0;jbc;46,032722;7,1128090;20250805103716;LCMS – Synapt XS;MeOH/H2O 70;plant specimen
20262605_dbgi_009488_01_01.mzML;dbgi_009488;Salix reticulata L.;NA;Positive;JBC;jbc;Salix reticulata;Salix reticulata L.;species;Leaf;0;jbc;46,032610;7,1127760;20250805110746;LCMS – Synapt XS;MeOH/H2O 70;plant specimen
250402_ML_Metabo_DDA_sample_10_nr8.mzML;dbgi_003711;Rhus aromatica Aiton;NA;Positive;JBN;jbn;Rhus aromatica;Rhus aromatica Aiton;species;Leaf;0;jbn;46,999750;6,9345775;20240823141022;LCMS – Synapt XS;MeOH/H2O;plant specimen
250402_ML_Metabo_DDA_sample_11_nr8.mzML;dbgi_003337;Lomelosia graminifolia (L.) Greuter & Burdet;NA;Positive;JBN;jbn;Lomelosia graminifolia;Lomelosia graminifolia (L.) Greuter & Burdet;species;Leaf;0;jbn;47,000000;6,9346700;20240723075340;LCMS – Synapt XS;MeOH/H2O;plant specimen
250402_ML_Metabo_DDA_sample_12_nr8.mzML;dbgi_003406;Sempervivum tectorum L.;NA;Positive;JBN;jbn;Sempervivum tectorum;Sempervivum tectorum L.;species;Leaf;0;jbn;46,999603;6,9338680;20240813134723;LCMS – Synapt XS;MeOH/H2O;plant specimen
250402_ML_Metabo_DDA_sample_13_nr8.mzML;dbgi_003273;Koelreuteria paniculata Laxm.;NA;Positive;JBN;jbn;Koelreuteria paniculata;Koelreuteria paniculata Laxm.;species;Leaf;0;jbn;46,999756;6,9347963;20240725161624;LCMS – Synapt XS;MeOH/H2O;plant specimen
250402_ML_Metabo_DDA_sample_14_nr8.mzML;dbgi_003519;Menyanthes trifoliata L.;NA;Positive;JBN;jbn;Menyanthes trifoliata;Menyanthes trifoliata L.;species;Leaf;0;jbn;46,999985;6,9346156;20240723161117;LCMS – Synapt XS;MeOH/H2O;plant specimen
250402_ML_Metabo_DDA_sample_15_nr8.mzML;dbgi_003359;Sempervivum transcaucasicum Muirhead;NA;Positive;JBN;jbn;Sempervivum transcaucasicum;Sempervivum transcaucasicum Muirhead;species;Leaf;0;jbn;46,999977;6,9350170;20240724113248;LCMS – Synapt XS;MeOH/H2O;plant specimen
250402_ML_Metabo_DDA_sample_16_nr8.mzML;dbgi_002050;Dryopteris Adans.;NA;Positive;JBN;jbn;Dryopteris;Dryopteris Adans.;genus;Leaf;0;jbn;47,000275;6,9352010;20240709102446;LCMS – Synapt XS;MeOH/H2O;plant specimen
250402_ML_Metabo_DDA_sample_17_nr8.mzML;dbgi_003858;Cistus albidus L.;NA;Positive;JBN;jbn;Cistus albidus;Cistus albidus L.;species;Leaf;0;jbn;46,999770;6,9339020;20240812102523;LCMS – Synapt XS;MeOH/H2O;plant specimen
250402_ML_Metabo_DDA_sample_18_nr8.mzML;dbgi_003295;Odontarrhena argentea (All.) Ledeb.;NA;Positive;JBN;jbn;Odontarrhena argentea;Odontarrhena argentea (All.) Ledeb.;species;Leaf;1;jbn;46,999940;6,9347477;20240725141040;LCMS – Synapt XS;MeOH/H2O;plant specimen
250402_ML_Metabo_DDA_sample_1_nr8.mzML;dbgi_003749;Choisya × dewitteana Geerinck;NA;Positive;JBN;jbn;Choisya × dewitteana;Choisya × dewitteana Geerinck;species;Leaf;1;jbn;46,999622;6,9339660;20240826113912;LCMS – Synapt XS;MeOH/H2O;plant specimen
250402_ML_Metabo_DDA_sample_20_nr8.mzML;dbgi_003291;Lavandula angustifolia Mill.;NA;Positive;JBN;jbn;Lavandula angustifolia;Lavandula angustifolia Mill.;species;Leaf;0;jbn;46,999790;6,9345430;20240726120025;LCMS – Synapt XS;MeOH/H2O;plant specimen
250402_ML_Metabo_DDA_sample_21_nr8.mzML;dbgi_003738;Lavandula angustifolia Mill.;NA;Positive;JBN;jbn;Lavandula angustifolia;Lavandula angustifolia Mill.;species;Leaf;0;jbn;46,999800;6,9339420;20240812100845;LCMS – Synapt XS;MeOH/H2O;plant specimen
250402_ML_Metabo_DDA_sample_22_nr8.mzML;dbgi_002025;Fragaria vesca L.;NA;Positive;JBN;jbn;Fragaria vesca;Fragaria vesca L.;species;Leaf;0;jbn;47,000263;6,9351826;20240709100357;LCMS – Synapt XS;MeOH/H2O;plant specimen
250402_ML_Metabo_DDA_sample_24_nr8.mzML;dbgi_002158;Actaea spicata L.;NA;Positive;JBN;jbn;Actaea spicata;Actaea spicata L.;species;Leaf;0;jbn;47,000260;6,9351620;20240709095816;LCMS – Synapt XS;MeOH/H2O;plant specimen
250402_ML_Metabo_DDA_sample_25_nr8.mzML;dbgi_002141;Lomelosia minoana (P.H.Davis) Greuter & Burdet;NA;Positive;JBN;jbn;Lomelosia minoana;Lomelosia minoana (P.H.Davis) Greuter & Burdet;species;Leaf;0;jbn;46,999886;6,9348173;20240725122657;LCMS – Synapt XS;MeOH/H2O;plant specimen
250402_ML_Metabo_DDA_sample_26_nr8.mzML;dbgi_003644;Saponaria officinalis L.;NA;Positive;JBN;jbn;Saponaria officinalis;Saponaria officinalis L.;species;Leaf;0;jbn;46,999690;6,9344470;20240814142735;LCMS – Synapt XS;MeOH/H2O;plant specimen
250402_ML_Metabo_DDA_sample_27_nr8.mzML;dbgi_003809;Arabis caucasica Willd.;NA;Positive;JBN;jbn;Arabis caucasica;Arabis caucasica Willd.;species;Leaf;0;jbn;46,999687;6,9341020;20240826122548;LCMS – Synapt XS;MeOH/H2O;plant specimen
250402_ML_Metabo_DDA_sample_28_nr8.mzML;dbgi_003518;Asphodelus albus subsp. occidentalis (Jord.) Z.Díaz & Valdés;NA;Positive;JBN;jbn;Asphodelus albus subsp. occidentalis;Asphodelus albus subsp. occidentalis (Jord.) Z.Díaz & Valdés;subspecies;Leaf;0;jbn;46,999783;6,9344234;20240726142033;LCMS – Synapt XS;MeOH/H2O;plant specimen
250402_ML_Metabo_DDA_sample_29_nr8.mzML;dbgi_003754;Cupressus sempervirens L.;NA;Positive;JBN;jbn;Cupressus sempervirens;Cupressus sempervirens L.;species;Leaf;0;jbn;46,999626;6,9335890;20240812140617;LCMS – Synapt XS;MeOH/H2O;plant specimen
250402_ML_Metabo_DDA_sample_2_nr8.mzML;dbgi_003336;Helictotrichon sempervirens (Vill.) Pilg.;NA;Positive;JBN;jbn;Helictotrichon sempervirens;Helictotrichon sempervirens (Vill.) Pilg.;species;Leaf;0;jbn;46,999996;6,9346905;20240723074832;LCMS – Synapt XS;MeOH/H2O;plant specimen
250402_ML_Metabo_DDA_sample_30_nr8.mzML;dbgi_003744;Cistus L.;NA;Positive;JBN;jbn;Cistus;Cistus L.;genus;Leaf;1;jbn;46,999760;6,9337290;20240812122911;LCMS – Synapt XS;MeOH/H2O;plant specimen
250402_ML_Metabo_DDA_sample_31_nr8.mzML;dbgi_003516;Plantago sempervirens Crantz;NA;Positive;JBN;jbn;Plantago sempervirens;Plantago sempervirens Crantz;species;Leaf;0;jbn;46,999783;6,9344716;20240726142804;LCMS – Synapt XS;MeOH/H2O;plant specimen
250402_ML_Metabo_DDA_sample_32_nr8.mzML;dbgi_002032;Leonurus cardiaca L.;NA;Positive;JBN;jbn;Leonurus cardiaca;Leonurus cardiaca L.;species;Leaf;0;jbn;47,000330;6,9351535;20240709121427;LCMS – Synapt XS;MeOH/H2O;plant specimen
250402_ML_Metabo_DDA_sample_33_nr8.mzML;dbgi_003493;Ilex aquifolium L.;NA;Positive;JBN;jbn;Ilex aquifolium;Ilex aquifolium L.;species;Leaf;0;jbn;46,999462;6,9338403;20240813150851;LCMS – Synapt XS;MeOH/H2O;plant specimen
250402_ML_Metabo_DDA_sample_34_nr8.mzML;dbgi_002040;Hypericum perforatum L.;NA;Positive;JBN;jbn;Hypericum perforatum;Hypericum perforatum L.;species;Leaf;0;jbn;47,000286;6,9351860;20240709104523;LCMS – Synapt XS;MeOH/H2O;plant specimen
250402_ML_Metabo_DDA_sample_35_nr8.mzML;dbgi_003357;Sesleria robusta Schott, Nyman & Kotschy;NA;Positive;JBN;jbn;Sesleria robusta;Sesleria robusta Schott, Nyman & Kotschy;species;Leaf;1;jbn;46,999836;6,9348493;20240725103221;LCMS – Synapt XS;MeOH/H2O;plant specimen
250402_ML_Metabo_DDA_sample_36_nr8.mzML;dbgi_003259;Santolina chamaecyparissus L.;NA;Positive;JBN;jbn;Santolina chamaecyparissus;Santolina chamaecyparissus L.;species;Leaf;0;jbn;46,999863;6,9346013;20240726105853;LCMS – Synapt XS;MeOH/H2O;plant specimen
250402_ML_Metabo_DDA_sample_38_nr8.mzML;dbgi_003410;Ephedra distachya subsp. helvetica (C.A.Mey.) Asch. & Graebn.;NA;Positive;JBN;jbn;Ephedra distachya subsp. helvetica;Ephedra distachya subsp. helvetica (C.A.Mey.) Asch. & Graebn.;subspecies;Leaf;0;jbn;46,999930;6,9346166;20240723153459;LCMS – Synapt XS;MeOH/H2O;plant specimen
250402_ML_Metabo_DDA_sample_39_nr8.mzML;dbgi_002146;Ballota nigra L.;NA;Positive;JBN;jbn;Ballota nigra;Ballota nigra L.;species;Leaf;0;jbn;47,000305;6,9351525;20240709113438;LCMS – Synapt XS;MeOH/H2O;plant specimen
250402_ML_Metabo_DDA_sample_3_nr8.mzML;dbgi_003639;Ribes L.;NA;Positive;JBN;jbn;Ribes;Ribes L.;genus;Leaf;1;jbn;46,999718;6,9345620;20240814153739;LCMS – Synapt XS;MeOH/H2O;plant specimen
250402_ML_Metabo_DDA_sample_40_nr8.mzML;dbgi_003424;Hypericum patulum Thunb.;NA;Positive;JBN;jbn;Hypericum patulum;Hypericum patulum Thunb.;species;Leaf;0;jbn;47,000107;6,9343190;20240726161120;LCMS – Synapt XS;MeOH/H2O;plant specimen
250402_ML_Metabo_DDA_sample_41_nr8.mzML;dbgi_003699;Pelargonium L'Hér.;NA;Positive;JBN;jbn;Pelargonium;Pelargonium L'Hér.;genus;Leaf;1;jbn;46,999683;6,9344563;20240814143218;LCMS – Synapt XS;MeOH/H2O;plant specimen
250402_ML_Metabo_DDA_sample_42_nr8.mzML;dbgi_003365;Potentilla caulescens L.;NA;Positive;JBN;jbn;Potentilla caulescens;Potentilla caulescens L.;species;Leaf;0;jbn;46,999970;6,9345675;20240723163112;LCMS – Synapt XS;MeOH/H2O;plant specimen
250402_ML_Metabo_DDA_sample_43_nr8.mzML;dbgi_003549;Mentha spicata L.;NA;Positive;JBN;jbn;Mentha spicata;Mentha spicata L.;species;Leaf;0;jbn;46,999730;6,9345784;20240823135412;LCMS – Synapt XS;MeOH/H2O;plant specimen
250402_ML_Metabo_DDA_sample_44_nr8.mzML;dbgi_003412;Linaria purpurea (L.) Mill.;NA;Positive;JBN;jbn;Linaria purpurea;Linaria purpurea (L.) Mill.;species;Leaf;0;jbn;46,999664;6,9338837;20240813110303;LCMS – Synapt XS;MeOH/H2O;plant specimen
250402_ML_Metabo_DDA_sample_45_nr8.mzML;dbgi_002055;Agapanthus africanus (L.) Hoffmanns.;NA;Positive;JBN;jbn;Agapanthus africanus;Agapanthus africanus (L.) Hoffmanns.;species;Leaf;1;jbn;47,000200;6,9347560;20240710143734;LCMS – Synapt XS;MeOH/H2O;plant specimen
250402_ML_Metabo_DDA_sample_47_nr8.mzML;dbgi_002104;Aruncus dioicus (Walter) Fernald;NA;Positive;JBN;jbn;Aruncus dioicus;Aruncus dioicus (Walter) Fernald;species;Leaf;0;jbn;47,000286;6,9351945;20240709103552;LCMS – Synapt XS;MeOH/H2O;plant specimen
250402_ML_Metabo_DDA_sample_48_nr8.mzML;dbgi_002152;Origanum vulgare L.;NA;Positive;JBN;jbn;Origanum vulgare;Origanum vulgare L.;species;Leaf;0;jbn;47,000260;6,9349640;20240710125721;LCMS – Synapt XS;MeOH/H2O;plant specimen
250402_ML_Metabo_DDA_sample_49_nr8.mzML;dbgi_003867;Cistus monspeliensis L.;NA;Positive;JBN;jbn;Cistus monspeliensis;Cistus monspeliensis L.;species;Leaf;0;jbn;46,999780;6,9338202;20240812114348;LCMS – Synapt XS;MeOH/H2O;plant specimen
250402_ML_Metabo_DDA_sample_4_nr8.mzML;dbgi_002037;Rosa gallica L.;NA;Positive;JBN;jbn;Rosa gallica;Rosa gallica L.;species;Leaf;1;jbn;47,000347;6,9351306;20240710135619;LCMS – Synapt XS;MeOH/H2O;plant specimen
250402_ML_Metabo_DDA_sample_51_nr8.mzML;dbgi_003479;Dianthus subacaulis Vill.;NA;Positive;JBN;jbn;Dianthus subacaulis;Dianthus subacaulis Vill.;species;Leaf;0;jbn;46,999800;6,9344190;20240726141042;LCMS – Synapt XS;MeOH/H2O;plant specimen
250402_ML_Metabo_DDA_sample_52_nr8.mzML;dbgi_003548;Grindelia integrifolia DC.;NA;Positive;JBN;jbn;Grindelia integrifolia;Grindelia integrifolia DC.;species;Leaf;1;jbn;46,999520;6,9339300;20240826104439;LCMS – Synapt XS;MeOH/H2O;plant specimen
250402_ML_Metabo_DDA_sample_53_nr8.mzML;dbgi_002218;Verbena officinalis L.;NA;Positive;JBN;jbn;Verbena officinalis;Verbena officinalis L.;species;Leaf;0;jbn;47,000324;6,9351754;20240709112401;LCMS – Synapt XS;MeOH/H2O;plant specimen
250402_ML_Metabo_DDA_sample_54_nr8.mzML;dbgi_003494;Cerinthe glabra Mill.;NA;Positive;JBN;jbn;Cerinthe glabra;Cerinthe glabra Mill.;species;Leaf;1;jbn;46,999800;6,9343410;20240726134958;LCMS – Synapt XS;MeOH/H2O;plant specimen
250402_ML_Metabo_DDA_sample_55_nr8.mzML;dbgi_003737;Phlox paniculata L.;NA;Positive;JBN;jbn;Phlox paniculata;Phlox paniculata L.;species;Leaf;1;jbn;46,999710;6,9344597;20240814134138;LCMS – Synapt XS;MeOH/H2O;plant specimen
250402_ML_Metabo_DDA_sample_56_nr8.mzML;dbgi_002149;Nepeta melissifolia Lam.;NA;Positive;JBN;jbn;Nepeta melissifolia;Nepeta melissifolia Lam.;species;Leaf;0;jbn;46,999900;6,9348927;20240725094829;LCMS – Synapt XS;MeOH/H2O;plant specimen
250402_ML_Metabo_DDA_sample_57_nr8.mzML;dbgi_003859;Iris foetidissima L.;NA;Positive;JBN;jbn;Iris foetidissima;Iris foetidissima L.;species;Leaf;0;jbn;46,999740;6,9337370;20240812115811;LCMS – Synapt XS;MeOH/H2O;plant specimen
250402_ML_Metabo_DDA_sample_58_nr8.mzML;dbgi_003363;Psephellus bellus (Trautv.) Wagenitz;NA;Positive;JBN;jbn;Psephellus bellus;Psephellus bellus (Trautv.) Wagenitz;species;Leaf;1;jbn;47,000008;6,9349313;20240724123259;LCMS – Synapt XS;MeOH/H2O;plant specimen
250402_ML_Metabo_DDA_sample_59_nr8.mzML;dbgi_003408;Iris pseudacorus L.;NA;Positive;JBN;jbn;Iris pseudacorus;Iris pseudacorus L.;species;Leaf;0;jbn;46,999954;6,9346623;20240723090517;LCMS – Synapt XS;MeOH/H2O;plant specimen
250402_ML_Metabo_DDA_sample_5_nr8.mzML;dbgi_002213;Saponaria officinalis L.;NA;Positive;JBN;jbn;Saponaria officinalis;Saponaria officinalis L.;species;Leaf;0;jbn;47,000305;6,9351140;20240709114541;LCMS – Synapt XS;MeOH/H2O;plant specimen
250402_ML_Metabo_DDA_sample_60_nr8.mzML;dbgi_002157;Rubus idaeus L.;NA;Positive;JBN;jbn;Rubus idaeus;Rubus idaeus L.;species;Leaf;0;jbn;47,000282;6,9351764;20240709105435;LCMS – Synapt XS;MeOH/H2O;plant specimen
250402_ML_Metabo_DDA_sample_61_nr8.mzML;dbgi_002203;Bryonia dioica Jacq.;NA;Positive;JBN;jbn;Bryonia dioica;Bryonia dioica Jacq.;species;Leaf;0;jbn;47,000280;6,9351910;20240709102030;LCMS – Synapt XS;MeOH/H2O;plant specimen
250402_ML_Metabo_DDA_sample_62_nr8.mzML;dbgi_003650;Crambe maritima L.;NA;Positive;JBN;jbn;Crambe maritima;Crambe maritima L.;species;Leaf;0;jbn;46,999600;6,9339585;20240826113033;LCMS – Synapt XS;MeOH/H2O;plant specimen
250402_ML_Metabo_DDA_sample_63_nr8.mzML;dbgi_003501;Arbutus unedo L.;NA;Positive;JBN;jbn;Arbutus unedo;Arbutus unedo L.;species;Leaf;0;jbn;46,999805;6,9342475;20240726151159;LCMS – Synapt XS;MeOH/H2O;plant specimen
250402_ML_Metabo_DDA_sample_64_nr8.mzML;dbgi_003814;Rhodotypos scandens (Thunb.) Makino;NA;Positive;JBN;jbn;Rhodotypos scandens;Rhodotypos scandens (Thunb.) Makino;species;Leaf;0;jbn;46,999702;6,9346576;20240823144453;LCMS – Synapt XS;MeOH/H2O;plant specimen
250402_ML_Metabo_DDA_sample_65_nr8.mzML;dbgi_003612;Salvia officinalis L.;NA;Positive;JBN;jbn;Salvia officinalis;Salvia officinalis L.;species;Leaf;0;jbn;46,999714;6,9344387;20240814132001;LCMS – Synapt XS;MeOH/H2O;plant specimen
250402_ML_Metabo_DDA_sample_66_nr8.mzML;dbgi_003852;Cistus salviifolius L.;NA;Positive;JBN;jbn;Cistus salviifolius;Cistus salviifolius L.;species;Leaf;0;jbn;46,999770;6,9338975;20240812102837;LCMS – Synapt XS;MeOH/H2O;plant specimen
250402_ML_Metabo_DDA_sample_67_nr8.mzML;dbgi_003623;Monarda citriodora Cerv. ex Lag.;NA;Positive;JBN;jbn;Monarda citriodora;Monarda citriodora Cerv. ex Lag.;species;Leaf;1;jbn;46,999740;6,9345946;20240823140517;LCMS – Synapt XS;MeOH/H2O;plant specimen
250402_ML_Metabo_DDA_sample_68_nr8.mzML;dbgi_003328;Paronychia Mill.;NA;Positive;JBN;jbn;Paronychia;Paronychia Mill.;genus;Leaf;0;jbn;46,999980;6,9347340;20240723054513;LCMS – Synapt XS;MeOH/H2O;plant specimen
250402_ML_Metabo_DDA_sample_69_nr8.mzML;dbgi_003534;Santolina neapolitana Jord. & Fourr.;NA;Positive;JBN;jbn;Santolina neapolitana;Santolina neapolitana Jord. & Fourr.;species;Leaf;0;jbn;46,999930;6,9347744;20240725141829;LCMS – Synapt XS;MeOH/H2O;plant specimen
250402_ML_Metabo_DDA_sample_6_nr8.mzML;dbgi_003803;Catananche caerulea L.;NA;Positive;JBN;jbn;Catananche caerulea;Catananche caerulea L.;species;Leaf;0;jbn;46,999510;6,9339310;20240826103543;LCMS – Synapt XS;MeOH/H2O;plant specimen
250402_ML_Metabo_DDA_sample_70_nr8.mzML;dbgi_003944;Carex muskingumensis Schwein.;NA;Positive;JBN;jbn;Carex muskingumensis;Carex muskingumensis Schwein.;species;Leaf;1;jbn;46,999573;6,9344150;20240826160649;LCMS – Synapt XS;MeOH/H2O;plant specimen
250402_ML_Metabo_DDA_sample_71_nr8.mzML;dbgi_003454;Saxifraga trifurcata Schrad.;NA;Positive;JBN;jbn;Saxifraga trifurcata;Saxifraga trifurcata Schrad.;species;Leaf;0;jbn;46,999886;6,9346670;20240725153418;LCMS – Synapt XS;MeOH/H2O;plant specimen
250402_ML_Metabo_DDA_sample_72_nr8.mzML;dbgi_002065;Pelargonium L'Hér.;NA;Positive;JBN;jbn;Pelargonium;Pelargonium L'Hér.;genus;Leaf;0;jbn;47,000294;6,9351096;20240709114855;LCMS – Synapt XS;MeOH/H2O;plant specimen
250402_ML_Metabo_DDA_sample_73_nr8.mzML;dbgi_003299;Satureja montana L.;NA;Positive;JBN;jbn;Satureja montana;Satureja montana L.;species;Leaf;0;jbn;46,999874;6,9347080;20240725151647;LCMS – Synapt XS;MeOH/H2O;plant specimen
250402_ML_Metabo_DDA_sample_74_nr8.mzML;dbgi_003284;Lonicera etrusca Santi;NA;Positive;JBN;jbn;Lonicera etrusca;Lonicera etrusca Santi;species;Leaf;0;jbn;46,999790;6,9343130;20240726124627;LCMS – Synapt XS;MeOH/H2O;plant specimen
250402_ML_Metabo_DDA_sample_75_nr8.mzML;dbgi_003675;Sinojackia rehderiana Hu;NA;Positive;JBN;jbn;Sinojackia rehderiana;Sinojackia rehderiana Hu;species;Leaf;1;jbn;46,999700;6,9347890;20240823150834;LCMS – Synapt XS;MeOH/H2O;plant specimen
250402_ML_Metabo_DDA_sample_76_nr8.mzML;dbgi_002097;Schinus molle L.;NA;Positive;JBN;jbn;Schinus molle;Schinus molle L.;species;Leaf;0;jbn;47,000187;6,9347630;20240710144040;LCMS – Synapt XS;MeOH/H2O;plant specimen
250402_ML_Metabo_DDA_sample_77_nr8.mzML;dbgi_003349;Trinia glauca (L.) Dumort.;NA;Positive;JBN;jbn;Trinia glauca;Trinia glauca (L.) Dumort.;species;Leaf;1;jbn;46,999996;6,9347240;20240723043439;LCMS – Synapt XS;MeOH/H2O;plant specimen
250402_ML_Metabo_DDA_sample_78_nr8.mzML;dbgi_003448;Hieracium pilosum Schleich. ex Froel.;NA;Positive;JBN;jbn;Hieracium pilosum;Hieracium pilosum Schleich. ex Froel.;species;Leaf;1;jbn;46,999930;6,9346213;20240723153121;LCMS – Synapt XS;MeOH/H2O;plant specimen
250402_ML_Metabo_DDA_sample_7_nr8.mzML;dbgi_003466;Origanum scabrum Boiss. & Heldr.;NA;Positive;JBN;jbn;Origanum scabrum;Origanum scabrum Boiss. & Heldr.;species;Leaf;0;jbn;46,999836;6,9347690;20240725105546;LCMS – Synapt XS;MeOH/H2O;plant specimen
250402_ML_Metabo_DDA_sample_8_nr8.mzML;dbgi_003578;Oenothera macrocarpa Nutt.;NA;Positive;JBN;jbn;Oenothera macrocarpa;Oenothera macrocarpa Nutt.;species;Leaf;0;jbn;46,999660;6,9340315;20240826115619;LCMS – Synapt XS;MeOH/H2O;plant specimen
250402_ML_Metabo_DDA_sample_9_nr8.mzML;dbgi_002205;Stauntonia hexaphylla (Thunb.) Decne.;NA;Positive;JBN;jbn;Stauntonia hexaphylla;Stauntonia hexaphylla (Thunb.) Decne.;species;Leaf;1;jbn;46,999737;6,9340220;20240813115239;LCMS – Synapt XS;MeOH/H2O;plant specimen
250403_ML_Metabo_DDA_sample_100_nr8.mzML;dbgi_003683;Rosa lucieae Franch. & Rochebr.;NA;Positive;JBN;jbn;Rosa lucieae;Rosa lucieae Franch. & Rochebr.;species;Leaf;1;jbn;46,999720;6,9346857;20240823151249;LCMS – Synapt XS;MeOH/H2O;plant specimen
250403_ML_Metabo_DDA_sample_101_nr8.mzML;dbgi_002156;Salvia pratensis L.;NA;Positive;JBN;jbn;Salvia pratensis;Salvia pratensis L.;species;Leaf;0;jbn;47,000244;6,9349165;20240710132757;LCMS – Synapt XS;MeOH/H2O;plant specimen
250403_ML_Metabo_DDA_sample_102_nr8.mzML;dbgi_003390;Solanum nigrum L.;NA;Positive;JBN;jbn;Solanum nigrum;Solanum nigrum L.;species;Leaf;1;jbn;46,999596;6,9338730;20240813134422;LCMS – Synapt XS;MeOH/H2O;plant specimen
250403_ML_Metabo_DDA_sample_104_nr8.mzML;dbgi_003351;Linum tenuifolium L.;NA;Positive;JBN;jbn;Linum tenuifolium;Linum tenuifolium L.;species;Leaf;0;jbn;46,999977;6,9347277;20240723054116;LCMS – Synapt XS;MeOH/H2O;plant specimen
250403_ML_Metabo_DDA_sample_105_nr8.mzML;dbgi_001992;Salvia officinalis L.;NA;Positive;JBN;jbn;Salvia officinalis;Salvia officinalis L.;species;Leaf;0;jbn;47,000300;6,9350786;20240710104400;LCMS – Synapt XS;MeOH/H2O;plant specimen
250403_ML_Metabo_DDA_sample_106_nr8.mzML;dbgi_003785;Houttuynia cordata Thunb.;NA;Positive;JBN;jbn;Houttuynia cordata;Houttuynia cordata Thunb.;species;Leaf;1;jbn;46,999730;6,9345000;20240823133317;LCMS – Synapt XS;MeOH/H2O;plant specimen
250403_ML_Metabo_DDA_sample_108_nr8.mzML;dbgi_003405;Alchemilla mollis (Buser) Rothm.;NA;Positive;JBN;jbn;Alchemilla mollis;Alchemilla mollis (Buser) Rothm.;species;Leaf;0;jbn;46,999943;6,9346380;20240723091521;LCMS – Synapt XS;MeOH/H2O;plant specimen
250403_ML_Metabo_DDA_sample_109_nr8.mzML;dbgi_003778;Rubus idaeus L.;NA;Positive;JBN;jbn;Rubus idaeus;Rubus idaeus L.;species;Leaf;0;jbn;46,999733;6,9343860;20240814111512;LCMS – Synapt XS;MeOH/H2O;plant specimen
250403_ML_Metabo_DDA_sample_110_nr8.mzML;dbgi_003381;Petrorhagia saxifraga (L.) Link;NA;Positive;JBN;jbn;Petrorhagia saxifraga;Petrorhagia saxifraga (L.) Link;species;Leaf;0;jbn;46,999910;6,9348545;20240724142813;LCMS – Synapt XS;MeOH/H2O;plant specimen
250403_ML_Metabo_DDA_sample_111_nr8.mzML;dbgi_002231;Ononis spinosa L.;NA;Positive;JBN;jbn;Ononis spinosa;Ononis spinosa L.;species;Leaf;0;jbn;47,000187;6,9349227;20240708110153;LCMS – Synapt XS;MeOH/H2O;plant specimen
250403_ML_Metabo_DDA_sample_112_nr8.mzML;dbgi_003342;Tulipa saxatilis Sieber ex Spreng.;NA;Positive;JBN;jbn;Tulipa saxatilis;Tulipa saxatilis Sieber ex Spreng.;species;Leaf;0;jbn;46,999954;6,9349413;20240724115836;LCMS – Synapt XS;MeOH/H2O;plant specimen
250403_ML_Metabo_DDA_sample_114_nr8.mzML;dbgi_002117;Sanguisorba officinalis L.;NA;Positive;JBN;jbn;Sanguisorba officinalis;Sanguisorba officinalis L.;species;Leaf;0;jbn;47,000270;6,9349410;20240710125032;LCMS – Synapt XS;MeOH/H2O;plant specimen
250403_ML_Metabo_DDA_sample_115_nr8.mzML;dbgi_003286;Scolymus hispanicus L.;NA;Positive;JBN;jbn;Scolymus hispanicus;Scolymus hispanicus L.;species;Leaf;0;jbn;46,999855;6,9346323;20240726112904;LCMS – Synapt XS;MeOH/H2O;plant specimen
250403_ML_Metabo_DDA_sample_116_nr8.mzML;dbgi_002151;Rosa gallica L.;NA;Positive;JBN;jbn;Rosa gallica;Rosa gallica L.;species;Leaf;1;jbn;47,000280;6,9348900;20240710141905;LCMS – Synapt XS;MeOH/H2O;plant specimen
250403_ML_Metabo_DDA_sample_117_nr8.mzML;dbgi_003793;Coronilla valentina subsp. glauca (L.) Batt.;NA;Positive;JBN;jbn;Coronilla valentina subsp. glauca;Coronilla valentina subsp. glauca (L.) Batt.;subspecies;Leaf;0;jbn;46,999660;6,9338590;20240813102954;LCMS – Synapt XS;MeOH/H2O;plant specimen
250403_ML_Metabo_DDA_sample_118_nr8.mzML;dbgi_003781;Tagetes lucida Cav.;NA;Positive;JBN;jbn;Tagetes lucida;Tagetes lucida Cav.;species;Leaf;1;jbn;46,999733;6,9344244;20240814123602;LCMS – Synapt XS;NA;plant specimen
250403_ML_Metabo_DDA_sample_119_nr8.mzML;dbgi_003394;Spartium junceum L.;NA;Positive;JBN;jbn;Spartium junceum;Spartium junceum L.;species;Leaf;0;jbn;46,999720;6,9339185;20240813131756;LCMS – Synapt XS;MeOH/H2O;plant specimen
250403_ML_Metabo_DDA_sample_120_nr8.mzML;dbgi_003361;Salvia tomentosa Mill.;NA;Positive;JBN;jbn;Salvia tomentosa;Salvia tomentosa Mill.;species;Leaf;0;jbn;46,999977;6,9349410;20240724121221;LCMS – Synapt XS;MeOH/H2O;plant specimen
250403_ML_Metabo_DDA_sample_121_nr8.mzML;dbgi_003642;Phlomis chrysophylla Boiss.;NA;Positive;JBN;jbn;Phlomis chrysophylla;Phlomis chrysophylla Boiss.;species;Leaf;0;jbn;46,999767;6,9337860;20240812120902;LCMS – Synapt XS;MeOH/H2O;plant specimen
250403_ML_Metabo_DDA_sample_122_nr8.mzML;dbgi_002208;Rosa × alba L.;NA;Positive;JBN;jbn;Rosa × alba;Rosa × alba L.;species;Leaf;1;jbn;47,000282;6,9349017;20240710141536;LCMS – Synapt XS;MeOH/H2O;plant specimen
250403_ML_Metabo_DDA_sample_123_nr8.mzML;dbgi_002225;Aconitum napellus L.;NA;Positive;JBN;jbn;Aconitum napellus;Aconitum napellus L.;species;Leaf;0;jbn;46,999428;6,9337610;20240813152104;LCMS – Synapt XS;MeOH/H2O;plant specimen
250403_ML_Metabo_DDA_sample_124_nr8.mzML;dbgi_002142;Ruta graveolens L.;NA;Positive;JBN;jbn;Ruta graveolens;Ruta graveolens L.;species;Leaf;0;jbn;47,000275;6,9350210;20240710113005;LCMS – Synapt XS;MeOH/H2O;plant specimen
250403_ML_Metabo_DDA_sample_125_nr8.mzML;dbgi_003844;Ribes L.;NA;Positive;JBN;jbn;Ribes;Ribes L.;genus;Leaf;1;jbn;46,999714;6,9345546;20240814153445;LCMS – Synapt XS;MeOH/H2O;plant specimen
250403_ML_Metabo_DDA_sample_127_nr8.mzML;dbgi_001960;Heracleum sphondylium L.;NA;Positive;JBN;jbn;Heracleum sphondylium;Heracleum sphondylium L.;species;Leaf;0;jbn;47,000275;6,9349420;20240710124440;LCMS – Synapt XS;MeOH/H2O;plant specimen
250403_ML_Metabo_DDA_sample_128_nr8.mzML;dbgi_003380;Dianthus spiculifolius Schur;NA;Positive;JBN;jbn;Dianthus spiculifolius;Dianthus spiculifolius Schur;species;Leaf;0;jbn;46,999940;6,9348550;20240724153335;LCMS – Synapt XS;MeOH/H2O;plant specimen
250403_ML_Metabo_DDA_sample_129_nr8.mzML;dbgi_003512;Ricinus communis L.;NA;Positive;JBN;jbn;Ricinus communis;Ricinus communis L.;species;Leaf;1;jbn;46,999542;6,9338320;20240813150030;LCMS – Synapt XS;MeOH/H2O;plant specimen
250403_ML_Metabo_DDA_sample_130_nr8.mzML;dbgi_003579;Wisteria floribunda (Willd.) DC.;NA;Positive;JBN;jbn;Wisteria floribunda;Wisteria floribunda (Willd.) DC.;species;Leaf;0;jbn;46,999740;6,9344340;20240814125431;LCMS – Synapt XS;MeOH/H2O;plant specimen
250403_ML_Metabo_DDA_sample_131_nr8.mzML;dbgi_002129;Dracocephalum officinale subsp. officinale;NA;Positive;JBN;jbn;Dracocephalum officinale subsp. officinale;Dracocephalum officinale subsp. officinale;subspecies;Leaf;0;jbn;47,000300;6,9350553;20240710105049;LCMS – Synapt XS;MeOH/H2O;plant specimen
250403_ML_Metabo_DDA_sample_132_nr8.mzML;dbgi_001963;Achillea millefolium L.;NA;Positive;JBN;jbn;Achillea millefolium;Achillea millefolium L.;species;Leaf;0;jbn;47,000267;6,9349290;20240710135220;LCMS – Synapt XS;NA;plant specimen
250403_ML_Metabo_DDA_sample_133_nr8.mzML;dbgi_003459;Stipa ucrainica P.A.Smirn.;NA;Positive;JBN;jbn;Stipa ucrainica;Stipa ucrainica P.A.Smirn.;species;Leaf;0;jbn;46,999950;6,9349055;20240724150532;LCMS – Synapt XS;MeOH/H2O;plant specimen
250403_ML_Metabo_DDA_sample_134_nr8.mzML;dbgi_002086;Goniolimon tataricum (L.) Boiss.;NA;Positive;JBN;jbn;Goniolimon tataricum;Goniolimon tataricum (L.) Boiss.;species;Leaf;0;jbn;46,999935;6,9349010;20240724150040;LCMS – Synapt XS;MeOH/H2O;plant specimen
250403_ML_Metabo_DDA_sample_135_nr8.mzML;dbgi_002115;Sium sisarum L.;NA;Positive;JBN;jbn;Sium sisarum;Sium sisarum L.;species;Leaf;0;jbn;47,000286;6,9350370;20240710111823;LCMS – Synapt XS;MeOH/H2O;plant specimen
250403_ML_Metabo_DDA_sample_136_nr8.mzML;dbgi_002018;Juniperus L.;NA;Positive;JBN;jbn;Juniperus;Juniperus L.;genus;Leaf;0;jbn;46,999702;6,9339300;20240813113052;LCMS – Synapt XS;MeOH/H2O;plant specimen
250403_ML_Metabo_DDA_sample_137_nr8.mzML;dbgi_003662;Tellima grandiflora (Pursh) Douglas ex Lindl.;NA;Positive;JBN;jbn;Tellima grandiflora;Tellima grandiflora (Pursh) Douglas ex Lindl.;species;Leaf;0;jbn;46,999720;6,9344807;20240814140221;LCMS – Synapt XS;MeOH/H2O;plant specimen
250403_ML_Metabo_DDA_sample_138_nr8.mzML;dbgi_003428;Hypericum perforatum L.;NA;Positive;JBN;jbn;Hypericum perforatum;Hypericum perforatum L.;species;Leaf;0;jbn;46,999607;6,9338617;20240813135302;LCMS – Synapt XS;MeOH/H2O;plant specimen
250403_ML_Metabo_DDA_sample_139_nr8.mzML;dbgi_003314;Festuca ovina L.;NA;Positive;JBN;jbn;Festuca ovina;Festuca ovina L.;species;Leaf;0;jbn;46,999992;6,9347153;20240723044242;LCMS – Synapt XS;MeOH/H2O;plant specimen
250403_ML_Metabo_DDA_sample_140_nr8.mzML;dbgi_003656;Pelargonium graveolens (Thunb.) L'Hér.;NA;Positive;JBN;jbn;Pelargonium graveolens;Pelargonium graveolens (Thunb.) L'Hér.;species;Leaf;0;jbn;46,999680;6,9344616;20240814144410;LCMS – Synapt XS;MeOH/H2O;plant specimen
250403_ML_Metabo_DDA_sample_141_nr8.mzML;dbgi_003407;Acorus calamus L.;NA;Positive;JBN;jbn;Acorus calamus;Acorus calamus L.;species;Leaf;0;jbn;46,999990;6,9346375;20240723161347;LCMS – Synapt XS;MeOH/H2O;plant specimen
250403_ML_Metabo_DDA_sample_143_nr8.mzML;dbgi_003383;Iris graminea L.;NA;Positive;JBN;jbn;Iris graminea;Iris graminea L.;species;Leaf;0;jbn;46,999916;6,9347734;20240725143543;LCMS – Synapt XS;MeOH/H2O;plant specimen
250403_ML_Metabo_DDA_sample_144_nr8.mzML;dbgi_003478;Erinacea anthyllis subsp. anthyllis;NA;Positive;JBN;jbn;Erinacea anthyllis subsp. anthyllis;Erinacea anthyllis subsp. anthyllis;subspecies;Leaf;0;jbn;46,999805;6,9345107;20240726150431;LCMS – Synapt XS;MeOH/H2O;plant specimen
250403_ML_Metabo_DDA_sample_145_nr8.mzML;dbgi_003736;Salvia sclarea L.;NA;Positive;JBN;jbn;Salvia sclarea;Salvia sclarea L.;species;Leaf;0;jbn;46,999596;6,9336730;20240812145933;LCMS – Synapt XS;MeOH/H2O;plant specimen
250403_ML_Metabo_DDA_sample_146_nr8.mzML;dbgi_003377;Juniperus thurifera subsp. thurifera;NA;Positive;JBN;jbn;Juniperus thurifera subsp. thurifera;Juniperus thurifera subsp. thurifera;subspecies;Leaf;0;jbn;46,999817;6,9346757;20240725161135;LCMS – Synapt XS;MeOH/H2O;plant specimen
250403_ML_Metabo_DDA_sample_147_nr8.mzML;dbgi_003296;Alyssoides utriculata subsp. bulgarica (Sagorski) Hartvig;NA;Positive;JBN;jbn;Alyssoides utriculata subsp. bulgarica;Alyssoides utriculata subsp. bulgarica (Sagorski) Hartvig;subspecies;Leaf;0;jbn;46,999947;6,9348400;20240724154416;LCMS – Synapt XS;MeOH/H2O;plant specimen
250403_ML_Metabo_DDA_sample_148_nr8.mzML;dbgi_003562;Ocimum americanum L.;NA;Positive;JBN;jbn;Ocimum americanum;Ocimum americanum L.;species;Leaf;1;jbn;46,999740;6,9344720;20240814154003;LCMS – Synapt XS;MeOH/H2O;plant specimen
250403_ML_Metabo_DDA_sample_149_nr8.mzML;dbgi_001971;Silene vallesia L.;NA;Positive;JBN;jbn;Silene vallesia;Silene vallesia L.;species;Leaf;0;jbn;47,000034;6,9348130;20240712105934;LCMS – Synapt XS;MeOH/H2O;plant specimen
250403_ML_Metabo_DDA_sample_150_nr8.mzML;dbgi_003340;Festuca valesiaca Schleich. ex Gaudin;NA;Positive;JBN;jbn;Festuca valesiaca;Festuca valesiaca Schleich. ex Gaudin;species;Leaf;0;jbn;46,999992;6,9346905;20240723050621;LCMS – Synapt XS;NA;plant specimen
250403_ML_Metabo_DDA_sample_152_nr8.mzML;dbgi_003462;Linum flavum L.;NA;Positive;JBN;jbn;Linum flavum;Linum flavum L.;species;Leaf;0;jbn;46,999924;6,9348620;20240724144552;LCMS – Synapt XS;MeOH/H2O;plant specimen
250403_ML_Metabo_DDA_sample_153_nr8.mzML;dbgi_002235;Cannabis sativa L.;NA;Positive;JBN;jbn;Cannabis sativa;Cannabis sativa L.;species;Leaf;0;jbn;47,000294;6,9350467;20240710110630;LCMS – Synapt XS;MeOH/H2O;plant specimen
250403_ML_Metabo_DDA_sample_154_nr8.mzML;dbgi_002009;Linum usitatissimum L.;NA;Positive;JBN;jbn;Linum usitatissimum;Linum usitatissimum L.;species;Leaf;0;jbn;47,000267;6,9350038;20240710115302;LCMS – Synapt XS;MeOH/H2O;plant specimen
250403_ML_Metabo_DDA_sample_155_nr8.mzML;dbgi_002183;Pulsatilla vulgaris Mill.;NA;Positive;JBN;jbn;Pulsatilla vulgaris;Pulsatilla vulgaris Mill.;species;Leaf;0;jbn;47,000263;6,9349523;20240710130137;LCMS – Synapt XS;MeOH/H2O;plant specimen
250403_ML_Metabo_DDA_sample_156_nr8.mzML;dbgi_003525;Aristolochia clematitis L.;NA;Positive;JBN;jbn;Aristolochia clematitis;Aristolochia clematitis L.;species;Leaf;0;jbn;46,999546;6,9338270;20240813141307;LCMS – Synapt XS;MeOH/H2O;plant specimen
250403_ML_Metabo_DDA_sample_79_nr8.mzML;dbgi_002024;Mcneillia stellata (E.D.Clarke) Dillenb. & Kadereit;NA;Positive;JBN;jbn;Mcneillia stellata;Mcneillia stellata (E.D.Clarke) Dillenb. & Kadereit;species;Leaf;1;jbn;46,999935;6,9348063;20240725115418;LCMS – Synapt XS;MeOH/H2O;plant specimen
250403_ML_Metabo_DDA_sample_80_nr8.mzML;dbgi_003262;Trachelium caeruleum L.;NA;Positive;JBN;jbn;Trachelium caeruleum;Trachelium caeruleum L.;species;Leaf;0;jbn;46,999847;6,9346300;20240726113634;LCMS – Synapt XS;MeOH/H2O;plant specimen
250403_ML_Metabo_DDA_sample_81_nr8.mzML;dbgi_003734;Vitex agnus-castus L.;NA;Positive;JBN;jbn;Vitex agnus-castus;Vitex agnus-castus L.;species;Leaf;0;jbn;46,999695;6,9335814;20240812124901;LCMS – Synapt XS;MeOH/H2O;plant specimen
250403_ML_Metabo_DDA_sample_82_nr8.mzML;dbgi_002099;Cornus sanguinea L.;NA;Positive;JBN;jbn;Cornus sanguinea;Cornus sanguinea L.;species;Leaf;0;jbn;47,000145;6,9348620;20240708110747;LCMS – Synapt XS;MeOH/H2O;plant specimen
250403_ML_Metabo_DDA_sample_83_nr8.mzML;dbgi_002197;Buxus sempervirens L.;NA;Positive;JBN;jbn;Buxus sempervirens;Buxus sempervirens L.;species;Leaf;0;jbn;47,000187;6,9349770;20240708114211;LCMS – Synapt XS;MeOH/H2O;plant specimen
250403_ML_Metabo_DDA_sample_84_nr8.mzML;dbgi_002004;Angelica archangelica L.;NA;Positive;JBN;jbn;Angelica archangelica;Angelica archangelica L.;species;Leaf;0;jbn;47,000300;6,9350520;20240710105654;LCMS – Synapt XS;MeOH/H2O;plant specimen
250403_ML_Metabo_DDA_sample_85_nr8.mzML;dbgi_003956;Lactuca sativa L.;NA;Positive;JBN;jbn;Lactuca sativa;Lactuca sativa L.;species;Leaf;1;jbn;46,999737;6,9342580;20240814104511;LCMS – Synapt XS;MeOH/H2O;plant specimen
250403_ML_Metabo_DDA_sample_86_nr8.mzML;dbgi_001953;Rosa × damascena Mill.;NA;Positive;JBN;jbn;Rosa × damascena;Rosa × damascena Mill.;species;Leaf;1;jbn;47,000320;6,9350220;20240710140529;LCMS – Synapt XS;MeOH/H2O;plant specimen
250403_ML_Metabo_DDA_sample_87_nr8.mzML;dbgi_003509;Festuca acuminata Gaudin;NA;Positive;JBN;jbn;Festuca acuminata;Festuca acuminata Gaudin;species;Leaf;0;jbn;46,999930;6,9346046;20240723155825;LCMS – Synapt XS;MeOH/H2O;plant specimen
250403_ML_Metabo_DDA_sample_88_nr8.mzML;dbgi_003670;Muscari armeniacum H.J.Veitch;NA;Positive;JBN;jbn;Muscari armeniacum;Muscari armeniacum H.J.Veitch;species;Leaf;0;jbn;46,999520;6,9344440;20240823154040;LCMS – Synapt XS;MeOH/H2O;plant specimen
250403_ML_Metabo_DDA_sample_90_nr8.mzML;dbgi_003290;Lathyrus L.;NA;Positive;JBN;jbn;Lathyrus;Lathyrus L.;genus;Leaf;0;jbn;46,999714;6,9338960;20240813131125;LCMS – Synapt XS;MeOH/H2O;plant specimen
250403_ML_Metabo_DDA_sample_93_nr8.mzML;dbgi_003805;Ocimum L.;NA;Positive;JBN;jbn;Ocimum;Ocimum L.;genus;Leaf;1;jbn;46,999740;6,9344780;20240814154336;LCMS – Synapt XS;MeOH/H2O;plant specimen
250403_ML_Metabo_DDA_sample_94_nr8.mzML;dbgi_003369;Rosa borboniana Desp.;NA;Positive;JBN;jbn;Rosa borboniana;Rosa borboniana Desp.;species;Leaf;1;jbn;47,000122;6,9347650;20240726162956;LCMS – Synapt XS;MeOH/H2O;plant specimen
250403_ML_Metabo_DDA_sample_95_nr8.mzML;dbgi_003450;Salvia candelabrum Boiss.;NA;Positive;JBN;jbn;Salvia candelabrum;Salvia candelabrum Boiss.;species;Leaf;0;jbn;46,999676;6,9339250;20240813105426;LCMS – Synapt XS;MeOH/H2O;plant specimen
250403_ML_Metabo_DDA_sample_96_nr8.mzML;dbgi_003437;Geum urbanum L.;NA;Positive;JBN;jbn;Geum urbanum;Geum urbanum L.;species;Leaf;0;jbn;46,999622;6,9338765;20240813133210;LCMS – Synapt XS;MeOH/H2O;plant specimen
250403_ML_Metabo_DDA_sample_98_nr8.mzML;dbgi_003735;Cistus monspeliensis L.;NA;Positive;JBN;jbn;Cistus monspeliensis;Cistus monspeliensis L.;species;Leaf;0;jbn;46,999650;6,9337830;20240813100435;LCMS – Synapt XS;MeOH/H2O;plant specimen
250403_ML_Metabo_DDA_sample_99_nr8.mzML;dbgi_001980;Primula veris L.;NA;Positive;JBN;jbn;Primula veris;Primula veris L.;species;Leaf;0;jbn;47,000260;6,9349756;20240710123203;LCMS – Synapt XS;MeOH/H2O;plant specimen
250404_ML_Metabo_DDA_sample_157_nr8.mzML;dbgi_003555;Pelargonium quercifolium (L.fil.) L'Hér.;NA;Positive;JBN;jbn;Pelargonium quercifolium;Pelargonium quercifolium (L.fil.) L'Hér.;species;Leaf;1;jbn;46,999687;6,9344535;20240814145146;LCMS – Synapt XS;MeOH/H2O;plant specimen
250404_ML_Metabo_DDA_sample_158_nr8.mzML;dbgi_003838;Cistus ladanifer L.;NA;Positive;JBN;jbn;Cistus ladanifer;Cistus ladanifer L.;species;Leaf;0;jbn;46,999653;6,9338930;20240812151130;LCMS – Synapt XS;MeOH/H2O;plant specimen
250404_ML_Metabo_DDA_sample_160_nr8.mzML;dbgi_002222;Viola tricolor L.;NA;Positive;JBN;jbn;Viola tricolor;Viola tricolor L.;species;Leaf;0;jbn;47,000240;6,9350166;20240708144507;LCMS – Synapt XS;MeOH/H2O;plant specimen
250404_ML_Metabo_DDA_sample_161_nr8.mzML;dbgi_003818;Nigella L.;NA;Positive;JBN;jbn;Nigella;Nigella L.;genus;Leaf;0;jbn;46,999657;6,9339270;20240813104627;LCMS – Synapt XS;MeOH/H2O;plant specimen
250404_ML_Metabo_DDA_sample_162_nr8.mzML;dbgi_003582;Rubus occidentalis L.;NA;Positive;JBN;jbn;Rubus occidentalis;Rubus occidentalis L.;species;Leaf;1;jbn;46,999690;6,9345093;20240814151918;LCMS – Synapt XS;MeOH/H2O;plant specimen
250404_ML_Metabo_DDA_sample_163_nr8.mzML;dbgi_003777;Salvia rosmarinus subsp. rosmarinus;NA;Positive;JBN;jbn;Salvia rosmarinus subsp. rosmarinus;Salvia rosmarinus subsp. rosmarinus;subspecies;Leaf;0;jbn;46,999706;6,9344190;20240814130615;LCMS – Synapt XS;MeOH/H2O;plant specimen
250404_ML_Metabo_DDA_sample_165_nr8.mzML;dbgi_003910;Centranthus ruber (L.) DC.;NA;Positive;JBN;jbn;Centranthus ruber;Centranthus ruber (L.) DC.;species;Leaf;0;jbn;46,999542;6,9339275;20240826110804;LCMS – Synapt XS;MeOH/H2O;plant specimen
250404_ML_Metabo_DDA_sample_167_nr8.mzML;dbgi_003402;Ruta graveolens L.;NA;Positive;JBN;jbn;Ruta graveolens;Ruta graveolens L.;species;Leaf;0;jbn;46,999607;6,9338813;20240813133750;LCMS – Synapt XS;MeOH/H2O;plant specimen
250404_ML_Metabo_DDA_sample_168_nr8.mzML;dbgi_003758;Prunus domestica L.;NA;Positive;JBN;jbn;Prunus domestica;Prunus domestica L.;species;Leaf;0;jbn;46,999737;6,9343853;20240814112247;LCMS – Synapt XS;MeOH/H2O;plant specimen
250404_ML_Metabo_DDA_sample_169_nr8.mzML;dbgi_002034;Eryngium planum L.;NA;Positive;JBN;jbn;Eryngium planum;Eryngium planum L.;species;Leaf;0;jbn;46,999947;6,9348354;20240724154744;LCMS – Synapt XS;MeOH/H2O;plant specimen
250404_ML_Metabo_DDA_sample_170_nr8.mzML;dbgi_002138;Agrimonia eupatoria L.;NA;Positive;JBN;jbn;Agrimonia eupatoria;Agrimonia eupatoria L.;species;Leaf;0;jbn;47,000248;6,9349260;20240710132238;LCMS – Synapt XS;MeOH/H2O;plant specimen
250404_ML_Metabo_DDA_sample_171_nr8.mzML;dbgi_003541;Pterocephalus perennis Coult.;NA;Positive;JBN;jbn;Pterocephalus perennis;Pterocephalus perennis Coult.;species;Leaf;0;jbn;46,999947;6,9347615;20240725130824;LCMS – Synapt XS;MeOH/H2O;plant specimen
250404_ML_Metabo_DDA_sample_172_nr8.mzML;dbgi_002007;Matricaria chamomilla L.;NA;Positive;JBN;jbn;Matricaria chamomilla;Matricaria chamomilla L.;species;Leaf;0;jbn;47,000298;6,9350300;20240710114038;LCMS – Synapt XS;MeOH/H2O;plant specimen
250404_ML_Metabo_DDA_sample_173_nr8.mzML;dbgi_003593;Artemisia alba Turra;NA;Positive;JBN;jbn;Artemisia alba;Artemisia alba Turra;species;Leaf;1;jbn;46,999690;6,9344974;20240814151417;LCMS – Synapt XS;MeOH/H2O;plant specimen
250404_ML_Metabo_DDA_sample_174_nr8.mzML;dbgi_003710;Citrus × reticulata Blanco;NA;Positive;JBN;jbn;Citrus × reticulata;Citrus × reticulata Blanco;species;Leaf;1;jbn;46,999752;6,9346337;20240823142411;LCMS – Synapt XS;MeOH/H2O;plant specimen
250404_ML_Metabo_DDA_sample_175_nr8.mzML;dbgi_003306;Eryngium giganteum M.Bieb.;NA;Positive;JBN;jbn;Eryngium giganteum;Eryngium giganteum M.Bieb.;species;Leaf;0;jbn;47,000004;6,9349440;20240724131533;LCMS – Synapt XS;MeOH/H2O;plant specimen
250404_ML_Metabo_DDA_sample_176_nr8.mzML;dbgi_003636;Platycodon grandiflorus (Jacq.) A.DC.;NA;Positive;JBN;jbn;Platycodon grandiflorus;Platycodon grandiflorus (Jacq.) A.DC.;species;Leaf;0;jbn;46,999443;6,9339730;20240826101818;LCMS – Synapt XS;MeOH/H2O;plant specimen
250404_ML_Metabo_DDA_sample_177_nr8.mzML;dbgi_001959;Rosa L.;NA;Positive;JBN;jbn;Rosa;Rosa L.;genus;Leaf;1;jbn;47,000260;6,9348283;20240710142731;LCMS – Synapt XS;MeOH/H2O;plant specimen
250404_ML_Metabo_DDA_sample_178_nr8.mzML;dbgi_003506;Foeniculum vulgare Mill.;NA;Positive;JBN;jbn;Foeniculum vulgare;Foeniculum vulgare Mill.;species;Leaf;1;jbn;46,999844;6,9345410;20240726144915;LCMS – Synapt XS;MeOH/H2O;plant specimen
250404_ML_Metabo_DDA_sample_179_nr8.mzML;dbgi_003590;Ampelodesmos mauritanicus (Poir.) T.Durand & Schinz;NA;Positive;JBN;jbn;Ampelodesmos mauritanicus;Ampelodesmos mauritanicus (Poir.) T.Durand & Schinz;species;Leaf;0;jbn;46,999650;6,9338465;20240813102106;LCMS – Synapt XS;MeOH/H2O;plant specimen
250404_ML_Metabo_DDA_sample_180_nr8.mzML;dbgi_003606;Iris foetidissima L.;NA;Positive;JBN;jbn;Iris foetidissima;Iris foetidissima L.;species;Leaf;0;jbn;46,999690;6,9344673;20240814135633;LCMS – Synapt XS;MeOH/H2O;plant specimen
250404_ML_Metabo_DDA_sample_181_nr8.mzML;dbgi_003657;Cosmos bipinnatus Cav.;NA;Positive;JBN;jbn;Cosmos bipinnatus;Cosmos bipinnatus Cav.;species;Leaf;1;jbn;46,999737;6,9344254;20240814114141;LCMS – Synapt XS;MeOH/H2O;plant specimen
250404_ML_Metabo_DDA_sample_182_nr8.mzML;dbgi_003364;Campanula sarmatica Ker Gawl.;NA;Positive;JBN;jbn;Campanula sarmatica;Campanula sarmatica Ker Gawl.;species;Leaf;0;jbn;46,999996;6,9349220;20240724122217;LCMS – Synapt XS;MeOH/H2O;plant specimen
250404_ML_Metabo_DDA_sample_183_nr8.mzML;dbgi_003595;Thymus vulgaris L.;NA;Positive;JBN;jbn;Thymus vulgaris;Thymus vulgaris L.;species;Leaf;0;jbn;46,999718;6,9344587;20240814133151;LCMS – Synapt XS;MeOH/H2O;plant specimen
250404_ML_Metabo_DDA_sample_184_nr8.mzML;dbgi_003603;Clinopodium nepeta (L.) Kuntze;NA;Positive;JBN;jbn;Clinopodium nepeta;Clinopodium nepeta (L.) Kuntze;species;Leaf;1;jbn;46,999718;6,9344460;20240814133654;LCMS – Synapt XS;MeOH/H2O;plant specimen
250404_ML_Metabo_DDA_sample_185_nr8.mzML;dbgi_003817;Staphylea trifolia L.;NA;Positive;JBN;jbn;Staphylea trifolia;Staphylea trifolia L.;species;Leaf;0;jbn;46,999590;6,9339366;20240826112603;LCMS – Synapt XS;MeOH/H2O;plant specimen
250404_ML_Metabo_DDA_sample_186_nr8.mzML;dbgi_003451;Saponaria L.;NA;Positive;JBN;jbn;Saponaria;Saponaria L.;genus;Leaf;0;jbn;46,999670;6,9339075;20240813105809;LCMS – Synapt XS;MeOH/H2O;plant specimen
250404_ML_Metabo_DDA_sample_187_nr8.mzML;dbgi_002033;Potentilla recta L.;NA;Positive;JBN;jbn;Potentilla recta;Potentilla recta L.;species;Leaf;0;jbn;46,999970;6,9347120;20240723053323;LCMS – Synapt XS;MeOH/H2O;plant specimen
250404_ML_Metabo_DDA_sample_188_nr8.mzML;dbgi_002161;Veronica officinalis L.;NA;Positive;JBN;jbn;Veronica officinalis;Veronica officinalis L.;species;Leaf;0;jbn;47,000286;6,9351580;20240709110411;LCMS – Synapt XS;MeOH/H2O;plant specimen
250404_ML_Metabo_DDA_sample_189_nr8.mzML;dbgi_001946;Calendula officinalis L.;NA;Positive;JBN;jbn;Calendula officinalis;Calendula officinalis L.;species;Leaf;0;jbn;47,000233;6,9350560;20240708141217;LCMS – Synapt XS;MeOH/H2O;plant specimen
250404_ML_Metabo_DDA_sample_190_nr8.mzML;dbgi_002046;Erysimum × cheiri (L.) Crantz;NA;Positive;JBN;jbn;Erysimum × cheiri;Erysimum × cheiri (L.) Crantz;species;Leaf;0;jbn;47,000328;6,9351350;20240709121143;LCMS – Synapt XS;MeOH/H2O;plant specimen
250404_ML_Metabo_DDA_sample_191_nr8.mzML;dbgi_003324;Teucrium lucidum L.;NA;Positive;JBN;jbn;Teucrium lucidum;Teucrium lucidum L.;species;Leaf;0;jbn;47,000010;6,9348110;20240723035714;LCMS – Synapt XS;MeOH/H2O;plant specimen
250404_ML_Metabo_DDA_sample_192_nr8.mzML;dbgi_003343;Picea orientalis (L.) Peterm.;NA;Positive;JBN;jbn;Picea orientalis;Picea orientalis (L.) Peterm.;species;Leaf;0;jbn;47,000020;6,9349560;20240724125946;LCMS – Synapt XS;MeOH/H2O;plant specimen
250404_ML_Metabo_DDA_sample_193_nr8.mzML;dbgi_003461;Helichrysum serotinum subsp. serotinum;NA;Positive;JBN;jbn;Helichrysum serotinum subsp. serotinum;Helichrysum serotinum subsp. serotinum;subspecies;Leaf;0;jbn;46,999930;6,9347596;20240725142326;LCMS – Synapt XS;MeOH/H2O;plant specimen
250404_ML_Metabo_DDA_sample_194_nr8.mzML;dbgi_003498;Glandora oleifolia (Lapeyr.) D.C.Thomas;NA;Positive;JBN;jbn;Glandora oleifolia;Glandora oleifolia (Lapeyr.) D.C.Thomas;species;Leaf;1;jbn;46,999786;6,9344096;20240726141655;LCMS – Synapt XS;MeOH/H2O;plant specimen
250404_ML_Metabo_DDA_sample_195_nr8.mzML;dbgi_003718;Euphorbia seguieriana Neck.;NA;Positive;JBN;jbn;Euphorbia seguieriana;Euphorbia seguieriana Neck.;species;Leaf;1;jbn;46,999626;6,9336210;20240812141736;LCMS – Synapt XS;MeOH/H2O;plant specimen
250404_ML_Metabo_DDA_sample_196_nr8.mzML;dbgi_002039;Asplenium trichomanes L.;NA;Positive;JBN;jbn;Asplenium trichomanes;Asplenium trichomanes L.;species;Leaf;0;jbn;46,999878;6,9346690;20240725155135;LCMS – Synapt XS;MeOH/H2O;plant specimen
250404_ML_Metabo_DDA_sample_197_nr8.mzML;dbgi_002042;Cannabis sativa L.;NA;Positive;JBN;jbn;Cannabis sativa;Cannabis sativa L.;species;Leaf;0;jbn;46,999540;6,9337726;20240813142729;LCMS – Synapt XS;MeOH/H2O;plant specimen
250404_ML_Metabo_DDA_sample_198_nr8.mzML;dbgi_003633;Paeonia delavayi Franch.;NA;Positive;JBN;jbn;Paeonia delavayi;Paeonia delavayi Franch.;species;Leaf;0;jbn;46,999640;6,9341836;20240826133954;LCMS – Synapt XS;MeOH/H2O;plant specimen
250404_ML_Metabo_DDA_sample_199_nr8.mzML;dbgi_002155;Argentina anserina subsp. anserina;NA;Positive;JBN;jbn;Argentina anserina subsp. anserina;Argentina anserina subsp. anserina;subspecies;Leaf;0;jbn;47,000317;6,9350980;20240709120642;LCMS – Synapt XS;MeOH/H2O;plant specimen
250404_ML_Metabo_DDA_sample_200_nr8.mzML;dbgi_003697;Syringa pubescens subsp. microphylla (Diels) M.C.Chang & X.L.Chen;NA;Positive;JBN;jbn;Syringa pubescens subsp. microphylla;Syringa pubescens subsp. microphylla (Diels) M.C.Chang & X.L.Chen;subspecies;Leaf;1;jbn;46,999695;6,9344640;20240814135903;LCMS – Synapt XS;MeOH/H2O;plant specimen
250404_ML_Metabo_DDA_sample_202_nr8.mzML;dbgi_003637;Doellingeria umbellata (Mill.) Nees;NA;Positive;JBN;jbn;Doellingeria umbellata;Doellingeria umbellata (Mill.) Nees;species;Leaf;1;jbn;46,999527;6,9339113;20240826105306;LCMS – Synapt XS;MeOH/H2O;plant specimen
250404_ML_Metabo_DDA_sample_203_nr8.mzML;dbgi_003791;Cistus populifolius L.;NA;Positive;JBN;jbn;Cistus populifolius;Cistus populifolius L.;species;Leaf;0;jbn;46,999775;6,9337873;20240812114750;LCMS – Synapt XS;MeOH/H2O;plant specimen
250404_ML_Metabo_DDA_sample_204_nr8.mzML;dbgi_003279;Erodium manescavi Coss.;NA;Positive;JBN;jbn;Erodium manescavi;Erodium manescavi Coss.;species;Leaf;0;jbn;46,999874;6,9346094;20240726105506;LCMS – Synapt XS;MeOH/H2O;plant specimen
250404_ML_Metabo_DDA_sample_205_nr8.mzML;dbgi_003449;Iris sibirica L.;NA;Positive;JBN;jbn;Iris sibirica;Iris sibirica L.;species;Leaf;0;jbn;46,999954;6,9346576;20240723090844;LCMS – Synapt XS;MeOH/H2O;plant specimen
250404_ML_Metabo_DDA_sample_206_nr8.mzML;dbgi_003266;Erinacea anthyllis subsp. anthyllis;NA;Positive;JBN;jbn;Erinacea anthyllis subsp. anthyllis;Erinacea anthyllis subsp. anthyllis;subspecies;Leaf;0;jbn;46,999880;6,9346395;20240726103927;LCMS – Synapt XS;MeOH/H2O;plant specimen
250404_ML_Metabo_DDA_sample_207_nr8.mzML;dbgi_003745;Eryngium planum L.;NA;Positive;JBN;jbn;Eryngium planum;Eryngium planum L.;species;Leaf;0;jbn;46,999508;6,9339347;20240826103033;LCMS – Synapt XS;MeOH/H2O;plant specimen
250404_ML_Metabo_DDA_sample_208_nr8.mzML;dbgi_003591;Linaria genistifolia (L.) Mill.;NA;Positive;JBN;jbn;Linaria genistifolia;Linaria genistifolia (L.) Mill.;species;Leaf;1;jbn;46,999622;6,9336820;20240812154103;LCMS – Synapt XS;MeOH/H2O;plant specimen
250404_ML_Metabo_DDA_sample_209_nr8.mzML;dbgi_003427;Chamaecytisus hirsutus (L.) Link;NA;Positive;JBN;jbn;Chamaecytisus hirsutus;Chamaecytisus hirsutus (L.) Link;species;Leaf;0;jbn;46,999825;6,9345307;20240726150101;LCMS – Synapt XS;MeOH/H2O;plant specimen
250404_ML_Metabo_DDA_sample_210_nr8.mzML;dbgi_003481;Hormathophylla spinosa (L.) P.Küpfer;NA;Positive;JBN;jbn;Hormathophylla spinosa;Hormathophylla spinosa (L.) P.Küpfer;species;Leaf;0;jbn;46,999805;6,9344287;20240726140215;LCMS – Synapt XS;MeOH/H2O;plant specimen
250404_ML_Metabo_DDA_sample_211_nr8.mzML;dbgi_003482;Festuca gautieri (Hack.) K.Richt.;NA;Positive;JBN;jbn;Festuca gautieri;Festuca gautieri (Hack.) K.Richt.;species;Leaf;0;jbn;46,999783;6,9344520;20240726142357;LCMS – Synapt XS;MeOH/H2O;plant specimen
250404_ML_Metabo_DDA_sample_212_nr8.mzML;dbgi_003863;Bupleurum fruticosum L.;NA;Positive;JBN;jbn;Bupleurum fruticosum;Bupleurum fruticosum L.;species;Leaf;0;jbn;46,999786;6,9338384;20240812112812;LCMS – Synapt XS;MeOH/H2O;plant specimen
250404_ML_Metabo_DDA_sample_213_nr8.mzML;dbgi_002212;Glechoma hederacea L.;NA;Positive;JBN;jbn;Glechoma hederacea;Glechoma hederacea L.;species;Leaf;0;jbn;47,000282;6,9352026;20240709103126;LCMS – Synapt XS;MeOH/H2O;plant specimen
250404_ML_Metabo_DDA_sample_214_nr8.mzML;dbgi_003575;Aurinia saxatilis (L.) Desv.;NA;Positive;JBN;jbn;Aurinia saxatilis;Aurinia saxatilis (L.) Desv.;species;Leaf;0;jbn;46,999676;6,9340553;20240826120936;LCMS – Synapt XS;MeOH/H2O;plant specimen
250404_ML_Metabo_DDA_sample_215_nr8.mzML;dbgi_003960;Allium schoenoprasum L.;NA;Positive;JBN;jbn;Allium schoenoprasum;Allium schoenoprasum L.;species;Leaf;1;jbn;46,999710;6,9344807;20240814140724;LCMS – Synapt XS;MeOH/H2O;plant specimen
250404_ML_Metabo_DDA_sample_217_nr8.mzML;dbgi_002232;Salvia sclarea L.;NA;Positive;JBN;jbn;Salvia sclarea;Salvia sclarea L.;species;Leaf;0;jbn;47,000305;6,9351670;20240709112742;LCMS – Synapt XS;MeOH/H2O;plant specimen
250404_ML_Metabo_DDA_sample_218_nr8.mzML;dbgi_003554;Geranium Tourn. ex L.;NA;Positive;JBN;jbn;Geranium;Geranium Tourn. ex L.;genus;Leaf;0;jbn;46,999626;6,9339848;20240826114350;LCMS – Synapt XS;MeOH/H2O;plant specimen
250404_ML_Metabo_DDA_sample_219_nr8.mzML;dbgi_003530;Lomelosia graminifolia (L.) Greuter & Burdet;NA;Positive;JBN;jbn;Lomelosia graminifolia;Lomelosia graminifolia (L.) Greuter & Burdet;species;Leaf;0;jbn;47,000020;6,9347780;20240712112215;LCMS – Synapt XS;MeOH/H2O;plant specimen
250404_ML_Metabo_DDA_sample_222_nr8.mzML;dbgi_003963;Symphyotrichum lateriflorum (L.) Á.Löve & D.Löve;NA;Positive;JBN;jbn;Symphyotrichum lateriflorum;Symphyotrichum lateriflorum (L.) Á.Löve & D.Löve;species;Leaf;0;jbn;46,999523;6,9339220;20240826104800;LCMS – Synapt XS;MeOH/H2O;plant specimen
250404_ML_Metabo_DDA_sample_223_nr8.mzML;dbgi_003415;Gypsophila imbricata Rupr.;NA;Positive;JBN;jbn;Gypsophila imbricata;Gypsophila imbricata Rupr.;species;Leaf;1;jbn;46,999947;6,9349394;20240724111133;LCMS – Synapt XS;MeOH/H2O;plant specimen
250404_ML_Metabo_DDA_sample_224_nr8.mzML;dbgi_003297;Helleborus argutifolius Viv.;NA;Positive;JBN;jbn;Helleborus argutifolius;Helleborus argutifolius Viv.;species;Leaf;0;jbn;46,999924;6,9347110;20240725151201;LCMS – Synapt XS;MeOH/H2O;plant specimen
250404_ML_Metabo_DDA_sample_225_nr8.mzML;dbgi_003370;Dictamnus albus L.;NA;Positive;JBN;jbn;Dictamnus albus;Dictamnus albus L.;species;Leaf;0;jbn;47,000030;6,9347240;20240717145349;LCMS – Synapt XS;MeOH/H2O;plant specimen
250404_ML_Metabo_DDA_sample_226_nr8.mzML;dbgi_002228;Lamium album L.;NA;Positive;JBN;jbn;Lamium album;Lamium album L.;species;Leaf;0;jbn;47,000310;6,9351006;20240709115220;LCMS – Synapt XS;MeOH/H2O;plant specimen
250404_ML_Metabo_DDA_sample_227_nr8.mzML;dbgi_002215;Hypericum perforatum L.;NA;Positive;JBN;jbn;Hypericum perforatum;Hypericum perforatum L.;species;Leaf;0;jbn;47,000267;6,9349637;20240710123448;LCMS – Synapt XS;MeOH/H2O;plant specimen
250404_ML_Metabo_DDA_sample_228_nr8.mzML;dbgi_003502;Triticum aestivum L.;NA;Positive;JBN;jbn;Triticum aestivum;Triticum aestivum L.;species;Leaf;1;jbn;46,999725;6,9340463;20240813153329;LCMS – Synapt XS;MeOH/H2O;plant specimen
250404_ML_Metabo_DDA_sample_229_nr8.mzML;dbgi_002101;Ononis spinosa L.;NA;Positive;JBN;jbn;Ononis spinosa;Ononis spinosa L.;species;Leaf;0;jbn;47,000248;6,9349384;20240710130807;LCMS – Synapt XS;MeOH/H2O;plant specimen
250404_ML_Metabo_DDA_sample_230_nr8.mzML;dbgi_002031;Geum urbanum L.;NA;Positive;JBN;jbn;Geum urbanum;Geum urbanum L.;species;Leaf;0;jbn;47,000248;6,9351306;20240708153527;LCMS – Synapt XS;MeOH/H2O;plant specimen
250404_ML_Metabo_DDA_sample_232_nr8.mzML;dbgi_003757;Teucrium polium L.;NA;Positive;JBN;jbn;Teucrium polium;Teucrium polium L.;species;Leaf;0;jbn;46,999634;6,9336120;20240812141325;LCMS – Synapt XS;MeOH/H2O;plant specimen
250404_ML_Metabo_DDA_sample_233_nr8.mzML;dbgi_003278;Draba aizoides L.;NA;Positive;JBN;jbn;Draba aizoides;Draba aizoides L.;species;Leaf;0;jbn;46,999958;6,9348145;20240724160821;LCMS – Synapt XS;MeOH/H2O;plant specimen
250404_ML_Metabo_DDA_sample_235_nr8.mzML;dbgi_003861;Teucrium flavum L.;NA;Positive;JBN;jbn;Teucrium flavum;Teucrium flavum L.;species;Leaf;0;jbn;46,999638;6,9336042;20240812140933;LCMS – Synapt XS;MeOH/H2O;plant specimen
250404_ML_Metabo_DDA_sample_237_nr8.mzML;dbgi_003799;Diospyros lotus L.;NA;Positive;JBN;jbn;Diospyros lotus;Diospyros lotus L.;species;Leaf;0;jbn;46,999730;6,9343743;20240814110410;LCMS – Synapt XS;MeOH/H2O;plant specimen
250404_ML_Metabo_DDA_sample_238_nr8.mzML;dbgi_003773;Alcea rosea L.;NA;Positive;JBN;jbn;Alcea rosea;Alcea rosea L.;species;Leaf;0;jbn;46,999730;6,9344610;20240814130133;LCMS – Synapt XS;MeOH/H2O;plant specimen
250404_ML_Metabo_DDA_sample_239_nr8.mzML;dbgi_003798;Pistacia lentiscus L.;NA;Positive;JBN;jbn;Pistacia lentiscus;Pistacia lentiscus L.;species;Leaf;0;jbn;46,999740;6,9337974;20240812115202;LCMS – Synapt XS;MeOH/H2O;plant specimen
250404_ML_Metabo_DDA_sample_241_nr8.mzML;dbgi_003258;Centranthus lecoqii Jord.;NA;Positive;JBN;jbn;Centranthus lecoqii;Centranthus lecoqii Jord.;species;Leaf;0;jbn;46,999874;6,9345140;20240726120641;LCMS – Synapt XS;NA;plant specimen
250404_ML_Metabo_DDA_sample_242_nr8.mzML;dbgi_002198;Rosa moschata Herrm.;NA;Positive;JBN;jbn;Rosa moschata;Rosa moschata Herrm.;species;Leaf;1;jbn;47,000305;6,9349623;20240710140841;LCMS – Synapt XS;MeOH/H2O;plant specimen
250404_ML_Metabo_DDA_sample_243_nr8.mzML;dbgi_003522;Prometheum sempervivoides (Fisch. ex M.Bieb.) H.Ohba;NA;Positive;JBN;jbn;Prometheum sempervivoides;Prometheum sempervivoides (Fisch. ex M.Bieb.) H.Ohba;species;Leaf;1;jbn;46,999950;6,9349523;20240724110655;LCMS – Synapt XS;MeOH/H2O;plant specimen
250404_ML_Metabo_DDA_sample_244_nr8.mzML;dbgi_002113;Salvia rosmarinus subsp. rosmarinus;NA;Positive;JBN;jbn;Salvia rosmarinus subsp. rosmarinus;Salvia rosmarinus subsp. rosmarinus;subspecies;Leaf;0;jbn;47,000294;6,9350796;20240710104003;LCMS – Synapt XS;MeOH/H2O;plant specimen
250404_ML_Metabo_DDA_sample_245_nr8.mzML;dbgi_003672;Ampelopsis glandulosa var. brevipedunculata (Maxim.) Momiy.;NA;Positive;JBN;jbn;Ampelopsis glandulosa var. brevipedunculata;Ampelopsis glandulosa var. brevipedunculata (Maxim.) Momiy.;variety;Leaf;0;jbn;46,999630;6,9341626;20240826140955;LCMS – Synapt XS;MeOH/H2O;plant specimen
250404_ML_Metabo_DDA_sample_246_nr8.mzML;dbgi_002202;Thymus serpyllum L.;NA;Positive;JBN;jbn;Thymus serpyllum;Thymus serpyllum L.;species;Leaf;0;jbn;47,000260;6,9349280;20240710134133;LCMS – Synapt XS;MeOH/H2O;plant specimen
250404_ML_Metabo_DDA_sample_247_nr8.mzML;dbgi_003453;Astragalus sempervirens Lam.;NA;Positive;JBN;jbn;Astragalus sempervirens;Astragalus sempervirens Lam.;species;Leaf;0;jbn;46,999897;6,9347510;20240725144748;LCMS – Synapt XS;MeOH/H2O;plant specimen
250404_ML_Metabo_DDA_sample_248_nr8.mzML;dbgi_003746;Genista sylvestris Scop.;NA;Positive;JBN;jbn;Genista sylvestris;Genista sylvestris Scop.;species;Leaf;0;jbn;46,999710;6,9336500;20240812124332;LCMS – Synapt XS;MeOH/H2O;plant specimen
250404_ML_Metabo_DDA_sample_249_nr8.mzML;dbgi_001956;Daucus carota L.;NA;Positive;JBN;jbn;Daucus carota;Daucus carota L.;species;Leaf;0;jbn;47,000270;6,9349256;20240710134949;LCMS – Synapt XS;MeOH/H2O;plant specimen
250404_ML_Metabo_DDA_sample_250_nr8.mzML;dbgi_003514;Centranthus lecoqii Jord.;NA;Positive;JBN;jbn;Centranthus lecoqii;Centranthus lecoqii Jord.;species;Leaf;0;jbn;46,999924;6,9346140;20240723153852;LCMS – Synapt XS;MeOH/H2O;plant specimen
250404_ML_Metabo_DDA_sample_251_nr8.mzML;dbgi_002057;Arnica montana L.;NA;Positive;JBN;jbn;Arnica montana;Arnica montana L.;species;Leaf;1;jbn;47,000263;6,9349422;20240710125324;LCMS – Synapt XS;MeOH/H2O;plant specimen
250404_ML_Metabo_DDA_sample_252_nr8.mzML;dbgi_002067;Parietaria officinalis L.;NA;Positive;JBN;jbn;Parietaria officinalis;Parietaria officinalis L.;species;Leaf;0;jbn;47,000313;6,9350934;20240709115920;LCMS – Synapt XS;MeOH/H2O;plant specimen
250404_ML_Metabo_DDA_sample_253_nr8.mzML;dbgi_003389;Teucrium montanum L.;NA;Positive;JBN;jbn;Teucrium montanum;Teucrium montanum L.;species;Leaf;0;jbn;46,999805;6,9343520;20240726135723;LCMS – Synapt XS;MeOH/H2O;plant specimen
250407_ML_Metabo_DDA_sample_252b_nr8.mzML;dbgi_002067;Parietaria officinalis L.;NA;Positive;JBN;jbn;Parietaria officinalis;Parietaria officinalis L.;species;Leaf;0;jbn;47,000313;6,9350934;20240709115920;LCMS – Synapt XS;MeOH/H2O;plant specimen
250407_ML_Metabo_DDA_sample_253b_nr8.mzML;dbgi_003389;Teucrium montanum L.;NA;Positive;JBN;jbn;Teucrium montanum;Teucrium montanum L.;species;Leaf;0;jbn;46,999805;6,9343520;20240726135723;LCMS – Synapt XS;MeOH/H2O;plant specimen
250407_ML_Metabo_DDA_sample_254_nr8.mzML;dbgi_003850;Mentha suaveolens Ehrh.;NA;Positive;JBN;jbn;Mentha suaveolens;Mentha suaveolens Ehrh.;species;Leaf;0;jbn;46,999750;6,9337290;20240812122519;LCMS – Synapt XS;MeOH/H2O;plant specimen
250407_ML_Metabo_DDA_sample_255_nr8.mzML;dbgi_003556;Aronia melanocarpa (Michx.) Elliott;NA;Positive;JBN;jbn;Aronia melanocarpa;Aronia melanocarpa (Michx.) Elliott;species;Leaf;0;jbn;46,999725;6,9343830;20240814110836;LCMS – Synapt XS;MeOH/H2O;plant specimen
250407_ML_Metabo_DDA_sample_256_nr8.mzML;dbgi_003553;Jasminum grandiflorum L.;NA;Positive;JBN;jbn;Jasminum grandiflorum;Jasminum grandiflorum L.;species;Leaf;1;jbn;46,999690;6,9344420;20240814142250;LCMS – Synapt XS;NA;plant specimen
250407_ML_Metabo_DDA_sample_257_nr8.mzML;dbgi_003423;Zanthoxylum bungeanum Maxim.;NA;Positive;JBN;jbn;Zanthoxylum bungeanum;Zanthoxylum bungeanum Maxim.;species;Leaf;0;jbn;47,000107;6,9342990;20240726160714;LCMS – Synapt XS;MeOH/H2O;plant specimen
250407_ML_Metabo_DDA_sample_258_nr8.mzML;dbgi_002083;Gentiana acaulis subsp. dinarica (Beck) Barina;NA;Positive;JBN;jbn;Gentiana acaulis subsp. dinarica;Gentiana acaulis subsp. dinarica (Beck) Barina;subspecies;Leaf;0;jbn;46,999880;6,9347944;20240725123159;LCMS – Synapt XS;MeOH/H2O;plant specimen
250407_ML_Metabo_DDA_sample_259_nr8.mzML;dbgi_002145;Corylus avellana L.;NA;Positive;JBN;jbn;Corylus avellana;Corylus avellana L.;species;Leaf;0;jbn;47,000270;6,9351730;20240709100907;LCMS – Synapt XS;MeOH/H2O;plant specimen
250407_ML_Metabo_DDA_sample_260_nr8.mzML;dbgi_003605;Geranium macrorrhizum L.;NA;Positive;JBN;jbn;Geranium macrorrhizum;Geranium macrorrhizum L.;species;Leaf;0;jbn;46,999718;6,9344960;20240814140430;LCMS – Synapt XS;MeOH/H2O;plant specimen
250407_ML_Metabo_DDA_sample_261_nr8.mzML;dbgi_003800;Festuca ovina L.;NA;Positive;JBN;jbn;Festuca ovina;Festuca ovina L.;species;Leaf;1;jbn;46,999520;6,9344234;20240823155418;LCMS – Synapt XS;MeOH/H2O;plant specimen
250407_ML_Metabo_DDA_sample_262_nr8.mzML;dbgi_002110;Pimpinella anisum L.;NA;Positive;JBN;jbn;Pimpinella anisum;Pimpinella anisum L.;species;Leaf;0;jbn;47,000267;6,9350110;20240710113729;LCMS – Synapt XS;MeOH/H2O;plant specimen
250407_ML_Metabo_DDA_sample_263_nr8.mzML;dbgi_002060;Aquilegia vulgaris L.;NA;Positive;JBN;jbn;Aquilegia vulgaris;Aquilegia vulgaris L.;species;Leaf;0;jbn;47,000267;6,9351970;20240709101726;LCMS – Synapt XS;MeOH/H2O;plant specimen
250407_ML_Metabo_DDA_sample_264_nr8.mzML;dbgi_003496;Tilia tomentosa Moench;NA;Positive;JBN;jbn;Tilia tomentosa;Tilia tomentosa Moench;species;Leaf;0;jbn;47,000050;6,9345080;20240726162610;LCMS – Synapt XS;MeOH/H2O;plant specimen
250407_ML_Metabo_DDA_sample_265_nr8.mzML;dbgi_003783;Chamaerops humilis L.;NA;Positive;JBN;jbn;Chamaerops humilis;Chamaerops humilis L.;species;Leaf;0;jbn;46,999760;6,9338790;20240812111648;LCMS – Synapt XS;MeOH/H2O;plant specimen
250407_ML_Metabo_DDA_sample_266_nr8.mzML;dbgi_002174;Anchusa officinalis L.;NA;Positive;JBN;jbn;Anchusa officinalis;Anchusa officinalis L.;species;Leaf;0;jbn;47,000263;6,9351110;20240708150749;LCMS – Synapt XS;MeOH/H2O;plant specimen
250407_ML_Metabo_DDA_sample_267_nr8.mzML;dbgi_002002;Anthyllis vulneraria L.;NA;Positive;JBN;jbn;Anthyllis vulneraria;Anthyllis vulneraria L.;species;Leaf;0;jbn;47,000240;6,9349220;20240710132459;LCMS – Synapt XS;MeOH/H2O;plant specimen
250407_ML_Metabo_DDA_sample_268_nr8.mzML;dbgi_002070;Inula helenium L.;NA;Positive;JBN;jbn;Inula helenium;Inula helenium L.;species;Leaf;0;jbn;47,000270;6,9351900;20240709100632;LCMS – Synapt XS;MeOH/H2O;plant specimen
250407_ML_Metabo_DDA_sample_269_nr8.mzML;dbgi_003685;Mentha × piperita L.;NA;Positive;JBN;jbn;Mentha × piperita;Mentha × piperita L.;species;Leaf;1;jbn;46,999740;6,9345946;20240823140224;LCMS – Synapt XS;MeOH/H2O;plant specimen
250407_ML_Metabo_DDA_sample_270_nr8.mzML;dbgi_003558;Geranium thunbergii Siebold & Zucc. ex Lindl. & Paxton;NA;Positive;JBN;jbn;Geranium thunbergii;Geranium thunbergii Siebold & Zucc. ex Lindl. & Paxton;species;Leaf;1;jbn;46,999610;6,9339660;20240826113614;LCMS – Synapt XS;MeOH/H2O;plant specimen
250407_ML_Metabo_DDA_sample_271_nr8.mzML;dbgi_002147;Pilosella officinarum Vaill.;NA;Positive;JBN;jbn;Pilosella officinarum;Pilosella officinarum Vaill.;species;Leaf;0;jbn;47,000282;6,9349800;20240710122544;LCMS – Synapt XS;MeOH/H2O;plant specimen
250407_ML_Metabo_DDA_sample_273_nr8.mzML;dbgi_003646;Phaseolus vulgaris L.;NA;Positive;JBN;jbn;Phaseolus vulgaris;Phaseolus vulgaris L.;species;Leaf;1;jbn;46,999752;6,9342184;20240814103735;LCMS – Synapt XS;MeOH/H2O;plant specimen
250407_ML_Metabo_DDA_sample_273b_nr8.mzML;dbgi_003646;Phaseolus vulgaris L.;NA;Positive;JBN;jbn;Phaseolus vulgaris;Phaseolus vulgaris L.;species;Leaf;1;jbn;46,999752;6,9342184;20240814103735;LCMS – Synapt XS;MeOH/H2O;plant specimen
250407_ML_Metabo_DDA_sample_274_nr8.mzML;dbgi_002193;Thymus pulegioides L.;NA;Positive;JBN;jbn;Thymus pulegioides;Thymus pulegioides L.;species;Leaf;0;jbn;47,000015;6,9346333;20240722081422;LCMS – Synapt XS;MeOH/H2O;plant specimen
250407_ML_Metabo_DDA_sample_275_nr8.mzML;dbgi_003505;Galium verum L.;NA;Positive;JBN;jbn;Galium verum;Galium verum L.;species;Leaf;0;jbn;46,999542;6,9338474;20240813145116;LCMS – Synapt XS;MeOH/H2O;plant specimen
250407_ML_Metabo_DDA_sample_276_nr8.mzML;dbgi_002103;Helleborus foetidus L.;NA;Positive;JBN;jbn;Helleborus foetidus;Helleborus foetidus L.;species;Leaf;0;jbn;47,000294;6,9351970;20240709103937;LCMS – Synapt XS;MeOH/H2O;plant specimen
250407_ML_Metabo_DDA_sample_277_nr8.mzML;dbgi_002080;Potentilla reptans L.;NA;Positive;JBN;jbn;Potentilla reptans;Potentilla reptans L.;species;Leaf;0;jbn;47,000330;6,9351620;20240709121701;LCMS – Synapt XS;MeOH/H2O;plant specimen
250407_ML_Metabo_DDA_sample_278_nr8.mzML;dbgi_002211;Hedera helix L.;NA;Positive;JBN;jbn;Hedera helix;Hedera helix L.;species;Leaf;0;jbn;47,000290;6,9351807;20240709104758;LCMS – Synapt XS;MeOH/H2O;plant specimen
250407_ML_Metabo_DDA_sample_279_nr8.mzML;dbgi_003302;Berteroa incana (L.) DC.;NA;Positive;JBN;jbn;Berteroa incana;Berteroa incana (L.) DC.;species;Leaf;1;jbn;46,999900;6,9348392;20240725121001;LCMS – Synapt XS;MeOH/H2O;plant specimen
250407_ML_Metabo_DDA_sample_280_nr8.mzML;dbgi_003877;Antirrhinum L.;NA;Positive;JBN;jbn;Antirrhinum;Antirrhinum L.;genus;Leaf;0;jbn;46,999670;6,9339200;20240813105037;LCMS – Synapt XS;MeOH/H2O;plant specimen
250407_ML_Metabo_DDA_sample_281_nr8.mzML;dbgi_002077;Cichorium intybus L.;NA;Positive;JBN;jbn;Cichorium intybus;Cichorium intybus L.;species;Leaf;0;jbn;47,000317;6,9351053;20240709120859;LCMS – Synapt XS;MeOH/H2O;plant specimen
250407_ML_Metabo_DDA_sample_282_nr8.mzML;dbgi_003353;Silene saxifraga L.;NA;Positive;JBN;jbn;Silene saxifraga;Silene saxifraga L.;species;Leaf;0;jbn;46,999954;6,9346623;20240723080227;LCMS – Synapt XS;MeOH/H2O;plant specimen
250407_ML_Metabo_DDA_sample_283_nr8.mzML;dbgi_003810;Thymus L.;NA;Positive;JBN;jbn;Thymus;Thymus L.;genus;Leaf;0;jbn;46,999615;6,9336376;20240812152406;LCMS – Synapt XS;MeOH/H2O;plant specimen
250407_ML_Metabo_DDA_sample_284_nr8.mzML;dbgi_002020;Rosa sempervirens L.;NA;Positive;JBN;jbn;Rosa sempervirens;Rosa sempervirens L.;species;Leaf;1;jbn;47,000275;6,9348435;20240710143114;LCMS – Synapt XS;MeOH/H2O;plant specimen
250407_ML_Metabo_DDA_sample_285_nr8.mzML;dbgi_003661;Vernonia gigantea (Walter) Trel.;NA;Positive;JBN;jbn;Vernonia gigantea;Vernonia gigantea (Walter) Trel.;species;Leaf;1;jbn;46,999530;6,9339113;20240826105826;LCMS – Synapt XS;MeOH/H2O;plant specimen
250407_ML_Metabo_DDA_sample_286_nr8.mzML;dbgi_001941;Salix L.;NA;Positive;JBN;jbn;Salix;Salix L.;genus;Leaf;0;jbn;47,000225;6,9349460;20240708125115;LCMS – Synapt XS;MeOH/H2O;plant specimen
250407_ML_Metabo_DDA_sample_287_nr8.mzML;dbgi_003819;Nassella tenuissima (Trin.) Barkworth;NA;Positive;JBN;jbn;Nassella tenuissima;Nassella tenuissima (Trin.) Barkworth;species;Leaf;1;jbn;46,999645;6,9336267;20240812162317;LCMS – Synapt XS;MeOH/H2O;plant specimen
250407_ML_Metabo_DDA_sample_288_nr8.mzML;dbgi_002006;Crepis L.;NA;Positive;JBN;jbn;Crepis;Crepis L.;genus;Leaf;0;jbn;47,000195;6,9349920;20240708152616;LCMS – Synapt XS;MeOH/H2O;plant specimen
250407_ML_Metabo_DDA_sample_289_nr8.mzML;dbgi_003624;Allium sativum L.;NA;Positive;JBN;jbn;Allium sativum;Allium sativum L.;species;Leaf;1;jbn;46,999720;6,9343734;20240814110115;LCMS – Synapt XS;MeOH/H2O;plant specimen
250407_ML_Metabo_DDA_sample_290_nr8.mzML;dbgi_002030;Armoracia rusticana G.Gaertn., B.Mey. & Scherb.;NA;Positive;JBN;jbn;Armoracia rusticana;Armoracia rusticana G.Gaertn., B.Mey. & Scherb.;species;Leaf;0;jbn;47,000282;6,9350110;20240710114717;LCMS – Synapt XS;MeOH/H2O;plant specimen
250407_ML_Metabo_DDA_sample_291_nr8.mzML;dbgi_003640;Lonicera etrusca Santi;NA;Positive;JBN;jbn;Lonicera etrusca;Lonicera etrusca Santi;species;Leaf;0;jbn;46,999474;6,9339223;20240826102104;LCMS – Synapt XS;MeOH/H2O;plant specimen
250407_ML_Metabo_DDA_sample_292_nr8.mzML;dbgi_002177;Syringa vulgaris L.;NA;Positive;JBN;jbn;Syringa vulgaris;Syringa vulgaris L.;species;Leaf;1;jbn;47,000280;6,9348240;20240710142310;LCMS – Synapt XS;MeOH/H2O;plant specimen
250407_ML_Metabo_DDA_sample_293_nr8.mzML;dbgi_001968;Ferula foetida (Bunge) Regel;NA;Positive;JBN;jbn;Ferula foetida;Ferula foetida (Bunge) Regel;species;Leaf;0;jbn;47,000282;6,9350270;20240710112611;LCMS – Synapt XS;MeOH/H2O;plant specimen
250407_ML_Metabo_DDA_sample_294_nr8.mzML;dbgi_003841;Phlomis fruticosa L.;NA;Positive;JBN;jbn;Phlomis fruticosa;Phlomis fruticosa L.;species;Leaf;0;jbn;46,999740;6,9337554;20240812122053;LCMS – Synapt XS;MeOH/H2O;plant specimen
250407_ML_Metabo_DDA_sample_295_nr8.mzML;dbgi_003346;Alyssoides utriculata (L.) Medik.;NA;Positive;JBN;jbn;Alyssoides utriculata;Alyssoides utriculata (L.) Medik.;species;Leaf;0;jbn;46,999992;6,9347840;20240723041104;LCMS – Synapt XS;MeOH/H2O;plant specimen
250407_ML_Metabo_DDA_sample_296_nr8.mzML;dbgi_003641;Salvia candelabrum Boiss.;NA;Positive;JBN;jbn;Salvia candelabrum;Salvia candelabrum Boiss.;species;Leaf;0;jbn;46,999790;6,9339170;20240812104457;LCMS – Synapt XS;MeOH/H2O;plant specimen
250407_ML_Metabo_DDA_sample_297_nr8.mzML;dbgi_002130;Chlorophytum macrophyllum (A.Rich.) Asch.;NA;Positive;JBN;jbn;Chlorophytum macrophyllum;Chlorophytum macrophyllum (A.Rich.) Asch.;species;Leaf;0;jbn;46,999905;6,9343853;20240710100128;LCMS – Synapt XS;MeOH/H2O;plant specimen
250407_ML_Metabo_DDA_sample_298_nr8.mzML;dbgi_003489;Cercidiphyllum japonicum Siebold & Zucc.;NA;Positive;JBN;jbn;Cercidiphyllum japonicum;Cercidiphyllum japonicum Siebold & Zucc.;species;Leaf;0;jbn;47,000076;6,9343400;20240726161623;LCMS – Synapt XS;MeOH/H2O;plant specimen
250407_ML_Metabo_DDA_sample_299_nr8.mzML;dbgi_003230;Phuopsis stylosa (Trin.) G.Nicholson;NA;Positive;JBN;jbn;Phuopsis stylosa;Phuopsis stylosa (Trin.) G.Nicholson;species;Leaf;0;jbn;46,999966;6,9349313;20240724120721;LCMS – Synapt XS;MeOH/H2O;plant specimen
250407_ML_Metabo_DDA_sample_300_nr8.mzML;dbgi_002014;Origanum majorana L.;NA;Positive;JBN;jbn;Origanum majorana;Origanum majorana L.;species;Leaf;0;jbn;47,000300;6,9350615;20240710104702;LCMS – Synapt XS;MeOH/H2O;plant specimen
250407_ML_Metabo_DDA_sample_301_nr8.mzML;dbgi_003442;Sesleria caerulea (L.) Ard.;NA;Positive;JBN;jbn;Sesleria caerulea;Sesleria caerulea (L.) Ard.;species;Leaf;0;jbn;47,000023;6,9347186;20240717142827;LCMS – Synapt XS;MeOH/H2O;plant specimen
250407_ML_Metabo_DDA_sample_302_nr8.mzML;dbgi_002073;Citrus L.;NA;Positive;JBN;jbn;Citrus;Citrus L.;genus;Leaf;1;jbn;47,000164;6,9348320;20240710144309;LCMS – Synapt XS;MeOH/H2O;plant specimen
250407_ML_Metabo_DDA_sample_303_nr8.mzML;dbgi_002210;Urtica dioica L.;NA;Positive;JBN;jbn;Urtica dioica;Urtica dioica L.;species;Leaf;0;jbn;47,000260;6,9349155;20240710133341;LCMS – Synapt XS;MeOH/H2O;plant specimen
250407_ML_Metabo_DDA_sample_304_nr8.mzML;dbgi_003538;Salvia transsylvanica (Schur ex Griseb.) Schur;NA;Positive;JBN;jbn;Salvia transsylvanica;Salvia transsylvanica (Schur ex Griseb.) Schur;species;Leaf;0;jbn;46,999943;6,9348884;20240724152005;LCMS – Synapt XS;MeOH/H2O;plant specimen
250407_ML_Metabo_DDA_sample_305_nr8.mzML;dbgi_003378;Amorpha fruticosa L.;NA;Positive;JBN;jbn;Amorpha fruticosa;Amorpha fruticosa L.;species;Leaf;0;jbn;46,999798;6,9349575;20240725102018;LCMS – Synapt XS;MeOH/H2O;plant specimen
250407_ML_Metabo_DDA_sample_306_nr8.mzML;dbgi_002008;Prunus L.;NA;Positive;JBN;jbn;Prunus;Prunus L.;genus;Leaf;0;jbn;47,000150;6,9348674;20240708112059;LCMS – Synapt XS;MeOH/H2O;plant specimen
250407_ML_Metabo_DDA_sample_307_nr8.mzML;dbgi_003246;Dianthus fragrans M.Bieb.;NA;Positive;JBN;jbn;Dianthus fragrans;Dianthus fragrans M.Bieb.;species;Leaf;1;jbn;46,999958;6,9349585;20240724111834;LCMS – Synapt XS;MeOH/H2O;plant specimen
250407_ML_Metabo_DDA_sample_308_nr8.mzML;dbgi_003547;Juniperus oxycedrus subsp. oxycedrus;NA;Positive;JBN;jbn;Juniperus oxycedrus subsp. oxycedrus;Juniperus oxycedrus subsp. oxycedrus;subspecies;Leaf;0;jbn;46,999874;6,9347644;20240725111341;LCMS – Synapt XS;MeOH/H2O;plant specimen
250407_ML_Metabo_DDA_sample_309_nr8.mzML;dbgi_003645;Convallaria majalis L.;NA;Positive;JBN;jbn;Convallaria majalis;Convallaria majalis L.;species;Leaf;0;jbn;46,999700;6,9344573;20240814134718;LCMS – Synapt XS;MeOH/H2O;plant specimen
250407_ML_Metabo_DDA_sample_310_nr8.mzML;dbgi_003573;Baptisia australis (L.) R.Br.;NA;Positive;JBN;jbn;Baptisia australis;Baptisia australis (L.) R.Br.;species;Leaf;0;jbn;46,999590;6,9341300;20240826151415;LCMS – Synapt XS;MeOH/H2O;plant specimen
250407_ML_Metabo_DDA_sample_311_nr8.mzML;dbgi_002159;Tanacetum parthenium (L.) Sch.Bip.;NA;Positive;JBN;jbn;Tanacetum parthenium;Tanacetum parthenium (L.) Sch.Bip.;species;Leaf;0;jbn;47,000240;6,9350224;20240708145016;LCMS – Synapt XS;MeOH/H2O;plant specimen
250407_ML_Metabo_DDA_sample_312_nr8.mzML;dbgi_003467;Achnatherum virescens (Trin.) Banfi, Galasso & Bartolucci;NA;Positive;JBN;jbn;Achnatherum virescens;Achnatherum virescens (Trin.) Banfi, Galasso & Bartolucci;species;Leaf;0;jbn;46,999970;6,9348297;20240724160100;LCMS – Synapt XS;MeOH/H2O;plant specimen
250407_ML_Metabo_DDA_sample_313_nr8.mzML;dbgi_003464;Sempervivum ciliosum Craib;NA;Positive;JBN;jbn;Sempervivum ciliosum;Sempervivum ciliosum Craib;species;Leaf;0;jbn;46,999958;6,9347780;20240725120137;LCMS – Synapt XS;MeOH/H2O;plant specimen
250407_ML_Metabo_DDA_sample_315_nr8.mzML;dbgi_003362;Sempervivum calcareum Jord.;NA;Positive;JBN;jbn;Sempervivum calcareum;Sempervivum calcareum Jord.;species;Leaf;0;jbn;46,999960;6,9347000;20240723074445;LCMS – Synapt XS;MeOH/H2O;plant specimen
250407_ML_Metabo_DDA_sample_316_nr8.mzML;dbgi_003862;Tetraclinis articulata (Vahl) Mast.;NA;Positive;JBN;jbn;Tetraclinis articulata;Tetraclinis articulata (Vahl) Mast.;species;Leaf;0;jbn;46,999767;6,9337726;20240812120233;LCMS – Synapt XS;MeOH/H2O;plant specimen
250407_ML_Metabo_DDA_sample_317_nr8.mzML;dbgi_003375;Alchemilla caucasica Buser;NA;Positive;JBN;jbn;Alchemilla caucasica;Alchemilla caucasica Buser;species;Leaf;0;jbn;47,000015;6,9349456;20240724125141;LCMS – Synapt XS;MeOH/H2O;plant specimen
250407_ML_Metabo_DDA_sample_318_nr8.mzML;dbgi_003674;Leucojum aestivum L.;NA;Positive;JBN;jbn;Leucojum aestivum;Leucojum aestivum L.;species;Leaf;0;jbn;46,999520;6,9344360;20240823154244;LCMS – Synapt XS;NA;plant specimen
250407_ML_Metabo_DDA_sample_319_nr8.mzML;dbgi_001972;Dioscorea communis (L.) Caddick & Wilkin;NA;Positive;JBN;jbn;Dioscorea communis;Dioscorea communis (L.) Caddick & Wilkin;species;Leaf;0;jbn;47,000275;6,9351797;20240709101244;LCMS – Synapt XS;MeOH/H2O;plant specimen
250407_ML_Metabo_DDA_sample_320_nr8.mzML;dbgi_003325;Dryas octopetala L.;NA;Positive;JBN;jbn;Dryas octopetala;Dryas octopetala L.;species;Leaf;0;jbn;46,999977;6,9347030;20240723052949;LCMS – Synapt XS;MeOH/H2O;plant specimen
250407_ML_Metabo_DDA_sample_321_nr8.mzML;dbgi_001964;Carum carvi L.;NA;Positive;JBN;jbn;Carum carvi;Carum carvi L.;species;Leaf;0;jbn;47,000275;6,9349575;20240710124117;LCMS – Synapt XS;MeOH/H2O;plant specimen
250407_ML_Metabo_DDA_sample_322_nr8.mzML;dbgi_002153;Saxifraga sancta Griseb.;NA;Positive;JBN;jbn;Saxifraga sancta;Saxifraga sancta Griseb.;species;Leaf;0;jbn;46,999928;6,9348160;20240725114815;LCMS – Synapt XS;MeOH/H2O;plant specimen
250407_ML_Metabo_DDA_sample_323_nr8.mzML;dbgi_003315;Centaurea jacea L.;NA;Positive;JBN;jbn;Centaurea jacea;Centaurea jacea L.;species;Leaf;0;jbn;46,999943;6,9347750;20240725130550;LCMS – Synapt XS;MeOH/H2O;plant specimen
250407_ML_Metabo_DDA_sample_324_nr8.mzML;dbgi_003759;Crambe maritima L.;NA;Positive;JBN;jbn;Crambe maritima;Crambe maritima L.;species;Leaf;0;jbn;46,999695;6,9344935;20240814151051;LCMS – Synapt XS;MeOH/H2O;plant specimen
250407_ML_Metabo_DDA_sample_325_nr8.mzML;dbgi_003331;Cytisus nigricans subsp. nigricans;NA;Positive;JBN;jbn;Cytisus nigricans subsp. nigricans;Cytisus nigricans subsp. nigricans;subspecies;Leaf;0;jbn;47,000000;6,9347840;20240723041459;LCMS – Synapt XS;MeOH/H2O;plant specimen
250407_ML_Metabo_DDA_sample_326_nr8.mzML;dbgi_003458;Oenanthe lachenalii C.C.Gmel.;NA;Positive;JBN;jbn;Oenanthe lachenalii;Oenanthe lachenalii C.C.Gmel.;species;Leaf;0;jbn;46,999870;6,9346843;20240725154353;LCMS – Synapt XS;MeOH/H2O;plant specimen
250407_ML_Metabo_DDA_sample_327_nr8.mzML;dbgi_002123;Vincetoxicum hirundinaria Medik.;NA;Positive;JBN;jbn;Vincetoxicum hirundinaria;Vincetoxicum hirundinaria Medik.;species;Leaf;0;jbn;47,000294;6,9351883;20240709104218;LCMS – Synapt XS;MeOH/H2O;plant specimen
250407_ML_Metabo_DDA_sample_328_nr8.mzML;dbgi_003752;Salix helvetica Vill.;NA;Positive;JBN;jbn;Salix helvetica;Salix helvetica Vill.;species;Leaf;0;jbn;46,999577;6,9341803;20240826152744;LCMS – Synapt XS;MeOH/H2O;plant specimen
250407_ML_Metabo_DDA_sample_329_nr8.mzML;dbgi_003379;Alyssum wulfenianum Bernh.;NA;Positive;JBN;jbn;Alyssum wulfenianum;Alyssum wulfenianum Bernh.;species;Leaf;0;jbn;46,999924;6,9347787;20240725142717;LCMS – Synapt XS;MeOH/H2O;plant specimen
250407_ML_Metabo_DDA_sample_330_nr8.mzML;dbgi_002224;Asplenium scolopendrium subsp. scolopendrium;NA;Positive;JBN;jbn;Asplenium scolopendrium subsp. scolopendrium;Asplenium scolopendrium subsp. scolopendrium;subspecies;Leaf;0;jbn;47,000280;6,9352070;20240709102808;LCMS – Synapt XS;MeOH/H2O;plant specimen
250408_ML_Metabo_DDA_sample_331_nr8.mzML;dbgi_002029;Globularia trichosantha Fisch. & C.A.Mey.;NA;Positive;JBN;jbn;Globularia trichosantha;Globularia trichosantha Fisch. & C.A.Mey.;species;Leaf;0;jbn;46,999866;6,9347644;20240725110458;LCMS – Synapt XS;MeOH/H2O;plant specimen
250408_ML_Metabo_DDA_sample_332_nr8.mzML;dbgi_003552;Nephroia orbiculata (L.) L.Lian & Wei Wang;NA;Positive;JBN;jbn;Nephroia orbiculata;Nephroia orbiculata (L.) L.Lian & Wei Wang;species;Leaf;0;jbn;46,999744;6,9344597;20240814125708;LCMS – Synapt XS;MeOH/H2O;plant specimen
250408_ML_Metabo_DDA_sample_333_nr8.mzML;dbgi_003298;Staehelina uniflosculosa Sm.;NA;Positive;JBN;jbn;Staehelina uniflosculosa;Staehelina uniflosculosa Sm.;species;Leaf;0;jbn;46,999910;6,9348370;20240725112955;LCMS – Synapt XS;MeOH/H2O;plant specimen
250408_ML_Metabo_DDA_sample_334_nr8.mzML;dbgi_003709;Acmella oleracea (L.) R.K.Jansen;NA;Positive;JBN;jbn;Acmella oleracea;Acmella oleracea (L.) R.K.Jansen;species;Leaf;1;jbn;46,999725;6,9345330;20240823134523;LCMS – Synapt XS;MeOH/H2O;plant specimen
250408_ML_Metabo_DDA_sample_335_nr8.mzML;dbgi_002195;Rosa L.;NA;Positive;JBN;jbn;Rosa;Rosa L.;genus;Leaf;0;jbn;47,000175;6,9348740;20240708103724;LCMS – Synapt XS;MeOH/H2O;plant specimen
250408_ML_Metabo_DDA_sample_336_nr8.mzML;dbgi_003531;Juniperus communis var. saxatilis Pall.;NA;Positive;JBN;jbn;Juniperus communis var. saxatilis;Juniperus communis var. saxatilis Pall.;variety;Leaf;0;jbn;46,999878;6,9346230;20240726104605;LCMS – Synapt XS;MeOH/H2O;plant specimen
250408_ML_Metabo_DDA_sample_338_nr8.mzML;dbgi_002196;Mentha pulegium L.;NA;Positive;JBN;jbn;Mentha pulegium;Mentha pulegium L.;species;Leaf;0;jbn;47,000214;6,9349794;20240708121551;LCMS – Synapt XS;MeOH/H2O;plant specimen
250408_ML_Metabo_DDA_sample_339_nr8.mzML;dbgi_003630;Vitis vinifera L.;NA;Positive;JBN;jbn;Vitis vinifera;Vitis vinifera L.;species;Leaf;0;jbn;46,999718;6,9343460;20240814104927;LCMS – Synapt XS;MeOH/H2O;plant specimen
250408_ML_Metabo_DDA_sample_340_nr8.mzML;dbgi_003332;Laburnum anagyroides Medik.;NA;Positive;JBN;jbn;Laburnum anagyroides;Laburnum anagyroides Medik.;species;Leaf;0;jbn;46,999992;6,9347680;20240723042115;LCMS – Synapt XS;MeOH/H2O;plant specimen
250408_ML_Metabo_DDA_sample_341_nr8.mzML;dbgi_003261;Antirrhinum braun-blanquetii Rothm.;NA;Positive;JBN;jbn;Antirrhinum braun-blanquetii;Antirrhinum braun-blanquetii Rothm.;species;Leaf;0;jbn;46,999820;6,9345920;20240726114353;LCMS – Synapt XS;MeOH/H2O;plant specimen
250408_ML_Metabo_DDA_sample_342_nr8.mzML;dbgi_003544;Silene zawadzkii Herbich;NA;Positive;JBN;jbn;Silene zawadzkii;Silene zawadzkii Herbich;species;Leaf;0;jbn;46,999947;6,9348307;20240724155054;LCMS – Synapt XS;MeOH/H2O;plant specimen
250408_ML_Metabo_DDA_sample_343_nr8.mzML;dbgi_002230;Silene vallesia L.;NA;Positive;JBN;jbn;Silene vallesia;Silene vallesia L.;species;Leaf;0;jbn;47,000020;6,9348593;20240723034134;LCMS – Synapt XS;MeOH/H2O;plant specimen
250408_ML_Metabo_DDA_sample_344_nr8.mzML;dbgi_003497;Olea europaea L.;NA;Positive;JBN;jbn;Olea europaea;Olea europaea L.;species;Leaf;0;jbn;46,999800;6,9340105;20240726152905;LCMS – Synapt XS;MeOH/H2O;plant specimen
250408_ML_Metabo_DDA_sample_345_nr8.mzML;dbgi_003607;Pelargonium graveolens (Thunb.) L'Hér.;NA;Positive;JBN;jbn;Pelargonium graveolens;Pelargonium graveolens (Thunb.) L'Hér.;species;Leaf;0;jbn;46,999695;6,9344430;20240814141648;LCMS – Synapt XS;MeOH/H2O;plant specimen
250408_ML_Metabo_DDA_sample_346_nr8.mzML;dbgi_003455;Haberlea rhodopensis Friv.;NA;Positive;JBN;jbn;Haberlea rhodopensis;Haberlea rhodopensis Friv.;species;Leaf;0;jbn;46,999973;6,9348307;20240724155727;LCMS – Synapt XS;MeOH/H2O;plant specimen
250408_ML_Metabo_DDA_sample_347_nr8.mzML;dbgi_002200;Rosa pendulina L.;NA;Positive;JBN;jbn;Rosa pendulina;Rosa pendulina L.;species;Leaf;1;jbn;47,000004;6,9344970;20240722091800;LCMS – Synapt XS;MeOH/H2O;plant specimen
250408_ML_Metabo_DDA_sample_348_nr8.mzML;dbgi_003456;Salvia tomentosa Mill.;NA;Positive;JBN;jbn;Salvia tomentosa;Salvia tomentosa Mill.;species;Leaf;0;jbn;47,000020;6,9349437;20240724125701;LCMS – Synapt XS;MeOH/H2O;plant specimen
250408_ML_Metabo_DDA_sample_349_nr8.mzML;dbgi_003860;Ficus carica L.;NA;Positive;JBN;jbn;Ficus carica;Ficus carica L.;species;Leaf;0;jbn;46,999805;6,9339010;20240812110115;LCMS – Synapt XS;MeOH/H2O;plant specimen
250408_ML_Metabo_DDA_sample_351_nr8.mzML;dbgi_003413;Anthyllis L.;NA;Positive;JBN;jbn;Anthyllis;Anthyllis L.;genus;Leaf;0;jbn;46,999810;6,9340030;20240726153300;LCMS – Synapt XS;MeOH/H2O;plant specimen
250408_ML_Metabo_DDA_sample_352_nr8.mzML;dbgi_003303;Gypsophila perfoliata L.;NA;Positive;JBN;jbn;Gypsophila perfoliata;Gypsophila perfoliata L.;species;Leaf;0;jbn;46,999924;6,9348900;20240724145146;LCMS – Synapt XS;MeOH/H2O;plant specimen
250408_ML_Metabo_DDA_sample_354_nr8.mzML;dbgi_002139;Plantago lanceolata L.;NA;Positive;JBN;jbn;Plantago lanceolata;Plantago lanceolata L.;species;Leaf;0;jbn;47,000267;6,9349090;20240710133745;LCMS – Synapt XS;MeOH/H2O;plant specimen
250408_ML_Metabo_DDA_sample_355_nr8.mzML;dbgi_003374;Seseli pallasii Besser;NA;Positive;JBN;jbn;Seseli pallasii;Seseli pallasii Besser;species;Leaf;0;jbn;46,999928;6,9347720;20240725143045;LCMS – Synapt XS;MeOH/H2O;plant specimen
250408_ML_Metabo_DDA_sample_356_nr8.mzML;dbgi_002035;Digitalis purpurea subsp. purpurea;NA;Positive;JBN;jbn;Digitalis purpurea subsp. purpurea;Digitalis purpurea subsp. purpurea;subspecies;Leaf;0;jbn;47,000260;6,9351370;20240709111310;LCMS – Synapt XS;MeOH/H2O;plant specimen
250408_ML_Metabo_DDA_sample_358_nr8.mzML;dbgi_003260;Aquilegia pyrenaica DC.;NA;Positive;JBN;jbn;Aquilegia pyrenaica;Aquilegia pyrenaica DC.;species;Leaf;0;jbn;46,999836;6,9344163;20240726123131;LCMS – Synapt XS;MeOH/H2O;plant specimen
250408_ML_Metabo_DDA_sample_359_nr8.mzML;dbgi_003311;Anthyllis montana subsp. montana;NA;Positive;JBN;jbn;Anthyllis montana subsp. montana;Anthyllis montana subsp. montana;subspecies;Leaf;0;jbn;46,999985;6,9346795;20240723050934;LCMS – Synapt XS;MeOH/H2O;plant specimen
250408_ML_Metabo_DDA_sample_360_nr8.mzML;dbgi_003366;Aria danubialis (Jáv.) Sennikov & Kurtto;NA;Positive;JBN;jbn;Aria danubialis;Aria danubialis (Jáv.) Sennikov & Kurtto;species;Leaf;1;jbn;46,999958;6,9349003;20240724150956;LCMS – Synapt XS;MeOH/H2O;plant specimen
250408_ML_Metabo_DDA_sample_361_nr8.mzML;dbgi_003551;Tagetes erecta L.;NA;Positive;JBN;jbn;Tagetes erecta;Tagetes erecta L.;species;Leaf;1;jbn;46,999737;6,9344316;20240814124217;LCMS – Synapt XS;MeOH/H2O;plant specimen
250408_ML_Metabo_DDA_sample_362_nr8.mzML;dbgi_003358;Cerastium biebersteinii DC.;NA;Positive;JBN;jbn;Cerastium biebersteinii;Cerastium biebersteinii DC.;species;Leaf;0;jbn;46,999940;6,9349310;20240724105629;LCMS – Synapt XS;MeOH/H2O;plant specimen
250408_ML_Metabo_DDA_sample_363_nr8.mzML;dbgi_003272;Sparganium angustifolium Michx.;NA;Positive;JBN;jbn;Sparganium angustifolium;Sparganium angustifolium Michx.;species;Leaf;1;jbn;46,999847;6,9347210;20240725155528;LCMS – Synapt XS;MeOH/H2O;plant specimen
250408_ML_Metabo_DDA_sample_364_nr8.mzML;dbgi_003321;Helleborus odorus Waldst. & Kit. ex Willd.;NA;Positive;JBN;jbn;Helleborus odorus;Helleborus odorus Waldst. & Kit. ex Willd.;species;Leaf;0;jbn;46,999900;6,9348035;20240725124609;LCMS – Synapt XS;MeOH/H2O;plant specimen
250408_ML_Metabo_DDA_sample_365_nr8.mzML;dbgi_001974;Calluna vulgaris (L.) Hull;NA;Positive;JBN;jbn;Calluna vulgaris;Calluna vulgaris (L.) Hull;species;Leaf;0;jbn;47,000206;6,9349627;20240708121138;LCMS – Synapt XS;MeOH/H2O;plant specimen
250408_ML_Metabo_DDA_sample_366_nr8.mzML;dbgi_002126;Rosa foetida Herrm.;NA;Positive;JBN;jbn;Rosa foetida;Rosa foetida Herrm.;species;Leaf;1;jbn;47,000294;6,9349450;20240710141210;LCMS – Synapt XS;MeOH/H2O;plant specimen
250408_ML_Metabo_DDA_sample_367_nr8.mzML;dbgi_002085;Rosa × centifolia L.;NA;Positive;JBN;jbn;Rosa × centifolia;Rosa × centifolia L.;species;Leaf;1;jbn;47,000340;6,9351110;20240710140131;LCMS – Synapt XS;MeOH/H2O;plant specimen
250408_ML_Metabo_DDA_sample_368_nr8.mzML;dbgi_002061;Saxifraga cochlearis Rchb.;NA;Positive;JBN;jbn;Saxifraga cochlearis;Saxifraga cochlearis Rchb.;species;Leaf;0;jbn;47,000020;6,9348516;20240723035024;LCMS – Synapt XS;MeOH/H2O;plant specimen
250408_ML_Metabo_DDA_sample_369_nr8.mzML;dbgi_003560;Melissa officinalis L.;NA;Positive;JBN;jbn;Melissa officinalis;Melissa officinalis L.;species;Leaf;0;jbn;46,999733;6,9344063;20240814112837;LCMS – Synapt XS;MeOH/H2O;plant specimen
250408_ML_Metabo_DDA_sample_370_nr8.mzML;dbgi_003825;Callicarpa japonica Thunb.;NA;Positive;JBN;jbn;Callicarpa japonica;Callicarpa japonica Thunb.;species;Leaf;0;jbn;46,999690;6,9346204;20240823151657;LCMS – Synapt XS;MeOH/H2O;plant specimen
250408_ML_Metabo_DDA_sample_372_nr8.mzML;dbgi_001994;Galium verum L.;NA;Positive;JBN;jbn;Galium verum;Galium verum L.;species;Leaf;0;jbn;47,000275;6,9349666;20240710123752;LCMS – Synapt XS;MeOH/H2O;plant specimen
250408_ML_Metabo_DDA_sample_373_nr8.mzML;dbgi_001991;Lonicera xylosteum L.;NA;Positive;JBN;jbn;Lonicera xylosteum;Lonicera xylosteum L.;species;Leaf;0;jbn;47,000200;6,9350224;20240708131857;LCMS – Synapt XS;MeOH/H2O;plant specimen
250408_ML_Metabo_DDA_sample_374_nr8.mzML;dbgi_003245;Saxifraga juniperifolia Adams;NA;Positive;JBN;jbn;Saxifraga juniperifolia;Saxifraga juniperifolia Adams;species;Leaf;0;jbn;47,000008;6,9349375;20240724124014;LCMS – Synapt XS;MeOH/H2O;plant specimen
250408_ML_Metabo_DDA_sample_375_nr8.mzML;dbgi_003704;Lolium giganteum (L.) Darbysh.;NA;Positive;JBN;jbn;Lolium giganteum;Lolium giganteum (L.) Darbysh.;species;Leaf;0;jbn;46,999510;6,9344454;20240823153510;LCMS – Synapt XS;MeOH/H2O;plant specimen
250408_ML_Metabo_DDA_sample_376_nr8.mzML;dbgi_002140;Lysimachia Tourn. ex L.;NA;Positive;JBN;jbn;Lysimachia;Lysimachia Tourn. ex L.;genus;Leaf;0;jbn;47,000210;6,9349390;20240708120332;LCMS – Synapt XS;MeOH/H2O;plant specimen
250408_ML_Metabo_DDA_sample_377_nr8.mzML;dbgi_002209;Pulmonaria officinalis L.;NA;Positive;JBN;jbn;Pulmonaria officinalis;Pulmonaria officinalis L.;species;Leaf;0;jbn;47,000282;6,9351670;20240709110100;LCMS – Synapt XS;MeOH/H2O;plant specimen
250408_ML_Metabo_DDA_sample_378_nr8.mzML;dbgi_003257;Carex sempervirens Vill.;NA;Positive;JBN;jbn;Carex sempervirens;Carex sempervirens Vill.;species;Leaf;0;jbn;47,000057;6,9346766;20240722102408;LCMS – Synapt XS;MeOH/H2O;plant specimen
250408_ML_Metabo_DDA_sample_379_nr8.mzML;dbgi_003719;Santolina pinnata Viv.;NA;Positive;JBN;jbn;Santolina pinnata;Santolina pinnata Viv.;species;Leaf;0;jbn;46,999596;6,9336610;20240812145216;LCMS – Synapt XS;MeOH/H2O;plant specimen
250408_ML_Metabo_DDA_sample_381_nr8.mzML;dbgi_003317;Anchusa azurea Mill.;NA;Positive;JBN;jbn;Anchusa azurea;Anchusa azurea Mill.;species;Leaf;0;jbn;46,999706;6,9339495;20240813113819;LCMS – Synapt XS;MeOH/H2O;plant specimen
250408_ML_Metabo_DDA_sample_384_nr8.mzML;dbgi_001978;Rosa canina L.;NA;Positive;JBN;jbn;Rosa canina;Rosa canina L.;species;Leaf;0;jbn;47,000267;6,9349732;20240710122923;LCMS – Synapt XS;MeOH/H2O;plant specimen
250408_ML_Metabo_DDA_sample_386_nr8.mzML;dbgi_002074;Angelica sylvestris L.;NA;Positive;JBN;jbn;Angelica sylvestris;Angelica sylvestris L.;species;Leaf;0;jbn;47,000286;6,9351683;20240709105756;LCMS – Synapt XS;MeOH/H2O;plant specimen
250408_ML_Metabo_DDA_sample_387_nr8.mzML;dbgi_003330;Nepeta nepetella L.;NA;Positive;JBN;jbn;Nepeta nepetella;Nepeta nepetella L.;species;Leaf;0;jbn;47,000000;6,9346967;20240723045834;LCMS – Synapt XS;MeOH/H2O;plant specimen
250408_ML_Metabo_DDA_sample_388_nr8.mzML;dbgi_002087;Juniperus communis L.;NA;Positive;JBN;jbn;Juniperus communis;Juniperus communis L.;species;Leaf;0;jbn;47,000275;6,9348626;20240710143450;LCMS – Synapt XS;MeOH/H2O;plant specimen
250408_ML_Metabo_DDA_sample_389_nr8.mzML;dbgi_002116;Taxus baccata L.;NA;Positive;JBN;jbn;Taxus baccata;Taxus baccata L.;species;Leaf;0;jbn;47,000190;6,9348870;20240708104639;LCMS – Synapt XS;MeOH/H2O;plant specimen
250408_ML_Metabo_DDA_sample_390_nr8.mzML;dbgi_003411;Campanula grossekii Heuff.;NA;Positive;JBN;jbn;Campanula grossekii;Campanula grossekii Heuff.;species;Leaf;0;jbn;46,999890;6,9347935;20240725124153;LCMS – Synapt XS;MeOH/H2O;plant specimen
250408_ML_Metabo_DDA_sample_391_nr8.mzML;dbgi_003664;Anthemis cotula L.;NA;Positive;JBN;jbn;Anthemis cotula;Anthemis cotula L.;species;Leaf;1;jbn;46,999683;6,9344830;20240814150652;LCMS – Synapt XS;MeOH/H2O;plant specimen
250408_ML_Metabo_DDA_sample_392_nr8.mzML;dbgi_002237;Dipsacus fullonum L.;NA;Positive;JBN;jbn;Dipsacus fullonum;Dipsacus fullonum L.;species;Leaf;0;jbn;47,000313;6,9351587;20240709113007;LCMS – Synapt XS;MeOH/H2O;plant specimen
250408_ML_Metabo_DDA_sample_393_nr8.mzML;dbgi_003264;Pallenis spinosa subsp. spinosa;NA;Positive;JBN;jbn;Pallenis spinosa subsp. spinosa;Pallenis spinosa subsp. spinosa;subspecies;Leaf;0;jbn;46,999905;6,9346390;20240726102246;LCMS – Synapt XS;MeOH/H2O;plant specimen
250408_ML_Metabo_DDA_sample_394_nr8.mzML;dbgi_003313;Gypsophila altissima L.;NA;Positive;JBN;jbn;Gypsophila altissima;Gypsophila altissima L.;species;Leaf;1;jbn;46,999966;6,9348736;20240724153759;LCMS – Synapt XS;MeOH/H2O;plant specimen
250408_ML_Metabo_DDA_sample_395_nr8.mzML;dbgi_003341;Trinia glauca (L.) Dumort.;NA;Positive;JBN;jbn;Trinia glauca;Trinia glauca (L.) Dumort.;species;Leaf;1;jbn;46,999960;6,9345640;20240723163359;LCMS – Synapt XS;MeOH/H2O;plant specimen
250408_ML_Metabo_DDA_sample_396_nr8.mzML;dbgi_002047;Rosa spinosissima L.;NA;Positive;JBN;jbn;Rosa spinosissima;Rosa spinosissima L.;species;Leaf;0;jbn;47,000004;6,9345240;20240722092547;LCMS – Synapt XS;MeOH/H2O;plant specimen
250408_ML_Metabo_DDA_sample_397_nr8.mzML;dbgi_003267;Arenaria tetraquetra L.;NA;Positive;JBN;jbn;Arenaria tetraquetra;Arenaria tetraquetra L.;species;Leaf;0;jbn;46,999897;6,9346547;20240726100946;LCMS – Synapt XS;MeOH/H2O;plant specimen
250408_ML_Metabo_DDA_sample_400_nr8.mzML;dbgi_001984;Atropa belladonna L.;NA;Positive;JBN;jbn;Atropa belladonna;Atropa belladonna L.;species;Leaf;0;jbn;47,000202;6,9350443;20240708133726;LCMS – Synapt XS;MeOH/H2O;plant specimen
250408_ML_Metabo_DDA_sample_401_nr8.mzML;dbgi_003476;Cistus populifolius L.;NA;Positive;JBN;jbn;Cistus populifolius;Cistus populifolius L.;species;Leaf;0;jbn;46,999813;6,9340160;20240726153637;LCMS – Synapt XS;MeOH/H2O;plant specimen
250408_ML_Metabo_DDA_sample_402_nr8.mzML;dbgi_002187;Viburnum lantana L.;NA;Positive;JBN;jbn;Viburnum lantana;Viburnum lantana L.;species;Leaf;0;jbn;47,000200;6,9350305;20240708133239;LCMS – Synapt XS;MeOH/H2O;plant specimen
250408_ML_Metabo_DDA_sample_403_nr8.mzML;dbgi_003344;Sideritis hyssopifolia L.;NA;Positive;JBN;jbn;Sideritis hyssopifolia;Sideritis hyssopifolia L.;species;Leaf;0;jbn;46,999973;6,9347253;20240723053711;LCMS – Synapt XS;MeOH/H2O;plant specimen
250408_ML_Metabo_DDA_sample_404_nr8.mzML;dbgi_002100;Geranium sanguineum L.;NA;Positive;JBN;jbn;Geranium sanguineum;Geranium sanguineum L.;species;Leaf;0;jbn;47,000168;6,9348755;20240708103312;LCMS – Synapt XS;MeOH/H2O;plant specimen
250408_ML_Metabo_DDA_sample_405_nr8.mzML;dbgi_002181;Thymus vulgaris L.;NA;Positive;JBN;jbn;Thymus vulgaris;Thymus vulgaris L.;species;Leaf;0;jbn;47,000286;6,9351000;20240710103714;LCMS – Synapt XS;MeOH/H2O;plant specimen
250408_ML_Metabo_DDA_sample_406_nr8.mzML;dbgi_003581;Ampelodesmos mauritanicus (Poir.) T.Durand & Schinz;NA;Positive;JBN;jbn;Ampelodesmos mauritanicus;Ampelodesmos mauritanicus (Poir.) T.Durand & Schinz;species;Leaf;0;jbn;46,999620;6,9337010;20240812154618;LCMS – Synapt XS;MeOH/H2O;plant specimen
250408_ML_Metabo_DDA_sample_407_nr8.mzML;dbgi_002173;Taraxacum officinale Weber ex F.H.Wigg.;NA;Positive;JBN;jbn;Taraxacum officinale;Taraxacum officinale Weber ex F.H.Wigg.;species;Leaf;1;jbn;47,000250;6,9349537;20240710130451;LCMS – Synapt XS;MeOH/H2O;plant specimen
250408_ML_Metabo_DDA_sample_408_nr8.mzML;dbgi_003288;Vella spinosa Boiss.;NA;Positive;JBN;jbn;Vella spinosa;Vella spinosa Boiss.;species;Leaf;0;jbn;46,999893;6,9346414;20240726102644;LCMS – Synapt XS;MeOH/H2O;plant specimen
250409_ML_Metabo_DDA_sample_409_nr8.mzML;dbgi_003524;Acer monspessulanum L.;NA;Positive;JBN;jbn;Acer monspessulanum;Acer monspessulanum L.;species;Leaf;0;jbn;46,999847;6,9344406;20240726122211;LCMS – Synapt XS;MeOH/H2O;plant specimen
250409_ML_Metabo_DDA_sample_410_nr8.mzML;dbgi_003533;Daphne pontica L.;NA;Positive;JBN;jbn;Daphne pontica;Daphne pontica L.;species;Leaf;0;jbn;47,000010;6,9349500;20240724125427;LCMS – Synapt XS;MeOH/H2O;plant specimen
250409_ML_Metabo_DDA_sample_411_nr8.mzML;dbgi_002068;Morus nigra L.;NA;Positive;JBN;jbn;Morus nigra;Morus nigra L.;species;Leaf;0;jbn;46,999910;6,9349490;20240725100656;LCMS – Synapt XS;MeOH/H2O;plant specimen
250409_ML_Metabo_DDA_sample_412_nr8.mzML;dbgi_003807;Linaria Bechstein, 1802;NA;Positive;JBN;jbn;Linaria;Linaria Bechstein, 1802;genus;Leaf;0;jbn;46,999664;6,9336770;20240812160933;LCMS – Synapt XS;MeOH/H2O;plant specimen
250409_ML_Metabo_DDA_sample_415_nr8.mzML;dbgi_002106;Epimedium L.;NA;Positive;JBN;jbn;Epimedium;Epimedium L.;genus;Leaf;0;jbn;47,000180;6,9348607;20240708104132;LCMS – Synapt XS;MeOH/H2O;plant specimen
250409_ML_Metabo_DDA_sample_416_nr8.mzML;dbgi_003583;Rhodotypos scandens (Thunb.) Makino;NA;Positive;JBN;jbn;Rhodotypos scandens;Rhodotypos scandens (Thunb.) Makino;species;Leaf;0;jbn;46,999590;6,9341583;20240826150739;LCMS – Synapt XS;MeOH/H2O;plant specimen
250409_ML_Metabo_DDA_sample_417_nr8.mzML;dbgi_003821;Artemisia abrotanum L.;NA;Positive;JBN;jbn;Artemisia abrotanum;Artemisia abrotanum L.;species;Leaf;1;jbn;46,999687;6,9345000;20240814150109;LCMS – Synapt XS;MeOH/H2O;plant specimen
250409_ML_Metabo_DDA_sample_418_nr8.mzML;dbgi_003811;Antirrhinum hispanicum Chav.;NA;Positive;JBN;jbn;Antirrhinum hispanicum;Antirrhinum hispanicum Chav.;species;Leaf;0;jbn;46,999640;6,9336650;20240812143053;LCMS – Synapt XS;MeOH/H2O;plant specimen
250409_ML_Metabo_DDA_sample_419_nr8.mzML;dbgi_002233;Centaurea cyanus L.;NA;Positive;JBN;jbn;Centaurea cyanus;Centaurea cyanus L.;species;Leaf;0;jbn;47,000250;6,9349080;20240710133039;LCMS – Synapt XS;NA;plant specimen
250409_ML_Metabo_DDA_sample_420_nr8.mzML;dbgi_002041;Asplenium trichomanes L.;NA;Positive;JBN;jbn;Asplenium trichomanes;Asplenium trichomanes L.;species;Leaf;0;jbn;47,000020;6,9346420;20240722080748;LCMS – Synapt XS;MeOH/H2O;plant specimen
250409_ML_Metabo_DDA_sample_421_nr8.mzML;dbgi_003520;Melica ciliata subsp. ciliata;NA;Positive;JBN;jbn;Melica ciliata subsp. ciliata;Melica ciliata subsp. ciliata;subspecies;Leaf;0;jbn;46,999947;6,9346375;20240723152017;LCMS – Synapt XS;MeOH/H2O;plant specimen
250409_ML_Metabo_DDA_sample_422_nr8.mzML;dbgi_003250;Coristospermum lucidum (Mill.) Reduron, Charpin & Pimenov;NA;Positive;JBN;jbn;Coristospermum lucidum;Coristospermum lucidum (Mill.) Reduron, Charpin & Pimenov;species;Leaf;1;jbn;46,999886;6,9346232;20240726105034;LCMS – Synapt XS;MeOH/H2O;plant specimen
250409_ML_Metabo_DDA_sample_423_nr8.mzML;dbgi_003338;Campanula raddeana Trautv.;NA;Positive;JBN;jbn;Campanula raddeana;Campanula raddeana Trautv.;species;Leaf;1;jbn;47,000010;6,9349413;20240724124719;LCMS – Synapt XS;MeOH/H2O;plant specimen
250409_ML_Metabo_DDA_sample_424_nr8.mzML;dbgi_003316;Ranunculus lingua L.;NA;Positive;JBN;jbn;Ranunculus lingua;Ranunculus lingua L.;species;Leaf;1;jbn;46,999832;6,9347024;20240725160705;LCMS – Synapt XS;MeOH/H2O;plant specimen
250409_ML_Metabo_DDA_sample_425_nr8.mzML;dbgi_003319;Cynara cardunculus L.;NA;Positive;JBN;jbn;Cynara cardunculus;Cynara cardunculus L.;species;Leaf;0;jbn;46,999714;6,9340060;20240813112242;LCMS – Synapt XS;MeOH/H2O;plant specimen
250409_ML_Metabo_DDA_sample_427_nr8.mzML;dbgi_003233;Artemisia absinthium L.;NA;Positive;JBN;jbn;Artemisia absinthium;Artemisia absinthium L.;species;Leaf;0;jbn;46,999980;6,9346657;20240723082327;LCMS – Synapt XS;MeOH/H2O;plant specimen
250409_ML_Metabo_DDA_sample_428_nr8.mzML;dbgi_003833;Achillea filipendulina Lam.;NA;Positive;JBN;jbn;Achillea filipendulina;Achillea filipendulina Lam.;species;Leaf;1;jbn;46,999780;6,9346720;20240823143813;LCMS – Synapt XS;MeOH/H2O;plant specimen
250409_ML_Metabo_DDA_sample_430_nr8.mzML;dbgi_003543;Campanula poscharskyana Degen;NA;Positive;JBN;jbn;Campanula poscharskyana;Campanula poscharskyana Degen;species;Leaf;0;jbn;46,999836;6,9348610;20240725104004;LCMS – Synapt XS;MeOH/H2O;plant specimen
250409_ML_Metabo_DDA_sample_431_nr8.mzML;dbgi_001961;Capsicum annuum L.;NA;Positive;JBN;jbn;Capsicum annuum;Capsicum annuum L.;species;Leaf;0;jbn;47,000214;6,9349170;20240708114439;LCMS – Synapt XS;MeOH/H2O;plant specimen
250409_ML_Metabo_DDA_sample_432_nr8.mzML;dbgi_003294;Lavandula lanata Boiss.;NA;Positive;JBN;jbn;Lavandula lanata;Lavandula lanata Boiss.;species;Leaf;0;jbn;46,999820;6,9346880;20240725153018;LCMS – Synapt XS;MeOH/H2O;plant specimen
250409_ML_Metabo_DDA_sample_433_nr8.mzML;dbgi_003373;Digitalis ferruginea L.;NA;Positive;JBN;jbn;Digitalis ferruginea;Digitalis ferruginea L.;species;Leaf;0;jbn;46,999900;6,9347177;20240725150102;LCMS – Synapt XS;MeOH/H2O;plant specimen
250409_ML_Metabo_DDA_sample_434_nr8.mzML;dbgi_003837;Bupleurum fruticosum L.;NA;Positive;JBN;jbn;Bupleurum fruticosum;Bupleurum fruticosum L.;species;Leaf;0;jbn;46,999664;6,9338360;20240813102557;LCMS – Synapt XS;MeOH/H2O;plant specimen
250409_ML_Metabo_DDA_sample_435_nr8.mzML;dbgi_003276;Cistus laurifolius L.;NA;Positive;JBN;jbn;Cistus laurifolius;Cistus laurifolius L.;species;Leaf;0;jbn;46,999805;6,9345740;20240726115216;LCMS – Synapt XS;MeOH/H2O;plant specimen
250409_ML_Metabo_DDA_sample_436_nr8.mzML;dbgi_003249;Globularia L.;NA;Positive;JBN;jbn;Globularia;Globularia L.;genus;Leaf;0;jbn;46,999860;6,9344554;20240726121214;LCMS – Synapt XS;MeOH/H2O;plant specimen
250409_ML_Metabo_DDA_sample_437_nr8.mzML;dbgi_002072;Juniperus communis L.;NA;Positive;JBN;jbn;Juniperus communis;Juniperus communis L.;species;Leaf;0;jbn;47,000000;6,9345255;20240722092207;LCMS – Synapt XS;MeOH/H2O;plant specimen
250409_ML_Metabo_DDA_sample_438_nr8.mzML;dbgi_003753;Tordylium maximum L.;NA;Positive;JBN;jbn;Tordylium maximum;Tordylium maximum L.;species;Leaf;0;jbn;46,999718;6,9344320;20240814132254;LCMS – Synapt XS;MeOH/H2O;plant specimen
250409_ML_Metabo_DDA_sample_441_nr8.mzML;dbgi_002133;Galium odoratum (L.) Scop.;NA;Positive;JBN;jbn;Galium odoratum;Galium odoratum (L.) Scop.;species;Leaf;0;jbn;47,000290;6,9351735;20240709105157;LCMS – Synapt XS;MeOH/H2O;plant specimen
250409_ML_Metabo_DDA_sample_442_nr8.mzML;dbgi_003419;Achnatherum calamagrostis (L.) P.Beauv.;NA;Positive;JBN;jbn;Achnatherum calamagrostis;Achnatherum calamagrostis (L.) P.Beauv.;species;Leaf;0;jbn;46,999960;6,9346485;20240723083627;LCMS – Synapt XS;MeOH/H2O;plant specimen
250409_ML_Metabo_DDA_sample_443_nr8.mzML;dbgi_003234;Iberis saxatilis L.;NA;Positive;JBN;jbn;Iberis saxatilis;Iberis saxatilis L.;species;Leaf;0;jbn;47,000060;6,9346810;20240722104833;LCMS – Synapt XS;MeOH/H2O;plant specimen
250409_ML_Metabo_DDA_sample_444_nr8.mzML;dbgi_003567;Houttuynia cordata Thunb.;NA;Positive;JBN;jbn;Houttuynia cordata;Houttuynia cordata Thunb.;species;Leaf;1;jbn;46,999733;6,9344950;20240814154942;LCMS – Synapt XS;MeOH/H2O;plant specimen
250409_ML_Metabo_DDA_sample_445_nr8.mzML;dbgi_003846;Phillyrea angustifolia L.;NA;Positive;JBN;jbn;Phillyrea angustifolia;Phillyrea angustifolia L.;species;Leaf;0;jbn;46,999687;6,9335566;20240812125328;LCMS – Synapt XS;MeOH/H2O;plant specimen
250409_ML_Metabo_DDA_sample_446_nr8.mzML;dbgi_003335;Marrubium peregrinum L.;NA;Positive;JBN;jbn;Marrubium peregrinum;Marrubium peregrinum L.;species;Leaf;1;jbn;46,999980;6,9349546;20240724114856;LCMS – Synapt XS;MeOH/H2O;plant specimen
250409_ML_Metabo_DDA_sample_448_nr8.mzML;dbgi_003668;Rhapidophyllum hystrix (Fraser ex Thouin) H.Wendl. & Drude;NA;Positive;JBN;jbn;Rhapidophyllum hystrix;Rhapidophyllum hystrix (Fraser ex Thouin) H.Wendl. & Drude;species;Leaf;1;jbn;46,999530;6,9344277;20240823155758;LCMS – Synapt XS;MeOH/H2O;plant specimen
250409_ML_Metabo_DDA_sample_449_nr8.mzML;dbgi_003722;Salvia verticillata L.;NA;Positive;JBN;jbn;Salvia verticillata;Salvia verticillata L.;species;Leaf;1;jbn;46,999638;6,9337707;20240813100046;LCMS – Synapt XS;MeOH/H2O;plant specimen
250409_ML_Metabo_DDA_sample_450_nr8.mzML;dbgi_002084;Melissa officinalis L.;NA;Positive;JBN;jbn;Melissa officinalis;Melissa officinalis L.;species;Leaf;0;jbn;47,000233;6,9350710;20240708141804;LCMS – Synapt XS;MeOH/H2O;plant specimen
250409_ML_Metabo_DDA_sample_451_nr8.mzML;dbgi_002026;Cornus officinalis Siebold & Zucc.;NA;Positive;JBN;jbn;Cornus officinalis;Cornus officinalis Siebold & Zucc.;species;Leaf;0;jbn;46,999847;6,9349875;20240725101628;LCMS – Synapt XS;MeOH/H2O;plant specimen
250409_ML_Metabo_DDA_sample_452_nr8.mzML;dbgi_001983;Rubus L.;NA;Positive;JBN;jbn;Rubus;Rubus L.;genus;Leaf;0;jbn;47,000225;6,9351473;20240708135852;LCMS – Synapt XS;MeOH/H2O;plant specimen
250409_ML_Metabo_DDA_sample_453_nr8.mzML;dbgi_003434;Veronica austriaca L.;NA;Positive;JBN;jbn;Veronica austriaca;Veronica austriaca L.;species;Leaf;0;jbn;46,999977;6,9346943;20240723083228;LCMS – Synapt XS;MeOH/H2O;plant specimen
250409_ML_Metabo_DDA_sample_455_nr8.mzML;dbgi_003396;Cistus populifolius L.;NA;Positive;JBN;jbn;Cistus populifolius;Cistus populifolius L.;species;Leaf;0;jbn;46,999680;6,9339010;20240813110856;LCMS – Synapt XS;MeOH/H2O;plant specimen
250409_ML_Metabo_DDA_sample_456_nr8.mzML;dbgi_002112;Hedera helix L.;NA;Positive;JBN;jbn;Hedera helix;Hedera helix L.;species;Leaf;0;jbn;47,000150;6,9348655;20240708111602;LCMS – Synapt XS;MeOH/H2O;plant specimen
250409_ML_Metabo_DDA_sample_457_nr8.mzML;dbgi_003308;Anthyllis vulneraria L.;NA;Positive;JBN;jbn;Anthyllis vulneraria;Anthyllis vulneraria L.;species;Leaf;0;jbn;47,000015;6,9347143;20240716144145;LCMS – Synapt XS;MeOH/H2O;plant specimen
250409_ML_Metabo_DDA_sample_458_nr8.mzML;dbgi_002048;Campanula L.;NA;Positive;JBN;jbn;Campanula;Campanula L.;genus;Leaf;1;jbn;46,999916;6,9348264;20240725113330;LCMS – Synapt XS;MeOH/H2O;plant specimen
250409_ML_Metabo_DDA_sample_459_nr8.mzML;dbgi_003347;Dianthus arenarius L.;NA;Positive;JBN;jbn;Dianthus arenarius;Dianthus arenarius L.;species;Leaf;0;jbn;46,999973;6,9349737;20240724112203;LCMS – Synapt XS;MeOH/H2O;plant specimen
250409_ML_Metabo_DDA_sample_460_nr8.mzML;dbgi_003743;Euphorbia nicaeensis All.;NA;Positive;JBN;jbn;Euphorbia nicaeensis;Euphorbia nicaeensis All.;species;Leaf;1;jbn;46,999670;6,9336860;20240812144058;LCMS – Synapt XS;MeOH/H2O;plant specimen
250409_ML_Metabo_DDA_sample_461_nr8.mzML;dbgi_003309;Veronica peduncularis M.Bieb.;NA;Positive;JBN;jbn;Veronica peduncularis;Veronica peduncularis M.Bieb.;species;Leaf;0;jbn;47,000000;6,9349160;20240724121854;LCMS – Synapt XS;MeOH/H2O;plant specimen
250409_ML_Metabo_DDA_sample_462_nr8.mzML;dbgi_003827;Helianthemum apenninum (L.) Mill.;NA;Positive;JBN;jbn;Helianthemum apenninum;Helianthemum apenninum (L.) Mill.;species;Leaf;0;jbn;46,999600;6,9336505;20240812153124;LCMS – Synapt XS;MeOH/H2O;plant specimen
250409_ML_Metabo_DDA_sample_463_nr8.mzML;dbgi_002189;Campanula thyrsoides L.;NA;Positive;JBN;jbn;Campanula thyrsoides;Campanula thyrsoides L.;species;Leaf;0;jbn;46,999973;6,9345520;20240723164721;LCMS – Synapt XS;MeOH/H2O;plant specimen
250409_ML_Metabo_DDA_sample_464_nr8.mzML;dbgi_003847;Aspidistra typica Baill.;NA;Positive;JBN;jbn;Aspidistra typica;Aspidistra typica Baill.;species;Leaf;1;jbn;46,999523;6,9344416;20240823154454;LCMS – Synapt XS;MeOH/H2O;plant specimen
250409_ML_Metabo_DDA_sample_465_nr8.mzML;dbgi_002107;Chelidonium majus L.;NA;Positive;JBN;jbn;Chelidonium majus;Chelidonium majus L.;species;Leaf;0;jbn;47,000300;6,9351187;20240709114205;LCMS – Synapt XS;MeOH/H2O;plant specimen
250409_ML_Metabo_DDA_sample_466_nr8.mzML;dbgi_002204;Cerastium grandiflorum Waldst. & Kit.;NA;Positive;JBN;jbn;Cerastium grandiflorum;Cerastium grandiflorum Waldst. & Kit.;species;Leaf;0;jbn;46,999930;6,9347300;20240725150638;LCMS – Synapt XS;MeOH/H2O;plant specimen
250409_ML_Metabo_DDA_sample_467_nr8.mzML;dbgi_003247;Ipomoea L.;NA;Positive;JBN;jbn;Ipomoea;Ipomoea L.;genus;Leaf;0;jbn;46,999683;6,9337544;20240813125942;LCMS – Synapt XS;NA;plant specimen
250409_ML_Metabo_DDA_sample_468_nr8.mzML;dbgi_001943;Verbascum nigrum L.;NA;Positive;JBN;jbn;Verbascum nigrum;Verbascum nigrum L.;species;Leaf;0;jbn;47,000200;6,9349490;20240708120024;LCMS – Synapt XS;MeOH/H2O;plant specimen
250409_ML_Metabo_DDA_sample_469_nr8.mzML;dbgi_002045;Chamaenerion angustifolium subsp. angustifolium;NA;Positive;JBN;jbn;Chamaenerion angustifolium subsp. angustifolium;Chamaenerion angustifolium subsp. angustifolium;subspecies;Leaf;0;jbn;47,000008;6,9345813;20240722085356;LCMS – Synapt XS;MeOH/H2O;plant specimen
250409_ML_Metabo_DDA_sample_470_nr8.mzML;dbgi_001951;Frangula alnus Mill.;NA;Positive;JBN;jbn;Frangula alnus;Frangula alnus Mill.;species;Leaf;0;jbn;47,000217;6,9350170;20240708122633;LCMS – Synapt XS;MeOH/H2O;plant specimen
250409_ML_Metabo_DDA_sample_471_nr8.mzML;dbgi_003762;Coriandrum sativum L.;NA;Positive;JBN;jbn;Coriandrum sativum;Coriandrum sativum L.;species;Leaf;0;jbn;46,999730;6,9345040;20240823133642;LCMS – Synapt XS;MeOH/H2O;plant specimen
250409_ML_Metabo_DDA_sample_473_nr8.mzML;dbgi_003706;Origanum majorana L.;NA;Positive;JBN;jbn;Origanum majorana;Origanum majorana L.;species;Leaf;0;jbn;46,999710;6,9344490;20240814132833;LCMS – Synapt XS;MeOH/H2O;plant specimen
250409_ML_Metabo_DDA_sample_474_nr8.mzML;dbgi_003282;Thalictrum speciosissimum L.;NA;Positive;JBN;jbn;Thalictrum speciosissimum;Thalictrum speciosissimum L.;species;Leaf;1;jbn;46,999850;6,9346250;20240726112125;LCMS – Synapt XS;MeOH/H2O;plant specimen
250409_ML_Metabo_DDA_sample_475_nr8.mzML;dbgi_003848;Lonicera maackii (Rupr.) Maxim.;NA;Positive;JBN;jbn;Lonicera maackii;Lonicera maackii (Rupr.) Maxim.;species;Leaf;0;jbn;46,999670;6,9346400;20240823151938;LCMS – Synapt XS;MeOH/H2O;plant specimen
250409_ML_Metabo_DDA_sample_477_nr8.mzML;dbgi_003663;Ribes L.;NA;Positive;JBN;jbn;Ribes;Ribes L.;genus;Leaf;1;jbn;46,999710;6,9345484;20240814153258;LCMS – Synapt XS;MeOH/H2O;plant specimen
250409_ML_Metabo_DDA_sample_478_nr8.mzML;dbgi_003741;Petrosedum sediforme (Jacq.) Grulich;NA;Positive;JBN;jbn;Petrosedum sediforme;Petrosedum sediforme (Jacq.) Grulich;species;Leaf;1;jbn;46,999664;6,9336570;20240812161429;LCMS – Synapt XS;MeOH/H2O;plant specimen
250409_ML_Metabo_DDA_sample_479_nr8.mzML;dbgi_003546;Pseudofumaria alba (Mill.) Lidén;NA;Positive;JBN;jbn;Pseudofumaria alba;Pseudofumaria alba (Mill.) Lidén;species;Leaf;1;jbn;46,999840;6,9348707;20240725103602;LCMS – Synapt XS;MeOH/H2O;plant specimen
250409_ML_Metabo_DDA_sample_480_nr8.mzML;dbgi_003705;Cryptotaenia japonica Hassk.;NA;Positive;JBN;jbn;Cryptotaenia japonica;Cryptotaenia japonica Hassk.;species;Leaf;1;jbn;46,999725;6,9345098;20240823133918;LCMS – Synapt XS;MeOH/H2O;plant specimen
250409_ML_Metabo_DDA_sample_481_nr8.mzML;dbgi_003327;Campanula medium L.;NA;Positive;JBN;jbn;Campanula medium;Campanula medium L.;species;Leaf;0;jbn;46,999980;6,9347286;20240723054923;LCMS – Synapt XS;MeOH/H2O;plant specimen
250409_ML_Metabo_DDA_sample_482_nr8.mzML;dbgi_003784;Phlomis chrysophylla Boiss.;NA;Positive;JBN;jbn;Phlomis chrysophylla;Phlomis chrysophylla Boiss.;species;Leaf;0;jbn;46,999800;6,9339075;20240812111024;LCMS – Synapt XS;MeOH/H2O;plant specimen
250409_ML_Metabo_DDA_sample_484_nr8.mzML;dbgi_003387;Dianthus spiculifolius Schur;NA;Positive;JBN;jbn;Dianthus spiculifolius;Dianthus spiculifolius Schur;species;Leaf;0;jbn;46,999954;6,9348216;20240724155405;LCMS – Synapt XS;MeOH/H2O;plant specimen
250409_ML_Metabo_DDA_sample_485_nr8.mzML;dbgi_003271;Silene vulgaris (Moench) Garcke;NA;Positive;JBN;jbn;Silene vulgaris;Silene vulgaris (Moench) Garcke;species;Leaf;0;jbn;47,000000;6,9348030;20240723040155;LCMS – Synapt XS;MeOH/H2O;plant specimen
250409_ML_Metabo_DDA_sample_486_nr8.mzML;dbgi_003468;Ramonda myconi (L.) Rchb.;NA;Positive;JBN;jbn;Ramonda myconi;Ramonda myconi (L.) Rchb.;species;Leaf;0;jbn;46,999786;6,9344034;20240726141424;LCMS – Synapt XS;MeOH/H2O;plant specimen
250410_ML_Metabo_DDA_sample_487_nr8.mzML;dbgi_003404;Oenanthe lachenalii C.C.Gmel.;NA;Positive;JBN;jbn;Oenanthe lachenalii;Oenanthe lachenalii C.C.Gmel.;species;Leaf;0;jbn;46,999985;6,9346437;20240723084736;LCMS – Synapt XS;MeOH/H2O;plant specimen
250410_ML_Metabo_DDA_sample_488_nr8.mzML;dbgi_003840;Thymbra capitata (L.) Cav.;NA;Positive;JBN;jbn;Thymbra capitata;Thymbra capitata (L.) Cav.;species;Leaf;1;jbn;46,999640;6,9337783;20240813095553;LCMS – Synapt XS;MeOH/H2O;plant specimen
250410_ML_Metabo_DDA_sample_489_nr8.mzML;dbgi_002071;Wulfenia carinthiaca Jacq.;NA;Positive;JBN;jbn;Wulfenia carinthiaca;Wulfenia carinthiaca Jacq.;species;Leaf;0;jbn;47,000080;6,9348530;20240712103031;LCMS – Synapt XS;MeOH/H2O;plant specimen
250410_ML_Metabo_DDA_sample_490_nr8.mzML;dbgi_002124;Vinca minor L.;NA;Positive;JBN;jbn;Vinca minor;Vinca minor L.;species;Leaf;0;jbn;47,000275;6,9351380;20240709111029;LCMS – Synapt XS;MeOH/H2O;plant specimen
250410_ML_Metabo_DDA_sample_492_nr8.mzML;dbgi_003433;Sempervivum L.;NA;Positive;JBN;jbn;Sempervivum;Sempervivum L.;genus;Leaf;1;jbn;46,999950;6,9346476;20240723091127;LCMS – Synapt XS;MeOH/H2O;plant specimen
250410_ML_Metabo_DDA_sample_493_nr8.mzML;dbgi_001947;Bryonia L.;NA;Positive;JBN;jbn;Bryonia;Bryonia L.;genus;Leaf;0;jbn;47,000225;6,9351215;20240708153104;LCMS – Synapt XS;MeOH/H2O;plant specimen
250410_ML_Metabo_DDA_sample_494_nr8.mzML;dbgi_002216;Rosa uriensis Lagger & Puget ex Cottet;NA;Positive;JBN;jbn;Rosa uriensis;Rosa uriensis Lagger & Puget ex Cottet;species;Leaf;0;jbn;47,000217;6,9351025;20240708135315;LCMS – Synapt XS;MeOH/H2O;plant specimen
250410_ML_Metabo_DDA_sample_495_nr8.mzML;dbgi_002094;Chamaecytisus purpureus (Scop.) Link;NA;Positive;JBN;jbn;Chamaecytisus purpureus;Chamaecytisus purpureus (Scop.) Link;species;Leaf;0;jbn;47,000040;6,9348080;20240712105630;LCMS – Synapt XS;MeOH/H2O;plant specimen
250410_ML_Metabo_DDA_sample_496_nr8.mzML;dbgi_002182;Centaurea L.;NA;Positive;JBN;jbn;Centaurea;Centaurea L.;genus;Leaf;0;jbn;47,000233;6,9350357;20240708145603;LCMS – Synapt XS;MeOH/H2O;plant specimen
250410_ML_Metabo_DDA_sample_497_nr8.mzML;dbgi_003283;Adonis vernalis L.;NA;Positive;JBN;jbn;Adonis vernalis;Adonis vernalis L.;species;Leaf;0;jbn;46,999820;6,9345026;20240726143819;LCMS – Synapt XS;MeOH/H2O;plant specimen
250410_ML_Metabo_DDA_sample_498_nr8.mzML;dbgi_003287;Chamaecytisus Link;NA;Positive;JBN;jbn;Chamaecytisus;Chamaecytisus Link;genus;Leaf;1;jbn;46,999817;6,9345894;20240726115638;LCMS – Synapt XS;MeOH/H2O;plant specimen
250410_ML_Metabo_DDA_sample_499_nr8.mzML;dbgi_001985;Cornus mas L.;NA;Positive;JBN;jbn;Cornus mas;Cornus mas L.;species;Leaf;0;jbn;47,000210;6,9350634;20240708134848;LCMS – Synapt XS;MeOH/H2O;plant specimen
250410_ML_Metabo_DDA_sample_500_nr8.mzML;dbgi_003511;Paronychia kapela subsp. serpyllifolia (Chaix) Graebn.;NA;Positive;JBN;jbn;Paronychia kapela subsp. serpyllifolia;Paronychia kapela subsp. serpyllifolia (Chaix) Graebn.;subspecies;Leaf;0;jbn;46,999920;6,9345937;20240723154441;LCMS – Synapt XS;MeOH/H2O;plant specimen
250410_ML_Metabo_DDA_sample_501_nr8.mzML;dbgi_002221;Hypericum perforatum L.;NA;Positive;JBN;jbn;Hypericum perforatum;Hypericum perforatum L.;species;Leaf;0;jbn;47,000275;6,9351172;20240708151308;LCMS – Synapt XS;MeOH/H2O;plant specimen
250410_ML_Metabo_DDA_sample_502_nr8.mzML;dbgi_002015;Silybum marianum (L.) Gaertn.;NA;Positive;JBN;jbn;Silybum marianum;Silybum marianum (L.) Gaertn.;species;Leaf;0;jbn;47,000240;6,9350867;20240708142515;LCMS – Synapt XS;MeOH/H2O;plant specimen
250410_ML_Metabo_DDA_sample_503_nr8.mzML;dbgi_003776;Rubus phoenicolasius Maxim.;NA;Positive;JBN;jbn;Rubus phoenicolasius;Rubus phoenicolasius Maxim.;species;Leaf;0;jbn;46,999714;6,9344150;20240814130352;LCMS – Synapt XS;MeOH/H2O;plant specimen
250410_ML_Metabo_DDA_sample_505_nr8.mzML;dbgi_003310;Hylotelephium maximum subsp. ruprechtii (Jalas) Dostál;NA;Positive;JBN;jbn;Hylotelephium maximum subsp. ruprechtii;Hylotelephium maximum subsp. ruprechtii (Jalas) Dostál;subspecies;Leaf;0;jbn;47,000004;6,9349217;20240724122850;LCMS – Synapt XS;MeOH/H2O;plant specimen
250410_ML_Metabo_DDA_sample_506_nr8.mzML;dbgi_003693;Rosa laxa Retz.;NA;Positive;JBN;jbn;Rosa laxa;Rosa laxa Retz.;species;Leaf;1;jbn;46,999676;6,9344760;20240814145641;LCMS – Synapt XS;MeOH/H2O;plant specimen
250410_ML_Metabo_DDA_sample_507_nr8.mzML;dbgi_001997;Althaea officinalis L.;NA;Positive;JBN;jbn;Althaea officinalis;Althaea officinalis L.;species;Leaf;0;jbn;47,000237;6,9350480;20240708150309;LCMS – Synapt XS;MeOH/H2O;plant specimen
250410_ML_Metabo_DDA_sample_511_nr8.mzML;dbgi_002022;Hepatica nobilis Schreb.;NA;Positive;JBN;jbn;Hepatica nobilis;Hepatica nobilis Schreb.;species;Leaf;0;jbn;47,000282;6,9351550;20240709110748;LCMS – Synapt XS;MeOH/H2O;plant specimen
250410_ML_Metabo_DDA_sample_512_nr8.mzML;dbgi_001987;Papaver somniferum L.;NA;Positive;JBN;jbn;Papaver somniferum;Papaver somniferum L.;species;Leaf;0;jbn;47,000244;6,9350295;20240708145322;LCMS – Synapt XS;MeOH/H2O;plant specimen
250410_ML_Metabo_DDA_sample_513_nr8.mzML;dbgi_003285;Juncus arcticus Willd.;NA;Positive;JBN;jbn;Juncus arcticus;Juncus arcticus Willd.;species;Leaf;0;jbn;46,999980;6,9346390;20240723085339;LCMS – Synapt XS;MeOH/H2O;plant specimen
250410_ML_Metabo_DDA_sample_514_nr8.mzML;dbgi_003471;Teucrium pyrenaicum L.;NA;Positive;JBN;jbn;Teucrium pyrenaicum;Teucrium pyrenaicum L.;species;Leaf;0;jbn;46,999855;6,9345517;20240726144534;LCMS – Synapt XS;MeOH/H2O;plant specimen
250410_ML_Metabo_DDA_sample_515_nr8.mzML;dbgi_002134;Molinia caerulea (L.) Moench;NA;Positive;JBN;jbn;Molinia caerulea;Molinia caerulea (L.) Moench;species;Leaf;0;jbn;47,000010;6,9345813;20240722084950;LCMS – Synapt XS;MeOH/H2O;plant specimen
250410_ML_Metabo_DDA_sample_516_nr8.mzML;dbgi_002190;Streptocarpus caulescens Vatke;NA;Positive;JBN;jbn;Streptocarpus caulescens;Streptocarpus caulescens Vatke;species;Leaf;0;jbn;46,999893;6,9343767;20240710101916;LCMS – Synapt XS;MeOH/H2O;plant specimen
250410_ML_Metabo_DDA_sample_517_nr8.mzML;dbgi_003446;Satureja montana L.;NA;Positive;JBN;jbn;Satureja montana;Satureja montana L.;species;Leaf;0;jbn;46,999960;6,9346600;20240723081916;LCMS – Synapt XS;MeOH/H2O;plant specimen
250410_ML_Metabo_DDA_sample_518_nr8.mzML;dbgi_002194;Acer monspessulanum L.;NA;Positive;JBN;jbn;Acer monspessulanum;Acer monspessulanum L.;species;Leaf;0;jbn;46,999966;6,9344570;20240722091333;LCMS – Synapt XS;MeOH/H2O;plant specimen
250410_ML_Metabo_DDA_sample_519_nr8.mzML;dbgi_002081;Crataegus monogyna Jacq.;NA;Positive;JBN;jbn;Crataegus monogyna;Crataegus monogyna Jacq.;species;Leaf;0;jbn;47,000145;6,9349020;20240712101949;LCMS – Synapt XS;MeOH/H2O;plant specimen
250410_ML_Metabo_DDA_sample_520_nr8.mzML;dbgi_002206;Hippophae rhamnoides L.;NA;Positive;JBN;jbn;Hippophae rhamnoides;Hippophae rhamnoides L.;species;Leaf;0;jbn;47,000206;6,9350480;20240708134243;LCMS – Synapt XS;MeOH/H2O;plant specimen
250410_ML_Metabo_DDA_sample_521_nr8.mzML;dbgi_003270;Paeonia broteri Boiss. & Reut.;NA;Positive;JBN;jbn;Paeonia broteri;Paeonia broteri Boiss. & Reut.;species;Leaf;1;jbn;46,999860;6,9346175;20240726110837;LCMS – Synapt XS;MeOH/H2O;plant specimen
250410_ML_Metabo_DDA_sample_522_nr8.mzML;dbgi_002148;Psephellus simplicicaulis (Boiss. & A.Huet) Wagenitz;NA;Positive;JBN;jbn;Psephellus simplicicaulis;Psephellus simplicicaulis (Boiss. & A.Huet) Wagenitz;species;Leaf;0;jbn;46,999954;6,9349346;20240724120338;LCMS – Synapt XS;MeOH/H2O;plant specimen
250410_ML_Metabo_DDA_sample_523_nr8.mzML;dbgi_002131;Lepidium sativum L.;NA;Positive;JBN;jbn;Lepidium sativum;Lepidium sativum L.;species;Leaf;0;jbn;47,000233;6,9350805;20240708142249;LCMS – Synapt XS;MeOH/H2O;plant specimen
250410_ML_Metabo_DDA_sample_524_nr8.mzML;dbgi_003488;Ceratonia siliqua L.;NA;Positive;JBN;jbn;Ceratonia siliqua;Ceratonia siliqua L.;species;Leaf;0;jbn;46,999790;6,9344993;20240726143059;LCMS – Synapt XS;MeOH/H2O;plant specimen
250410_ML_Metabo_DDA_sample_525_nr8.mzML;dbgi_003274;Malus toringo (Siebold) de Vriese;NA;Positive;JBN;jbn;Malus toringo;Malus toringo (Siebold) de Vriese;species;Leaf;1;jbn;47,000187;6,9343550;20240726154922;LCMS – Synapt XS;MeOH/H2O;plant specimen
250410_ML_Metabo_DDA_sample_526_nr8.mzML;dbgi_003845;Glaucium flavum Crantz;NA;Positive;JBN;jbn;Glaucium flavum;Glaucium flavum Crantz;species;Leaf;0;jbn;46,999645;6,9338970;20240813103429;LCMS – Synapt XS;MeOH/H2O;plant specimen
250410_ML_Metabo_DDA_sample_528_nr8.mzML;dbgi_003856;Catananche caerulea L.;NA;Positive;JBN;jbn;Catananche caerulea;Catananche caerulea L.;species;Leaf;0;jbn;46,999640;6,9337845;20240813095220;LCMS – Synapt XS;MeOH/H2O;plant specimen
250410_ML_Metabo_DDA_sample_529_nr8.mzML;dbgi_003397;Ruscus aculeatus L.;NA;Positive;JBN;jbn;Ruscus aculeatus;Ruscus aculeatus L.;species;Leaf;0;jbn;46,999620;6,9338680;20240813132831;LCMS – Synapt XS;MeOH/H2O;plant specimen
250410_ML_Metabo_DDA_sample_530_nr8.mzML;dbgi_002136;Larix decidua (L.) Mill.;NA;Positive;JBN;jbn;Larix decidua;Larix decidua (L.) Mill.;species;Leaf;0;jbn;47,000060;6,9349256;20240712100422;LCMS – Synapt XS;MeOH/H2O;plant specimen
250410_ML_Metabo_DDA_sample_531_nr8.mzML;dbgi_002178;Tradescantia Ruppius ex L.;NA;Positive;JBN;jbn;Tradescantia;Tradescantia Ruppius ex L.;genus;Leaf;0;jbn;46,999893;6,9343740;20240710102231;LCMS – Synapt XS;MeOH/H2O;plant specimen
250410_ML_Metabo_DDA_sample_532_nr8.mzML;dbgi_003269;Helleborus niger L.;NA;Positive;JBN;jbn;Helleborus niger;Helleborus niger L.;species;Leaf;0;jbn;46,999960;6,9346547;20240723081154;LCMS – Synapt XS;MeOH/H2O;plant specimen
250410_ML_Metabo_DDA_sample_533_nr8.mzML;dbgi_003345;Globularia cordifolia L.;NA;Positive;JBN;jbn;Globularia cordifolia;Globularia cordifolia L.;species;Leaf;0;jbn;47,000004;6,9347820;20240723042541;LCMS – Synapt XS;MeOH/H2O;plant specimen
250410_ML_Metabo_DDA_sample_534_nr8.mzML;dbgi_003431;Syringa vulgaris L.;NA;Positive;JBN;jbn;Syringa vulgaris;Syringa vulgaris L.;species;Leaf;1;jbn;47,000150;6,9342800;20240726155315;LCMS – Synapt XS;MeOH/H2O;plant specimen
250410_ML_Metabo_DDA_sample_535_nr8.mzML;dbgi_003475;Genista lydia Boiss.;NA;Positive;JBN;jbn;Genista lydia;Genista lydia Boiss.;species;Leaf;0;jbn;46,999893;6,9349174;20240725100243;LCMS – Synapt XS;NA;plant specimen
250410_ML_Metabo_DDA_sample_536_nr8.mzML;dbgi_002128;Catopsis Griseb.;NA;Positive;JBN;jbn;Catopsis;Catopsis Griseb.;genus;Leaf;0;jbn;46,999897;6,9343734;20240710101154;LCMS – Synapt XS;MeOH/H2O;plant specimen
250410_ML_Metabo_DDA_sample_537_nr8.mzML;dbgi_003540;Sideritis italica (Mill.) Greuter & Burdet;NA;Positive;JBN;jbn;Sideritis italica;Sideritis italica (Mill.) Greuter & Burdet;species;Leaf;0;jbn;46,999880;6,9347315;20240725145231;LCMS – Synapt XS;MeOH/H2O;plant specimen
250410_ML_Metabo_DDA_sample_538_nr8.mzML;dbgi_002044;Foeniculum vulgare Mill.;NA;Positive;JBN;jbn;Foeniculum vulgare;Foeniculum vulgare Mill.;species;Leaf;0;jbn;47,000233;6,9350750;20240708141519;LCMS – Synapt XS;MeOH/H2O;plant specimen
250410_ML_Metabo_DDA_sample_539_nr8.mzML;dbgi_003301;Aurinia petraea (Ard.) Fuss;NA;Positive;JBN;jbn;Aurinia petraea;Aurinia petraea (Ard.) Fuss;species;Leaf;0;jbn;46,999966;6,9348120;20240724160502;LCMS – Synapt XS;MeOH/H2O;plant specimen
250410_ML_Metabo_DDA_sample_540_nr8.mzML;dbgi_003470;Spiraea decumbens Koch;NA;Positive;JBN;jbn;Spiraea decumbens;Spiraea decumbens Koch;species;Leaf;0;jbn;46,999928;6,9345965;20240723154821;LCMS – Synapt XS;MeOH/H2O;plant specimen
250410_ML_Metabo_DDA_sample_541_nr8.mzML;dbgi_002132;Prunus L.;NA;Positive;JBN;jbn;Prunus;Prunus L.;genus;Leaf;0;jbn;47,000145;6,9348707;20240708113220;LCMS – Synapt XS;MeOH/H2O;plant specimen
250410_ML_Metabo_DDA_sample_543_nr8.mzML;dbgi_003339;Helianthemum nummularium (L.) Mill.;NA;Positive;JBN;jbn;Helianthemum nummularium;Helianthemum nummularium (L.) Mill.;species;Leaf;0;jbn;46,999973;6,9345593;20240723164406;LCMS – Synapt XS;MeOH/H2O;plant specimen
250410_ML_Metabo_DDA_sample_544_nr8.mzML;dbgi_001981;Cucumis L.;NA;Positive;JBN;jbn;Cucumis;Cucumis L.;genus;Leaf;0;jbn;47,000240;6,9350030;20240708122932;LCMS – Synapt XS;MeOH/H2O;plant specimen
250410_ML_Metabo_DDA_sample_545_nr8.mzML;dbgi_003355;Acanthophyllum persicum (Boiss.) A.Pirani & Rabeler;NA;Positive;JBN;jbn;Acanthophyllum persicum;Acanthophyllum persicum (Boiss.) A.Pirani & Rabeler;species;Leaf;0;jbn;46,999996;6,9349394;20240724131111;LCMS – Synapt XS;MeOH/H2O;plant specimen
250410_ML_Metabo_DDA_sample_546_nr8.mzML;dbgi_003253;Armeria alpina Willd.;NA;Positive;JBN;jbn;Armeria alpina;Armeria alpina Willd.;species;Leaf;0;jbn;47,000020;6,9348536;20240723034619;LCMS – Synapt XS;MeOH/H2O;plant specimen
250410_ML_Metabo_DDA_sample_547_nr8.mzML;dbgi_003280;Salvia lavandulifolia Vahl;NA;Positive;JBN;jbn;Salvia lavandulifolia;Salvia lavandulifolia Vahl;species;Leaf;1;jbn;46,999830;6,9344030;20240726123634;LCMS – Synapt XS;MeOH/H2O;plant specimen
250410_ML_Metabo_DDA_sample_549_nr8.mzML;dbgi_002127;Primula auricula subsp. auricula;NA;Positive;JBN;jbn;Primula auricula subsp. auricula;Primula auricula subsp. auricula;subspecies;Leaf;0;jbn;47,000020;6,9346533;20240722080143;LCMS – Synapt XS;MeOH/H2O;plant specimen
250410_ML_Metabo_DDA_sample_550_nr8.mzML;dbgi_003265;Saxifraga cuneata Willd.;NA;Positive;JBN;jbn;Saxifraga cuneata;Saxifraga cuneata Willd.;species;Leaf;0;jbn;46,999840;6,9344287;20240726122634;LCMS – Synapt XS;MeOH/H2O;plant specimen
250410_ML_Metabo_DDA_sample_551_nr8.mzML;dbgi_003507;Colutea persica Boiss.;NA;Positive;JBN;jbn;Colutea persica;Colutea persica Boiss.;species;Leaf;0;jbn;46,999805;6,9342165;20240726151455;LCMS – Synapt XS;MeOH/H2O;plant specimen
250410_ML_Metabo_DDA_sample_553_nr8.mzML;dbgi_003241;Siler montanum subsp. montanum;NA;Positive;JBN;jbn;Siler montanum subsp. montanum;Siler montanum subsp. montanum;subspecies;Leaf;0;jbn;47,000053;6,9346680;20240722102832;LCMS – Synapt XS;MeOH/H2O;plant specimen
250410_ML_Metabo_DDA_sample_554_nr8.mzML;dbgi_003436;Brunnera macrophylla (Adams) I.M.Johnst.;NA;Positive;JBN;jbn;Brunnera macrophylla;Brunnera macrophylla (Adams) I.M.Johnst.;species;Leaf;0;jbn;46,999977;6,9349804;20240724112527;LCMS – Synapt XS;MeOH/H2O;plant specimen
250410_ML_Metabo_DDA_sample_555_nr8.mzML;dbgi_001938;Coronilla L.;NA;Positive;JBN;jbn;Coronilla;Coronilla L.;genus;Leaf;0;jbn;47,000164;6,9349420;20240708152150;LCMS – Synapt XS;MeOH/H2O;plant specimen
250410_ML_Metabo_DDA_sample_556_nr8.mzML;dbgi_002144;Pinus uncinata Ramond ex DC.;NA;Positive;JBN;jbn;Pinus uncinata;Pinus uncinata Ramond ex DC.;species;Leaf;0;jbn;47,000010;6,9346848;20240722075720;LCMS – Synapt XS;MeOH/H2O;plant specimen
250410_ML_Metabo_DDA_sample_557_nr8.mzML;dbgi_001975;Fragaria vesca L.;NA;Positive;JBN;jbn;Fragaria vesca;Fragaria vesca L.;species;Leaf;0;jbn;47,000150;6,9348630;20240708111100;LCMS – Synapt XS;MeOH/H2O;plant specimen
250410_ML_Metabo_DDA_sample_558_nr8.mzML;dbgi_002118;Aria × ambigua Michalet ex Decne.;NA;Positive;JBN;jbn;Aria × ambigua;Aria × ambigua Michalet ex Decne.;species;Leaf;1;jbn;46,999980;6,9345384;20240722090904;LCMS – Synapt XS;MeOH/H2O;plant specimen
250410_ML_Metabo_DDA_sample_559_nr8.mzML;dbgi_003229;Dianthus sylvestris Wulfen;NA;Positive;JBN;jbn;Dianthus sylvestris;Dianthus sylvestris Wulfen;species;Leaf;0;jbn;47,000027;6,9347253;20240717144802;LCMS – Synapt XS;MeOH/H2O;plant specimen
250410_ML_Metabo_DDA_sample_560_nr8.mzML;dbgi_003350;Lavandula angustifolia Mill.;NA;Positive;JBN;jbn;Lavandula angustifolia;Lavandula angustifolia Mill.;species;Leaf;0;jbn;46,999990;6,9347115;20240723052431;LCMS – Synapt XS;MeOH/H2O;plant specimen
250410_ML_Metabo_DDA_sample_562_nr8.mzML;dbgi_003352;Koeleria vallesiana (Honck.) Gaudin;NA;Positive;JBN;jbn;Koeleria vallesiana;Koeleria vallesiana (Honck.) Gaudin;species;Leaf;0;jbn;46,999980;6,9347014;20240723051504;LCMS – Synapt XS;MeOH/H2O;plant specimen
250410_ML_Metabo_DDA_sample_563_nr8.mzML;dbgi_003439;Origanum vulgare L.;NA;Positive;JBN;jbn;Origanum vulgare;Origanum vulgare L.;species;Leaf;0;jbn;46,999916;6,9347734;20240725143359;LCMS – Synapt XS;MeOH/H2O;plant specimen
250410_ML_Metabo_DDA_sample_564_nr8.mzML;dbgi_002016;Solanum dulcamara L.;NA;Positive;JBN;jbn;Solanum dulcamara;Solanum dulcamara L.;species;Leaf;0;jbn;47,000210;6,9349870;20240708122010;LCMS – Synapt XS;MeOH/H2O;plant specimen
250411_ML_Metabo_DDA_sample_565_nr8.mzML;dbgi_003802;Fagopyrum esculentum Moench;NA;Positive;JBN;jbn;Fagopyrum esculentum;Fagopyrum esculentum Moench;species;Leaf;1;jbn;46,999744;6,9346190;20240823143048;LCMS – Synapt XS;MeOH/H2O;plant specimen
250411_ML_Metabo_DDA_sample_566_nr8.mzML;dbgi_002109;Coronilla varia L.;NA;Positive;JBN;jbn;Coronilla varia;Coronilla varia L.;species;Leaf;0;jbn;47,000023;6,9347970;20240712111047;LCMS – Synapt XS;MeOH/H2O;plant specimen
250411_ML_Metabo_DDA_sample_567_nr8.mzML;dbgi_003542;Geranium albanum M. Bieb.;NA;Positive;JBN;jbn;Geranium albanum;Geranium albanum M. Bieb.;species;Leaf;0;jbn;46,999912;6,9348574;20240724144055;LCMS – Synapt XS;MeOH/H2O;plant specimen
250411_ML_Metabo_DDA_sample_568_nr8.mzML;dbgi_003356;Odontarrhena muralis (Waldst. & Kit.) Endl.;NA;Positive;JBN;jbn;Odontarrhena muralis;Odontarrhena muralis (Waldst. & Kit.) Endl.;species;Leaf;1;jbn;46,999966;6,9350430;20240724114022;LCMS – Synapt XS;MeOH/H2O;plant specimen
250411_ML_Metabo_DDA_sample_569_nr8.mzML;dbgi_003572;Sorbus cashmiriana Hedl.;NA;Positive;JBN;jbn;Sorbus cashmiriana;Sorbus cashmiriana Hedl.;species;Leaf;0;jbn;46,999596;6,9342194;20240826144753;LCMS – Synapt XS;MeOH/H2O;plant specimen
250411_ML_Metabo_DDA_sample_570_nr8.mzML;dbgi_003465;Silene saxifraga L.;NA;Positive;JBN;jbn;Silene saxifraga;Silene saxifraga L.;species;Leaf;0;jbn;46,999954;6,9348125;20240724161117;LCMS – Synapt XS;MeOH/H2O;plant specimen
250411_ML_Metabo_DDA_sample_571_nr8.mzML;dbgi_003385;Alyssum moellendorfianum Asch. ex Beck;NA;Positive;JBN;jbn;Alyssum moellendorfianum;Alyssum moellendorfianum Asch. ex Beck;species;Leaf;0;jbn;46,999905;6,9348974;20240725095339;LCMS – Synapt XS;MeOH/H2O;plant specimen
250411_ML_Metabo_DDA_sample_572_nr8.mzML;dbgi_002095;Lathyrus vernus (L.) Bernh.;NA;Positive;JBN;jbn;Lathyrus vernus;Lathyrus vernus (L.) Bernh.;species;Leaf;0;jbn;47,000042;6,9346150;20240722095442;LCMS – Synapt XS;MeOH/H2O;plant specimen
250411_ML_Metabo_DDA_sample_573_nr8.mzML;dbgi_003577;Sanguisorba officinalis L.;NA;Positive;JBN;jbn;Sanguisorba officinalis;Sanguisorba officinalis L.;species;Leaf;0;jbn;46,999596;6,9342155;20240826145214;LCMS – Synapt XS;MeOH/H2O;plant specimen
250411_ML_Metabo_DDA_sample_574_nr8.mzML;dbgi_003788;Linaria capraria Moris & De Not.;NA;Positive;JBN;jbn;Linaria capraria;Linaria capraria Moris & De Not.;species;Leaf;0;jbn;46,999780;6,9338950;20240812103435;LCMS – Synapt XS;MeOH/H2O;plant specimen
250411_ML_Metabo_DDA_sample_575_nr8.mzML;dbgi_003954;Saponaria officinalis L.;NA;Positive;JBN;jbn;Saponaria officinalis;Saponaria officinalis L.;species;Leaf;0;jbn;46,999706;6,9344670;20240814134527;LCMS – Synapt XS;MeOH/H2O;plant specimen
250411_ML_Metabo_DDA_sample_576_nr8.mzML;dbgi_003611;Arnica chamissonis Less.;NA;Positive;JBN;jbn;Arnica chamissonis;Arnica chamissonis Less.;species;Leaf;0;jbn;46,999500;6,9339150;20240826102805;LCMS – Synapt XS;NA;plant specimen
250411_ML_Metabo_DDA_sample_577_nr8.mzML;dbgi_003628;Allium cepa L.;NA;Positive;JBN;jbn;Allium cepa;Allium cepa L.;species;Leaf;1;jbn;46,999733;6,9341070;20240814101205;LCMS – Synapt XS;MeOH/H2O;plant specimen
250411_ML_Metabo_DDA_sample_578_nr8.mzML;dbgi_002049;Salix arbuscula L.;NA;Positive;JBN;jbn;Salix arbuscula;Salix arbuscula L.;species;Leaf;0;jbn;46,999950;6,9348780;20240724152412;LCMS – Synapt XS;MeOH/H2O;plant specimen
250411_ML_Metabo_DDA_sample_580_nr8.mzML;dbgi_003322;Campanula pyramidalis L.;NA;Positive;JBN;jbn;Campanula pyramidalis;Campanula pyramidalis L.;species;Leaf;0;jbn;46,999943;6,9347453;20240725140325;LCMS – Synapt XS;MeOH/H2O;plant specimen
250411_ML_Metabo_DDA_sample_581_nr8.mzML;dbgi_003830;Westringia fruticosa (Willd.) Druce;NA;Positive;JBN;jbn;Westringia fruticosa;Westringia fruticosa (Willd.) Druce;species;Leaf;1;jbn;46,999725;6,9345403;20240823134908;LCMS – Synapt XS;MeOH/H2O;plant specimen
250411_ML_Metabo_DDA_sample_582_nr8.mzML;dbgi_003750;Cycas revoluta Thunb.;NA;Positive;JBN;jbn;Cycas revoluta;Cycas revoluta Thunb.;species;Leaf;0;jbn;46,999493;6,9342130;20240826153542;LCMS – Synapt XS;MeOH/H2O;plant specimen
250411_ML_Metabo_DDA_sample_583_nr8.mzML;dbgi_003768;Cucurbita maxima Duchesne;NA;Positive;JBN;jbn;Cucurbita maxima;Cucurbita maxima Duchesne;species;Leaf;1;jbn;46,999744;6,9342265;20240814103414;LCMS – Synapt XS;MeOH/H2O;plant specimen
250411_ML_Metabo_DDA_sample_584_nr8.mzML;dbgi_003568;Datisca cannabina L.;NA;Positive;JBN;jbn;Datisca cannabina;Datisca cannabina L.;species;Leaf;0;jbn;46,999588;6,9342060;20240826145903;LCMS – Synapt XS;MeOH/H2O;plant specimen
250411_ML_Metabo_DDA_sample_585_nr8.mzML;dbgi_003414;Echinops sphaerocephalus L.;NA;Positive;JBN;jbn;Echinops sphaerocephalus;Echinops sphaerocephalus L.;species;Leaf;0;jbn;46,999930;6,9345994;20240723155519;LCMS – Synapt XS;MeOH/H2O;plant specimen
250411_ML_Metabo_DDA_sample_587_nr8.mzML;dbgi_003702;Perilla frutescens (L.) Britton;NA;Positive;JBN;jbn;Perilla frutescens;Perilla frutescens (L.) Britton;species;Leaf;1;jbn;46,999737;6,9344816;20240814154551;LCMS – Synapt XS;MeOH/H2O;plant specimen
250411_ML_Metabo_DDA_sample_589_nr8.mzML;dbgi_003889;Drymocallis fissa (Nutt.) Rydb.;NA;Positive;JBN;jbn;Drymocallis fissa;Drymocallis fissa (Nutt.) Rydb.;species;Leaf;1;jbn;46,999615;6,9341840;20240826135915;LCMS – Synapt XS;MeOH/H2O;plant specimen
250411_ML_Metabo_DDA_sample_590_nr8.mzML;dbgi_003318;Campanula lanata Friv.;NA;Positive;JBN;jbn;Campanula lanata;Campanula lanata Friv.;species;Leaf;0;jbn;46,999924;6,9348016;20240725130007;LCMS – Synapt XS;MeOH/H2O;plant specimen
250411_ML_Metabo_DDA_sample_591_nr8.mzML;dbgi_003901;Festuca valesiaca Schleich. ex Gaudin;NA;Positive;JBN;jbn;Festuca valesiaca;Festuca valesiaca Schleich. ex Gaudin;species;Leaf;0;jbn;46,999573;6,9344080;20240826160922;LCMS – Synapt XS;MeOH/H2O;plant specimen
250411_ML_Metabo_DDA_sample_593_nr8.mzML;dbgi_003725;Fragaria virginiana Duchesne;NA;Positive;JBN;jbn;Fragaria virginiana;Fragaria virginiana Duchesne;species;Leaf;0;jbn;46,999573;6,9341600;20240826152248;LCMS – Synapt XS;MeOH/H2O;plant specimen
250411_ML_Metabo_DDA_sample_595_nr8.mzML;dbgi_003420;Siler montanum subsp. montanum;NA;Positive;JBN;jbn;Siler montanum subsp. montanum;Siler montanum subsp. montanum;subspecies;Leaf;0;jbn;46,999966;6,9346476;20240723084233;LCMS – Synapt XS;MeOH/H2O;plant specimen
250411_ML_Metabo_DDA_sample_596_nr8.mzML;dbgi_003333;Cytisus decumbens (Durande) Spach;NA;Positive;JBN;jbn;Cytisus decumbens;Cytisus decumbens (Durande) Spach;species;Leaf;0;jbn;47,000004;6,9347740;20240723043021;LCMS – Synapt XS;MeOH/H2O;plant specimen
250411_ML_Metabo_DDA_sample_597_nr8.mzML;dbgi_003589;Alcea rosea L.;NA;Positive;JBN;jbn;Alcea rosea;Alcea rosea L.;species;Leaf;0;jbn;46,999600;6,9339385;20240826112822;LCMS – Synapt XS;MeOH/H2O;plant specimen
250411_ML_Metabo_DDA_sample_598_nr8.mzML;dbgi_002036;Astrantia major L.;NA;Positive;JBN;jbn;Astrantia major;Astrantia major L.;species;Leaf;0;jbn;47,000040;6,9345393;20240722092920;LCMS – Synapt XS;MeOH/H2O;plant specimen
250411_ML_Metabo_DDA_sample_599_nr8.mzML;dbgi_003720;Cotinus coggygria Scop.;NA;Positive;JBN;jbn;Cotinus coggygria;Cotinus coggygria Scop.;species;Leaf;0;jbn;46,999638;6,9339830;20240826114559;LCMS – Synapt XS;MeOH/H2O;plant specimen
250411_ML_Metabo_DDA_sample_600_nr8.mzML;dbgi_003790;Cistus creticus L.;NA;Positive;JBN;jbn;Cistus creticus;Cistus creticus L.;species;Leaf;0;jbn;46,999805;6,9339433;20240812100546;LCMS – Synapt XS;MeOH/H2O;plant specimen
250411_ML_Metabo_DDA_sample_601_nr8.mzML;dbgi_003728;Heuchera americana L.;NA;Positive;JBN;jbn;Heuchera americana;Heuchera americana L.;species;Leaf;0;jbn;46,999610;6,9342000;20240826135154;LCMS – Synapt XS;MeOH/H2O;plant specimen
250411_ML_Metabo_DDA_sample_602_nr8.mzML;dbgi_003252;Silene coronaria (L.) Clairv.;NA;Positive;JBN;jbn;Silene coronaria;Silene coronaria (L.) Clairv.;species;Leaf;1;jbn;47,000060;6,9346430;20240722110232;LCMS – Synapt XS;MeOH/H2O;plant specimen
250411_ML_Metabo_DDA_sample_603_nr8.mzML;dbgi_003599;Melaleuca viminalis subsp. viminalis;NA;Positive;JBN;jbn;Melaleuca viminalis subsp. viminalis;Melaleuca viminalis subsp. viminalis;subspecies;Leaf;0;jbn;46,999640;6,9341530;20240826141221;LCMS – Synapt XS;MeOH/H2O;plant specimen
250411_ML_Metabo_DDA_sample_604_nr8.mzML;dbgi_003854;Cistus sintenisii Litard.;NA;Positive;JBN;jbn;Cistus sintenisii;Cistus sintenisii Litard.;species;Leaf;1;jbn;46,999786;6,9339085;20240812103811;LCMS – Synapt XS;MeOH/H2O;plant specimen
250411_ML_Metabo_DDA_sample_605_nr8.mzML;dbgi_003438;Carpinus betulus L.;NA;Positive;JBN;jbn;Carpinus betulus;Carpinus betulus L.;species;Leaf;1;jbn;47,000156;6,9342900;20240726155649;LCMS – Synapt XS;MeOH/H2O;plant specimen
250411_ML_Metabo_DDA_sample_606_nr8.mzML;dbgi_003619;Colutea arborescens L.;NA;Positive;JBN;jbn;Colutea arborescens;Colutea arborescens L.;species;Leaf;0;jbn;46,999590;6,9341440;20240826151103;LCMS – Synapt XS;MeOH/H2O;plant specimen
250411_ML_Metabo_DDA_sample_607_nr8.mzML;dbgi_003576;Betula nana L.;NA;Positive;JBN;jbn;Betula nana;Betula nana L.;species;Leaf;0;jbn;46,999596;6,9341826;20240826150202;LCMS – Synapt XS;MeOH/H2O;plant specimen
250411_ML_Metabo_DDA_sample_608_nr8.mzML;dbgi_001982;Hieracium murorum L.;NA;Positive;JBN;jbn;Hieracium murorum;Hieracium murorum L.;species;Leaf;0;jbn;47,000202;6,9349403;20240708114722;LCMS – Synapt XS;MeOH/H2O;plant specimen
250411_ML_Metabo_DDA_sample_610_nr8.mzML;dbgi_003254;Silene saxifraga L.;NA;Positive;JBN;jbn;Silene saxifraga;Silene saxifraga L.;species;Leaf;0;jbn;47,000046;6,9347224;20240722110946;LCMS – Synapt XS;MeOH/H2O;plant specimen
250411_ML_Metabo_DDA_sample_611_nr8.mzML;dbgi_003638;Helianthemum apenninum (L.) Mill.;NA;Positive;JBN;jbn;Helianthemum apenninum;Helianthemum apenninum (L.) Mill.;species;Leaf;0;jbn;46,999790;6,9339330;20240812101611;LCMS – Synapt XS;MeOH/H2O;plant specimen
250411_ML_Metabo_DDA_sample_612_nr8.mzML;dbgi_003237;Dianthus carthusianorum L.;NA;Positive;JBN;jbn;Dianthus carthusianorum;Dianthus carthusianorum L.;species;Leaf;0;jbn;47,000060;6,9346576;20240722105136;LCMS – Synapt XS;MeOH/H2O;plant specimen
250411_ML_Metabo_DDA_sample_613_nr8.mzML;dbgi_003484;Thymus vulgaris L.;NA;Positive;JBN;jbn;Thymus vulgaris;Thymus vulgaris L.;species;Leaf;0;jbn;46,999714;6,9338574;20240813130705;LCMS – Synapt XS;MeOH/H2O;plant specimen
250411_ML_Metabo_DDA_sample_614_nr8.mzML;dbgi_002079;Veronica teucrium L.;NA;Positive;JBN;jbn;Veronica teucrium;Veronica teucrium L.;species;Leaf;0;jbn;46,999977;6,9345818;20240723162518;LCMS – Synapt XS;MeOH/H2O;plant specimen
250411_ML_Metabo_DDA_sample_615_nr8.mzML;dbgi_003820;Cichorium L.;NA;Positive;JBN;jbn;Cichorium;Cichorium L.;genus;Leaf;0;jbn;46,999660;6,9338000;20240813101625;LCMS – Synapt XS;MeOH/H2O;plant specimen
250411_ML_Metabo_DDA_sample_616_nr8.mzML;dbgi_003403;Dianthus seguieri subsp. seguieri;NA;Positive;JBN;jbn;Dianthus seguieri subsp. seguieri;Dianthus seguieri subsp. seguieri;subspecies;Leaf;0;jbn;46,999958;6,9346540;20240723080719;LCMS – Synapt XS;MeOH/H2O;plant specimen
250411_ML_Metabo_DDA_sample_617_nr8.mzML;dbgi_002017;Eupatorium cannabinum L.;NA;Positive;JBN;jbn;Eupatorium cannabinum;Eupatorium cannabinum L.;species;Leaf;0;jbn;47,000214;6,9349465;20240708115244;LCMS – Synapt XS;MeOH/H2O;plant specimen
250411_ML_Metabo_DDA_sample_618_nr8.mzML;dbgi_003601;Ginkgo biloba L.;NA;Positive;JBN;jbn;Ginkgo biloba;Ginkgo biloba L.;species;Leaf;0;jbn;46,999466;6,9342237;20240826154121;LCMS – Synapt XS;MeOH/H2O;plant specimen
250411_ML_Metabo_DDA_sample_619_nr8.mzML;dbgi_003527;Erica carnea L.;NA;Positive;JBN;jbn;Erica carnea;Erica carnea L.;species;Leaf;0;jbn;47,000020;6,9347470;20240712113630;LCMS – Synapt XS;MeOH/H2O;plant specimen
250411_ML_Metabo_DDA_sample_621_nr8.mzML;dbgi_003823;Vigna unguiculata (L.) Walp.;NA;Positive;JBN;jbn;Vigna unguiculata;Vigna unguiculata (L.) Walp.;species;Leaf;1;jbn;46,999750;6,9342384;20240814104011;LCMS – Synapt XS;MeOH/H2O;plant specimen
250411_ML_Metabo_DDA_sample_623_nr8.mzML;dbgi_003244;Hyoscyamus niger L.;NA;Positive;JBN;jbn;Hyoscyamus niger;Hyoscyamus niger L.;species;Leaf;1;jbn;46,999573;6,9338408;20240813135916;LCMS – Synapt XS;MeOH/H2O;plant specimen
250411_ML_Metabo_DDA_sample_624_nr8.mzML;dbgi_003731;Stipa pennata L.;NA;Positive;JBN;jbn;Stipa pennata;Stipa pennata L.;species;Leaf;1;jbn;46,999588;6,9344163;20240826161642;LCMS – Synapt XS;MeOH/H2O;plant specimen
250411_ML_Metabo_DDA_sample_625_nr8.mzML;dbgi_003565;Paeonia peregrina Mill.;NA;Positive;JBN;jbn;Paeonia peregrina;Paeonia peregrina Mill.;species;Leaf;0;jbn;46,999638;6,9341946;20240826133742;LCMS – Synapt XS;MeOH/H2O;plant specimen
250411_ML_Metabo_DDA_sample_626_nr8.mzML;dbgi_003238;Petrorhagia saxifraga (L.) Link;NA;Positive;JBN;jbn;Petrorhagia saxifraga;Petrorhagia saxifraga (L.) Link;species;Leaf;0;jbn;47,000046;6,9347140;20240722111321;LCMS – Synapt XS;MeOH/H2O;plant specimen
250411_ML_Metabo_DDA_sample_627_nr8.mzML;dbgi_003849;Salvia rosmarinus subsp. rosmarinus;NA;Positive;JBN;jbn;Salvia rosmarinus subsp. rosmarinus;Salvia rosmarinus subsp. rosmarinus;subspecies;Leaf;0;jbn;46,999750;6,9337920;20240812115503;LCMS – Synapt XS;MeOH/H2O;plant specimen
250411_ML_Metabo_DDA_sample_628_nr8.mzML;dbgi_003368;Sempervivum caucasicum Rupr. ex Boiss.;NA;Positive;JBN;jbn;Sempervivum caucasicum;Sempervivum caucasicum Rupr. ex Boiss.;species;Leaf;0;jbn;46,999977;6,9350000;20240724112816;LCMS – Synapt XS;MeOH/H2O;plant specimen
250411_ML_Metabo_DDA_sample_629_nr8.mzML;dbgi_003946;Lilium regale E.H.Wilson;NA;Positive;JBN;jbn;Lilium regale;Lilium regale E.H.Wilson;species;Leaf;1;jbn;46,999580;6,9344130;20240826161431;LCMS – Synapt XS;MeOH/H2O;plant specimen
250411_ML_Metabo_DDA_sample_630_nr8.mzML;dbgi_003256;Dictamnus albus L.;NA;Positive;JBN;jbn;Dictamnus albus;Dictamnus albus L.;species;Leaf;0;jbn;47,000027;6,9347220;20240717144435;LCMS – Synapt XS;MeOH/H2O;plant specimen
250411_ML_Metabo_DDA_sample_631_nr8.mzML;dbgi_003248;Washingtonia filifera (T.Moore & Mast.) H.Wendl. ex de Bary;NA;Positive;JBN;jbn;Washingtonia filifera;Washingtonia filifera (T.Moore & Mast.) H.Wendl. ex de Bary;species;Leaf;0;jbn;47,000053;6,9347243;20240722111533;LCMS – Synapt XS;MeOH/H2O;plant specimen
250411_ML_Metabo_DDA_sample_632_nr8.mzML;dbgi_003629;Brassica oleracea L.;NA;Positive;JBN;jbn;Brassica oleracea;Brassica oleracea L.;species;Leaf;1;jbn;46,999737;6,9341183;20240814101512;LCMS – Synapt XS;MeOH/H2O;plant specimen
250411_ML_Metabo_DDA_sample_633_nr8.mzML;dbgi_003600;Cycas revoluta Thunb.;NA;Positive;JBN;jbn;Cycas revoluta;Cycas revoluta Thunb.;species;Leaf;0;jbn;46,999480;6,9341583;20240826154445;LCMS – Synapt XS;MeOH/H2O;plant specimen
250411_ML_Metabo_DDA_sample_634_nr8.mzML;dbgi_002179;Rosa micrantha Borrer ex Sm.;NA;Positive;JBN;jbn;Rosa micrantha;Rosa micrantha Borrer ex Sm.;species;Leaf;0;jbn;47,000053;6,9346476;20240722100905;LCMS – Synapt XS;MeOH/H2O;plant specimen
250411_ML_Metabo_DDA_sample_635_nr8.mzML;dbgi_003707;Jasminum multiflorum (Burm.fil.) Andrews;NA;Positive;JBN;jbn;Jasminum multiflorum;Jasminum multiflorum (Burm.fil.) Andrews;species;Leaf;1;jbn;46,999683;6,9344550;20240814144753;LCMS – Synapt XS;MeOH/H2O;plant specimen
250411_ML_Metabo_DDA_sample_636_nr8.mzML;dbgi_002227;Dryas octopetala L.;NA;Positive;JBN;jbn;Dryas octopetala;Dryas octopetala L.;species;Leaf;0;jbn;47,000057;6,9346733;20240722101913;LCMS – Synapt XS;MeOH/H2O;plant specimen
250411_ML_Metabo_DDA_sample_637_nr8.mzML;dbgi_003441;Cherleria laricifolia subsp. laricifolia;NA;Positive;JBN;jbn;Cherleria laricifolia subsp. laricifolia;Cherleria laricifolia subsp. laricifolia;subspecies;Leaf;0;jbn;47,000015;6,9346230;20240722083255;LCMS – Synapt XS;MeOH/H2O;plant specimen
250411_ML_Metabo_DDA_sample_638_nr8.mzML;dbgi_003653;Astrantia major L.;NA;Positive;JBN;jbn;Astrantia major;Astrantia major L.;species;Leaf;0;jbn;46,999510;6,9339123;20240826103322;LCMS – Synapt XS;MeOH/H2O;plant specimen
250411_ML_Metabo_DDA_sample_639_nr8.mzML;dbgi_003460;Linum flavum L.;NA;Positive;JBN;jbn;Linum flavum;Linum flavum L.;species;Leaf;0;jbn;46,999912;6,9347725;20240725144142;LCMS – Synapt XS;MeOH/H2O;plant specimen
250411_ML_Metabo_DDA_sample_640_nr8.mzML;dbgi_003457;Dianthus plumarius L.;NA;Positive;JBN;jbn;Dianthus plumarius;Dianthus plumarius L.;species;Leaf;1;jbn;46,999954;6,9348960;20240724151412;LCMS – Synapt XS;MeOH/H2O;plant specimen
250411_ML_Metabo_DDA_sample_642_nr8.mzML;dbgi_002001;Ligustrum vulgare L.;NA;Positive;JBN;jbn;Ligustrum vulgare;Ligustrum vulgare L.;species;Leaf;0;jbn;47,000170;6,9349730;20240708113854;LCMS – Synapt XS;MeOH/H2O;plant specimen
250411_ML_Metabo_DDA_sample_643_nr8.mzML;dbgi_003961;Morella pensylvanica (Mirb.) Kartesz;NA;Positive;JBN;jbn;Morella pensylvanica;Morella pensylvanica (Mirb.) Kartesz;species;Leaf;0;jbn;46,999573;6,9341965;20240826153250;LCMS – Synapt XS;MeOH/H2O;plant specimen
250411_ML_Metabo_DDA_sample_644_nr8.mzML;dbgi_003529;Cephalaria leucantha (L.) Schrad.;NA;Positive;JBN;jbn;Cephalaria leucantha;Cephalaria leucantha (L.) Schrad.;species;Leaf;0;jbn;47,000030;6,9347634;20240712112625;LCMS – Synapt XS;MeOH/H2O;plant specimen
250411_ML_Metabo_DDA_sample_646_nr8.mzML;dbgi_003289;Brachypodium sylvaticum (Huds.) P.Beauv.;NA;Positive;JBN;jbn;Brachypodium sylvaticum;Brachypodium sylvaticum (Huds.) P.Beauv.;species;Leaf;0;jbn;46,999860;6,9344482;20240726121755;LCMS – Synapt XS;NA;plant specimen
250411_ML_Metabo_DDA_sample_647_nr8.mzML;dbgi_003243;Alyssoides utriculata (L.) Medik.;NA;Positive;JBN;jbn;Alyssoides utriculata;Alyssoides utriculata (L.) Medik.;species;Leaf;0;jbn;47,000023;6,9347090;20240717151214;LCMS – Synapt XS;MeOH/H2O;plant specimen
250411_ML_Metabo_DDA_sample_648_nr8.mzML;dbgi_003292;Patzkea paniculata (L.) G.H.Loos;NA;Positive;JBN;jbn;Patzkea paniculata;Patzkea paniculata (L.) G.H.Loos;species;Leaf;0;jbn;46,999830;6,9343967;20240726124202;LCMS – Synapt XS;MeOH/H2O;plant specimen
250411_ML_Metabo_DDA_sample_649_nr8.mzML;dbgi_001995;Solanum L.;NA;Positive;JBN;jbn;Solanum;Solanum L.;genus;Leaf;0;jbn;47,000230;6,9349240;20240708125528;LCMS – Synapt XS;MeOH/H2O;plant specimen
250411_ML_Metabo_DDA_sample_650_nr8.mzML;dbgi_003651;Ribes aureum Pursh;NA;Positive;JBN;jbn;Ribes aureum;Ribes aureum Pursh;species;Leaf;0;jbn;46,999650;6,9341710;20240826131745;LCMS – Synapt XS;MeOH/H2O;plant specimen
250411_ML_Metabo_DDA_sample_651_nr8.mzML;dbgi_003648;Limnanthes douglasii R.Br.;NA;Positive;JBN;jbn;Limnanthes douglasii;Limnanthes douglasii R.Br.;species;Leaf;0;jbn;46,999577;6,9339380;20240826112217;LCMS – Synapt XS;MeOH/H2O;plant specimen
250411_ML_Metabo_DDA_sample_652_nr8.mzML;dbgi_003602;Astilboides tabularis (Hemsl.) Engl.;NA;Positive;JBN;jbn;Astilboides tabularis;Astilboides tabularis (Hemsl.) Engl.;species;Leaf;0;jbn;46,999634;6,9341740;20240826140737;LCMS – Synapt XS;MeOH/H2O;plant specimen
250411_ML_Metabo_DDA_sample_653_nr8.mzML;dbgi_003312;Seseli gracile Waldst. & Kit.;NA;Positive;JBN;jbn;Seseli gracile;Seseli gracile Waldst. & Kit.;species;Leaf;1;jbn;46,999890;6,9347806;20240725123709;LCMS – Synapt XS;NA;plant specimen
250411_ML_Metabo_DDA_sample_654_nr8.mzML;dbgi_003666;Cuminum cyminum L.;NA;Positive;JBN;jbn;Cuminum cyminum;Cuminum cyminum L.;species;Leaf;1;jbn;46,999725;6,9345260;20240823134217;LCMS – Synapt XS;MeOH/H2O;plant specimen
250411_ML_Metabo_DDA_sample_655_nr8.mzML;dbgi_003831;Lonicera caerulea subsp. caerulea;NA;Positive;JBN;jbn;Lonicera caerulea subsp. caerulea;Lonicera caerulea subsp. caerulea;subspecies;Leaf;1;jbn;46,999725;6,9343890;20240814111904;LCMS – Synapt XS;MeOH/H2O;plant specimen
250411_ML_Metabo_DDA_sample_656_nr8.mzML;dbgi_003372;Origanum rotundifolium Boiss.;NA;Positive;JBN;jbn;Origanum rotundifolium;Origanum rotundifolium Boiss.;species;Leaf;0;jbn;46,999950;6,9349294;20240724115352;LCMS – Synapt XS;MeOH/H2O;plant specimen
250414_ML_Metabo_DDA_sample_15bis_nr8.mzML;dbgi_003359;Sempervivum transcaucasicum Muirhead;NA;Positive;JBN;jbn;Sempervivum transcaucasicum;Sempervivum transcaucasicum Muirhead;species;Leaf;0;jbn;46,999977;6,9350170;20240724113248;LCMS – Synapt XS;MeOH/H2O;plant specimen
250414_ML_Metabo_DDA_sample_657_nr8.mzML;dbgi_003712;Mentha × rotundifolia (L.) Huds.;NA;Positive;JBN;jbn;Mentha × rotundifolia;Mentha × rotundifolia (L.) Huds.;species;Leaf;1;jbn;46,999737;6,9345927;20240823135936;LCMS – Synapt XS;NA;plant specimen
250414_ML_Metabo_DDA_sample_658_nr8.mzML;dbgi_003386;Pinus heldreichii H.Christ;NA;Positive;JBN;jbn;Pinus heldreichii;Pinus heldreichii H.Christ;species;Leaf;0;jbn;46,999954;6,9347610;20240725120530;LCMS – Synapt XS;MeOH/H2O;plant specimen
250414_ML_Metabo_DDA_sample_659_nr8.mzML;dbgi_003959;Paeonia L.;NA;Positive;JBN;jbn;Paeonia;Paeonia L.;genus;Leaf;0;jbn;46,999615;6,9341993;20240826134920;LCMS – Synapt XS;MeOH/H2O;plant specimen
250414_ML_Metabo_DDA_sample_661_nr8.mzML;dbgi_003376;Phlomis russeliana (Sims) Benth.;NA;Positive;JBN;jbn;Phlomis russeliana;Phlomis russeliana (Sims) Benth.;species;Leaf;0;jbn;46,999825;6,9347634;20240725105043;LCMS – Synapt XS;MeOH/H2O;plant specimen
250414_ML_Metabo_DDA_sample_663_nr8.mzML;dbgi_003691;Echinacea purpurea (L.) Moench;NA;Positive;JBN;jbn;Echinacea purpurea;Echinacea purpurea (L.) Moench;species;Leaf;0;jbn;46,999540;6,9339330;20240826111047;LCMS – Synapt XS;MeOH/H2O;plant specimen
250414_ML_Metabo_DDA_sample_664_nr8.mzML;dbgi_003307;Cerastium decalvans Schloss. & Vuk.;NA;Positive;JBN;jbn;Cerastium decalvans;Cerastium decalvans Schloss. & Vuk.;species;Leaf;1;jbn;46,999874;6,9347810;20240725112151;LCMS – Synapt XS;MeOH/H2O;plant specimen
250414_ML_Metabo_DDA_sample_665_nr8.mzML;dbgi_003774;Tetracentron sinense Oliv.;NA;Positive;JBN;jbn;Tetracentron sinense;Tetracentron sinense Oliv.;species;Leaf;0;jbn;46,999664;6,9347470;20240823150707;LCMS – Synapt XS;MeOH/H2O;plant specimen
250414_ML_Metabo_DDA_sample_666_nr8.mzML;dbgi_002066;Chaerophyllum hirsutum L.;NA;Positive;JBN;jbn;Chaerophyllum hirsutum;Chaerophyllum hirsutum L.;species;Leaf;0;jbn;47,000015;6,9345927;20240722084200;LCMS – Synapt XS;MeOH/H2O;plant specimen
250414_ML_Metabo_DDA_sample_667_nr8.mzML;dbgi_003866;Eryngium agavifolium Griseb.;NA;Positive;JBN;jbn;Eryngium agavifolium;Eryngium agavifolium Griseb.;species;Leaf;1;jbn;46,999546;6,9339323;20240826111357;LCMS – Synapt XS;MeOH/H2O;plant specimen
250414_ML_Metabo_DDA_sample_668_nr8.mzML;dbgi_003786;Festuca airoides Lam.;NA;Positive;JBN;jbn;Festuca airoides;Festuca airoides Lam.;species;Leaf;1;jbn;46,999535;6,9344390;20240823160234;LCMS – Synapt XS;MeOH/H2O;plant specimen
250414_ML_Metabo_DDA_sample_670_nr8.mzML;dbgi_003596;Paeonia tenuifolia L.;NA;Positive;JBN;jbn;Paeonia tenuifolia;Paeonia tenuifolia L.;species;Leaf;0;jbn;46,999653;6,9341960;20240826133025;LCMS – Synapt XS;MeOH/H2O;plant specimen
250414_ML_Metabo_DDA_sample_671_nr8.mzML;dbgi_003432;Dasiphora fruticosa (L.) Rydb.;NA;Positive;JBN;jbn;Dasiphora fruticosa;Dasiphora fruticosa (L.) Rydb.;species;Leaf;1;jbn;47,000103;6,9342750;20240726160118;LCMS – Synapt XS;MeOH/H2O;plant specimen
250414_ML_Metabo_DDA_sample_672_nr8.mzML;dbgi_003772;Alcea L.;NA;Positive;JBN;jbn;Alcea;Alcea L.;genus;Leaf;0;jbn;46,999680;6,9340615;20240826121552;LCMS – Synapt XS;MeOH/H2O;plant specimen
250414_ML_Metabo_DDA_sample_673_nr8.mzML;dbgi_003667;Boehmeria platanifolia (Franch. & Sav.) C.H.Wright;NA;Positive;JBN;jbn;Boehmeria platanifolia;Boehmeria platanifolia (Franch. & Sav.) C.H.Wright;species;Leaf;0;jbn;46,999610;6,9341870;20240826135618;LCMS – Synapt XS;MeOH/H2O;plant specimen
250414_ML_Metabo_DDA_sample_674_nr8.mzML;dbgi_003763;Glebionis segetum (L.) Fourr.;NA;Positive;JBN;jbn;Glebionis segetum;Glebionis segetum (L.) Fourr.;species;Leaf;1;jbn;46,999740;6,9344180;20240814114508;LCMS – Synapt XS;MeOH/H2O;plant specimen
250414_ML_Metabo_DDA_sample_675_nr8.mzML;dbgi_002003;Veronica fruticulosa L.;NA;Positive;JBN;jbn;Veronica fruticulosa;Veronica fruticulosa L.;species;Leaf;0;jbn;47,000060;6,9348397;20240712103829;LCMS – Synapt XS;MeOH/H2O;plant specimen
250414_ML_Metabo_DDA_sample_679_nr8.mzML;dbgi_003857;Poliothyrsis sinensis Oliv.;NA;Positive;JBN;jbn;Poliothyrsis sinensis;Poliothyrsis sinensis Oliv.;species;Leaf;0;jbn;46,999710;6,9347600;20240823150402;LCMS – Synapt XS;MeOH/H2O;plant specimen
250414_ML_Metabo_DDA_sample_680_nr8.mzML;dbgi_003677;Myrica gale L.;NA;Positive;JBN;jbn;Myrica gale;Myrica gale L.;species;Leaf;0;jbn;46,999573;6,9342084;20240826141753;LCMS – Synapt XS;MeOH/H2O;plant specimen
250414_ML_Metabo_DDA_sample_681_nr8.mzML;dbgi_003652;Musa velutina H.Wendl. & Drude;NA;Positive;JBN;jbn;Musa velutina;Musa velutina H.Wendl. & Drude;species;Leaf;1;jbn;46,999523;6,9344340;20240823154931;LCMS – Synapt XS;MeOH/H2O;plant specimen
250414_ML_Metabo_DDA_sample_682_nr8.mzML;dbgi_002163;Festuca rubra L.;NA;Positive;JBN;jbn;Festuca rubra;Festuca rubra L.;species;Leaf;0;jbn;47,000015;6,9346190;20240722083618;LCMS – Synapt XS;MeOH/H2O;plant specimen
250414_ML_Metabo_DDA_sample_683_nr8.mzML;dbgi_002217;Sambucus nigra L.;NA;Positive;JBN;jbn;Sambucus nigra;Sambucus nigra L.;species;Leaf;0;jbn;47,000210;6,9351100;20240708135609;LCMS – Synapt XS;MeOH/H2O;plant specimen
250414_ML_Metabo_DDA_sample_684_nr8.mzML;dbgi_003486;Digitalis lutea L.;NA;Positive;JBN;jbn;Digitalis lutea;Digitalis lutea L.;species;Leaf;0;jbn;46,999460;6,9338155;20240813151437;LCMS – Synapt XS;MeOH/H2O;plant specimen
250414_ML_Metabo_DDA_sample_685_nr8.mzML;dbgi_003426;Lythrum salicaria L.;NA;Positive;JBN;jbn;Lythrum salicaria;Lythrum salicaria L.;species;Leaf;0;jbn;46,999718;6,9339976;20240813114553;LCMS – Synapt XS;MeOH/H2O;plant specimen
250414_ML_Metabo_DDA_sample_686_nr8.mzML;dbgi_003770;Potentilla reptans L.;NA;Positive;JBN;jbn;Potentilla reptans;Potentilla reptans L.;species;Leaf;0;jbn;46,999660;6,9341545;20240826130834;LCMS – Synapt XS;MeOH/H2O;plant specimen
250414_ML_Metabo_DDA_sample_687_nr8.mzML;dbgi_002064;Pinus cembra L.;NA;Positive;JBN;jbn;Pinus cembra;Pinus cembra L.;species;Leaf;0;jbn;47,000042;6,9346237;20240722095751;LCMS – Synapt XS;MeOH/H2O;plant specimen
250414_ML_Metabo_DDA_sample_688_nr8.mzML;dbgi_002165;Gentiana angustifolia Vill.;NA;Positive;JBN;jbn;Gentiana angustifolia;Gentiana angustifolia Vill.;species;Leaf;0;jbn;47,000015;6,9346495;20240722080446;LCMS – Synapt XS;MeOH/H2O;plant specimen
250414_ML_Metabo_DDA_sample_689_nr8.mzML;dbgi_002056;Iris graminea L.;NA;Positive;JBN;jbn;Iris graminea;Iris graminea L.;species;Leaf;0;jbn;47,000070;6,9348555;20240712103358;LCMS – Synapt XS;MeOH/H2O;plant specimen
250414_ML_Metabo_DDA_sample_690_nr8.mzML;dbgi_003698;Cosmos sulphureus Cav.;NA;Positive;JBN;jbn;Cosmos sulphureus;Cosmos sulphureus Cav.;species;Leaf;1;jbn;46,999760;6,9346557;20240823141845;LCMS – Synapt XS;MeOH/H2O;plant specimen
250414_ML_Metabo_DDA_sample_691_nr8.mzML;dbgi_002184;Hieracium pictum Schleich. ex Pers.;NA;Positive;JBN;jbn;Hieracium pictum;Hieracium pictum Schleich. ex Pers.;species;Leaf;0;jbn;47,000030;6,9346833;20240722103701;LCMS – Synapt XS;MeOH/H2O;plant specimen
250414_ML_Metabo_DDA_sample_692_nr8.mzML;dbgi_003905;Oenothera lindheimeri (Engelm. & A.Gray) W.L.Wagner & Hoch;NA;Positive;JBN;jbn;Oenothera lindheimeri;Oenothera lindheimeri (Engelm. & A.Gray) W.L.Wagner & Hoch;species;Leaf;0;jbn;46,999664;6,9340386;20240826120230;LCMS – Synapt XS;MeOH/H2O;plant specimen
250414_ML_Metabo_DDA_sample_693_nr8.mzML;dbgi_002082;Valeriana officinalis L.;NA;Positive;JBN;jbn;Valeriana officinalis;Valeriana officinalis L.;species;Leaf;0;jbn;47,000237;6,9349937;20240708130224;LCMS – Synapt XS;MeOH/H2O;plant specimen
250414_ML_Metabo_DDA_sample_694_nr8.mzML;dbgi_002236;Rosa L.;NA;Positive;JBN;jbn;Rosa;Rosa L.;genus;Leaf;0;jbn;47,000175;6,9349074;20240708105100;LCMS – Synapt XS;MeOH/H2O;plant specimen
250414_ML_Metabo_DDA_sample_695_nr8.mzML;dbgi_003329;Sempervivum arachnoideum L.;NA;Positive;JBN;jbn;Sempervivum arachnoideum;Sempervivum arachnoideum L.;species;Leaf;0;jbn;47,000000;6,9347000;20240723045503;LCMS – Synapt XS;MeOH/H2O;plant specimen
250414_ML_Metabo_DDA_sample_696_nr8.mzML;dbgi_002164;Cerastium arvense subsp. arvense;NA;Positive;JBN;jbn;Cerastium arvense subsp. arvense;Cerastium arvense subsp. arvense;subspecies;Leaf;0;jbn;47,000053;6,9346690;20240722101611;LCMS – Synapt XS;MeOH/H2O;plant specimen
250414_ML_Metabo_DDA_sample_697_nr8.mzML;dbgi_003890;Bergenia stracheyi (Hook.fil. & Thomson) Engl.;NA;Positive;JBN;jbn;Bergenia stracheyi;Bergenia stracheyi (Hook.fil. & Thomson) Engl.;species;Leaf;1;jbn;46,999626;6,9341755;20240826140448;LCMS – Synapt XS;MeOH/H2O;plant specimen
250414_ML_Metabo_DDA_sample_698_nr8.mzML;dbgi_003715;Alyssoides utriculata (L.) Medik.;NA;Positive;JBN;jbn;Alyssoides utriculata;Alyssoides utriculata (L.) Medik.;species;Leaf;0;jbn;46,999653;6,9340167;20240826115310;LCMS – Synapt XS;MeOH/H2O;plant specimen
250414_ML_Metabo_DDA_sample_699_nr8.mzML;dbgi_003242;Aster alpinus L.;NA;Positive;JBN;jbn;Aster alpinus;Aster alpinus L.;species;Leaf;0;jbn;47,000023;6,9346366;20240722081817;LCMS – Synapt XS;MeOH/H2O;plant specimen
250414_ML_Metabo_DDA_sample_700_nr8.mzML;dbgi_001999;Aegopodium podagraria L.;NA;Positive;JBN;jbn;Aegopodium podagraria;Aegopodium podagraria L.;species;Leaf;0;jbn;47,000206;6,9350340;20240708132621;LCMS – Synapt XS;MeOH/H2O;plant specimen
250414_ML_Metabo_DDA_sample_701_nr8.mzML;dbgi_003760;Artemisia annua L.;NA;Positive;JBN;jbn;Artemisia annua;Artemisia annua L.;species;Leaf;0;jbn;46,999740;6,9346140;20240823141519;LCMS – Synapt XS;MeOH/H2O;plant specimen
250414_ML_Metabo_DDA_sample_702_nr8.mzML;dbgi_003893;Bergenia purpurascens (Hook.fil. & Thomson) Engl.;NA;Positive;JBN;jbn;Bergenia purpurascens;Bergenia purpurascens (Hook.fil. & Thomson) Engl.;species;Leaf;0;jbn;46,999660;6,9341946;20240826132744;LCMS – Synapt XS;MeOH/H2O;plant specimen
250414_ML_Metabo_DDA_sample_703_nr8.mzML;dbgi_003643;Astilbe japonica (C.Morren & Decne.) A.Gray;NA;Positive;JBN;jbn;Astilbe japonica;Astilbe japonica (C.Morren & Decne.) A.Gray;species;Leaf;0;jbn;46,999596;6,9342237;20240826144222;LCMS – Synapt XS;MeOH/H2O;plant specimen
250414_ML_Metabo_DDA_sample_704_nr8.mzML;dbgi_003400;Tommasinia altissima (Mill.) Reduron;NA;Positive;JBN;jbn;Tommasinia altissima;Tommasinia altissima (Mill.) Reduron;species;Leaf;1;jbn;46,999890;6,9346337;20240726103246;LCMS – Synapt XS;MeOH/H2O;plant specimen
250414_ML_Metabo_DDA_sample_705_nr8.mzML;dbgi_002199;Knautia macedonica Griseb.;NA;Positive;JBN;jbn;Knautia macedonica;Knautia macedonica Griseb.;species;Leaf;0;jbn;46,999947;6,9347700;20240725130318;LCMS – Synapt XS;MeOH/H2O;plant specimen
250414_ML_Metabo_DDA_sample_706_nr8.mzML;dbgi_003613;Citrus × limon (L.) Osbeck;NA;Positive;JBN;jbn;Citrus × limon;Citrus × limon (L.) Osbeck;species;Leaf;1;jbn;46,999744;6,9346250;20240823142132;LCMS – Synapt XS;MeOH/H2O;plant specimen
250414_ML_Metabo_DDA_sample_707_nr8.mzML;dbgi_003418;Potentilla alchimilloides Lapeyr.;NA;Positive;JBN;jbn;Potentilla alchimilloides;Potentilla alchimilloides Lapeyr.;species;Leaf;0;jbn;46,999798;6,9344225;20240726140721;LCMS – Synapt XS;MeOH/H2O;plant specimen
250414_ML_Metabo_DDA_sample_708_nr8.mzML;dbgi_003794;Nerine bowdenii W.Watson;NA;Positive;JBN;jbn;Nerine bowdenii;Nerine bowdenii W.Watson;species;Leaf;1;jbn;46,999546;6,9344310;20240823161122;LCMS – Synapt XS;MeOH/H2O;plant specimen
250414_ML_Metabo_DDA_sample_709_nr8.mzML;dbgi_002186;Genista sylvestris Scop.;NA;Positive;JBN;jbn;Genista sylvestris;Genista sylvestris Scop.;species;Leaf;0;jbn;46,999863;6,9347763;20240725110040;LCMS – Synapt XS;MeOH/H2O;plant specimen
250414_ML_Metabo_DDA_sample_710_nr8.mzML;dbgi_003775;Musa itinerans Cheesman;NA;Positive;JBN;jbn;Musa itinerans;Musa itinerans Cheesman;species;Leaf;1;jbn;46,999540;6,9344300;20240823160457;LCMS – Synapt XS;MeOH/H2O;plant specimen
250414_ML_Metabo_DDA_sample_712_nr8.mzML;dbgi_003477;Cistus creticus L.;NA;Positive;JBN;jbn;Cistus creticus;Cistus creticus L.;species;Leaf;0;jbn;46,999798;6,9341435;20240726152453;LCMS – Synapt XS;MeOH/H2O;plant specimen
250414_ML_Metabo_DDA_sample_714_nr8.mzML;dbgi_002125;Origanum vulgare L.;NA;Positive;JBN;jbn;Origanum vulgare;Origanum vulgare L.;species;Leaf;0;jbn;47,000023;6,9347840;20240712111329;LCMS – Synapt XS;MeOH/H2O;plant specimen
250414_ML_Metabo_DDA_sample_715_nr8.mzML;dbgi_003231;Telekia speciosa (Schreb.) Baumg.;NA;Positive;JBN;jbn;Telekia speciosa;Telekia speciosa (Schreb.) Baumg.;species;Leaf;0;jbn;47,000015;6,9349350;20240724123649;LCMS – Synapt XS;MeOH/H2O;plant specimen
250414_ML_Metabo_DDA_sample_716_nr8.mzML;dbgi_002051;Globularia cordifolia L.;NA;Positive;JBN;jbn;Globularia cordifolia;Globularia cordifolia L.;species;Leaf;0;jbn;47,000050;6,9348383;20240712104933;LCMS – Synapt XS;MeOH/H2O;plant specimen
250414_ML_Metabo_DDA_sample_717_nr8.mzML;dbgi_003485;Dianthus sylvestris Wulfen;NA;Positive;JBN;jbn;Dianthus sylvestris;Dianthus sylvestris Wulfen;species;Leaf;0;jbn;47,000023;6,9347286;20240712115115;LCMS – Synapt XS;MeOH/H2O;plant specimen
250414_ML_Metabo_DDA_sample_718_nr8.mzML;dbgi_003304;Astragalus angustifolius Lam.;NA;Positive;JBN;jbn;Astragalus angustifolius;Astragalus angustifolius Lam.;species;Leaf;0;jbn;46,999916;6,9348187;20240725113703;LCMS – Synapt XS;MeOH/H2O;plant specimen
250414_ML_Metabo_DDA_sample_719_nr8.mzML;dbgi_003422;Colutea persica Boiss.;NA;Positive;JBN;jbn;Colutea persica;Colutea persica Boiss.;species;Leaf;0;jbn;46,999813;6,9343630;20240726135333;LCMS – Synapt XS;MeOH/H2O;plant specimen
250414_ML_Metabo_DDA_sample_720_nr8.mzML;dbgi_003305;Draba lasiocarpa Rochel;NA;Positive;JBN;jbn;Draba lasiocarpa;Draba lasiocarpa Rochel;species;Leaf;0;jbn;46,999886;6,9347587;20240725110938;LCMS – Synapt XS;MeOH/H2O;plant specimen
250414_ML_Metabo_DDA_sample_721_nr8.mzML;dbgi_002023;Iberis sempervirens L.;NA;Positive;JBN;jbn;Iberis sempervirens;Iberis sempervirens L.;species;Leaf;0;jbn;46,999878;6,9347916;20240725122327;LCMS – Synapt XS;MeOH/H2O;plant specimen
250414_ML_Metabo_DDA_sample_723_nr8.mzML;dbgi_003931;Astilbe rubra Hook.fil. & Thomson;NA;Positive;JBN;jbn;Astilbe rubra;Astilbe rubra Hook.fil. & Thomson;species;Leaf;0;jbn;46,999622;6,9341984;20240826134544;LCMS – Synapt XS;MeOH/H2O;plant specimen
250414_ML_Metabo_DDA_sample_725_nr8.mzML;dbgi_003658;Centaurea montana L.;NA;Positive;JBN;jbn;Centaurea montana;Centaurea montana L.;species;Leaf;0;jbn;46,999535;6,9339304;20240826110344;LCMS – Synapt XS;MeOH/H2O;plant specimen
250414_ML_Metabo_DDA_sample_726_nr8.mzML;dbgi_003443;Symphytum grandiflorum DC.;NA;Positive;JBN;jbn;Symphytum grandiflorum;Symphytum grandiflorum DC.;species;Leaf;1;jbn;47,000090;6,9342504;20240726162316;LCMS – Synapt XS;MeOH/H2O;plant specimen
250414_ML_Metabo_DDA_sample_727_nr8.mzML;dbgi_003964;Ilex crenata Thunb.;NA;Positive;JBN;jbn;Ilex crenata;Ilex crenata Thunb.;species;Leaf;0;jbn;46,999516;6,9339210;20240826103817;LCMS – Synapt XS;MeOH/H2O;plant specimen
250414_ML_Metabo_DDA_sample_728_nr8.mzML;dbgi_003526;Euphorbia characias L.;NA;Positive;JBN;jbn;Euphorbia characias;Euphorbia characias L.;species;Leaf;0;jbn;46,999844;6,9346056;20240726111256;LCMS – Synapt XS;MeOH/H2O;plant specimen
250414_ML_Metabo_DDA_sample_729_nr8.mzML;dbgi_003592;Eupatorium cannabinum L.;NA;Positive;JBN;jbn;Eupatorium cannabinum;Eupatorium cannabinum L.;species;Leaf;0;jbn;46,999756;6,9346485;20240823143514;LCMS – Synapt XS;MeOH/H2O;plant specimen
250414_ML_Metabo_DDA_sample_730_nr8.mzML;dbgi_003665;Campanula poscharskyana Degen;NA;Positive;JBN;jbn;Campanula poscharskyana;Campanula poscharskyana Degen;species;Leaf;0;jbn;46,999523;6,9339337;20240826105023;LCMS – Synapt XS;MeOH/H2O;plant specimen
250414_ML_Metabo_DDA_sample_731_nr8.mzML;dbgi_003782;Aralia elata (Miq.) Seem.;NA;Positive;JBN;jbn;Aralia elata;Aralia elata (Miq.) Seem.;species;Leaf;0;jbn;46,999683;6,9346743;20240823144712;LCMS – Synapt XS;MeOH/H2O;plant specimen
250414_ML_Metabo_DDA_sample_732_nr8.mzML;dbgi_001957;Filipendula ulmaria (L.) Maxim.;NA;Positive;JBN;jbn;Filipendula ulmaria;Filipendula ulmaria (L.) Maxim.;species;Leaf;0;jbn;47,000214;6,9350057;20240708122332;LCMS – Synapt XS;MeOH/H2O;plant specimen
250414_ML_Metabo_DDA_sample_733_nr8.mzML;dbgi_003676;Ehretia dicksonii Hance;NA;Positive;JBN;jbn;Ehretia dicksonii;Ehretia dicksonii Hance;species;Leaf;0;jbn;46,999714;6,9347320;20240823145958;LCMS – Synapt XS;MeOH/H2O;plant specimen
250414_ML_Metabo_DDA_sample_735_nr8.mzML;dbgi_002214;Alchemilla mollis (Buser) Rothm.;NA;Positive;JBN;jbn;Alchemilla mollis;Alchemilla mollis (Buser) Rothm.;species;Leaf;0;jbn;46,999554;6,9338484;20240813143415;LCMS – Synapt XS;MeOH/H2O;plant specimen
250415_ML_Metabo_DDA_sample_736_nr8.mzML;dbgi_003761;Dipelta floribunda Maxim.;NA;Positive;JBN;jbn;Dipelta floribunda;Dipelta floribunda Maxim.;species;Leaf;0;jbn;46,999660;6,9346100;20240823152304;LCMS – Synapt XS;MeOH/H2O;plant specimen
250415_ML_Metabo_DDA_sample_737_nr8.mzML;dbgi_003713;Petrophytum caespitosum (Nutt.) Rydb.;NA;Positive;JBN;jbn;Petrophytum caespitosum;Petrophytum caespitosum (Nutt.) Rydb.;species;Leaf;1;jbn;46,999657;6,9341620;20240826131148;LCMS – Synapt XS;MeOH/H2O;plant specimen
250415_ML_Metabo_DDA_sample_738_nr8.mzML;dbgi_002021;Nicotiana tabacum L.;NA;Positive;JBN;jbn;Nicotiana tabacum;Nicotiana tabacum L.;species;Leaf;0;jbn;46,999570;6,9337870;20240813142453;LCMS – Synapt XS;MeOH/H2O;plant specimen
250415_ML_Metabo_DDA_sample_739_nr8.mzML;dbgi_002150;Atadinus pumilus subsp. pumilus;NA;Positive;JBN;jbn;Atadinus pumilus subsp. pumilus;Atadinus pumilus subsp. pumilus;subspecies;Leaf;0;jbn;47,000050;6,9346523;20240722101224;LCMS – Synapt XS;MeOH/H2O;plant specimen
250415_ML_Metabo_DDA_sample_740_nr8.mzML;dbgi_003716;Punica granatum L.;NA;Positive;JBN;jbn;Punica granatum;Punica granatum L.;species;Leaf;0;jbn;46,999645;6,9339914;20240826114912;LCMS – Synapt XS;MeOH/H2O;plant specimen
250415_ML_Metabo_DDA_sample_741_nr8.mzML;dbgi_003569;Glycyrrhiza glabra L.;NA;Positive;JBN;jbn;Glycyrrhiza glabra;Glycyrrhiza glabra L.;species;Leaf;1;jbn;46,999590;6,9342265;20240826142621;LCMS – Synapt XS;MeOH/H2O;plant specimen
250415_ML_Metabo_DDA_sample_742_nr8.mzML;dbgi_003938;Echinops ritro L.;NA;Positive;JBN;jbn;Echinops ritro;Echinops ritro L.;species;Leaf;0;jbn;46,999540;6,9339128;20240826110126;LCMS – Synapt XS;MeOH/H2O;plant specimen
250415_ML_Metabo_DDA_sample_743_nr8.mzML;dbgi_002119;Convallaria majalis L.;NA;Positive;JBN;jbn;Convallaria majalis;Convallaria majalis L.;species;Leaf;0;jbn;46,999523;6,9338220;20240813141915;LCMS – Synapt XS;MeOH/H2O;plant specimen
250415_ML_Metabo_DDA_sample_744_nr8.mzML;dbgi_003447;Alyssum wulfenianum Bernh.;NA;Positive;JBN;jbn;Alyssum wulfenianum;Alyssum wulfenianum Bernh.;species;Leaf;0;jbn;47,000120;6,9347630;20240726163336;LCMS – Synapt XS;MeOH/H2O;plant specimen
250415_ML_Metabo_DDA_sample_745_nr8.mzML;dbgi_003795;Patzkea paniculata (L.) G.H.Loos;NA;Positive;JBN;jbn;Patzkea paniculata;Patzkea paniculata (L.) G.H.Loos;species;Leaf;1;jbn;46,999535;6,9344206;20240823160824;LCMS – Synapt XS;MeOH/H2O;plant specimen
250415_ML_Metabo_DDA_sample_746_nr8.mzML;dbgi_003684;Triosteum pinnatifidum Maxim.;NA;Positive;JBN;jbn;Triosteum pinnatifidum;Triosteum pinnatifidum Maxim.;species;Leaf;0;jbn;46,999596;6,9345690;20240823152845;LCMS – Synapt XS;MeOH/H2O;plant specimen
250415_ML_Metabo_DDA_sample_747_nr8.mzML;dbgi_002075;Hemerocallis lilioasphodelus L.;NA;Positive;JBN;jbn;Hemerocallis lilioasphodelus;Hemerocallis lilioasphodelus L.;species;Leaf;0;jbn;47,000100;6,9348400;20240712102543;LCMS – Synapt XS;MeOH/H2O;plant specimen
250415_ML_Metabo_DDA_sample_748_nr8.mzML;dbgi_002058;Chamaebuxus unguiculata (Poir.) J.F.B.Pastore;NA;Positive;JBN;jbn;Chamaebuxus unguiculata;Chamaebuxus unguiculata (Poir.) J.F.B.Pastore;species;Leaf;0;jbn;47,000030;6,9348020;20240712110818;LCMS – Synapt XS;MeOH/H2O;plant specimen
250415_ML_Metabo_DDA_sample_749_nr8.mzML;dbgi_003236;Festuca laevigata Gaudin;NA;Positive;JBN;jbn;Festuca laevigata;Festuca laevigata Gaudin;species;Leaf;0;jbn;47,000023;6,9346360;20240722082052;LCMS – Synapt XS;MeOH/H2O;plant specimen
250415_ML_Metabo_DDA_sample_751_nr8.mzML;dbgi_003487;Solanum L.;NA;Positive;JBN;jbn;Solanum;Solanum L.;genus;Leaf;1;jbn;46,999720;6,9340320;20240813153153;LCMS – Synapt XS;MeOH/H2O;plant specimen
250415_ML_Metabo_DDA_sample_753_nr8.mzML;dbgi_003714;Pelargonium endlicherianum Fenzl;NA;Positive;JBN;jbn;Pelargonium endlicherianum;Pelargonium endlicherianum Fenzl;species;Leaf;0;jbn;46,999680;6,9340887;20240826122345;LCMS – Synapt XS;MeOH/H2O;plant specimen
250415_ML_Metabo_DDA_sample_754_nr8.mzML;dbgi_003521;Petrosedum rupestre (L.) P.V.Heath;NA;Positive;JBN;jbn;Petrosedum rupestre;Petrosedum rupestre (L.) P.V.Heath;species;Leaf;0;jbn;46,999880;6,9347253;20240725145649;LCMS – Synapt XS;MeOH/H2O;plant specimen
250415_ML_Metabo_DDA_sample_755_nr8.mzML;dbgi_003492;Vicia lens (L.) Coss. & Germ.;NA;Positive;JBN;jbn;Vicia lens;Vicia lens (L.) Coss. & Germ.;species;Leaf;1;jbn;46,999718;6,9340196;20240813152707;LCMS – Synapt XS;MeOH/H2O;plant specimen
250415_ML_Metabo_DDA_sample_756_nr8.mzML;dbgi_003395;Euphorbia myrsinites L.;NA;Positive;JBN;jbn;Euphorbia myrsinites;Euphorbia myrsinites L.;species;Leaf;0;jbn;46,999847;6,9348760;20240725102653;LCMS – Synapt XS;MeOH/H2O;plant specimen
250415_ML_Metabo_DDA_sample_757_nr8.mzML;dbgi_002135;Trifolium alpestre L.;NA;Positive;JBN;jbn;Trifolium alpestre;Trifolium alpestre L.;species;Leaf;0;jbn;47,000040;6,9345640;20240722093415;LCMS – Synapt XS;MeOH/H2O;plant specimen
250415_ML_Metabo_DDA_sample_758_nr8.mzML;dbgi_003597;Euonymus alatus (Thunb.) Siebold;NA;Positive;JBN;jbn;Euonymus alatus;Euonymus alatus (Thunb.) Siebold;species;Leaf;0;jbn;46,999573;6,9341497;20240826152052;LCMS – Synapt XS;MeOH/H2O;plant specimen
250415_ML_Metabo_DDA_sample_759_nr8.mzML;dbgi_003632;Mentha aquatica L.;NA;Positive;JBN;jbn;Mentha aquatica;Mentha aquatica L.;species;Leaf;0;jbn;46,999744;6,9346240;20240823142735;LCMS – Synapt XS;MeOH/H2O;plant specimen
250415_ML_Metabo_DDA_sample_760_nr8.mzML;dbgi_003263;Pallenis spinosa subsp. spinosa;NA;Positive;JBN;jbn;Pallenis spinosa subsp. spinosa;Pallenis spinosa subsp. spinosa;subspecies;Leaf;1;jbn;46,999900;6,9346490;20240726101528;LCMS – Synapt XS;MeOH/H2O;plant specimen
250415_ML_Metabo_DDA_sample_761_nr8.mzML;dbgi_003620;Vitis vulpina L.;NA;Positive;JBN;jbn;Vitis vulpina;Vitis vulpina L.;species;Leaf;0;jbn;46,999630;6,9341946;20240826134233;LCMS – Synapt XS;MeOH/H2O;plant specimen
250415_ML_Metabo_DDA_sample_762_nr8.mzML;dbgi_003559;Symphyotrichum ericoides (L.) G.L.Nesom;NA;Positive;JBN;jbn;Symphyotrichum ericoides;Symphyotrichum ericoides (L.) G.L.Nesom;species;Leaf;0;jbn;46,999546;6,9339185;20240826111710;LCMS – Synapt XS;MeOH/H2O;plant specimen
250415_ML_Metabo_DDA_sample_763_nr8.mzML;dbgi_003473;Salvia rosmarinus subsp. rosmarinus;NA;Positive;JBN;jbn;Salvia rosmarinus subsp. rosmarinus;Salvia rosmarinus subsp. rosmarinus;subspecies;Leaf;0;jbn;46,999794;6,9341764;20240726152038;LCMS – Synapt XS;MeOH/H2O;plant specimen
250415_ML_Metabo_DDA_sample_764_nr8.mzML;dbgi_002120;Prunus spinosa L.;NA;Positive;JBN;jbn;Prunus spinosa;Prunus spinosa L.;species;Leaf;0;jbn;47,000160;6,9349265;20240708113528;LCMS – Synapt XS;MeOH/H2O;plant specimen
250415_ML_Metabo_DDA_sample_765_nr8.mzML;dbgi_003228;Hieracium peletierianum Merat;NA;Positive;JBN;jbn;Hieracium peletierianum;Hieracium peletierianum Merat;species;Leaf;0;jbn;47,000023;6,9346330;20240722082457;LCMS – Synapt XS;MeOH/H2O;plant specimen
250415_ML_Metabo_DDA_sample_766_nr8.mzML;dbgi_003764;Mentha L.;NA;Positive;JBN;jbn;Mentha;Mentha L.;genus;Leaf;1;jbn;46,999733;6,9345870;20240823135638;LCMS – Synapt XS;MeOH/H2O;plant specimen
250415_ML_Metabo_DDA_sample_767_nr8.mzML;dbgi_003495;Medicago sativa subsp. sativa;NA;Positive;JBN;jbn;Medicago sativa subsp. sativa;Medicago sativa subsp. sativa;subspecies;Leaf;0;jbn;46,999820;6,9345240;20240726145704;LCMS – Synapt XS;MeOH/H2O;plant specimen
250415_ML_Metabo_DDA_sample_768_nr8.mzML;dbgi_002188;Veronica fruticulosa L.;NA;Positive;JBN;jbn;Veronica fruticulosa;Veronica fruticulosa L.;species;Leaf;0;jbn;47,000030;6,9346886;20240722103938;LCMS – Synapt XS;MeOH/H2O;plant specimen
250415_ML_Metabo_DDA_sample_769_nr8.mzML;dbgi_002219;Asyneuma canescens (Waldst. & Kit.) Griseb. & Schenk;NA;Positive;JBN;jbn;Asyneuma canescens;Asyneuma canescens (Waldst. & Kit.) Griseb. & Schenk;species;Leaf;0;jbn;46,999900;6,9349074;20240725095838;LCMS – Synapt XS;MeOH/H2O;plant specimen
250415_ML_Metabo_DDA_sample_770_nr8.mzML;dbgi_003391;Crataegus laevigata (Poir.) DC.;NA;Positive;JBN;jbn;Crataegus laevigata;Crataegus laevigata (Poir.) DC.;species;Leaf;0;jbn;46,999580;6,9338570;20240813144728;LCMS – Synapt XS;MeOH/H2O;plant specimen
250415_ML_Metabo_DDA_sample_771_nr8.mzML;dbgi_003240;Erinus alpinus L.;NA;Positive;JBN;jbn;Erinus alpinus;Erinus alpinus L.;species;Leaf;0;jbn;47,000050;6,9347034;20240722104550;LCMS – Synapt XS;MeOH/H2O;plant specimen
250415_ML_Metabo_DDA_sample_772_nr8.mzML;dbgi_003673;Eucalyptus gunnii Hook.fil.;NA;Positive;JBN;jbn;Eucalyptus gunnii;Eucalyptus gunnii Hook.fil.;species;Leaf;1;jbn;46,999670;6,9340270;20240826115839;LCMS – Synapt XS;MeOH/H2O;plant specimen
250415_ML_Metabo_DDA_sample_773_nr8.mzML;dbgi_003445;Aquilegia vulgaris L.;NA;Positive;JBN;jbn;Aquilegia vulgaris;Aquilegia vulgaris L.;species;Leaf;0;jbn;46,999470;6,9338360;20240813151139;LCMS – Synapt XS;MeOH/H2O;plant specimen
250415_ML_Metabo_DDA_sample_774_nr8.mzML;dbgi_003382;Echinops sphaerocephalus L.;NA;Positive;JBN;jbn;Echinops sphaerocephalus;Echinops sphaerocephalus L.;species;Leaf;0;jbn;46,999912;6,9347954;20240725125013;LCMS – Synapt XS;MeOH/H2O;plant specimen
250415_ML_Metabo_DDA_sample_775_nr8.mzML;dbgi_003367;Geranium nodosum L.;NA;Positive;JBN;jbn;Geranium nodosum;Geranium nodosum L.;species;Leaf;0;jbn;47,000030;6,9347024;20240722104236;LCMS – Synapt XS;MeOH/H2O;plant specimen
250415_ML_Metabo_DDA_sample_777_nr8.mzML;dbgi_003865;Cota tinctoria subsp. tinctoria;NA;Positive;JBN;jbn;Cota tinctoria subsp. tinctoria;Cota tinctoria subsp. tinctoria;subspecies;Leaf;0;jbn;46,999775;6,9339030;20240812102041;LCMS – Synapt XS;MeOH/H2O;plant specimen
250415_ML_Metabo_DDA_sample_778_nr8.mzML;dbgi_003401;Corylus avellana L.;NA;Positive;JBN;jbn;Corylus avellana;Corylus avellana L.;species;Leaf;0;jbn;46,999527;6,9338270;20240813141607;LCMS – Synapt XS;MeOH/H2O;plant specimen
250415_ML_Metabo_DDA_sample_779_nr8.mzML;dbgi_003490;Laurus nobilis L.;NA;Positive;JBN;jbn;Laurus nobilis;Laurus nobilis L.;species;Leaf;0;jbn;46,999794;6,9342046;20240726151753;LCMS – Synapt XS;MeOH/H2O;plant specimen
250415_ML_Metabo_DDA_sample_780_nr8.mzML;dbgi_002028;Sambucus ebulus L.;NA;Positive;JBN;jbn;Sambucus ebulus;Sambucus ebulus L.;species;Leaf;0;jbn;47,000050;6,9345420;20240722094035;LCMS – Synapt XS;MeOH/H2O;plant specimen
250415_ML_Metabo_DDA_sample_781_nr8.mzML;dbgi_002160;Iberis aurosica Chaix;NA;Positive;JBN;jbn;Iberis aurosica;Iberis aurosica Chaix;species;Leaf;1;jbn;47,000030;6,9348100;20240712110516;LCMS – Synapt XS;MeOH/H2O;plant specimen
250415_ML_Metabo_DDA_sample_782_nr8.mzML;dbgi_003503;Iris graminea L.;NA;Positive;JBN;jbn;Iris graminea;Iris graminea L.;species;Leaf;0;jbn;46,999850;6,9345455;20240726144222;LCMS – Synapt XS;MeOH/H2O;plant specimen
250415_ML_Metabo_DDA_sample_783_nr8.mzML;dbgi_003694;Ranunculus lingua L.;NA;Positive;JBN;jbn;Ranunculus lingua;Ranunculus lingua L.;species;Leaf;1;jbn;46,999540;6,9348020;20240823145631;LCMS – Synapt XS;MeOH/H2O;plant specimen
250415_ML_Metabo_DDA_sample_784_nr8.mzML;dbgi_003293;Paliurus Mill.;NA;Positive;JBN;jbn;Paliurus;Paliurus Mill.;genus;Leaf;0;jbn;46,999866;6,9347386;20240725152039;LCMS – Synapt XS;MeOH/H2O;plant specimen
250415_ML_Metabo_DDA_sample_785_nr8.mzML;dbgi_002121;Allium flavum L.;NA;Positive;JBN;jbn;Allium flavum;Allium flavum L.;species;Leaf;0;jbn;47,000010;6,9345690;20240722090037;LCMS – Synapt XS;MeOH/H2O;plant specimen
250415_ML_Metabo_DDA_sample_786_nr8.mzML;dbgi_003801;Pyracantha fortuneana (Maxim.) H.L.Li;NA;Positive;JBN;jbn;Pyracantha fortuneana;Pyracantha fortuneana (Maxim.) H.L.Li;species;Leaf;0;jbn;46,999565;6,9346642;20240823145252;LCMS – Synapt XS;MeOH/H2O;plant specimen
250415_ML_Metabo_DDA_sample_787_nr8.mzML;dbgi_003896;Festuca laevigata Gaudin;NA;Positive;JBN;jbn;Festuca laevigata;Festuca laevigata Gaudin;species;Leaf;0;jbn;46,999580;6,9344234;20240826161155;LCMS – Synapt XS;MeOH/H2O;plant specimen
250415_ML_Metabo_DDA_sample_788_nr8.mzML;dbgi_003769;Dracocephalum officinale subsp. officinale;NA;Positive;JBN;jbn;Dracocephalum officinale subsp. officinale;Dracocephalum officinale subsp. officinale;subspecies;Leaf;0;jbn;46,999725;6,9344400;20240814131203;LCMS – Synapt XS;MeOH/H2O;plant specimen
250415_ML_Metabo_DDA_sample_789_nr8.mzML;dbgi_003504;Euphorbia lathyris L.;NA;Positive;JBN;jbn;Euphorbia lathyris;Euphorbia lathyris L.;species;Leaf;1;jbn;46,999584;6,9338650;20240813144444;LCMS – Synapt XS;MeOH/H2O;plant specimen
250415_ML_Metabo_DDA_sample_790_nr8.mzML;dbgi_003474;Cornus florida L.;NA;Positive;JBN;jbn;Cornus florida;Cornus florida L.;species;Leaf;0;jbn;46,999860;6,9349465;20240725101311;LCMS – Synapt XS;MeOH/H2O;plant specimen
250415_ML_Metabo_DDA_sample_791_nr8.mzML;dbgi_002207;Potentilla erecta (L.) Raeusch.;NA;Positive;JBN;jbn;Potentilla erecta;Potentilla erecta (L.) Raeusch.;species;Leaf;0;jbn;47,000202;6,9349600;20240708120814;LCMS – Synapt XS;MeOH/H2O;plant specimen
250415_ML_Metabo_DDA_sample_792_nr8.mzML;dbgi_003532;Polygonatum multiflorum (L.) All.;NA;Positive;JBN;jbn;Polygonatum multiflorum;Polygonatum multiflorum (L.) All.;species;Leaf;0;jbn;46,999447;6,9337820;20240813151644;LCMS – Synapt XS;MeOH/H2O;plant specimen
250415_ML_Metabo_DDA_sample_793_nr8.mzML;dbgi_003440;Taxus baccata L.;NA;Positive;JBN;jbn;Taxus baccata;Taxus baccata L.;species;Leaf;0;jbn;46,999466;6,9338460;20240813150606;LCMS – Synapt XS;MeOH/H2O;plant specimen
250415_ML_Metabo_DDA_sample_794_nr8.mzML;dbgi_003513;Pentanema spiraeifolium (L.) D.Gut.Larr., Santos-Vicente, Anderb., E.Rico & M.M.Mart.Ort.;NA;Positive;JBN;jbn;Pentanema spiraeifolium;Pentanema spiraeifolium (L.) D.Gut.Larr., Santos-Vicente, Anderb., E.Rico & M.M.Mart.Ort.;species;Leaf;0;jbn;47,000027;6,9347530;20240712112922;LCMS – Synapt XS;MeOH/H2O;plant specimen
250415_ML_Metabo_DDA_sample_795_nr8.mzML;dbgi_003388;Artemisia vulgaris L.;NA;Positive;JBN;jbn;Artemisia vulgaris;Artemisia vulgaris L.;species;Leaf;0;jbn;46,999596;6,9338565;20240813135606;LCMS – Synapt XS;MeOH/H2O;plant specimen
250415_ML_Metabo_DDA_sample_796_nr8.mzML;dbgi_003523;Sanguisorba minor subsp. minor;NA;Positive;JBN;jbn;Sanguisorba minor subsp. minor;Sanguisorba minor subsp. minor;subspecies;Leaf;0;jbn;47,000020;6,9347870;20240712111939;LCMS – Synapt XS;MeOH/H2O;plant specimen
250415_ML_Metabo_DDA_sample_798_nr8.mzML;dbgi_002167;Asplenium scolopendrium L.;NA;Positive;JBN;jbn;Asplenium scolopendrium;Asplenium scolopendrium L.;species;Leaf;1;jbn;47,000015;6,9345820;20240722084606;LCMS – Synapt XS;MeOH/H2O;plant specimen
250415_ML_Metabo_DDA_sample_799_nr8.mzML;dbgi_003634;Hesperis matronalis L.;NA;Positive;JBN;jbn;Hesperis matronalis;Hesperis matronalis L.;species;Leaf;0;jbn;46,999683;6,9340544;20240826122010;LCMS – Synapt XS;MeOH/H2O;plant specimen
250415_ML_Metabo_DDA_sample_800_nr8.mzML;dbgi_002111;Sedum album L.;NA;Positive;JBN;jbn;Sedum album;Sedum album L.;species;Leaf;0;jbn;47,000020;6,9346375;20240722081120;LCMS – Synapt XS;MeOH/H2O;plant specimen
250415_ML_Metabo_DDA_sample_801_nr8.mzML;dbgi_003561;Spiraea decumbens Koch;NA;Positive;JBN;jbn;Spiraea decumbens;Spiraea decumbens Koch;species;Leaf;0;jbn;46,999580;6,9341726;20240826152540;LCMS – Synapt XS;MeOH/H2O;plant specimen
250415_ML_Metabo_DDA_sample_802_nr8.mzML;dbgi_003787;Toona sinensis (A.Juss.) M.Roem.;NA;Positive;JBN;jbn;Toona sinensis;Toona sinensis (A.Juss.) M.Roem.;species;Leaf;1;jbn;46,999622;6,9345710;20240823152517;LCMS – Synapt XS;MeOH/H2O;plant specimen
250415_ML_Metabo_DDA_sample_803_nr8.mzML;dbgi_003277;Papaver somniferum L.;NA;Positive;JBN;jbn;Papaver somniferum;Papaver somniferum L.;species;Leaf;0;jbn;46,999596;6,9338650;20240813135010;LCMS – Synapt XS;MeOH/H2O;plant specimen
250415_ML_Metabo_DDA_sample_804_nr8.mzML;dbgi_003452;Pilosella officinarum Vaill.;NA;Positive;JBN;jbn;Pilosella officinarum;Pilosella officinarum Vaill.;species;Leaf;0;jbn;46,999600;6,9338770;20240813134044;LCMS – Synapt XS;MeOH/H2O;plant specimen
250415_ML_Metabo_DDA_sample_805_nr8.mzML;dbgi_002093;Carex flacca Schreb.;NA;Positive;JBN;jbn;Carex flacca;Carex flacca Schreb.;species;Leaf;0;jbn;47,000042;6,9345975;20240722094942;LCMS – Synapt XS;MeOH/H2O;plant specimen
250415_ML_Metabo_DDA_sample_806_nr8.mzML;dbgi_003535;Nepeta grandiflora M.Bieb.;NA;Positive;JBN;jbn;Nepeta grandiflora;Nepeta grandiflora M.Bieb.;species;Leaf;0;jbn;46,999863;6,9347470;20240725152450;LCMS – Synapt XS;MeOH/H2O;plant specimen
250415_ML_Metabo_DDA_sample_807_nr8.mzML;dbgi_003635;Stachyurus praecox Siebold & Zucc.;NA;Positive;JBN;jbn;Stachyurus praecox;Stachyurus praecox Siebold & Zucc.;species;Leaf;0;jbn;46,999690;6,9340840;20240826122835;LCMS – Synapt XS;MeOH/H2O;plant specimen
250415_ML_Metabo_DDA_sample_808_nr8.mzML;dbgi_003723;Cistus creticus L.;NA;Positive;JBN;jbn;Cistus creticus;Cistus creticus L.;species;Leaf;0;jbn;46,999790;6,9338580;20240812113215;LCMS – Synapt XS;MeOH/H2O;plant specimen
250415_ML_Metabo_DDA_sample_809_nr8.mzML;dbgi_003789;Juniperus oxycedrus subsp. oxycedrus;NA;Positive;JBN;jbn;Juniperus oxycedrus subsp. oxycedrus;Juniperus oxycedrus subsp. oxycedrus;subspecies;Leaf;0;jbn;46,999798;6,9339400;20240812101223;LCMS – Synapt XS;MeOH/H2O;plant specimen
250415_ML_Metabo_DDA_sample_810_nr8.mzML;dbgi_003580;Hemerocallis lilioasphodelus L.;NA;Positive;JBN;jbn;Hemerocallis lilioasphodelus;Hemerocallis lilioasphodelus L.;species;Leaf;0;jbn;46,999718;6,9345326;20240814153047;LCMS – Synapt XS;MeOH/H2O;plant specimen
250415_ML_Metabo_DDA_sample_811_nr8.mzML;dbgi_003574;Amelanchier alnifolia (Nutt.) Nutt.;NA;Positive;JBN;jbn;Amelanchier alnifolia;Amelanchier alnifolia (Nutt.) Nutt.;species;Leaf;0;jbn;46,999580;6,9342160;20240826141955;LCMS – Synapt XS;MeOH/H2O;plant specimen
250415_ML_Metabo_DDA_sample_812_nr8.mzML;dbgi_003906;Saxifraga paniculata Mill.;NA;Positive;JBN;jbn;Saxifraga paniculata;Saxifraga paniculata Mill.;species;Leaf;0;jbn;46,999660;6,9341736;20240826132517;LCMS – Synapt XS;MeOH/H2O;plant specimen
250415_ML_Metabo_DDA_sample_813_nr8.mzML;dbgi_003708;Ribes L.;NA;Positive;JBN;jbn;Ribes;Ribes L.;genus;Leaf;1;jbn;46,999695;6,9345230;20240814152323;LCMS – Synapt XS;MeOH/H2O;plant specimen
250415_ML_Metabo_DDA_sample_814_nr8.mzML;dbgi_003649;Aruncus dioicus (Walter) Fernald;NA;Positive;JBN;jbn;Aruncus dioicus;Aruncus dioicus (Walter) Fernald;species;Leaf;0;jbn;46,999580;6,9341360;20240826151812;LCMS – Synapt XS;MeOH/H2O;plant specimen
250416_ML_Metabo_DDA_sample_815_nr8.mzML;dbgi_003500;Pteridium aquilinum (L.) Kuhn;NA;Positive;JBN;jbn;Pteridium aquilinum;Pteridium aquilinum (L.) Kuhn;species;Leaf;0;jbn;46,999474;6,9338546;20240813150346;LCMS – Synapt XS;MeOH/H2O;plant specimen
250416_ML_Metabo_DDA_sample_816_nr8.mzML;dbgi_003435;Chelidonium majus L.;NA;Positive;JBN;jbn;Chelidonium majus;Chelidonium majus L.;species;Leaf;0;jbn;46,999615;6,9338884;20240813133453;LCMS – Synapt XS;MeOH/H2O;plant specimen
250416_ML_Metabo_DDA_sample_817_nr8.mzML;dbgi_003255;Gypsophila repens L.;NA;Positive;JBN;jbn;Gypsophila repens;Gypsophila repens L.;species;Leaf;0;jbn;47,000027;6,9347157;20240717150243;LCMS – Synapt XS;MeOH/H2O;plant specimen
250416_ML_Metabo_DDA_sample_818_nr8.mzML;dbgi_003766;Foeniculum vulgare Mill.;NA;Positive;JBN;jbn;Foeniculum vulgare;Foeniculum vulgare Mill.;species;Leaf;0;jbn;46,999760;6,9338465;20240812112123;LCMS – Synapt XS;MeOH/H2O;plant specimen
250416_ML_Metabo_DDA_sample_819_nr8.mzML;dbgi_003660;Linum alpinum Jacq.;NA;Positive;JBN;jbn;Linum alpinum;Linum alpinum Jacq.;species;Leaf;1;jbn;46,999660;6,9341664;20240826131438;LCMS – Synapt XS;MeOH/H2O;plant specimen
250416_ML_Metabo_DDA_sample_820_nr8.mzML;dbgi_003952;Yucca aloifolia L.;NA;Positive;JBN;jbn;Yucca aloifolia;Yucca aloifolia L.;species;Leaf;0;jbn;46,999550;6,9344150;20240826155225;LCMS – Synapt XS;MeOH/H2O;plant specimen
250416_ML_Metabo_DDA_sample_821_nr8.mzML;dbgi_003566;Indigofera tinctoria L.;NA;Positive;JBN;jbn;Indigofera tinctoria;Indigofera tinctoria L.;species;Leaf;0;jbn;46,999620;6,9341800;20240826140152;LCMS – Synapt XS;MeOH/H2O;plant specimen
250416_ML_Metabo_DDA_sample_822_nr8.mzML;dbgi_003232;Paradisea liliastrum (L.) Bertol.;NA;Positive;JBN;jbn;Paradisea liliastrum;Paradisea liliastrum (L.) Bertol.;species;Leaf;0;jbn;47,000046;6,9347186;20240722110650;LCMS – Synapt XS;MeOH/H2O;plant specimen
250416_ML_Metabo_DDA_sample_823_nr8.mzML;dbgi_003421;Carex leersii F.W.Schultz;NA;Positive;JBN;jbn;Carex leersii;Carex leersii F.W.Schultz;species;Leaf;0;jbn;46,999970;6,9346056;20240723161744;LCMS – Synapt XS;MeOH/H2O;plant specimen
250416_ML_Metabo_DDA_sample_824_nr8.mzML;dbgi_003700;Asimina triloba (L.) Dunal;NA;Positive;JBN;jbn;Asimina triloba;Asimina triloba (L.) Dunal;species;Leaf;0;jbn;46,999730;6,9343880;20240814112616;LCMS – Synapt XS;MeOH/H2O;plant specimen
250416_ML_Metabo_DDA_sample_825_nr8.mzML;dbgi_003463;Eremogone saxatilis (L.) Ikonn.;NA;Positive;JBN;jbn;Eremogone saxatilis;Eremogone saxatilis (L.) Ikonn.;species;Leaf;1;jbn;46,999954;6,9348160;20240724161556;LCMS – Synapt XS;MeOH/H2O;plant specimen
250416_ML_Metabo_DDA_sample_826_nr8.mzML;dbgi_003631;Solanum lycopersicum L.;NA;Positive;JBN;jbn;Solanum lycopersicum;Solanum lycopersicum L.;species;Leaf;1;jbn;46,999740;6,9341745;20240814102151;LCMS – Synapt XS;MeOH/H2O;plant specimen
250416_ML_Metabo_DDA_sample_827_nr8.mzML;dbgi_002185;Atadinus fallax (Boiss.) Hauenschild;NA;Positive;JBN;jbn;Atadinus fallax;Atadinus fallax (Boiss.) Hauenschild;species;Leaf;0;jbn;47,000046;6,9348030;20240712105300;LCMS – Synapt XS;MeOH/H2O;plant specimen
250416_ML_Metabo_DDA_sample_828_nr8.mzML;dbgi_003416;Biscutella laevigata subsp. laevigata;NA;Positive;JBN;jbn;Biscutella laevigata subsp. laevigata;Biscutella laevigata subsp. laevigata;subspecies;Leaf;0;jbn;46,999960;6,9346232;20240723160336;LCMS – Synapt XS;MeOH/H2O;plant specimen
250416_ML_Metabo_DDA_sample_829_nr8.mzML;dbgi_003528;Petrorhagia dubia subsp. dubia;NA;Positive;JBN;jbn;Petrorhagia dubia subsp. dubia;Petrorhagia dubia subsp. dubia;subspecies;Leaf;0;jbn;47,000000;6,9347900;20240723040658;LCMS – Synapt XS;MeOH/H2O;plant specimen
250416_ML_Metabo_DDA_sample_830_nr8.mzML;dbgi_003740;Zea mays L.;NA;Positive;JBN;jbn;Zea mays;Zea mays L.;species;Leaf;1;jbn;46,999744;6,9342110;20240814102948;LCMS – Synapt XS;MeOH/H2O;plant specimen
250416_ML_Metabo_DDA_sample_831_nr8.mzML;dbgi_003655;Telekia speciosa (Schreb.) Baumg.;NA;Positive;JBN;jbn;Telekia speciosa;Telekia speciosa (Schreb.) Baumg.;species;Leaf;0;jbn;46,999520;6,9339120;20240826104137;LCMS – Synapt XS;MeOH/H2O;plant specimen
250416_ML_Metabo_DDA_sample_832_nr8.mzML;dbgi_003822;Ocimum basilicum L.;NA;Positive;JBN;jbn;Ocimum basilicum;Ocimum basilicum L.;species;Leaf;1;jbn;46,999740;6,9341900;20240814102548;LCMS – Synapt XS;MeOH/H2O;plant specimen
250416_ML_Metabo_DDA_sample_833_nr8.mzML;dbgi_003417;Dianthus gratianopolitanus Vill.;NA;Positive;JBN;jbn;Dianthus gratianopolitanus;Dianthus gratianopolitanus Vill.;species;Leaf;0;jbn;46,999930;6,9345946;20240723155144;LCMS – Synapt XS;MeOH/H2O;plant specimen
250416_ML_Metabo_DDA_sample_834_nr8.mzML;dbgi_003300;Vincetoxicum pannonicum (Borhidi) Holub;NA;Positive;JBN;jbn;Vincetoxicum pannonicum;Vincetoxicum pannonicum (Borhidi) Holub;species;Leaf;1;jbn;46,999905;6,9348555;20240724142325;LCMS – Synapt XS;MeOH/H2O;plant specimen
250416_ML_Metabo_DDA_sample_835_nr8.mzML;dbgi_002162;Primula hirsuta All.;NA;Positive;JBN;jbn;Primula hirsuta;Primula hirsuta All.;species;Leaf;0;jbn;47,000027;6,9346533;20240722100505;LCMS – Synapt XS;MeOH/H2O;plant specimen
250416_ML_Metabo_DDA_sample_836_nr8.mzML;dbgi_002223;Iris pallida Lam.;NA;Positive;JBN;jbn;Iris pallida;Iris pallida Lam.;species;Leaf;0;jbn;46,999874;6,9347970;20240725122006;LCMS – Synapt XS;MeOH/H2O;plant specimen
250416_ML_Metabo_DDA_sample_837_nr8.mzML;dbgi_003742;Genista hispanica L.;NA;Positive;JBN;jbn;Genista hispanica;Genista hispanica L.;species;Leaf;0;jbn;46,999718;6,9336596;20240812124019;LCMS – Synapt XS;MeOH/H2O;plant specimen
250416_ML_Metabo_DDA_sample_838_nr8.mzML;dbgi_003384;Lonicera L.;NA;Positive;JBN;jbn;Lonicera;Lonicera L.;genus;Leaf;1;jbn;47,000020;6,9349666;20240724130641;LCMS – Synapt XS;MeOH/H2O;plant specimen
250416_ML_Metabo_DDA_sample_839_nr8.mzML;dbgi_003508;Brugmansia suaveolens (Humb. & Bonpl. ex Willd.) Sweet;NA;Positive;JBN;jbn;Brugmansia suaveolens;Brugmansia suaveolens (Humb. & Bonpl. ex Willd.) Sweet;species;Leaf;1;jbn;46,999590;6,9337980;20240813142216;LCMS – Synapt XS;MeOH/H2O;plant specimen
250416_ML_Metabo_DDA_sample_840_nr8.mzML;dbgi_003430;Chamaenerion fleischeri (Hochst.) Fritsch;NA;Positive;JBN;jbn;Chamaenerion fleischeri;Chamaenerion fleischeri (Hochst.) Fritsch;species;Leaf;0;jbn;47,000020;6,9347180;20240717141914;LCMS – Synapt XS;MeOH/H2O;plant specimen
250416_ML_Metabo_DDA_sample_841_nr8.mzML;dbgi_003654;Humulus lupulus L.;NA;Positive;JBN;jbn;Humulus lupulus;Humulus lupulus L.;species;Leaf;0;jbn;46,999657;6,9341780;20240826132320;LCMS – Synapt XS;MeOH/H2O;plant specimen
250416_ML_Metabo_DDA_sample_842_nr8.mzML;dbgi_003557;Calendula arvensis L.;NA;Positive;JBN;jbn;Calendula arvensis;Calendula arvensis L.;species;Leaf;0;jbn;46,999725;6,9344490;20240814131536;LCMS – Synapt XS;MeOH/H2O;plant specimen
250416_ML_Metabo_DDA_sample_843_nr8.mzML;dbgi_003894;Triteleia laxa Benth.;NA;Positive;JBN;jbn;Triteleia laxa;Triteleia laxa Benth.;species;Leaf;1;jbn;46,999560;6,9344150;20240826155610;LCMS – Synapt XS;MeOH/H2O;plant specimen
250416_ML_Metabo_DDA_sample_844_nr8.mzML;dbgi_003686;Fragaria × ananassa (Weston) Rozier;NA;Positive;JBN;jbn;Fragaria × ananassa;Fragaria × ananassa (Weston) Rozier;species;Leaf;1;jbn;46,999740;6,9341493;20240814101918;LCMS – Synapt XS;MeOH/H2O;plant specimen
250416_ML_Metabo_DDA_sample_845_nr8.mzML;dbgi_003371;Gypsophila repens L.;NA;Positive;JBN;jbn;Gypsophila repens;Gypsophila repens L.;species;Leaf;0;jbn;47,000020;6,9346275;20240722082942;LCMS – Synapt XS;MeOH/H2O;plant specimen
250416_ML_Metabo_DDA_sample_846_nr8.mzML;dbgi_002038;Berberis vulgaris L.;NA;Positive;JBN;jbn;Berberis vulgaris;Berberis vulgaris L.;species;Leaf;0;jbn;47,000150;6,9349313;20240712101211;LCMS – Synapt XS;MeOH/H2O;plant specimen
250416_ML_Metabo_DDA_sample_847_nr8.mzML;dbgi_003392;Cytisus scoparius (L.) Link;NA;Positive;JBN;jbn;Cytisus scoparius;Cytisus scoparius (L.) Link;species;Leaf;0;jbn;46,999560;6,9338336;20240813140740;LCMS – Synapt XS;MeOH/H2O;plant specimen
250416_ML_Metabo_DDA_sample_848_nr8.mzML;dbgi_003550;Nepeta racemosa Lam.;NA;Positive;JBN;jbn;Nepeta racemosa;Nepeta racemosa Lam.;species;Leaf;1;jbn;46,999706;6,9345345;20240814152717;LCMS – Synapt XS;MeOH/H2O;plant specimen
250416_ML_Metabo_DDA_sample_849_nr8.mzML;dbgi_003806;Lycium barbarum L.;NA;Positive;JBN;jbn;Lycium barbarum;Lycium barbarum L.;species;Leaf;0;jbn;46,999720;6,9343677;20240814105224;LCMS – Synapt XS;MeOH/H2O;plant specimen
250416_ML_Metabo_DDA_sample_850_nr8.mzML;dbgi_003469;Ligustrum obtusifolium Siebold & Zucc.;NA;Positive;JBN;jbn;Ligustrum obtusifolium;Ligustrum obtusifolium Siebold & Zucc.;species;Leaf;0;jbn;47,000070;6,9343123;20240726161910;LCMS – Synapt XS;MeOH/H2O;plant specimen
250416_ML_Metabo_DDA_sample_851_nr8.mzML;dbgi_003923;Allium aflatunense B.Fedtsch.;NA;Positive;JBN;jbn;Allium aflatunense;Allium aflatunense B.Fedtsch.;species;Leaf;0;jbn;46,999554;6,9344296;20240826154936;LCMS – Synapt XS;MeOH/H2O;plant specimen
250416_ML_Metabo_DDA_sample_852_nr8.mzML;dbgi_003235;Thalictrum aquilegiifolium L.;NA;Positive;JBN;jbn;Thalictrum aquilegiifolium;Thalictrum aquilegiifolium L.;species;Leaf;0;jbn;47,000060;6,9346530;20240722105557;LCMS – Synapt XS;MeOH/H2O;plant specimen
250416_ML_Metabo_DDA_sample_853_nr8.mzML;dbgi_003851;Arbutus unedo L.;NA;Positive;JBN;jbn;Arbutus unedo;Arbutus unedo L.;species;Leaf;0;jbn;46,999794;6,9338937;20240812110447;LCMS – Synapt XS;MeOH/H2O;plant specimen
250416_ML_Metabo_DDA_sample_854_nr8.mzML;dbgi_003515;Helleborus niger L.;NA;Positive;JBN;jbn;Helleborus niger;Helleborus niger L.;species;Leaf;0;jbn;46,999546;6,9338465;20240813143136;LCMS – Synapt XS;MeOH/H2O;plant specimen
250416_ML_Metabo_DDA_sample_855_nr8.mzML;dbgi_002063;Teucrium montanum L.;NA;Positive;JBN;jbn;Teucrium montanum;Teucrium montanum L.;species;Leaf;0;jbn;46,999977;6,9345484;20240722090511;LCMS – Synapt XS;MeOH/H2O;plant specimen
250416_ML_Metabo_DDA_sample_856_nr8.mzML;dbgi_003933;Hypericum patulum Thunb.;NA;Positive;JBN;jbn;Hypericum patulum;Hypericum patulum Thunb.;species;Leaf;0;jbn;46,999596;6,9342110;20240826145434;LCMS – Synapt XS;MeOH/H2O;plant specimen
250416_ML_Metabo_DDA_sample_858_nr8.mzML;dbgi_003429;Fatsia japonica (Thunb.) Decne. & Planch.;NA;Positive;JBN;jbn;Fatsia japonica;Fatsia japonica (Thunb.) Decne. & Planch.;species;Leaf;0;jbn;47,000100;6,9343370;20240726161356;LCMS – Synapt XS;MeOH/H2O;plant specimen
250416_ML_Metabo_DDA_sample_859_nr8.mzML;dbgi_002166;Hippuris vulgaris L.;NA;Positive;JBN;jbn;Hippuris vulgaris;Hippuris vulgaris L.;species;Leaf;0;jbn;47,000040;6,9345830;20240722094535;LCMS – Synapt XS;MeOH/H2O;plant specimen
250416_ML_Metabo_DDA_sample_860_nr8.mzML;dbgi_003829;Cerinthe minor L.;NA;Positive;JBN;jbn;Cerinthe minor;Cerinthe minor L.;species;Leaf;0;jbn;46,999687;6,9335670;20240812125210;LCMS – Synapt XS;MeOH/H2O;plant specimen
250416_ML_Metabo_DDA_sample_861_nr8.mzML;dbgi_003751;Archiboehmeria nivea (L.) Z.Y.Wu, X.G.Fu & D.Z.Li;NA;Positive;JBN;jbn;Archiboehmeria nivea;Archiboehmeria nivea (L.) Z.Y.Wu, X.G.Fu & D.Z.Li;species;Leaf;0;jbn;46,999565;6,9341903;20240826153029;LCMS – Synapt XS;MeOH/H2O;plant specimen
250416_ML_Metabo_DDA_sample_862_nr8.mzML;dbgi_003828;Phlomis purpurea L.;NA;Positive;JBN;jbn;Phlomis purpurea;Phlomis purpurea L.;species;Leaf;0;jbn;46,999786;6,9339147;20240812105129;LCMS – Synapt XS;MeOH/H2O;plant specimen
250416_ML_Metabo_DDA_sample_863_nr8.mzML;dbgi_003647;Dianthus plumarius L.;NA;Positive;JBN;jbn;Dianthus plumarius;Dianthus plumarius L.;species;Leaf;0;jbn;46,999700;6,9344710;20240814135236;LCMS – Synapt XS;MeOH/H2O;plant specimen
250416_ML_Metabo_DDA_sample_864_nr8.mzML;dbgi_003680;Cicer arietinum L.;NA;Positive;JBN;jbn;Cicer arietinum;Cicer arietinum L.;species;Leaf;1;jbn;46,999730;6,9340734;20240814100805;LCMS – Synapt XS;MeOH/H2O;plant specimen
250416_ML_Metabo_DDA_sample_865_nr8.mzML;dbgi_002176;Tanacetum corymbosum subsp. corymbosum;NA;Positive;JBN;jbn;Tanacetum corymbosum subsp. corymbosum;Tanacetum corymbosum subsp. corymbosum;subspecies;Leaf;0;jbn;47,000023;6,9346423;20240722100120;LCMS – Synapt XS;MeOH/H2O;plant specimen
250416_ML_Metabo_DDA_sample_866_nr8.mzML;dbgi_003326;Prunus brigantina Vill.;NA;Positive;JBN;jbn;Prunus brigantina;Prunus brigantina Vill.;species;Leaf;0;jbn;46,999977;6,9346538;20240723082726;LCMS – Synapt XS;MeOH/H2O;plant specimen
250416_ML_Metabo_DDA_sample_867_nr8.mzML;dbgi_002062;Veronica austriaca L.;NA;Positive;JBN;jbn;Veronica austriaca;Veronica austriaca L.;species;Leaf;0;jbn;47,000046;6,9348430;20240712104204;LCMS – Synapt XS;MeOH/H2O;plant specimen
250416_ML_Metabo_DDA_sample_868_nr8.mzML;dbgi_003354;Salvia tomentosa Mill.;NA;Positive;JBN;jbn;Salvia tomentosa;Salvia tomentosa Mill.;species;Leaf;0;jbn;47,000000;6,9349810;20240724114456;LCMS – Synapt XS;MeOH/H2O;plant specimen
250416_ML_Metabo_DDA_sample_869_nr8.mzML;dbgi_003626;Ribes rubrum L.;NA;Positive;JBN;jbn;Ribes rubrum;Ribes rubrum L.;species;Leaf;0;jbn;46,999733;6,9343667;20240814105652;LCMS – Synapt XS;MeOH/H2O;plant specimen
250416_ML_Metabo_DDA_sample_870_nr8.mzML;dbgi_003767;Quercus suber L.;NA;Positive;JBN;jbn;Quercus suber;Quercus suber L.;species;Leaf;0;jbn;46,999805;6,9338346;20240812113019;LCMS – Synapt XS;MeOH/H2O;plant specimen
250416_ML_Metabo_DDA_sample_871_nr8.mzML;dbgi_002108;Chamaenerion angustifolium subsp. angustifolium;NA;Positive;JBN;jbn;Chamaenerion angustifolium subsp. angustifolium;Chamaenerion angustifolium subsp. angustifolium;subspecies;Leaf;0;jbn;47,000027;6,9346766;20240722103312;LCMS – Synapt XS;MeOH/H2O;plant specimen
250416_ML_Metabo_DDA_sample_872_nr8.mzML;dbgi_003808;Decaisnea insignis (Griff.) Hook.fil. & Thomson;NA;Positive;JBN;jbn;Decaisnea insignis;Decaisnea insignis (Griff.) Hook.fil. & Thomson;species;Leaf;0;jbn;46,999752;6,9347490;20240823144228;LCMS – Synapt XS;MeOH/H2O;plant specimen
250416_ML_Metabo_DDA_sample_873_nr8.mzML;dbgi_003898;Crocosmia Planch.;NA;Positive;JBN;jbn;Crocosmia;Crocosmia Planch.;genus;Leaf;1;jbn;46,999577;6,9344063;20240826155856;LCMS – Synapt XS;MeOH/H2O;plant specimen
250416_ML_Metabo_DDA_sample_875_nr8.mzML;dbgi_002192;Crataegus L.;NA;Positive;JBN;jbn;Crataegus;Crataegus L.;genus;Leaf;0;jbn;47,000150;6,9348726;20240708112524;LCMS – Synapt XS;MeOH/H2O;plant specimen
250416_ML_Metabo_DDA_sample_876_nr8.mzML;dbgi_003816;Celtica gigantea (Link) F.M.Vázquez & Barkworth;NA;Positive;JBN;jbn;Celtica gigantea;Celtica gigantea (Link) F.M.Vázquez & Barkworth;species;Leaf;0;jbn;46,999794;6,9339113;20240812105701;LCMS – Synapt XS;MeOH/H2O;plant specimen
250416_ML_Metabo_DDA_sample_877_nr8.mzML;dbgi_003360;Helleborus orientalis Lam.;NA;Positive;JBN;jbn;Helleborus orientalis;Helleborus orientalis Lam.;species;Leaf;0;jbn;47,000023;6,9349610;20240724130249;LCMS – Synapt XS;MeOH/H2O;plant specimen
250416_ML_Metabo_DDA_sample_878_nr8.mzML;dbgi_003594;Cosmos caudatus Kunth;NA;Positive;JBN;jbn;Cosmos caudatus;Cosmos caudatus Kunth;species;Leaf;1;jbn;46,999733;6,9344190;20240814113532;LCMS – Synapt XS;MeOH/H2O;plant specimen
250416_ML_Metabo_DDA_sample_879_nr8.mzML;dbgi_001966;Galium lucidum All.;NA;Positive;JBN;jbn;Galium lucidum;Galium lucidum All.;species;Leaf;0;jbn;47,000053;6,9348416;20240712104630;LCMS – Synapt XS;MeOH/H2O;plant specimen
250416_ML_Metabo_DDA_sample_880_nr8.mzML;dbgi_003491;Conium maculatum L.;NA;Positive;JBN;jbn;Conium maculatum;Conium maculatum L.;species;Leaf;0;jbn;46,999573;6,9338620;20240813143937;LCMS – Synapt XS;MeOH/H2O;plant specimen
250416_ML_Metabo_DDA_sample_881_nr8.mzML;dbgi_003864;Acanthus mollis L.;NA;Positive;JBN;jbn;Acanthus mollis;Acanthus mollis L.;species;Leaf;0;jbn;46,999780;6,9337730;20240812121419;LCMS – Synapt XS;MeOH/H2O;plant specimen
250416_ML_Metabo_DDA_sample_882_nr8.mzML;dbgi_003696;Begonia grandis Dryand.;NA;Positive;JBN;jbn;Begonia grandis;Begonia grandis Dryand.;species;Leaf;0;jbn;46,999596;6,9341736;20240826150438;LCMS – Synapt XS;MeOH/H2O;plant specimen
250416_ML_Metabo_DDA_sample_883_nr8.mzML;dbgi_002012;Cornus sanguinea L.;NA;Positive;JBN;jbn;Cornus sanguinea;Cornus sanguinea L.;species;Leaf;0;jbn;47,000140;6,9349200;20240712101622;LCMS – Synapt XS;MeOH/H2O;plant specimen
250416_ML_Metabo_DDA_sample_884_nr8.mzML;dbgi_003695;Cosmos bipinnatus Cav.;NA;Positive;JBN;jbn;Cosmos bipinnatus;Cosmos bipinnatus Cav.;species;Leaf;1;jbn;46,999740;6,9344397;20240814124549;LCMS – Synapt XS;MeOH/H2O;plant specimen
250416_ML_Metabo_DDA_sample_885_nr8.mzML;dbgi_003510;Hedera helix L.;NA;Positive;JBN;jbn;Hedera helix;Hedera helix L.;species;Leaf;0;jbn;46,999440;6,9337845;20240813152314;LCMS – Synapt XS;MeOH/H2O;plant specimen
250416_ML_Metabo_DDA_sample_886_nr8.mzML;dbgi_003539;Veronica L.;NA;Positive;JBN;jbn;Veronica;Veronica L.;genus;Leaf;0;jbn;46,999930;6,9348545;20240724152911;LCMS – Synapt XS;MeOH/H2O;plant specimen
250416_ML_Metabo_DDA_sample_888_nr8.mzML;dbgi_003409;Helianthemum nummularium (L.) Mill.;NA;Positive;JBN;jbn;Helianthemum nummularium;Helianthemum nummularium (L.) Mill.;species;Leaf;0;jbn;46,999940;6,9346323;20240723152409;LCMS – Synapt XS;MeOH/H2O;plant specimen
250417_ML_Metabo_DDA_sample_889_nr8.mzML;dbgi_003771;Aloysia citrodora Paláu;NA;Positive;JBN;jbn;Aloysia citrodora;Aloysia citrodora Paláu;species;Leaf;1;jbn;46,999740;6,9344500;20240814125020;LCMS – Synapt XS;NA;plant specimen
250417_ML_Metabo_DDA_sample_890_nr8.mzML;dbgi_001988;Allium sativum L.;NA;Positive;JBN;jbn;Allium sativum;Allium sativum L.;species;Leaf;1;jbn;47,000267;6,9350180;20240710113304;LCMS – Synapt XS;NA;plant specimen
250417_ML_Metabo_DDA_sample_891_nr8.mzML;dbgi_002102;Rosa L.;NA;Positive;JBN;jbn;Rosa;Rosa L.;genus;Leaf;0;jbn;47,000175;6,9348803;20240708102849;LCMS – Synapt XS;NA;plant specimen
250417_ML_Metabo_DDA_sample_892_nr8.mzML;dbgi_002052;Nicotiana tabacum L.;NA;Positive;JBN;jbn;Nicotiana tabacum;Nicotiana tabacum L.;species;Leaf;0;jbn;47,000290;6,9350166;20240710114418;LCMS – Synapt XS;MeOH/H2O;plant specimen
250417_ML_Metabo_DDA_sample_894_nr8.mzML;dbgi_002226;Rubia tinctorum L.;NA;Positive;JBN;jbn;Rubia tinctorum;Rubia tinctorum L.;species;Leaf;0;jbn;47,000275;6,9350047;20240710115027;LCMS – Synapt XS;MeOH/H2O;plant specimen
250417_ML_Metabo_DDA_sample_895_nr8.mzML;dbgi_003701;Allium fistulosum L.;NA;Positive;JBN;jbn;Allium fistulosum;Allium fistulosum L.;species;Leaf;1;jbn;46,999706;6,9344870;20240814141150;LCMS – Synapt XS;MeOH/H2O;plant specimen
250417_ML_Metabo_DDA_sample_898_nr8.mzML;dbgi_002059;Oenothera biennis L.;NA;Positive;JBN;jbn;Oenothera biennis;Oenothera biennis L.;species;Leaf;0;jbn;47,000260;6,9350915;20240708143419;LCMS – Synapt XS;MeOH/H2O;plant specimen
250417_ML_Metabo_DDA_sample_900_nr8.mzML;dbgi_002013;Lavandula angustifolia Mill.;NA;Positive;JBN;jbn;Lavandula angustifolia;Lavandula angustifolia Mill.;species;Leaf;0;jbn;47,000290;6,9350314;20240710112142;LCMS – Synapt XS;MeOH/H2O;plant specimen
250417_ML_Metabo_DDA_sample_901_nr8.mzML;dbgi_003425;Agrimonia eupatoria L.;NA;Positive;JBN;jbn;Agrimonia eupatoria;Agrimonia eupatoria L.;species;Leaf;0;jbn;46,999554;6,9338300;20240813141023;LCMS – Synapt XS;MeOH/H2O;plant specimen
250417_ML_Metabo_DDA_sample_902_nr8.mzML;dbgi_003517;Salix viminalis L.;NA;Positive;JBN;jbn;Salix viminalis;Salix viminalis L.;species;Leaf;1;jbn;46,999565;6,9338527;20240813145512;LCMS – Synapt XS;MeOH/H2O;plant specimen
250417_ML_Metabo_DDA_sample_903_nr8.mzML;dbgi_003480;Helictotrichon cantabricum (Lag.) Gervais;NA;Positive;JBN;jbn;Helictotrichon cantabricum;Helictotrichon cantabricum (Lag.) Gervais;species;Leaf;0;jbn;46,999840;6,9345407;20240726145325;LCMS – Synapt XS;MeOH/H2O;plant specimen
250417_ML_Metabo_DDA_sample_904_nr8.mzML;dbgi_003571;Agrimonia eupatoria subsp. asiatica (Juz.) Skalický;NA;Positive;JBN;jbn;Agrimonia eupatoria subsp. asiatica;Agrimonia eupatoria subsp. asiatica (Juz.) Skalický;subspecies;Leaf;1;jbn;46,999588;6,9342280;20240826142211;LCMS – Synapt XS;MeOH/H2O;plant specimen
250417_ML_Metabo_DDA_sample_905_nr8.mzML;dbgi_002054;Amelanchier ovalis Medik.;NA;Positive;JBN;jbn;Amelanchier ovalis;Amelanchier ovalis Medik.;species;Leaf;1;jbn;47,000168;6,9349890;20240712100749;LCMS – Synapt XS;MeOH/H2O;plant specimen
250417_ML_Metabo_DDA_sample_906_nr8.mzML;dbgi_003732;Crassula ovata (Mill.) Druce;NA;Positive;JBN;jbn;Crassula ovata;Crassula ovata (Mill.) Druce;species;Leaf;0;jbn;46,999653;6,9341555;20240826132101;LCMS – Synapt XS;MeOH/H2O;plant specimen
250417_ML_Metabo_DDA_sample_908_nr8.mzML;dbgi_003251;Thalictrum minus L.;NA;Positive;JBN;jbn;Thalictrum minus;Thalictrum minus L.;species;Leaf;0;jbn;47,000060;6,9346460;20240722105942;LCMS – Synapt XS;MeOH/H2O;plant specimen
250417_ML_Metabo_DDA_sample_911_nr8.mzML;dbgi_003399;Datura stramonium L.;NA;Positive;JBN;jbn;Datura stramonium;Datura stramonium L.;species;Leaf;1;jbn;46,999565;6,9338365;20240813140231;LCMS – Synapt XS;MeOH/H2O;plant specimen
250417_ML_Metabo_DDA_sample_912_nr8.mzML;dbgi_002154;Paeonia L.;NA;Positive;JBN;jbn;Paeonia;Paeonia L.;genus;Leaf;0;jbn;46,999924;6,9348210;20240725114337;LCMS – Synapt XS;MeOH/H2O;plant specimen
250417_ML_Metabo_DDA_sample_913_nr8.mzML;dbgi_003912;Rudbeckia fulgida Aiton;NA;Positive;JBN;jbn;Rudbeckia fulgida;Rudbeckia fulgida Aiton;species;Leaf;0;jbn;46,999500;6,9339347;20240826102533;LCMS – Synapt XS;MeOH/H2O;plant specimen
250417_ML_Metabo_DDA_sample_914_nr8.mzML;dbgi_003779;Helianthus tuberosus L.;NA;Positive;JBN;jbn;Helianthus tuberosus;Helianthus tuberosus L.;species;Leaf;0;jbn;46,999733;6,9343800;20240814111223;LCMS – Synapt XS;MeOH/H2O;plant specimen
250417_ML_Metabo_DDA_sample_915_nr8.mzML;dbgi_003545;Cota tinctoria subsp. tinctoria;NA;Positive;JBN;jbn;Cota tinctoria subsp. tinctoria;Cota tinctoria subsp. tinctoria;subspecies;Leaf;0;jbn;46,999820;6,9348080;20240725104705;LCMS – Synapt XS;MeOH/H2O;plant specimen
250417_ML_Metabo_DDA_sample_916_nr8.mzML;dbgi_002053;Arctium lappa L.;NA;Positive;JBN;jbn;Arctium lappa;Arctium lappa L.;species;Leaf;0;jbn;47,000320;6,9351783;20240709112100;LCMS – Synapt XS;MeOH/H2O;plant specimen
250417_ML_Metabo_DDA_sample_917_nr8.mzML;dbgi_003733;Achillea ageratum L.;NA;Positive;JBN;jbn;Achillea ageratum;Achillea ageratum L.;species;Leaf;0;jbn;46,999720;6,9336786;20240812123641;LCMS – Synapt XS;MeOH/H2O;plant specimen
250417_ML_Metabo_DDA_sample_918_nr8.mzML;dbgi_002078;Tanacetum corymbosum subsp. corymbosum;NA;Positive;JBN;jbn;Tanacetum corymbosum subsp. corymbosum;Tanacetum corymbosum subsp. corymbosum;subspecies;Leaf;0;jbn;46,999992;6,9346595;20240723075804;LCMS – Synapt XS;MeOH/H2O;plant specimen
250417_ML_Metabo_DDA_sample_919_nr8.mzML;dbgi_003499;Senecio doronicum subsp. doronicum;NA;Positive;JBN;jbn;Senecio doronicum subsp. doronicum;Senecio doronicum subsp. doronicum;subspecies;Leaf;0;jbn;46,999966;6,9346166;20240723160824;LCMS – Synapt XS;MeOH/H2O;plant specimen
250417_ML_Metabo_DDA_sample_920_nr8.mzML;dbgi_002098;Tanacetum vulgare L.;NA;Positive;JBN;jbn;Tanacetum vulgare;Tanacetum vulgare L.;species;Leaf;0;jbn;47,000298;6,9351306;20240709113829;LCMS – Synapt XS;MeOH/H2O;plant specimen
